sample_type,anchor_text,positive_text,repeat_weight,reason_category,reason_source_field,reason_source_text,Q1,A1,Q2,session_id,Q1_row,Q2_row,distance,relation_type,dep_reason,thought_process,label,done
positive,"请问于在青：请问:2004年公司利润下降是pvc价格上涨原因,可2005年pvc价格大副下降可利润还是没提升,现在请问2006年公司利润会有增长吗? 05年毛利率和04年基本持平，06年随着募集资金项目的投产公司利润将会有所增长",请问于在青：募集资金的主要投向在智能卡基材，请问该项目能否带来利润，同行业类似项目情况如何，你们调研过吗？,2,performance_governance,dep_reason,Q2针对A1中募集资金项目的投产继续追问具体项目利润及同行调研情况。,"请问于在青：请问:2004年公司利润下降是pvc价格上涨原因,可2005年pvc价格大副下降可利润还是没提升,现在请问2006年公司利润会有增长吗?",05年毛利率和04年基本持平，06年随着募集资金项目的投产公司利润将会有所增长,请问于在青：募集资金的主要投向在智能卡基材，请问该项目能否带来利润，同行业类似项目情况如何，你们调研过吗？,002002_2005,0,4,4,Elaboration,Q2针对A1中募集资金项目的投产继续追问具体项目利润及同行调研情况。,,,1
positive,"请问于在青：请问:2004年公司利润下降是pvc价格上涨原因,可2005年pvc价格大副下降可利润还是没提升,现在请问2006年公司利润会有增长吗? 05年毛利率和04年基本持平，06年随着募集资金项目的投产公司利润将会有所增长",请问于在青：公司每股收益低于去年，是什么原因,2,performance_governance,dep_reason,Q2针对A1未解释利润未提升的原因，继续追问每股收益下降的具体原因。,"请问于在青：请问:2004年公司利润下降是pvc价格上涨原因,可2005年pvc价格大副下降可利润还是没提升,现在请问2006年公司利润会有增长吗?",05年毛利率和04年基本持平，06年随着募集资金项目的投产公司利润将会有所增长,请问于在青：公司每股收益低于去年，是什么原因,002002_2005,0,5,5,Elaboration,Q2针对A1未解释利润未提升的原因，继续追问每股收益下降的具体原因。,,,1
positive,请问嵇雪松：作为首批上市的中小板企业，公司能否在２００５年体现出它的高成长性呢？有什么具体的举措？ 2005年已经过去，公司在经受住原材料在高位运行、激烈的市场竞争等多重压力，公司的经营业绩仍保持稳定，随着2006年募集资金项目的建成投产，公司的抗风险能力将会有提升。,请问于在青：募集资金的主要投向在智能卡基材，请问该项目能否带来利润，同行业类似项目情况如何，你们调研过吗？,2,performance_governance,dep_reason,Q2针对A1提到的募集资金项目继续追问智能卡基材项目的利润和调研情况。,请问嵇雪松：作为首批上市的中小板企业，公司能否在２００５年体现出它的高成长性呢？有什么具体的举措？,2005年已经过去，公司在经受住原材料在高位运行、激烈的市场竞争等多重压力，公司的经营业绩仍保持稳定，随着2006年募集资金项目的建成投产，公司的抗风险能力将会有提升。,请问于在青：募集资金的主要投向在智能卡基材，请问该项目能否带来利润，同行业类似项目情况如何，你们调研过吗？,002002_2005,3,4,1,Elaboration,Q2针对A1提到的募集资金项目继续追问智能卡基材项目的利润和调研情况。,,,1
positive,请问于在青：石油涨价是否是造成一季度亏损的主要原因？ 一季度的报告将在4月29日公告，届时敬请关注季报,请问于在青：石油价格和人民币汇率变化对公司影响如何？,1,disclosure_detail,dep_reason,A1没有直接解释石油涨价对亏损的影响，而是要求关注一季报。Q2继续追问石油价格影响，并进一步加入人民币汇率变化这一相关外部变量，是在补充追问Q1未被A1回答的经营影响机制；若不参考上一轮关于石油价格和季报披露的语境，Q2的追问对象不完整。,请问于在青：石油涨价是否是造成一季度亏损的主要原因？,一季度的报告将在4月29日公告，届时敬请关注季报,请问于在青：石油价格和人民币汇率变化对公司影响如何？,002002_2005,33,38,5,Elaboration,A1没有直接解释石油涨价对亏损的影响，而是要求关注一季报。Q2继续追问石油价格影响，并进一步加入人民币汇率变化这一相关外部变量，是在补充追问Q1未被A1回答的经营影响机制；若不参考上一轮关于石油价格和季报披露的语境，Q2的追问对象不完整。,,,1
positive,请问于在青：公司董事、监事、高级管理人员及核心技术人员持有公司股票吗？ 目前公司除陈建伟董事持有公司1450股外，其他董监事和高管未持有公司股票。,请问朱卫红：公司高管自己持有公司的股票吗？能不能公开持股增减的详细情况？,1,disclosure_detail,dep_reason,A1明确给出董监高及核心技术人员持股情况，并指出仅陈建伟董事持有少量股份。Q2继续围绕“高管是否持股”这一A1锚点，要求向具体高管确认并公开持股增减细节，因此是在细化A1披露信息而非独立新问题。,请问于在青：公司董事、监事、高级管理人员及核心技术人员持有公司股票吗？,目前公司除陈建伟董事持有公司1450股外，其他董监事和高管未持有公司股票。,请问朱卫红：公司高管自己持有公司的股票吗？能不能公开持股增减的详细情况？,002002_2005,40,45,5,Elaboration,A1明确给出董监高及核心技术人员持股情况，并指出仅陈建伟董事持有少量股份。Q2继续围绕“高管是否持股”这一A1锚点，要求向具体高管确认并公开持股增减细节，因此是在细化A1披露信息而非独立新问题。,,,1
positive,请问于在青：请问何时分红? 公司将于2007年5月15日召开年度股东大会，利润分配及转增具体时间请关注公司公告。,"请问于在青：于董事长:您好!首先感谢你百忙中出席本次会议,以下有一问题想向您了解:请问公司是否在5月15日股东会议后,执行送转股方案.谢谢!",2,shareholder_return,dep_reason,Q2针对A1中的股东大会日期追问送转股执行时间。,请问于在青：请问何时分红?,公司将于2007年5月15日召开年度股东大会，利润分配及转增具体时间请关注公司公告。,"请问于在青：于董事长:您好!首先感谢你百忙中出席本次会议,以下有一问题想向您了解:请问公司是否在5月15日股东会议后,执行送转股方案.谢谢!",002002_2006,20,21,1,Elaboration,Q2针对A1中的股东大会日期追问送转股执行时间。,,,1
positive,请问与董事长，公司股票重大事项是利好还是利空呢？ 重大事项不久会有消息，请注意公司公告．,请问于在青：请问：公司到底在论证那方面的重大事项，可以略做透露吗？,1,disclosure_detail,dep_reason,Q2针对A1回避，继续追问同一重大事项具体内容。,请问与董事长，公司股票重大事项是利好还是利空呢？,重大事项不久会有消息，请注意公司公告．,请问于在青：请问：公司到底在论证那方面的重大事项，可以略做透露吗？,002002_2007,0,1,1,Challenge,Q2针对A1回避，继续追问同一重大事项具体内容。,,,1
positive,请问于在青：琼花对投资者信息揭示不及时或有所隐瞒？如何做到对投资者注意风险，而又是长时的停牌？ 关于停牌情况，请多注意公司公告．,"请问,江苏琼花股票什么时候可以交易!",1,disclosure_detail,dep_reason,Q2重复追问Q1中的停牌问题，而A1仅以“请关注公告”回避，未给出具体交易时间。,请问于在青：琼花对投资者信息揭示不及时或有所隐瞒？如何做到对投资者注意风险，而又是长时的停牌？,关于停牌情况，请多注意公司公告．,"请问,江苏琼花股票什么时候可以交易!",002002_2007,2,3,1,Complaint,Q2重复追问Q1中的停牌问题，而A1仅以“请关注公告”回避，未给出具体交易时间。,,,1
positive,请问于在青：琼花对投资者信息揭示不及时或有所隐瞒？如何做到对投资者注意风险，而又是长时的停牌？ 关于停牌情况，请多注意公司公告．,请问于在青：我们是股东难道不知道公司为什么停牌吗?,1,disclosure_detail,dep_reason,Q2针对A1回避停牌原因，抱怨股东无法获取信息。,请问于在青：琼花对投资者信息揭示不及时或有所隐瞒？如何做到对投资者注意风险，而又是长时的停牌？,关于停牌情况，请多注意公司公告．,请问于在青：我们是股东难道不知道公司为什么停牌吗?,002002_2007,2,6,4,Complaint,Q2针对A1回避停牌原因，抱怨股东无法获取信息。,,,1
positive,请问于在青：我们是股东难道不知道公司为什么停牌吗? 您作为琼花的股东，感谢您的关心，但请原谅目前实在不便透露，再等数日，一定会如实公告。,请问于在青：重大事项是借壳????????????难到是增发圈钱?,1,disclosure_detail,dep_reason,Q2针对A1回避停牌原因，继续追问并猜测具体事项，施加追问压力。,请问于在青：我们是股东难道不知道公司为什么停牌吗?,您作为琼花的股东，感谢您的关心，但请原谅目前实在不便透露，再等数日，一定会如实公告。,请问于在青：重大事项是借壳????????????难到是增发圈钱?,002002_2007,6,10,4,Challenge,Q2针对A1回避停牌原因，继续追问并猜测具体事项，施加追问压力。,,,1
positive,请问于在青：重大事项是借壳????????????难到是增发圈钱? 重大事项是为了公司的发展，请见公司公告。,请问于在青：请问＂这是重要的大事＂，到底是那方面的事？公司发展方向还是经营策略还是别的？能让我们投资者了解一下吗？我们作为贵司的股东，无论大小，也无论公司发生什么事情，我们都有知情权的吧！,1,disclosure_detail,dep_reason,Q2明确针对A1笼统回答要求具体说明，并质疑回答不充分。,请问于在青：重大事项是借壳????????????难到是增发圈钱?,重大事项是为了公司的发展，请见公司公告。,请问于在青：请问＂这是重要的大事＂，到底是那方面的事？公司发展方向还是经营策略还是别的？能让我们投资者了解一下吗？我们作为贵司的股东，无论大小，也无论公司发生什么事情，我们都有知情权的吧！,002002_2007,10,14,4,Complaint,Q2明确针对A1笼统回答要求具体说明，并质疑回答不充分。,,,1
positive,请问于在青：智能卡基有赢利能力吗 智能卡项目的盈利能力较强，目前公司由于项目准备周期较长，目前还未形成盈利。,请问于在青：如果说“智能卡项目的盈利能力较强”，至少在目前就我所知全国至少有二家规模较大的此类产品的企业了，作为一家后进入的企业，你说这句话的依据是什么呢？,2,performance_governance,dep_reason,Q2针对A1中“盈利能力较强”的说法质疑其依据，并引用行业竞争情况施压。,请问于在青：智能卡基有赢利能力吗,智能卡项目的盈利能力较强，目前公司由于项目准备周期较长，目前还未形成盈利。,请问于在青：如果说“智能卡项目的盈利能力较强”，至少在目前就我所知全国至少有二家规模较大的此类产品的企业了，作为一家后进入的企业，你说这句话的依据是什么呢？,002002_2007,17,18,1,Challenge,Q2针对A1中“盈利能力较强”的说法质疑其依据，并引用行业竞争情况施压。,,,1
positive,请问于在青：我是江苏国投员工，我们这里都说江苏国投借壳琼花，应该差不多了吧！！ 哪一天我们见面，畅叙友情吧．我会到国投来找你．,请问于在青：请问重大事项是好事还是坏事，数日后会不会出公告说什么都没有。,1,disclosure_detail,dep_reason,Q2针对A1回避借壳传言，追问事项好坏并质疑可能出澄清公告，属交互依赖。,请问于在青：我是江苏国投员工，我们这里都说江苏国投借壳琼花，应该差不多了吧！！,哪一天我们见面，畅叙友情吧．我会到国投来找你．,请问于在青：请问重大事项是好事还是坏事，数日后会不会出公告说什么都没有。,002002_2007,20,21,1,Challenge,Q2针对A1回避借壳传言，追问事项好坏并质疑可能出澄清公告，属交互依赖。,,,1
positive,请问于在青：请问重大事项是好事还是坏事，数日后会不会出公告说什么都没有。 重大事项不管能不能成功，我们都会告知投资者。我们大家都希望出现重大事项无法进展而停止实施，但这种情况出现的可能性也会存在。,一点点小事停这么久.你们有没有做事啊???,1,disclosure_detail,dep_reason,Q2针对A1重大事项进展表述和回答模糊，抱怨停太久并催促实质行动。,请问于在青：请问重大事项是好事还是坏事，数日后会不会出公告说什么都没有。,重大事项不管能不能成功，我们都会告知投资者。我们大家都希望出现重大事项无法进展而停止实施，但这种情况出现的可能性也会存在。,一点点小事停这么久.你们有没有做事啊???,002002_2007,21,26,5,Complaint,Q2针对A1重大事项进展表述和回答模糊，抱怨停太久并催促实质行动。,,,1
positive,"请问于在青：董事长先生,下面的报道属实吗?江苏两信托公司谋划上市2008年02月05日05:00来源：第一财经日报作者：霍侃发表评论(0)支持(0)反对(0) 请参考前面的回答。","董事长,下面的报道属实吗?昨日，《第一财经日报》从江苏银监局获悉，江苏省国际信托有限公司（下称“江苏信托”）和国联信托有限公司（下称“国联信托”）正谋划上市，其中，国联信托正在筹备IPO，江苏信托借壳江苏琼花(002002行情,股吧)（002002.SZ）也在洽谈中。据江苏银监局介绍，为IPO作准备，国联信托已由2006年底的6.15亿元增资至12.68亿元，股份制改造也已经正式启动。同时，江苏信托借壳上市也已经正式启动，目前与有关方面的洽谈正在进行中，其借壳公司江苏琼花已经从去年11月30日开始因“正在筹划重大事项，存在较大不确定性”停牌。去年3月1日信托业“新两规”开始实施后，信托公司开始业务转型，率先获准发放新牌照的公司在业务创新的同时开始谋划上市。目前，信托公司借壳上市第一例——中信信托借壳安信信托(600816行情,股吧)正在进行；北方信托借壳*ST四环(000605行情,股吧)（000605.SZ）也已经进入报批阶段。而中海信托则在年初公告称，拟在A股IPO上市，并已经在接受中信证券(600030行情,股吧)的上市辅导。中国人民大学信托与基金研究所执行所长邢成在研究报告《2007年中国信托业》中指出，通过上市，信托公司可以为业务拓展筹集大量资金，加快向PE（私人股权投资）等创新业务领域转型和规模化发展，而且，上市后信托公司的经营运作将完全置于市场监督之下，这对于确保信托业务的规范运作极为重要。去年底，江苏信托和国联信托都已经完成了实业投资清理，并获银监会批准换发了新牌照。(责任编辑：李生延)",1,disclosure_detail,dep_reason,Q2重复追问Q1同一问题，因A1回避回答，属交互依赖。,"请问于在青：董事长先生,下面的报道属实吗?江苏两信托公司谋划上市2008年02月05日05:00来源：第一财经日报作者：霍侃发表评论(0)支持(0)反对(0)",请参考前面的回答。,"董事长,下面的报道属实吗?昨日，《第一财经日报》从江苏银监局获悉，江苏省国际信托有限公司（下称“江苏信托”）和国联信托有限公司（下称“国联信托”）正谋划上市，其中，国联信托正在筹备IPO，江苏信托借壳江苏琼花(002002行情,股吧)（002002.SZ）也在洽谈中。据江苏银监局介绍，为IPO作准备，国联信托已由2006年底的6.15亿元增资至12.68亿元，股份制改造也已经正式启动。同时，江苏信托借壳上市也已经正式启动，目前与有关方面的洽谈正在进行中，其借壳公司江苏琼花已经从去年11月30日开始因“正在筹划重大事项，存在较大不确定性”停牌。去年3月1日信托业“新两规”开始实施后，信托公司开始业务转型，率先获准发放新牌照的公司在业务创新的同时开始谋划上市。目前，信托公司借壳上市第一例——中信信托借壳安信信托(600816行情,股吧)正在进行；北方信托借壳*ST四环(000605行情,股吧)（000605.SZ）也已经进入报批阶段。而中海信托则在年初公告称，拟在A股IPO上市，并已经在接受中信证券(600030行情,股吧)的上市辅导。中国人民大学信托与基金研究所执行所长邢成在研究报告《2007年中国信托业》中指出，通过上市，信托公司可以为业务拓展筹集大量资金，加快向PE（私人股权投资）等创新业务领域转型和规模化发展，而且，上市后信托公司的经营运作将完全置于市场监督之下，这对于确保信托业务的规范运作极为重要。去年底，江苏信托和国联信托都已经完成了实业投资清理，并获银监会批准换发了新牌照。(责任编辑：李生延)",002002_2007,23,28,5,Complaint,Q2重复追问Q1同一问题，因A1回避回答，属交互依赖。,,,1
positive,一点点小事停这么久.你们有没有做事啊??? 这是重要的大事，请多注意公司公告．,请问嵇雪松：请问江苏琼花何时复牌?,2,answer_pressure,dep_reason,Q2针对A1未给出具体复牌时间继续追问，要求明确信息。,一点点小事停这么久.你们有没有做事啊???,这是重要的大事，请多注意公司公告．,请问嵇雪松：请问江苏琼花何时复牌?,002002_2007,26,30,4,Elaboration,Q2针对A1未给出具体复牌时间继续追问，要求明确信息。,,,1
positive,一点点小事停这么久.你们有没有做事啊??? 这是重要的大事，请多注意公司公告．,请问陈良华：什么时候开盘？,1,disclosure_detail,dep_reason,Q2针对A1回避停牌时间继续追问，要求给出具体开盘时间。,一点点小事停这么久.你们有没有做事啊???,这是重要的大事，请多注意公司公告．,请问陈良华：什么时候开盘？,002002_2007,26,31,5,Complaint,Q2针对A1回避停牌时间继续追问，要求给出具体开盘时间。,,,1
positive,请问嵇雪松：请问江苏琼花何时复牌? 公司正在筹划重大事项，目前尚未论证结束，复牌尚需数日，谢谢！,请问陈良华：什么时候开盘？,2,answer_pressure,dep_reason,Q2重复追问开盘时间，因A1未给出具体日期，视为催促。,请问嵇雪松：请问江苏琼花何时复牌?,公司正在筹划重大事项，目前尚未论证结束，复牌尚需数日，谢谢！,请问陈良华：什么时候开盘？,002002_2007,30,31,1,Complaint,Q2重复追问开盘时间，因A1未给出具体日期，视为催促。,,,1
positive,请问陈良华：什么时候开盘？ 希望在1-2月内，能公告并复牌交易,请问于在青：等待数日大概是多久?,1,disclosure_detail,dep_reason,Q2针对A1中模糊的“1-2月内”要求更精确的时间说明。,请问陈良华：什么时候开盘？,希望在1-2月内，能公告并复牌交易,请问于在青：等待数日大概是多久?,002002_2007,31,34,3,Elaboration,Q2针对A1中模糊的“1-2月内”要求更精确的时间说明。,,,1
positive,请问朱卫红：请问贵公司经营业绩是什么原因形成下滑的？拟采取什么措施回报股民？ 随着行业高速增长，行业生产能力的大幅提升，主要厂家产品多元化的趋势越来越明显，产品竞争压力将越来越激烈。针对这种形势，我们对内要加强产品质量管理、生产成本管理、管理费用管理、人力资源管理；对外要积极应对市场，加快产品更新、换代步伐，着重抓好新上生产线产品的市场开发工作，做到新产品的技术研发和市场开发并举。以自主创新、自主发展为基础，以质量管理和销售管理为重点，降低单位产品的成本，提高产品的竞争力和市场占有率。提高公司的盈利能力，回报社会，回报股东。谢谢您对公司的关心！,你好，于董事长，导致公司经营业绩下滑的主要原因有：一、由于行业的无序竞争，报告期内公司主导产品PVC片板材的销售价格明显下降，平均下降幅度约6.5%；此外，报告期公司耗用的主要原材料树脂粉、辅助材料价格较上年同期水平仍有所上升，导致产品毛利率微薄。二、由于报告期油价上涨导致运费增加，销售费用增加；由于报告期公司新增土地计提折旧增加，导致公司管理费用增加；由于报告期公司银行短期借款规模和银行贷款利率上升，导致财务费用增加。以上这几点，08年乃至以后很多年只能加剧，难以改善。那么贵公司业绩就会。。。。。。,1,disclosure_detail,dep_reason,Q2针对A1回避具体原因，列出具体因素并质疑未来，隐含追问与施压。,请问朱卫红：请问贵公司经营业绩是什么原因形成下滑的？拟采取什么措施回报股民？,随着行业高速增长，行业生产能力的大幅提升，主要厂家产品多元化的趋势越来越明显，产品竞争压力将越来越激烈。针对这种形势，我们对内要加强产品质量管理、生产成本管理、管理费用管理、人力资源管理；对外要积极应对市场，加快产品更新、换代步伐，着重抓好新上生产线产品的市场开发工作，做到新产品的技术研发和市场开发并举。以自主创新、自主发展为基础，以质量管理和销售管理为重点，降低单位产品的成本，提高产品的竞争力和市场占有率。提高公司的盈利能力，回报社会，回报股东。谢谢您对公司的关心！,你好，于董事长，导致公司经营业绩下滑的主要原因有：一、由于行业的无序竞争，报告期内公司主导产品PVC片板材的销售价格明显下降，平均下降幅度约6.5%；此外，报告期公司耗用的主要原材料树脂粉、辅助材料价格较上年同期水平仍有所上升，导致产品毛利率微薄。二、由于报告期油价上涨导致运费增加，销售费用增加；由于报告期公司新增土地计提折旧增加，导致公司管理费用增加；由于报告期公司银行短期借款规模和银行贷款利率上升，导致财务费用增加。以上这几点，08年乃至以后很多年只能加剧，难以改善。那么贵公司业绩就会。。。。。。,002002_2007,33,35,2,Challenge,Q2针对A1回避具体原因，列出具体因素并质疑未来，隐含追问与施压。,,,1
positive,请问于在青：于总你好，我是琼花的投资者，我觉得，作为公众上市公司的股东，有权利知道正在进行讨论的重大事项是什么，不管是否能成功，公告应该披露该事项内容，不能仅仅形式披露一下应付投资者，其实什么也没说，不是吗？ 上市公司信息披露的规则，我们要遵守好．请多注意公司公告，谢谢．,请问于在青：002002为什么停牌？何时复牌？,1,disclosure_detail,dep_reason,A1回避Q1对重大事项的询问，Q2直接追问停牌原因和时间，是对未回答状态的追击。,请问于在青：于总你好，我是琼花的投资者，我觉得，作为公众上市公司的股东，有权利知道正在进行讨论的重大事项是什么，不管是否能成功，公告应该披露该事项内容，不能仅仅形式披露一下应付投资者，其实什么也没说，不是吗？,上市公司信息披露的规则，我们要遵守好．请多注意公司公告，谢谢．,请问于在青：002002为什么停牌？何时复牌？,002002_2007,38,41,3,Challenge,A1回避Q1对重大事项的询问，Q2直接追问停牌原因和时间，是对未回答状态的追击。,,,1
positive,请问于在青：山东投资者向于总问好！请问002002重组进展及大约何时能复牌 目前公司不能准确预测复牌时间，谢谢您关心。,请问于在青：002002为什么停牌？何时复牌？,1,disclosure_detail,dep_reason,人工复核：Q2围绕A1未明确的复牌时间继续追问停牌原因和何时复牌，属于索要细节。,请问于在青：山东投资者向于总问好！请问002002重组进展及大约何时能复牌,目前公司不能准确预测复牌时间，谢谢您关心。,请问于在青：002002为什么停牌？何时复牌？,002002_2007,40,41,1,Elaboration,人工复核：Q2围绕A1未明确的复牌时间继续追问停牌原因和何时复牌，属于索要细节。,,,1
positive,请问嵇雪松：江苏信托借壳江苏琼花是真的吗？ 目前有关重大事项的方案正在论证中，至于是否江苏信托借壳江苏琼花，目前不便告知，谢谢您！,请问于在青：请问杨子晚报曾刊登的江苏信托借壳002一事是捕风捉影的消息吗？,1,disclosure_detail,dep_reason,人工复核：Q2围绕A1回避的江苏信托借壳传闻继续要求澄清真假，属于内容质疑。,请问嵇雪松：江苏信托借壳江苏琼花是真的吗？,目前有关重大事项的方案正在论证中，至于是否江苏信托借壳江苏琼花，目前不便告知，谢谢您！,请问于在青：请问杨子晚报曾刊登的江苏信托借壳002一事是捕风捉影的消息吗？,002002_2007,44,47,3,Challenge,人工复核：Q2围绕A1回避的江苏信托借壳传闻继续要求澄清真假，属于内容质疑。,,,1
positive,请问嵇雪松：江苏信托借壳江苏琼花是真的吗？ 目前有关重大事项的方案正在论证中，至于是否江苏信托借壳江苏琼花，目前不便告知，谢谢您！,请问于在青：请问于董：有这么回事情吗：江苏信托拟借壳江苏琼花(002003)国联信托筹备IPO昨日，《第一财经日报》从江苏银监局获悉，江苏省国际信托有限公司（下称“江苏信托”）和国联信托有限公司（下称“国联信托”）正谋划上市，其中，国联信托正在筹备IPO，江苏信托借壳江苏琼花（002002.SZ）也在洽谈中。据江苏银监局介绍，为IPO作准备，国联信托已由2006年底的6.15亿元增资至12.68亿元，股份制改造也已经正式启动。同时，江苏信托借壳上市也已经正式启动，目前与有关方面的洽谈正在进行中，其借壳公司江苏琼花已经从去年11月30日开始因“正在筹划重大事项，存在较大不确定性”停牌。去年3月1日信托业“新两规”开始实施后，信托公司开始业务转型，率先获准发放新牌照的公司在业务创新的同时开始谋划上市。目前，信托公司借壳上市第一例--中信信托借壳安信信托正在进行；北方信托借壳*ST四环（000605.SZ）也已经进入报批阶段。而中海信托则在年初公告称，拟在A股IPO上市，并已经在接受中信证券的上市辅导。中国人民大学信托与基金研究所执行所长邢成在研究报告《2007年中国信托业》中指出，通过上市，信托公司可以为业务拓展筹集大量资金，加快向PE（私人股权投资）等创新业务领域转型和规模化发展，而且，上市后信托公司的经营运作将完全置于市场监督之下，这对于确保信托业务的规范运作极为重要。去年底，江苏信托和国联信托都已经完成了实业投资清理，并获银监会批准换发了新牌照。,1,disclosure_detail,dep_reason,Q2针对A1不便告知的回避态度，引用媒体报道继续追问同一借壳事宜。,请问嵇雪松：江苏信托借壳江苏琼花是真的吗？,目前有关重大事项的方案正在论证中，至于是否江苏信托借壳江苏琼花，目前不便告知，谢谢您！,请问于在青：请问于董：有这么回事情吗：江苏信托拟借壳江苏琼花(002003)国联信托筹备IPO昨日，《第一财经日报》从江苏银监局获悉，江苏省国际信托有限公司（下称“江苏信托”）和国联信托有限公司（下称“国联信托”）正谋划上市，其中，国联信托正在筹备IPO，江苏信托借壳江苏琼花（002002.SZ）也在洽谈中。据江苏银监局介绍，为IPO作准备，国联信托已由2006年底的6.15亿元增资至12.68亿元，股份制改造也已经正式启动。同时，江苏信托借壳上市也已经正式启动，目前与有关方面的洽谈正在进行中，其借壳公司江苏琼花已经从去年11月30日开始因“正在筹划重大事项，存在较大不确定性”停牌。去年3月1日信托业“新两规”开始实施后，信托公司开始业务转型，率先获准发放新牌照的公司在业务创新的同时开始谋划上市。目前，信托公司借壳上市第一例--中信信托借壳安信信托正在进行；北方信托借壳*ST四环（000605.SZ）也已经进入报批阶段。而中海信托则在年初公告称，拟在A股IPO上市，并已经在接受中信证券的上市辅导。中国人民大学信托与基金研究所执行所长邢成在研究报告《2007年中国信托业》中指出，通过上市，信托公司可以为业务拓展筹集大量资金，加快向PE（私人股权投资）等创新业务领域转型和规模化发展，而且，上市后信托公司的经营运作将完全置于市场监督之下，这对于确保信托业务的规范运作极为重要。去年底，江苏信托和国联信托都已经完成了实业投资清理，并获银监会批准换发了新牌照。,002002_2007,44,49,5,Challenge,Q2针对A1不便告知的回避态度，引用媒体报道继续追问同一借壳事宜。,,,1
positive,"请问于在青：你回答了很多问题,但我还是摸不着头脑,能透露一点江苏国投借壳之事吗?谢谢!（ 请关注公司公告，谢谢。",请问于在青：请问杨子晚报曾刊登的江苏信托借壳002一事是捕风捉影的消息吗？,2,answer_pressure,dep_reason,Q2重复追问A1未正面回答的借壳传闻，仅用媒体来源具体化。,"请问于在青：你回答了很多问题,但我还是摸不着头脑,能透露一点江苏国投借壳之事吗?谢谢!（",请关注公司公告，谢谢。,请问于在青：请问杨子晚报曾刊登的江苏信托借壳002一事是捕风捉影的消息吗？,002002_2007,46,47,1,Complaint,Q2重复追问A1未正面回答的借壳传闻，仅用媒体来源具体化。,,,1
positive,"请问于在青：你回答了很多问题,但我还是摸不着头脑,能透露一点江苏国投借壳之事吗?谢谢!（ 请关注公司公告，谢谢。",请问于在青：请问于董：有这么回事情吗：江苏信托拟借壳江苏琼花(002003)国联信托筹备IPO昨日，《第一财经日报》从江苏银监局获悉，江苏省国际信托有限公司（下称“江苏信托”）和国联信托有限公司（下称“国联信托”）正谋划上市，其中，国联信托正在筹备IPO，江苏信托借壳江苏琼花（002002.SZ）也在洽谈中。据江苏银监局介绍，为IPO作准备，国联信托已由2006年底的6.15亿元增资至12.68亿元，股份制改造也已经正式启动。同时，江苏信托借壳上市也已经正式启动，目前与有关方面的洽谈正在进行中，其借壳公司江苏琼花已经从去年11月30日开始因“正在筹划重大事项，存在较大不确定性”停牌。去年3月1日信托业“新两规”开始实施后，信托公司开始业务转型，率先获准发放新牌照的公司在业务创新的同时开始谋划上市。目前，信托公司借壳上市第一例--中信信托借壳安信信托正在进行；北方信托借壳*ST四环（000605.SZ）也已经进入报批阶段。而中海信托则在年初公告称，拟在A股IPO上市，并已经在接受中信证券的上市辅导。中国人民大学信托与基金研究所执行所长邢成在研究报告《2007年中国信托业》中指出，通过上市，信托公司可以为业务拓展筹集大量资金，加快向PE（私人股权投资）等创新业务领域转型和规模化发展，而且，上市后信托公司的经营运作将完全置于市场监督之下，这对于确保信托业务的规范运作极为重要。去年底，江苏信托和国联信托都已经完成了实业投资清理，并获银监会批准换发了新牌照。,1,disclosure_detail,dep_reason,Q2引用媒体报道继续追问Q1中借壳传闻，针对A1回避态度施压确认。,"请问于在青：你回答了很多问题,但我还是摸不着头脑,能透露一点江苏国投借壳之事吗?谢谢!（",请关注公司公告，谢谢。,请问于在青：请问于董：有这么回事情吗：江苏信托拟借壳江苏琼花(002003)国联信托筹备IPO昨日，《第一财经日报》从江苏银监局获悉，江苏省国际信托有限公司（下称“江苏信托”）和国联信托有限公司（下称“国联信托”）正谋划上市，其中，国联信托正在筹备IPO，江苏信托借壳江苏琼花（002002.SZ）也在洽谈中。据江苏银监局介绍，为IPO作准备，国联信托已由2006年底的6.15亿元增资至12.68亿元，股份制改造也已经正式启动。同时，江苏信托借壳上市也已经正式启动，目前与有关方面的洽谈正在进行中，其借壳公司江苏琼花已经从去年11月30日开始因“正在筹划重大事项，存在较大不确定性”停牌。去年3月1日信托业“新两规”开始实施后，信托公司开始业务转型，率先获准发放新牌照的公司在业务创新的同时开始谋划上市。目前，信托公司借壳上市第一例--中信信托借壳安信信托正在进行；北方信托借壳*ST四环（000605.SZ）也已经进入报批阶段。而中海信托则在年初公告称，拟在A股IPO上市，并已经在接受中信证券的上市辅导。中国人民大学信托与基金研究所执行所长邢成在研究报告《2007年中国信托业》中指出，通过上市，信托公司可以为业务拓展筹集大量资金，加快向PE（私人股权投资）等创新业务领域转型和规模化发展，而且，上市后信托公司的经营运作将完全置于市场监督之下，这对于确保信托业务的规范运作极为重要。去年底，江苏信托和国联信托都已经完成了实业投资清理，并获银监会批准换发了新牌照。,002002_2007,46,49,3,Challenge,Q2引用媒体报道继续追问Q1中借壳传闻，针对A1回避态度施压确认。,,,1
positive,请问于在青：请问杨子晚报曾刊登的江苏信托借壳002一事是捕风捉影的消息吗？ 请再耐心等待数日，公司将在数日后公告重大事项的具体的内容。,请问于在青：请问于董：有这么回事情吗：江苏信托拟借壳江苏琼花(002003)国联信托筹备IPO昨日，《第一财经日报》从江苏银监局获悉，江苏省国际信托有限公司（下称“江苏信托”）和国联信托有限公司（下称“国联信托”）正谋划上市，其中，国联信托正在筹备IPO，江苏信托借壳江苏琼花（002002.SZ）也在洽谈中。据江苏银监局介绍，为IPO作准备，国联信托已由2006年底的6.15亿元增资至12.68亿元，股份制改造也已经正式启动。同时，江苏信托借壳上市也已经正式启动，目前与有关方面的洽谈正在进行中，其借壳公司江苏琼花已经从去年11月30日开始因“正在筹划重大事项，存在较大不确定性”停牌。去年3月1日信托业“新两规”开始实施后，信托公司开始业务转型，率先获准发放新牌照的公司在业务创新的同时开始谋划上市。目前，信托公司借壳上市第一例--中信信托借壳安信信托正在进行；北方信托借壳*ST四环（000605.SZ）也已经进入报批阶段。而中海信托则在年初公告称，拟在A股IPO上市，并已经在接受中信证券的上市辅导。中国人民大学信托与基金研究所执行所长邢成在研究报告《2007年中国信托业》中指出，通过上市，信托公司可以为业务拓展筹集大量资金，加快向PE（私人股权投资）等创新业务领域转型和规模化发展，而且，上市后信托公司的经营运作将完全置于市场监督之下，这对于确保信托业务的规范运作极为重要。去年底，江苏信托和国联信托都已经完成了实业投资清理，并获银监会批准换发了新牌照。,1,disclosure_detail,dep_reason,Q2重复追问Q1中借壳消息的真实性，A1回避回答，Q2提供新报道继续施压要求确认。,请问于在青：请问杨子晚报曾刊登的江苏信托借壳002一事是捕风捉影的消息吗？,请再耐心等待数日，公司将在数日后公告重大事项的具体的内容。,请问于在青：请问于董：有这么回事情吗：江苏信托拟借壳江苏琼花(002003)国联信托筹备IPO昨日，《第一财经日报》从江苏银监局获悉，江苏省国际信托有限公司（下称“江苏信托”）和国联信托有限公司（下称“国联信托”）正谋划上市，其中，国联信托正在筹备IPO，江苏信托借壳江苏琼花（002002.SZ）也在洽谈中。据江苏银监局介绍，为IPO作准备，国联信托已由2006年底的6.15亿元增资至12.68亿元，股份制改造也已经正式启动。同时，江苏信托借壳上市也已经正式启动，目前与有关方面的洽谈正在进行中，其借壳公司江苏琼花已经从去年11月30日开始因“正在筹划重大事项，存在较大不确定性”停牌。去年3月1日信托业“新两规”开始实施后，信托公司开始业务转型，率先获准发放新牌照的公司在业务创新的同时开始谋划上市。目前，信托公司借壳上市第一例--中信信托借壳安信信托正在进行；北方信托借壳*ST四环（000605.SZ）也已经进入报批阶段。而中海信托则在年初公告称，拟在A股IPO上市，并已经在接受中信证券的上市辅导。中国人民大学信托与基金研究所执行所长邢成在研究报告《2007年中国信托业》中指出，通过上市，信托公司可以为业务拓展筹集大量资金，加快向PE（私人股权投资）等创新业务领域转型和规模化发展，而且，上市后信托公司的经营运作将完全置于市场监督之下，这对于确保信托业务的规范运作极为重要。去年底，江苏信托和国联信托都已经完成了实业投资清理，并获银监会批准换发了新牌照。,002002_2007,47,49,2,Complaint,Q2重复追问Q1中借壳消息的真实性，A1回避回答，Q2提供新报道继续施压要求确认。,,,1
positive,请问于在青：请问杨子晚报曾刊登的江苏信托借壳002一事是捕风捉影的消息吗？ 请再耐心等待数日，公司将在数日后公告重大事项的具体的内容。,请问嵇雪松：002002有何重大问题，为何数月不公布。,1,disclosure_detail,dep_reason,Q2针对A1承诺数日后公告但数月未公布进行质问和催促。,请问于在青：请问杨子晚报曾刊登的江苏信托借壳002一事是捕风捉影的消息吗？,请再耐心等待数日，公司将在数日后公告重大事项的具体的内容。,请问嵇雪松：002002有何重大问题，为何数月不公布。,002002_2007,47,50,3,Complaint,Q2针对A1承诺数日后公告但数月未公布进行质问和催促。,,,1
positive,请问于在青：请问杨子晚报曾刊登的江苏信托借壳002一事是捕风捉影的消息吗？ 请再耐心等待数日，公司将在数日后公告重大事项的具体的内容。,"请问于在青：复牌尚需数日,意思就是快了,等几天了,希望有好的惊喜,我们最想知道的是到底是好是坏",1,disclosure_detail,dep_reason,Q2基于A1中“等待数日将公告重大事项”的承诺，追问事项好坏。,请问于在青：请问杨子晚报曾刊登的江苏信托借壳002一事是捕风捉影的消息吗？,请再耐心等待数日，公司将在数日后公告重大事项的具体的内容。,"请问于在青：复牌尚需数日,意思就是快了,等几天了,希望有好的惊喜,我们最想知道的是到底是好是坏",002002_2007,47,51,4,Elaboration,Q2基于A1中“等待数日将公告重大事项”的承诺，追问事项好坏。,,,1
positive,请问于在青：请问杨子晚报曾刊登的江苏信托借壳002一事是捕风捉影的消息吗？ 请再耐心等待数日，公司将在数日后公告重大事项的具体的内容。,请问嵇雪松：怎么不回答？？？？,2,answer_pressure,dep_reason,Q2明确针对A1未正面回答Q1问题进行催促和抱怨。,请问于在青：请问杨子晚报曾刊登的江苏信托借壳002一事是捕风捉影的消息吗？,请再耐心等待数日，公司将在数日后公告重大事项的具体的内容。,请问嵇雪松：怎么不回答？？？？,002002_2007,47,52,5,Complaint,Q2明确针对A1未正面回答Q1问题进行催促和抱怨。,,,1
positive,"请问于在青：中小板老8股,公司经营表现出来最差,请问于总,是如何看待这个问题的 08年我们会加油，谢谢",请问嵇雪松：怎么不回答？？？？,2,answer_pressure,dep_reason,Q2针对A1回答太简单、未具体回答问题进行催促抱怨。,"请问于在青：中小板老8股,公司经营表现出来最差,请问于总,是如何看待这个问题的",08年我们会加油，谢谢,请问嵇雪松：怎么不回答？？？？,002002_2007,48,52,4,Complaint,Q2针对A1回答太简单、未具体回答问题进行催促抱怨。,,,1
positive,请问于在青：请问于董：有这么回事情吗：江苏信托拟借壳江苏琼花(002003)国联信托筹备IPO昨日，《第一财经日报》从江苏银监局获悉，江苏省国际信托有限公司（下称“江苏信托”）和国联信托有限公司（下称“国联信托”）正谋划上市，其中，国联信托正在筹备IPO，江苏信托借壳江苏琼花（002002.SZ）也在洽谈中。据江苏银监局介绍，为IPO作准备，国联信托已由2006年底的6.15亿元增资至12.68亿元，股份制改造也已经正式启动。同时，江苏信托借壳上市也已经正式启动，目前与有关方面的洽谈正在进行中，其借壳公司江苏琼花已经从去年11月30日开始因“正在筹划重大事项，存在较大不确定性”停牌。去年3月1日信托业“新两规”开始实施后，信托公司开始业务转型，率先获准发放新牌照的公司在业务创新的同时开始谋划上市。目前，信托公司借壳上市第一例--中信信托借壳安信信托正在进行；北方信托借壳*ST四环（000605.SZ）也已经进入报批阶段。而中海信托则在年初公告称，拟在A股IPO上市，并已经在接受中信证券的上市辅导。中国人民大学信托与基金研究所执行所长邢成在研究报告《2007年中国信托业》中指出，通过上市，信托公司可以为业务拓展筹集大量资金，加快向PE（私人股权投资）等创新业务领域转型和规模化发展，而且，上市后信托公司的经营运作将完全置于市场监督之下，这对于确保信托业务的规范运作极为重要。去年底，江苏信托和国联信托都已经完成了实业投资清理，并获银监会批准换发了新牌照。 媒体的报道，公司也已经注意到了。信托行业完成实业投资清理与本次公司重大事项没有联系。,请问嵇雪松：002002有何重大问题，为何数月不公布。,1,disclosure_detail,dep_reason,人工复核：Q2承接A1关于重大事项/借壳关系的解释，继续质疑重大事项长期不披露。,请问于在青：请问于董：有这么回事情吗：江苏信托拟借壳江苏琼花(002003)国联信托筹备IPO昨日，《第一财经日报》从江苏银监局获悉，江苏省国际信托有限公司（下称“江苏信托”）和国联信托有限公司（下称“国联信托”）正谋划上市，其中，国联信托正在筹备IPO，江苏信托借壳江苏琼花（002002.SZ）也在洽谈中。据江苏银监局介绍，为IPO作准备，国联信托已由2006年底的6.15亿元增资至12.68亿元，股份制改造也已经正式启动。同时，江苏信托借壳上市也已经正式启动，目前与有关方面的洽谈正在进行中，其借壳公司江苏琼花已经从去年11月30日开始因“正在筹划重大事项，存在较大不确定性”停牌。去年3月1日信托业“新两规”开始实施后，信托公司开始业务转型，率先获准发放新牌照的公司在业务创新的同时开始谋划上市。目前，信托公司借壳上市第一例--中信信托借壳安信信托正在进行；北方信托借壳*ST四环（000605.SZ）也已经进入报批阶段。而中海信托则在年初公告称，拟在A股IPO上市，并已经在接受中信证券的上市辅导。中国人民大学信托与基金研究所执行所长邢成在研究报告《2007年中国信托业》中指出，通过上市，信托公司可以为业务拓展筹集大量资金，加快向PE（私人股权投资）等创新业务领域转型和规模化发展，而且，上市后信托公司的经营运作将完全置于市场监督之下，这对于确保信托业务的规范运作极为重要。去年底，江苏信托和国联信托都已经完成了实业投资清理，并获银监会批准换发了新牌照。,媒体的报道，公司也已经注意到了。信托行业完成实业投资清理与本次公司重大事项没有联系。,请问嵇雪松：002002有何重大问题，为何数月不公布。,002002_2007,49,50,1,Challenge,人工复核：Q2承接A1关于重大事项/借壳关系的解释，继续质疑重大事项长期不披露。,,,1
positive,请问于在青：请问于董：有这么回事情吗：江苏信托拟借壳江苏琼花(002003)国联信托筹备IPO昨日，《第一财经日报》从江苏银监局获悉，江苏省国际信托有限公司（下称“江苏信托”）和国联信托有限公司（下称“国联信托”）正谋划上市，其中，国联信托正在筹备IPO，江苏信托借壳江苏琼花（002002.SZ）也在洽谈中。据江苏银监局介绍，为IPO作准备，国联信托已由2006年底的6.15亿元增资至12.68亿元，股份制改造也已经正式启动。同时，江苏信托借壳上市也已经正式启动，目前与有关方面的洽谈正在进行中，其借壳公司江苏琼花已经从去年11月30日开始因“正在筹划重大事项，存在较大不确定性”停牌。去年3月1日信托业“新两规”开始实施后，信托公司开始业务转型，率先获准发放新牌照的公司在业务创新的同时开始谋划上市。目前，信托公司借壳上市第一例--中信信托借壳安信信托正在进行；北方信托借壳*ST四环（000605.SZ）也已经进入报批阶段。而中海信托则在年初公告称，拟在A股IPO上市，并已经在接受中信证券的上市辅导。中国人民大学信托与基金研究所执行所长邢成在研究报告《2007年中国信托业》中指出，通过上市，信托公司可以为业务拓展筹集大量资金，加快向PE（私人股权投资）等创新业务领域转型和规模化发展，而且，上市后信托公司的经营运作将完全置于市场监督之下，这对于确保信托业务的规范运作极为重要。去年底，江苏信托和国联信托都已经完成了实业投资清理，并获银监会批准换发了新牌照。 媒体的报道，公司也已经注意到了。信托行业完成实业投资清理与本次公司重大事项没有联系。,请问嵇雪松：怎么不回答？？？？,2,answer_pressure,dep_reason,Q2针对上一轮A1未正面回答借壳事项进行催促和抱怨。,请问于在青：请问于董：有这么回事情吗：江苏信托拟借壳江苏琼花(002003)国联信托筹备IPO昨日，《第一财经日报》从江苏银监局获悉，江苏省国际信托有限公司（下称“江苏信托”）和国联信托有限公司（下称“国联信托”）正谋划上市，其中，国联信托正在筹备IPO，江苏信托借壳江苏琼花（002002.SZ）也在洽谈中。据江苏银监局介绍，为IPO作准备，国联信托已由2006年底的6.15亿元增资至12.68亿元，股份制改造也已经正式启动。同时，江苏信托借壳上市也已经正式启动，目前与有关方面的洽谈正在进行中，其借壳公司江苏琼花已经从去年11月30日开始因“正在筹划重大事项，存在较大不确定性”停牌。去年3月1日信托业“新两规”开始实施后，信托公司开始业务转型，率先获准发放新牌照的公司在业务创新的同时开始谋划上市。目前，信托公司借壳上市第一例--中信信托借壳安信信托正在进行；北方信托借壳*ST四环（000605.SZ）也已经进入报批阶段。而中海信托则在年初公告称，拟在A股IPO上市，并已经在接受中信证券的上市辅导。中国人民大学信托与基金研究所执行所长邢成在研究报告《2007年中国信托业》中指出，通过上市，信托公司可以为业务拓展筹集大量资金，加快向PE（私人股权投资）等创新业务领域转型和规模化发展，而且，上市后信托公司的经营运作将完全置于市场监督之下，这对于确保信托业务的规范运作极为重要。去年底，江苏信托和国联信托都已经完成了实业投资清理，并获银监会批准换发了新牌照。,媒体的报道，公司也已经注意到了。信托行业完成实业投资清理与本次公司重大事项没有联系。,请问嵇雪松：怎么不回答？？？？,002002_2007,49,52,3,Complaint,Q2针对上一轮A1未正面回答借壳事项进行催促和抱怨。,,,1
positive,请问嵇雪松：002002有何重大问题，为何数月不公布。 公司正在蕴量重大事项，目前仍在论证中，不存在重大问题，请您耐心再等候数日。,请问嵇雪松：怎么不回答？？？？,2,answer_pressure,dep_reason,Q2明确针对A1未直接回答问题进行抱怨和催促。,请问嵇雪松：002002有何重大问题，为何数月不公布。,公司正在蕴量重大事项，目前仍在论证中，不存在重大问题，请您耐心再等候数日。,请问嵇雪松：怎么不回答？？？？,002002_2007,50,52,2,Complaint,Q2明确针对A1未直接回答问题进行抱怨和催促。,,,1
positive,请问于在青：重大事项是借壳吗?????? 到时请注意公司公告．谢谢,请问于在青：没有问你准确的时间，估计下一个月，两个月或半年？,1,disclosure_detail,dep_reason,Q2针对A1回避性答复，要求估计重大事项公告时间，互动依赖。,请问于在青：重大事项是借壳吗??????,到时请注意公司公告．谢谢,请问于在青：没有问你准确的时间，估计下一个月，两个月或半年？,002002_2007,53,58,5,Challenge,Q2针对A1回避性答复，要求估计重大事项公告时间，互动依赖。,,,1
positive,"请问于在青：我是江苏琼花第一天上市买的,一直被套,江苏国投重组能成功吗,我要解套呀 感谢您一直作为琼花的股东。",请问于在青：没有问你准确的时间，估计下一个月，两个月或半年？,1,disclosure_detail,dep_reason,Q2针对A1完全回避重组问题，转而要求估计大致时间，属于对回答缺失的继续追问。,"请问于在青：我是江苏琼花第一天上市买的,一直被套,江苏国投重组能成功吗,我要解套呀",感谢您一直作为琼花的股东。,请问于在青：没有问你准确的时间，估计下一个月，两个月或半年？,002002_2007,56,58,2,Complaint,Q2针对A1完全回避重组问题，转而要求估计大致时间，属于对回答缺失的继续追问。,,,1
positive,"请问于在青：我是江苏琼花第一天上市买的,一直被套,江苏国投重组能成功吗,我要解套呀 感谢您一直作为琼花的股东。",请问于在青：董事长您好，很高兴我的话能让你们开心，希望您能有个正面一点的答复，让我们这些拥有琼花的小股东也开心一下，同时也能让我们吃颗定心丸，毕竟我们这些小股东的钱都是血汗钱，我们不指望一夜暴富，更不希望这些钱打了水漂，谢谢！,1,disclosure_detail,dep_reason,Q2明确针对A1回避性回答，要求正面答复以安抚投资者。,"请问于在青：我是江苏琼花第一天上市买的,一直被套,江苏国投重组能成功吗,我要解套呀",感谢您一直作为琼花的股东。,请问于在青：董事长您好，很高兴我的话能让你们开心，希望您能有个正面一点的答复，让我们这些拥有琼花的小股东也开心一下，同时也能让我们吃颗定心丸，毕竟我们这些小股东的钱都是血汗钱，我们不指望一夜暴富，更不希望这些钱打了水漂，谢谢！,002002_2007,56,61,5,Complaint,Q2明确针对A1回避性回答，要求正面答复以安抚投资者。,,,1
positive,请问于董事长公司下一步怎么办？于董事长:你好!好像是第三次在这里与你交流，尽管我是一个小小的投资者，但是我对贵公司也是满怀信心的，三年来我一直持有公司的股票没有动过，以前我曾经问过董事长您，你们将怎样回报我们投资者，您曾经也回答我们说要好好经营，一定会回报我们的，但是我们看到贵公司一直没有走出困经，好像一年不如一年，公司年报每次所说的是市场竞争所导致的，我想问问董事长的是，同样是市场经济条件下，都是在同一起跑线，为什么困难就是你们有呢，起码你们还是上市公司啊，为什么项目老在变更，经营业绩为什么一直不能好转呢，这次又是三个月的停牌，到现在公司没有发布一点涉及具体内容的公告，把我们小小投资者搞的云里雾里的，所以我想请董事长回答，公司下一步将何去何从，我们投资者是不是对贵公司继续有信心下去，在中国经济的大好形势和中国股市这样的大牛市背景下，我们还没有分享到公司的回报，我们还将要等到那一天？我们还有希望吗？我真诚的希望听到于董事长你的声音。谢谢于董事长！ 很有希望，谢谢！,请问于在青：董事长您好，很高兴我的话能让你们开心，希望您能有个正面一点的答复，让我们这些拥有琼花的小股东也开心一下，同时也能让我们吃颗定心丸，毕竟我们这些小股东的钱都是血汗钱，我们不指望一夜暴富，更不希望这些钱打了水漂，谢谢！,2,answer_pressure,dep_reason,Q2明确针对A1的简短回答要求更正面答复，抱怨不够具体。,请问于董事长公司下一步怎么办？于董事长:你好!好像是第三次在这里与你交流，尽管我是一个小小的投资者，但是我对贵公司也是满怀信心的，三年来我一直持有公司的股票没有动过，以前我曾经问过董事长您，你们将怎样回报我们投资者，您曾经也回答我们说要好好经营，一定会回报我们的，但是我们看到贵公司一直没有走出困经，好像一年不如一年，公司年报每次所说的是市场竞争所导致的，我想问问董事长的是，同样是市场经济条件下，都是在同一起跑线，为什么困难就是你们有呢，起码你们还是上市公司啊，为什么项目老在变更，经营业绩为什么一直不能好转呢，这次又是三个月的停牌，到现在公司没有发布一点涉及具体内容的公告，把我们小小投资者搞的云里雾里的，所以我想请董事长回答，公司下一步将何去何从，我们投资者是不是对贵公司继续有信心下去，在中国经济的大好形势和中国股市这样的大牛市背景下，我们还没有分享到公司的回报，我们还将要等到那一天？我们还有希望吗？我真诚的希望听到于董事长你的声音。谢谢于董事长！,很有希望，谢谢！,请问于在青：董事长您好，很高兴我的话能让你们开心，希望您能有个正面一点的答复，让我们这些拥有琼花的小股东也开心一下，同时也能让我们吃颗定心丸，毕竟我们这些小股东的钱都是血汗钱，我们不指望一夜暴富，更不希望这些钱打了水漂，谢谢！,002002_2007,59,61,2,Complaint,Q2明确针对A1的简短回答要求更正面答复，抱怨不够具体。,,,1
positive,请问于在青：改变一下停版制度..停版时间太久!..加快一下你们的工作进度...每五天公布一下重大事项的详细进展情况.增加事项的透明度!...建议!谢谢! 公司将在第一次公告了重大事项的具体内容后，每周（差不多每隔5个交易日）公告事项的进展情况。,请问于在青：能不能快点解决问题，我就咱们琼花一只股票,2,answer_pressure,dep_reason,Q2针对A1未回应加快解决问题进行催促，依赖上一轮交互状态。,请问于在青：改变一下停版制度..停版时间太久!..加快一下你们的工作进度...每五天公布一下重大事项的详细进展情况.增加事项的透明度!...建议!谢谢!,公司将在第一次公告了重大事项的具体内容后，每周（差不多每隔5个交易日）公告事项的进展情况。,请问于在青：能不能快点解决问题，我就咱们琼花一只股票,002002_2007,60,65,5,Complaint,Q2针对A1未回应加快解决问题进行催促，依赖上一轮交互状态。,,,1
positive,请问于在青：董事长您好，很高兴我的话能让你们开心，希望您能有个正面一点的答复，让我们这些拥有琼花的小股东也开心一下，同时也能让我们吃颗定心丸，毕竟我们这些小股东的钱都是血汗钱，我们不指望一夜暴富，更不希望这些钱打了水漂，谢谢！ 祝福你发财！,请问于在青：能不能快点解决问题，我就咱们琼花一只股票,2,answer_pressure,dep_reason,Q2针对A1敷衍回答，催促解决问题，依赖上轮交互状态。,请问于在青：董事长您好，很高兴我的话能让你们开心，希望您能有个正面一点的答复，让我们这些拥有琼花的小股东也开心一下，同时也能让我们吃颗定心丸，毕竟我们这些小股东的钱都是血汗钱，我们不指望一夜暴富，更不希望这些钱打了水漂，谢谢！,祝福你发财！,请问于在青：能不能快点解决问题，我就咱们琼花一只股票,002002_2007,61,65,4,Complaint,Q2针对A1敷衍回答，催促解决问题，依赖上轮交互状态。,,,1
positive,一点点小事停这么久.你们有没有做事啊??? 您的批评很有道理，但该重大事项牵涉的部门较多，论证时间会比较长，麻烦您再等数日。,请问于在青：能不能快点解决问题，我就咱们琼花一只股票,2,answer_pressure,dep_reason,Q2针对A1要求再等的回复继续催促，属于交互依赖。,一点点小事停这么久.你们有没有做事啊???,您的批评很有道理，但该重大事项牵涉的部门较多，论证时间会比较长，麻烦您再等数日。,请问于在青：能不能快点解决问题，我就咱们琼花一只股票,002002_2007,62,65,3,Complaint,Q2针对A1要求再等的回复继续催促，属于交互依赖。,,,1
positive,请问于在青：山东投资者向于总问好！请问002002重组进展及大约何时能复牌 请参考问题1。,"请问于在青：请问,我在11.29打电话问网上说有重大事项是什么,接电话的是一位男的,说没有什么,可是第2天,来了个涨停就停盘了,这说明什么",1,disclosure_detail,dep_reason,Q2针对A1的回避性回答及前后信息不一致进行质问与抱怨。,请问于在青：山东投资者向于总问好！请问002002重组进展及大约何时能复牌,请参考问题1。,"请问于在青：请问,我在11.29打电话问网上说有重大事项是什么,接电话的是一位男的,说没有什么,可是第2天,来了个涨停就停盘了,这说明什么",002002_2007,68,70,2,Complaint,Q2针对A1的回避性回答及前后信息不一致进行质问与抱怨。,,,1
positive,请问于在青：山东投资者向于总问好！请问002002重组进展及大约何时能复牌 请参考问题1。,于董事长:你好!好像是第三次在这里与你交流，尽管我是一个小小的投资者，但是我对贵公司也是满怀信心的，三年来我一直持有公司的股票没有动过，以前我曾经问过董事长您，你们将怎样回报我们投资者，您曾经也回答我们说要好好经营，一定会回报我们的，但是我们看到贵公司一直没有走出困经，好像一年不如一年，公司年报每次所说的是市场竞争所导致的，我想问问董事长的是，同样是市场经济条件下，都是在同一起跑线，为什么困难就是你们有呢，起码你们还是上市公司啊，为什么项目老在变更，经营业绩为什么一直不能好转呢，这次又是三个月的停牌，到现在公司没有发布一点涉及具体内容的公告，把我们小小投资者搞的云里雾里的，所以我想请董事长回答，公司下一步将何去何从，我们投资者是不是对贵公司继续有信心下去，在中国经济的大好形势和中国股市这样的大牛市背景下，我们还没有分享到公司的回报，我们还将要等到那一天？我们还有希望吗？我真诚的希望听到于董事长你的声音。谢谢于董事长！,1,disclosure_detail,dep_reason,Q2抱怨A1回避回答，指责停牌无具体公告，要求公司解释未来方向。,请问于在青：山东投资者向于总问好！请问002002重组进展及大约何时能复牌,请参考问题1。,于董事长:你好!好像是第三次在这里与你交流，尽管我是一个小小的投资者，但是我对贵公司也是满怀信心的，三年来我一直持有公司的股票没有动过，以前我曾经问过董事长您，你们将怎样回报我们投资者，您曾经也回答我们说要好好经营，一定会回报我们的，但是我们看到贵公司一直没有走出困经，好像一年不如一年，公司年报每次所说的是市场竞争所导致的，我想问问董事长的是，同样是市场经济条件下，都是在同一起跑线，为什么困难就是你们有呢，起码你们还是上市公司啊，为什么项目老在变更，经营业绩为什么一直不能好转呢，这次又是三个月的停牌，到现在公司没有发布一点涉及具体内容的公告，把我们小小投资者搞的云里雾里的，所以我想请董事长回答，公司下一步将何去何从，我们投资者是不是对贵公司继续有信心下去，在中国经济的大好形势和中国股市这样的大牛市背景下，我们还没有分享到公司的回报，我们还将要等到那一天？我们还有希望吗？我真诚的希望听到于董事长你的声音。谢谢于董事长！,002002_2007,68,71,3,Complaint,Q2抱怨A1回避回答，指责停牌无具体公告，要求公司解释未来方向。,,,1
positive,于董事长:你好!好像是第三次在这里与你交流，尽管我是一个小小的投资者，但是我对贵公司也是满怀信心的，三年来我一直持有公司的股票没有动过，以前我曾经问过董事长您，你们将怎样回报我们投资者，您曾经也回答我们说要好好经营，一定会回报我们的，但是我们看到贵公司一直没有走出困经，好像一年不如一年，公司年报每次所说的是市场竞争所导致的，我想问问董事长的是，同样是市场经济条件下，都是在同一起跑线，为什么困难就是你们有呢，起码你们还是上市公司啊，为什么项目老在变更，经营业绩为什么一直不能好转呢，这次又是三个月的停牌，到现在公司没有发布一点涉及具体内容的公告，把我们小小投资者搞的云里雾里的，所以我想请董事长回答，公司下一步将何去何从，我们投资者是不是对贵公司继续有信心下去，在中国经济的大好形势和中国股市这样的大牛市背景下，我们还没有分享到公司的回报，我们还将要等到那一天？我们还有希望吗？我真诚的希望听到于董事长你的声音。谢谢于董事长！ 您好！几次能与你交流很高兴．你长期持有公司股票是很好的事．一定会能收到好的回报．新建项目比去年逐渐成熟，部分已正常运转．０８年是个好年头．关于三个月的停牌，请多注意公司公告，有时间请来公司看看，我将热情接待你．谢谢！,"我第一天卖,第二天就停了.为了你我.错过中小板的大牛市.到现在没有一个象样的公告?????",1,disclosure_detail,dep_reason,Q2抱怨停牌后没有像样公告，针对A1让关注公告但实际无内容表达不满。,于董事长:你好!好像是第三次在这里与你交流，尽管我是一个小小的投资者，但是我对贵公司也是满怀信心的，三年来我一直持有公司的股票没有动过，以前我曾经问过董事长您，你们将怎样回报我们投资者，您曾经也回答我们说要好好经营，一定会回报我们的，但是我们看到贵公司一直没有走出困经，好像一年不如一年，公司年报每次所说的是市场竞争所导致的，我想问问董事长的是，同样是市场经济条件下，都是在同一起跑线，为什么困难就是你们有呢，起码你们还是上市公司啊，为什么项目老在变更，经营业绩为什么一直不能好转呢，这次又是三个月的停牌，到现在公司没有发布一点涉及具体内容的公告，把我们小小投资者搞的云里雾里的，所以我想请董事长回答，公司下一步将何去何从，我们投资者是不是对贵公司继续有信心下去，在中国经济的大好形势和中国股市这样的大牛市背景下，我们还没有分享到公司的回报，我们还将要等到那一天？我们还有希望吗？我真诚的希望听到于董事长你的声音。谢谢于董事长！,您好！几次能与你交流很高兴．你长期持有公司股票是很好的事．一定会能收到好的回报．新建项目比去年逐渐成熟，部分已正常运转．０８年是个好年头．关于三个月的停牌，请多注意公司公告，有时间请来公司看看，我将热情接待你．谢谢！,"我第一天卖,第二天就停了.为了你我.错过中小板的大牛市.到现在没有一个象样的公告?????",002002_2007,71,73,2,Complaint,Q2抱怨停牌后没有像样公告，针对A1让关注公告但实际无内容表达不满。,,,1
positive,"我第一天卖,第二天就停了.为了你我.错过中小板的大牛市.到现在没有一个象样的公告????? 我们对此非常遗憾，请您再等数日，会有一个非常象样的公告。",请问于在青：请问您说的数日是多长时间。,2,restructuring,dep_reason,Q2针对A1中'数日'的时间表述要求具体化。,"我第一天卖,第二天就停了.为了你我.错过中小板的大牛市.到现在没有一个象样的公告?????",我们对此非常遗憾，请您再等数日，会有一个非常象样的公告。,请问于在青：请问您说的数日是多长时间。,002002_2007,73,74,1,Elaboration,Q2针对A1中'数日'的时间表述要求具体化。,,,1
positive,请问于总，贵公司现在可以通过定向增发来融资发展新项目吗？ 我们要抓紧发展机会，早日回报股东．谢谢,请问于在青：请问＂这是重要的大事＂，到底是那方面的事？公司发展方向还是经营策略还是别的？能让我们投资者了解一下吗？我们作为贵司的股东，无论大小，也无论公司发生什么事情，我们都有知情权的吧！,2,answer_pressure,dep_reason,Q2针对A1笼统的发展机会要求具体方向和内容。,请问于总，贵公司现在可以通过定向增发来融资发展新项目吗？,我们要抓紧发展机会，早日回报股东．谢谢,请问于在青：请问＂这是重要的大事＂，到底是那方面的事？公司发展方向还是经营策略还是别的？能让我们投资者了解一下吗？我们作为贵司的股东，无论大小，也无论公司发生什么事情，我们都有知情权的吧！,002002_2007,78,81,3,Elaboration,Q2针对A1笼统的发展机会要求具体方向和内容。,,,1
positive,重大事项是借壳??????难道是增发圈钱? 重大事项是为了公司的发展，请见公司公告。,请问于在青：请问＂这是重要的大事＂，到底是那方面的事？公司发展方向还是经营策略还是别的？能让我们投资者了解一下吗？我们作为贵司的股东，无论大小，也无论公司发生什么事情，我们都有知情权的吧！,2,answer_pressure,dep_reason,Q2针对A1笼统回答要求具体化重大事项的方向，并强调知情权。,重大事项是借壳??????难道是增发圈钱?,重大事项是为了公司的发展，请见公司公告。,请问于在青：请问＂这是重要的大事＂，到底是那方面的事？公司发展方向还是经营策略还是别的？能让我们投资者了解一下吗？我们作为贵司的股东，无论大小，也无论公司发生什么事情，我们都有知情权的吧！,002002_2007,80,81,1,Elaboration,Q2针对A1笼统回答要求具体化重大事项的方向，并强调知情权。,,,1
positive,"请问贵公司目前的PVC片、板材产品市场竞争能力到底如何？特别是金诺智能卡基材有限公司(公司占55股权)第二代居民身份证基材、智能卡卡基材料等情况如何？目前市场占有率有多大？ 公司PVC片板材竞争能力处于全国龙头地位，但受违规担保事件的影响，目前产销量下降至原先的60%，市场占有率原先占12.5%,目前正随产销量下降。金诺智能卡公司目前处于间隙性停产状态。","st琼花因为违规担保,中国证监会是否会处罚公司,公司受到处罚是否会影响公司的重大重组?",2,restructuring,dep_reason,Q2针对A1中提及的违规担保事件，追问证监会处罚及对重组的影响。,请问贵公司目前的PVC片、板材产品市场竞争能力到底如何？特别是金诺智能卡基材有限公司(公司占55股权)第二代居民身份证基材、智能卡卡基材料等情况如何？目前市场占有率有多大？,"公司PVC片板材竞争能力处于全国龙头地位，但受违规担保事件的影响，目前产销量下降至原先的60%，市场占有率原先占12.5%,目前正随产销量下降。金诺智能卡公司目前处于间隙性停产状态。","st琼花因为违规担保,中国证监会是否会处罚公司,公司受到处罚是否会影响公司的重大重组?",002002_2008,0,5,5,Elaboration,Q2针对A1中提及的违规担保事件，追问证监会处罚及对重组的影响。,,,1
positive,"st琼花因为违规担保,中国证监会是否会处罚公司,公司受到处罚是否会影响公司的重大重组? 2008年12月29日，公司收到中国证监会江苏监管局下达的立案调查通知书（苏证监立通字[2008]-5号），因公司涉嫌违反证券法律法规，江苏证监局决定对公司进行立案调查，目前公司仍处于立案调查期间。",关于公司违规提供担保的事情进展如何?公司准备用什么方法来避免退市呢?,1,disclosure_detail,dep_reason,Q2针对Q1中的违规担保事项追问进展，并进一步询问避免退市的方法。,"st琼花因为违规担保,中国证监会是否会处罚公司,公司受到处罚是否会影响公司的重大重组?",2008年12月29日，公司收到中国证监会江苏监管局下达的立案调查通知书（苏证监立通字[2008]-5号），因公司涉嫌违反证券法律法规，江苏证监局决定对公司进行立案调查，目前公司仍处于立案调查期间。,关于公司违规提供担保的事情进展如何?公司准备用什么方法来避免退市呢?,002002_2008,5,8,3,Elaboration,Q2针对Q1中的违规担保事项追问进展，并进一步询问避免退市的方法。,,,1
positive,请问贵公司可否采取查封大股东股权以及采取其他措施维护公司的合法权益？ 公司将进一步采取措施起诉江苏琼花集团有限公司等公司违规提供担保的关联方，查封上述关联方的资产，向司法机关申请解除公司的违规担保合同，采取法律手段保全公司资产。,关于公司违规提供担保的事情进展如何?公司准备用什么方法来避免退市呢?,1,disclosure_detail,dep_reason,Q2首问关于违规担保进展，直接针对A1中提到的违规担保事项追问。,请问贵公司可否采取查封大股东股权以及采取其他措施维护公司的合法权益？,公司将进一步采取措施起诉江苏琼花集团有限公司等公司违规提供担保的关联方，查封上述关联方的资产，向司法机关申请解除公司的违规担保合同，采取法律手段保全公司资产。,关于公司违规提供担保的事情进展如何?公司准备用什么方法来避免退市呢?,002002_2008,6,8,2,Elaboration,Q2首问关于违规担保进展，直接针对A1中提到的违规担保事项追问。,,,1
positive,顾总：您好！我首先相信你们。1、这次违规担保对我们公司有多大影响？2、金融危机对我们公司发展有多大影响？3、今年业绩有没有实质改观？谢谢！ 一、违规担保影响方面&lt;br&gt;１、目前，公司及子公司共发现违规对外担保余额１６０３５万元，根据谨慎性原则，公司计提８８６９．７５万元预计负债，导致２００８年营业外支出大副增加。&lt;br&gt;２、因为违规对外担保，公司６００多万元资金被冻结，加上２００８年度金融机构收缩贷款规模，公司流动资金严重不足，产能不能得到有效发挥。对公司利润影响具体金额难以估算。&lt;br&gt;二、金融危机的影响&lt;br&gt;公司产品运用广泛，且外销比例较低，金融危机对公司产品的市场需求没有产生较大影响。&lt;br&gt;三、业绩改观方面&lt;br&gt;自2008年12月以来，公司董事会及管理层，尽最大努力维持公司的正常生产经营，降低上述事项对公司的影响。从2009年第1季度经营业绩来看，目前公司只能确保现金流相对稳定。只要金融机构维持现有贷款规模，不再收回贷款，随着新设三个子公司运转正常，公司能够确保现金流逐步增长，持续经营难度不大，但是仅靠公司自身业务的发展，2009年度实现扭亏难度较大。,贵公司亏那么多经营还能持续下去吗/,2,performance_governance,dep_reason,Q2针对A1中“持续经营难度不大”但“亏损”的说法继续追问经营持续性。,顾总：您好！我首先相信你们。1、这次违规担保对我们公司有多大影响？2、金融危机对我们公司发展有多大影响？3、今年业绩有没有实质改观？谢谢！,一、违规担保影响方面&lt;br&gt;１、目前，公司及子公司共发现违规对外担保余额１６０３５万元，根据谨慎性原则，公司计提８８６９．７５万元预计负债，导致２００８年营业外支出大副增加。&lt;br&gt;２、因为违规对外担保，公司６００多万元资金被冻结，加上２００８年度金融机构收缩贷款规模，公司流动资金严重不足，产能不能得到有效发挥。对公司利润影响具体金额难以估算。&lt;br&gt;二、金融危机的影响&lt;br&gt;公司产品运用广泛，且外销比例较低，金融危机对公司产品的市场需求没有产生较大影响。&lt;br&gt;三、业绩改观方面&lt;br&gt;自2008年12月以来，公司董事会及管理层，尽最大努力维持公司的正常生产经营，降低上述事项对公司的影响。从2009年第1季度经营业绩来看，目前公司只能确保现金流相对稳定。只要金融机构维持现有贷款规模，不再收回贷款，随着新设三个子公司运转正常，公司能够确保现金流逐步增长，持续经营难度不大，但是仅靠公司自身业务的发展，2009年度实现扭亏难度较大。,贵公司亏那么多经营还能持续下去吗/,002002_2008,11,14,3,Elaboration,Q2针对A1中“持续经营难度不大”但“亏损”的说法继续追问经营持续性。,,,1
positive,我们知道稽总是临危授命，想请问稽总在新的岗位上有什么规划？ （一）利用行业形势，抓好生产经营&lt;br&gt;1、积极与各金融机构协调，争取取得增量资金。&lt;br&gt;2、完善内部管理流程，加强成本控制，制定合理费用标准，降低期间费用，从而降低单位产品的成本。&lt;br&gt;3、利用当前良好的行业形势，抓好各子公司和子公司经营层的绩效考核工作，调动其工作积极性，保证公司现金流。&lt;br&gt;（二）、积极应对诉讼，保护股东利益&lt;br&gt;1、继续与政府、司法机关等有关部门协调，请求暂停违规担保案件的审理，为公司创造良好的外部环境，确保生产经营正常。&lt;br&gt;2、进一步起诉实际控制人、琼花集团及其他关联方，保全上市公司资产，维护全体股东利益。&lt;br&gt;&lt;br&gt;&lt;br&gt;,请问：据您了解，凭大股东琼花集团的资产状况，上市公司替大股东及其关联方承担了所担保的债务后，能向大股东或其关联方收回的可能性或比例有多大？,1,disclosure_detail,dep_reason,Q2针对A1中起诉大股东等内容，追问追偿可能性，属于细节追问。,我们知道稽总是临危授命，想请问稽总在新的岗位上有什么规划？,（一）利用行业形势，抓好生产经营&lt;br&gt;1、积极与各金融机构协调，争取取得增量资金。&lt;br&gt;2、完善内部管理流程，加强成本控制，制定合理费用标准，降低期间费用，从而降低单位产品的成本。&lt;br&gt;3、利用当前良好的行业形势，抓好各子公司和子公司经营层的绩效考核工作，调动其工作积极性，保证公司现金流。&lt;br&gt;（二）、积极应对诉讼，保护股东利益&lt;br&gt;1、继续与政府、司法机关等有关部门协调，请求暂停违规担保案件的审理，为公司创造良好的外部环境，确保生产经营正常。&lt;br&gt;2、进一步起诉实际控制人、琼花集团及其他关联方，保全上市公司资产，维护全体股东利益。&lt;br&gt;&lt;br&gt;&lt;br&gt;,请问：据您了解，凭大股东琼花集团的资产状况，上市公司替大股东及其关联方承担了所担保的债务后，能向大股东或其关联方收回的可能性或比例有多大？,002002_2008,18,20,2,Elaboration,Q2针对A1中起诉大股东等内容，追问追偿可能性，属于细节追问。,,,1
positive,今年上半年能盈利吗？ 公司预测２００９年１－６月业绩亏损金额在１５００万元至２０００万元之间。主要原因为：&lt;br&gt;受违规担保事件影响，公司流动资金严重不足，设备产能无法得到充分发挥。鉴于公司目前经营状况，公司难以取得新增金融机构贷款，第二季度产能依旧难以充分发挥。,公司发生了严重的违规担保事件，作为独立董事，您有过察觉吗？您认为公司董事会能确保此类事件不再发生吗？,1,disclosure_detail,dep_reason,Q2针对A1中披露的违规担保事件追问独董责任和预防措施。,今年上半年能盈利吗？,公司预测２００９年１－６月业绩亏损金额在１５００万元至２０００万元之间。主要原因为：&lt;br&gt;受违规担保事件影响，公司流动资金严重不足，设备产能无法得到充分发挥。鉴于公司目前经营状况，公司难以取得新增金融机构贷款，第二季度产能依旧难以充分发挥。,公司发生了严重的违规担保事件，作为独立董事，您有过察觉吗？您认为公司董事会能确保此类事件不再发生吗？,002002_2008,21,25,4,Challenge,Q2针对A1中披露的违规担保事件追问独董责任和预防措施。,,,1
positive,个人认为，琼花的产品还是有一定的市场竞争能力，如果因为于在清的违规担保把公司整退市了，对扬州市的形象很不好。为维护稳定，扬州市委、市政府对此有什么意见？ 扬州市委、市政府在第一时间成立了琼花问题领导小组，目前正在维护社会稳定、维护公司良好的生产经营外部环境等方面做了大量的工作。&lt;br&gt;&lt;br&gt;,现在公司的外部环境如何？比如债权人的态度，政府的态度，订单情况，债务重组情况等？有何进展？,1,disclosure_detail,dep_reason,Q2针对A1中提到的维护生产经营外部环境工作追问具体进展和外部环境状况。,个人认为，琼花的产品还是有一定的市场竞争能力，如果因为于在清的违规担保把公司整退市了，对扬州市的形象很不好。为维护稳定，扬州市委、市政府对此有什么意见？,扬州市委、市政府在第一时间成立了琼花问题领导小组，目前正在维护社会稳定、维护公司良好的生产经营外部环境等方面做了大量的工作。&lt;br&gt;&lt;br&gt;,现在公司的外部环境如何？比如债权人的态度，政府的态度，订单情况，债务重组情况等？有何进展？,002002_2008,24,28,4,Elaboration,Q2针对A1中提到的维护生产经营外部环境工作追问具体进展和外部环境状况。,,,1
positive,现在公司的外部环境如何？比如债权人的态度，政府的态度，订单情况，债务重组情况等？有何进展？ 一、债权人态度&lt;br&gt;公司主要债权人金融机构明确维持对公司的支持。&lt;br&gt;二、政府态度&lt;br&gt;扬州市委、市政府在第一时间成立了琼花问题领导小组，目前正在维护社会稳定、维护公司良好的生产经营外部环境等方面做了大量的工作。&lt;br&gt;三、订单情况&lt;br&gt;因为流动资金严重不足，公司无法及时交货，影响公司部分订单。&lt;br&gt;四、债务重组情况&lt;br&gt;公司目前未有该方面需要披露的信息。,贵公司到底有没有重组的意向，现在贵公司股票价格很不稳定，给一些恶庄炒作，会伤害到很多小股民的。,2,restructuring,dep_reason,Q2针对A1中债务重组信息模糊继续追问重组意向。,现在公司的外部环境如何？比如债权人的态度，政府的态度，订单情况，债务重组情况等？有何进展？,一、债权人态度&lt;br&gt;公司主要债权人金融机构明确维持对公司的支持。&lt;br&gt;二、政府态度&lt;br&gt;扬州市委、市政府在第一时间成立了琼花问题领导小组，目前正在维护社会稳定、维护公司良好的生产经营外部环境等方面做了大量的工作。&lt;br&gt;三、订单情况&lt;br&gt;因为流动资金严重不足，公司无法及时交货，影响公司部分订单。&lt;br&gt;四、债务重组情况&lt;br&gt;公司目前未有该方面需要披露的信息。,贵公司到底有没有重组的意向，现在贵公司股票价格很不稳定，给一些恶庄炒作，会伤害到很多小股民的。,002002_2008,28,31,3,Complaint,Q2针对A1中债务重组信息模糊继续追问重组意向。,,,1
positive,贵公司到底有没有重组的意向，现在贵公司股票价格很不稳定，给一些恶庄炒作，会伤害到很多小股民的。 股票价格变动受多种因素影响，公司对于应披露的信息坚持做到及时、完整、真实披露，请投资者正确判断。,"我们是股东,我们有权力要求你回答提问,这个要求过过分吗?",2,restructuring,dep_reason,Q2针对A1未正面回答重组意向问题，指责公司不回答股东提问。,贵公司到底有没有重组的意向，现在贵公司股票价格很不稳定，给一些恶庄炒作，会伤害到很多小股民的。,股票价格变动受多种因素影响，公司对于应披露的信息坚持做到及时、完整、真实披露，请投资者正确判断。,"我们是股东,我们有权力要求你回答提问,这个要求过过分吗?",002002_2008,31,34,3,Complaint,Q2针对A1未正面回答重组意向问题，指责公司不回答股东提问。,,,1
positive,贵公司到底有没有重组的意向，现在贵公司股票价格很不稳定，给一些恶庄炒作，会伤害到很多小股民的。 股票价格变动受多种因素影响，公司对于应披露的信息坚持做到及时、完整、真实披露，请投资者正确判断。,董事长您好：公司面临退市风险，仅凭原有主业恐难扭亏。请问公司有无重组计划尽最大努力避免退市，保护广大投资者利益。如有，请问重组计划的难点和进度怎样？谢谢！,1,disclosure_detail,dep_reason,Q2针对A1回避重组意向继续追问，并关联退市风险质疑公司重组计划。,贵公司到底有没有重组的意向，现在贵公司股票价格很不稳定，给一些恶庄炒作，会伤害到很多小股民的。,股票价格变动受多种因素影响，公司对于应披露的信息坚持做到及时、完整、真实披露，请投资者正确判断。,董事长您好：公司面临退市风险，仅凭原有主业恐难扭亏。请问公司有无重组计划尽最大努力避免退市，保护广大投资者利益。如有，请问重组计划的难点和进度怎样？谢谢！,002002_2008,31,35,4,Challenge,Q2针对A1回避重组意向继续追问，并关联退市风险质疑公司重组计划。,,,1
positive,董事长您好：公司面临退市风险，仅凭原有主业恐难扭亏。请问公司有无重组计划尽最大努力避免退市，保护广大投资者利益。如有，请问重组计划的难点和进度怎样？谢谢！ 目前，公司尚无应披露而未披露的重大信息。,琼花已经戴星了，又遇金融危机，为扭转退市的趋势，将采取哪些果断措施。谢谢,1,disclosure_detail,dep_reason,Q2基于A1‘尚无应披露的重大信息’继续追问避免退市的其他措施。,董事长您好：公司面临退市风险，仅凭原有主业恐难扭亏。请问公司有无重组计划尽最大努力避免退市，保护广大投资者利益。如有，请问重组计划的难点和进度怎样？谢谢！,目前，公司尚无应披露而未披露的重大信息。,琼花已经戴星了，又遇金融危机，为扭转退市的趋势，将采取哪些果断措施。谢谢,002002_2008,35,39,4,Elaboration,Q2基于A1‘尚无应披露的重大信息’继续追问避免退市的其他措施。,,,1
positive,"作为连续两年亏损企业,请问公司2009年如何实现公司盈利? 首先确保生产经营的正常运转，公司采取了以下措施：&lt;br&gt;一是依法抗辩，切实维权。公司已经依据《公司法》、《担保法》及其司法解释和上市公司担保管理规定，积极抗辩请求法院依法认定公司为关联方的债务担保无效&lt;br&gt;二是合理规避，保存实力。为保证业务结算安全，公司已设立了三个子公司承接原母公司业务，以维持正常的生产经营。为保证公司固定资产的安全，公司将全部的土地、设备迅速抵押给各银行。&lt;br&gt;三是依法清收，减员增效。公司加大应收账款催收力度，２００８年应收账款下降1000多万元。盘活存货等闲置资产500万元。&lt;br&gt;但是鉴于公司流动资金严重不足，产能不能有效发挥，部分订单因无足够资金购买原材料而丢失。因此，仅靠公司自身业务的发展，2009年度实现扭亏难度较大。",请问嵇总今年二月份琼花高科股份有限公司变卖生产设备两套是公司行为还是银行行为？听说琼花高科股份有限公司成立了三个子公司，是什么性质的？利润是如何分配的请具体说明一下！,1,disclosure_detail,dep_reason,Q2中关于三个子公司的追问直接基于A1已披露的设立子公司信息，要求进一步说明性质和利润分配。,"作为连续两年亏损企业,请问公司2009年如何实现公司盈利?",首先确保生产经营的正常运转，公司采取了以下措施：&lt;br&gt;一是依法抗辩，切实维权。公司已经依据《公司法》、《担保法》及其司法解释和上市公司担保管理规定，积极抗辩请求法院依法认定公司为关联方的债务担保无效&lt;br&gt;二是合理规避，保存实力。为保证业务结算安全，公司已设立了三个子公司承接原母公司业务，以维持正常的生产经营。为保证公司固定资产的安全，公司将全部的土地、设备迅速抵押给各银行。&lt;br&gt;三是依法清收，减员增效。公司加大应收账款催收力度，２００８年应收账款下降1000多万元。盘活存货等闲置资产500万元。&lt;br&gt;但是鉴于公司流动资金严重不足，产能不能有效发挥，部分订单因无足够资金购买原材料而丢失。因此，仅靠公司自身业务的发展，2009年度实现扭亏难度较大。,请问嵇总今年二月份琼花高科股份有限公司变卖生产设备两套是公司行为还是银行行为？听说琼花高科股份有限公司成立了三个子公司，是什么性质的？利润是如何分配的请具体说明一下！,002002_2008,37,38,1,Elaboration,Q2中关于三个子公司的追问直接基于A1已披露的设立子公司信息，要求进一步说明性质和利润分配。,,,1
positive,建行、华夏银行等银行对到期的银行借款已顺利的办理转贷手续，是否表明公司的可持续发展得到了各方面的支持？ 目前政府和银行等各方都在支持公司的发展，公司管理层也在尽心尽力，努力维持正常的生产经营。谢谢您的关心和支持！,请问陈先生为什么不回答问题?是不是我的问题你认为不违心就没法回答,2,answer_pressure,dep_reason,Q2明确针对A1未直接回答问题进行投诉和质疑，属于交互依赖。,建行、华夏银行等银行对到期的银行借款已顺利的办理转贷手续，是否表明公司的可持续发展得到了各方面的支持？,目前政府和银行等各方都在支持公司的发展，公司管理层也在尽心尽力，努力维持正常的生产经营。谢谢您的关心和支持！,请问陈先生为什么不回答问题?是不是我的问题你认为不违心就没法回答,002002_2008,41,46,5,Complaint,Q2明确针对A1未直接回答问题进行投诉和质疑，属于交互依赖。,,,1
positive,请问有关琼花集团民间集资借贷事件，现在情况如何？对上市公司有何影响？ 琼花集团民间借款事件，目前有关部门正在处理之中，对上市公司的影响主要是违规担保造成公司银行帐号被查封，资产被查封，加剧了流动资金紧张的局面。,请问陈先生为什么不回答问题?是不是我的问题你认为不违心就没法回答,2,answer_pressure,dep_reason,Q2直接针对A1的回答状态，质疑对方没有回答问题，并施压追问。,请问有关琼花集团民间集资借贷事件，现在情况如何？对上市公司有何影响？,琼花集团民间借款事件，目前有关部门正在处理之中，对上市公司的影响主要是违规担保造成公司银行帐号被查封，资产被查封，加剧了流动资金紧张的局面。,请问陈先生为什么不回答问题?是不是我的问题你认为不违心就没法回答,002002_2008,42,46,4,Complaint,Q2直接针对A1的回答状态，质疑对方没有回答问题，并施压追问。,,,1
positive,努力重组，改善经营，齐心协力，同甘共苦，回报我们这些可怜的投资人吧，请问你们有决心吗？ 公司董事、监事、高级管理人员将坚守岗位，履行职责，充分利用一切可利用的资源，努力改善经营状况。,请问陈先生为什么不回答问题?是不是我的问题你认为不违心就没法回答,2,answer_pressure,dep_reason,Q2直接针对A1未正面回答问题进行质疑和催促。,努力重组，改善经营，齐心协力，同甘共苦，回报我们这些可怜的投资人吧，请问你们有决心吗？,公司董事、监事、高级管理人员将坚守岗位，履行职责，充分利用一切可利用的资源，努力改善经营状况。,请问陈先生为什么不回答问题?是不是我的问题你认为不违心就没法回答,002002_2008,43,46,3,Complaint,Q2直接针对A1未正面回答问题进行质疑和催促。,,,1
positive,业绩与股票市值的曲线严重背离，是否有重组的必然？ 影响股票价格因素较多，业绩只是其中一个因素。,请问陈先生为什么不回答问题?是不是我的问题你认为不违心就没法回答,1,disclosure_detail,dep_reason,Q2针对A1回避问题并质问为何不回答，属于交互依赖。,业绩与股票市值的曲线严重背离，是否有重组的必然？,影响股票价格因素较多，业绩只是其中一个因素。,请问陈先生为什么不回答问题?是不是我的问题你认为不违心就没法回答,002002_2008,44,46,2,Complaint,Q2针对A1回避问题并质问为何不回答，属于交互依赖。,,,1
positive,违规担保对企业经营业绩实质影响有多大？ １、目前，公司及子公司共发现违规对外担保余额１６０３５万元，根据谨慎性原则，公司计提８８６９．７５万元预计负债，导致２００８年营业外支出大副增加。&lt;br&gt;２、因为违规对外担保，公司６００多万元资金被冻结，加上２００８年度金融机构收缩贷款规模，公司流动资金严重不足，产能不能得到有效发挥。对公司利润影响具体金额难以估算。&lt;br&gt;,请问:公司需要新增多少流动资金，才能使经营业绩根本性改观？是否只要增加流动资金，就能盈利？,2,performance_governance,dep_reason,Q2围绕A1中流动资金不足问题，追问所需金额和盈利条件。,违规担保对企业经营业绩实质影响有多大？,１、目前，公司及子公司共发现违规对外担保余额１６０３５万元，根据谨慎性原则，公司计提８８６９．７５万元预计负债，导致２００８年营业外支出大副增加。&lt;br&gt;２、因为违规对外担保，公司６００多万元资金被冻结，加上２００８年度金融机构收缩贷款规模，公司流动资金严重不足，产能不能得到有效发挥。对公司利润影响具体金额难以估算。&lt;br&gt;,请问:公司需要新增多少流动资金，才能使经营业绩根本性改观？是否只要增加流动资金，就能盈利？,002002_2008,54,58,4,Elaboration,Q2围绕A1中流动资金不足问题，追问所需金额和盈利条件。,,,1
positive,琼花集团目前尚持有多少股份？大宗交易平台转让了多少股？与债权人之间的纠纷了解了没有？公司立案调查进展？ 琼花集团目前尚持有公司4536.77万股，占公司总股本的27.18％。为解决公司违规担保，琼花集团曾于2009年12月通过大宗交易平台减持430万股。截止2009年12月31日，由公司违规担保已全部解除。目前，公司立案调查未有结论。,公司债务问题现在是否已经解决？还有琼花集团通过抛卖股票还债是否已经完成？,1,disclosure_detail,dep_reason,A1说明琼花集团减持股份用于解决违规担保，并称违规担保已全部解除，但没有充分说明债务问题和减持还债是否彻底完成。Q2追问债务是否解决、抛卖股票还债是否完成，直接承接A1中的担保解除和减持信息。,琼花集团目前尚持有多少股份？大宗交易平台转让了多少股？与债权人之间的纠纷了解了没有？公司立案调查进展？,琼花集团目前尚持有公司4536.77万股，占公司总股本的27.18％。为解决公司违规担保，琼花集团曾于2009年12月通过大宗交易平台减持430万股。截止2009年12月31日，由公司违规担保已全部解除。目前，公司立案调查未有结论。,公司债务问题现在是否已经解决？还有琼花集团通过抛卖股票还债是否已经完成？,002002_2009,1,6,5,Elaboration,A1说明琼花集团减持股份用于解决违规担保，并称违规担保已全部解除，但没有充分说明债务问题和减持还债是否彻底完成。Q2追问债务是否解决、抛卖股票还债是否完成，直接承接A1中的担保解除和减持信息。,,,1
positive,"总经理,辛苦了,谢谢你们最近以来的努力! 谢谢您的赞赏，公司董事会和经营层责无旁贷致力于公司重组及生产经营等各项工作。",请问公司重组进程如何啊？江苏国投是否可以借你们的客上市呢？如果可以我想绝大多数投资者还是可以接受你们现状的,1,disclosure_detail,dep_reason,A1感谢投资者并表示公司正在致力于重组及生产经营工作，但没有说明重组具体进程和可能路径。Q2继续追问重组进程及江苏国投借壳可能性，是对A1中“致力于公司重组”这一表述的具体化追问。,"总经理,辛苦了,谢谢你们最近以来的努力!",谢谢您的赞赏，公司董事会和经营层责无旁贷致力于公司重组及生产经营等各项工作。,请问公司重组进程如何啊？江苏国投是否可以借你们的客上市呢？如果可以我想绝大多数投资者还是可以接受你们现状的,002002_2009,11,15,4,Elaboration,A1感谢投资者并表示公司正在致力于重组及生产经营工作，但没有说明重组具体进程和可能路径。Q2继续追问重组进程及江苏国投借壳可能性，是对A1中“致力于公司重组”这一表述的具体化追问。,,,1
positive,顾总你好：1、如果重组成功的话原上市公司的业务还继续开展吗？2、你本人还将继续担任公司的董事长吗？ 根据重组方案，公司现有业务将由琼花集团指定的全资子公司承接，公司现有业务肯定继续开展下去，并要做好。关于您第二个问题，我不太清楚“公司”所指哪个公司。,顾总您好！前面您提到了，重组成功后，现有业务仍会继续开展，那么怎么恢复此项业务的市场占有以及赢利能力？多长时间可以做到恢复赢利？,2,restructuring,dep_reason,Q2针对A1确认业务继续开展追问恢复盈利的具体措施和时间表。,顾总你好：1、如果重组成功的话原上市公司的业务还继续开展吗？2、你本人还将继续担任公司的董事长吗？,根据重组方案，公司现有业务将由琼花集团指定的全资子公司承接，公司现有业务肯定继续开展下去，并要做好。关于您第二个问题，我不太清楚“公司”所指哪个公司。,顾总您好！前面您提到了，重组成功后，现有业务仍会继续开展，那么怎么恢复此项业务的市场占有以及赢利能力？多长时间可以做到恢复赢利？,002002_2009,14,16,2,Elaboration,Q2针对A1确认业务继续开展追问恢复盈利的具体措施和时间表。,,,1
positive,顾总你好：1、如果重组成功的话原上市公司的业务还继续开展吗？2、你本人还将继续担任公司的董事长吗？ 根据重组方案，公司现有业务将由琼花集团指定的全资子公司承接，公司现有业务肯定继续开展下去，并要做好。关于您第二个问题，我不太清楚“公司”所指哪个公司。,顾总你好：如果重组成功的话，原上市公司的业务是否继续开展？你本人是否还继续担任董事长？,2,restructuring,dep_reason,人工复核：Q2围绕A1对重组后业务承接及董事长任职的回答继续要求确认。,顾总你好：1、如果重组成功的话原上市公司的业务还继续开展吗？2、你本人还将继续担任公司的董事长吗？,根据重组方案，公司现有业务将由琼花集团指定的全资子公司承接，公司现有业务肯定继续开展下去，并要做好。关于您第二个问题，我不太清楚“公司”所指哪个公司。,顾总你好：如果重组成功的话，原上市公司的业务是否继续开展？你本人是否还继续担任董事长？,002002_2009,14,17,3,Elaboration,人工复核：Q2围绕A1对重组后业务承接及董事长任职的回答继续要求确认。,,,1
positive,请问公司重组进程如何啊？江苏国投是否可以借你们的客上市呢？如果可以我想绝大多数投资者还是可以接受你们现状的 目前，公司重组方案已经第二次董事会审议通过并于2010年3月20日公开披露，重组方案将提交2010年4月20日的股东大会审议。公司本次重组拟注入的资产为江苏省国信资产管理集团有限公司持有的江苏省房地产投资有限责任公司100％股权，与江苏国投没有关系。,假如重组完成，会对公司发展带来多大好处,1,disclosure_detail,dep_reason,A1确认重组方案已第二次董事会审议通过，并说明将提交股东大会审议及拟注入资产情况。Q2追问重组完成后对公司发展的好处，是沿着A1确认的重组方案继续询问后续影响，依赖A1提供的重组已推进这一前提。,请问公司重组进程如何啊？江苏国投是否可以借你们的客上市呢？如果可以我想绝大多数投资者还是可以接受你们现状的,目前，公司重组方案已经第二次董事会审议通过并于2010年3月20日公开披露，重组方案将提交2010年4月20日的股东大会审议。公司本次重组拟注入的资产为江苏省国信资产管理集团有限公司持有的江苏省房地产投资有限责任公司100％股权，与江苏国投没有关系。,假如重组完成，会对公司发展带来多大好处,002002_2009,15,18,3,Elaboration,A1确认重组方案已第二次董事会审议通过，并说明将提交股东大会审议及拟注入资产情况。Q2追问重组完成后对公司发展的好处，是沿着A1确认的重组方案继续询问后续影响，依赖A1提供的重组已推进这一前提。,,,1
positive,董事会对资产重组工作进一步发展有信心吗? 本人作为公司董事长，将积极配合重组各方做好重大资产重组工作。目前，公司重大资产重组仍需股东大会通过、中国证监会核准，仍存在一定的不确定。请详细阅读2010年3月20日披露的《重大资产出售及发行股份购买资产暨关联交易报告书》（草案）。,请问公司重组到底什么时候完成,2,restructuring,dep_reason,Q2针对A1中重组存在不确定性的表述，进一步追问具体完成时间。,董事会对资产重组工作进一步发展有信心吗?,本人作为公司董事长，将积极配合重组各方做好重大资产重组工作。目前，公司重大资产重组仍需股东大会通过、中国证监会核准，仍存在一定的不确定。请详细阅读2010年3月20日披露的《重大资产出售及发行股份购买资产暨关联交易报告书》（草案）。,请问公司重组到底什么时候完成,002002_2009,21,23,2,Elaboration,Q2针对A1中重组存在不确定性的表述，进一步追问具体完成时间。,,,1
positive,董事会对资产重组工作进一步发展有信心吗? 本人作为公司董事长，将积极配合重组各方做好重大资产重组工作。目前，公司重大资产重组仍需股东大会通过、中国证监会核准，仍存在一定的不确定。请详细阅读2010年3月20日披露的《重大资产出售及发行股份购买资产暨关联交易报告书》（草案）。,已经上报证监会了吗?立案调查是否有时限?重组完成后琼花集团还持有多少002002的股票?,1,disclosure_detail,dep_reason,Q2中“已经上报证监会了吗”直接针对A1提及的证监会核准追问进展。,董事会对资产重组工作进一步发展有信心吗?,本人作为公司董事长，将积极配合重组各方做好重大资产重组工作。目前，公司重大资产重组仍需股东大会通过、中国证监会核准，仍存在一定的不确定。请详细阅读2010年3月20日披露的《重大资产出售及发行股份购买资产暨关联交易报告书》（草案）。,已经上报证监会了吗?立案调查是否有时限?重组完成后琼花集团还持有多少002002的股票?,002002_2009,21,25,4,Elaboration,Q2中“已经上报证监会了吗”直接针对A1提及的证监会核准追问进展。,,,1
positive,琼花如重组成功后是否会更名为国信地产？ 公司本次重大资产重组尚需经公司股东大会审议通过、得到中国证监会的核准，若本次重大资产重组获得成功后公司股票简称尚不能确定。,已经上报证监会了吗?立案调查是否有时限?重组完成后琼花集团还持有多少002002的股票?,2,restructuring,dep_reason,Q2中“已经上报证监会了吗”直接针对A1提到的证监会核准追问进程，其他问题围绕重组，整体依赖。,琼花如重组成功后是否会更名为国信地产？,公司本次重大资产重组尚需经公司股东大会审议通过、得到中国证监会的核准，若本次重大资产重组获得成功后公司股票简称尚不能确定。,已经上报证监会了吗?立案调查是否有时限?重组完成后琼花集团还持有多少002002的股票?,002002_2009,24,25,1,Elaboration,Q2中“已经上报证监会了吗”直接针对A1提到的证监会核准追问进程，其他问题围绕重组，整体依赖。,,,1
positive,"已经上报证监会了吗?立案调查是否有时限?重组完成后琼花集团还持有多少002002的股票? 公司将于2010年4月20日召开2009年度股东大会审议本次重组方案，股东大会审议通过后，公司将按规定向中国证监会上报申报材料，中国证监会是否受理及审核所需时间仍不确定。&lt;br&gt;截至目前，琼花集团持有本公司45,367,691股股份，占公司总股本的27.18％。&lt;br&gt;目前，公司立案调查尚未有结论。",目前公司立案调查进展情况如何？会影响重组吗？,1,disclosure_detail,dep_reason,Q2针对A1中'立案调查尚未有结论'追问进展及对重组影响。,已经上报证监会了吗?立案调查是否有时限?重组完成后琼花集团还持有多少002002的股票?,"公司将于2010年4月20日召开2009年度股东大会审议本次重组方案，股东大会审议通过后，公司将按规定向中国证监会上报申报材料，中国证监会是否受理及审核所需时间仍不确定。&lt;br&gt;截至目前，琼花集团持有本公司45,367,691股股份，占公司总股本的27.18％。&lt;br&gt;目前，公司立案调查尚未有结论。",目前公司立案调查进展情况如何？会影响重组吗？,002002_2009,25,30,5,Elaboration,Q2针对A1中'立案调查尚未有结论'追问进展及对重组影响。,,,1
positive,目前公司立案调查进展情况如何？会影响重组吗？ 公司立案调查尚未有结论，公司在立案调查尚未结案期间启动重大资产重组尚须取得中国证监会批准同意，能否及何时取得中国证监会的批准存在不确定性，立案调查尚未结案及具体的处理意见可能对公司及本次重组造成不利影响。,请问顾总公司重组有何进展？公司何时能摆脱困境？谢谢您请回答。,1,disclosure_detail,dep_reason,人工复核：Q2继续追问A1中提到存在不确定性的重组进展及公司脱困时间。,目前公司立案调查进展情况如何？会影响重组吗？,公司立案调查尚未有结论，公司在立案调查尚未结案期间启动重大资产重组尚须取得中国证监会批准同意，能否及何时取得中国证监会的批准存在不确定性，立案调查尚未结案及具体的处理意见可能对公司及本次重组造成不利影响。,请问顾总公司重组有何进展？公司何时能摆脱困境？谢谢您请回答。,002002_2009,30,31,1,Elaboration,人工复核：Q2继续追问A1中提到存在不确定性的重组进展及公司脱困时间。,,,1
positive,目前公司立案调查进展情况如何？会影响重组吗？ 公司立案调查尚未有结论，公司在立案调查尚未结案期间启动重大资产重组尚须取得中国证监会批准同意，能否及何时取得中国证监会的批准存在不确定性，立案调查尚未结案及具体的处理意见可能对公司及本次重组造成不利影响。,你对重组是什么态度,2,restructuring,dep_reason,Q2承接A1关于重组风险的表述，追问公司对重组的态度。,目前公司立案调查进展情况如何？会影响重组吗？,公司立案调查尚未有结论，公司在立案调查尚未结案期间启动重大资产重组尚须取得中国证监会批准同意，能否及何时取得中国证监会的批准存在不确定性，立案调查尚未结案及具体的处理意见可能对公司及本次重组造成不利影响。,你对重组是什么态度,002002_2009,30,33,3,Elaboration,Q2承接A1关于重组风险的表述，追问公司对重组的态度。,,,1
positive,请问顾总公司重组有何进展？公司何时能摆脱困境？谢谢您请回答。 目前，公司重组方案已经董事会通过，将提交2010年4月20日召开的股东大会审议。&lt;br&gt;公司将一方面积极推动本次重大资产重组，从根本上改善经营业绩，另一方面加强生产经营，采取一定的措施，改善主营亏损局面。,请问重组后公司管理层是否会改变？,1,disclosure_detail,dep_reason,A1说明重组方案已获董事会通过并将提交股东大会，同时强调重组将改善经营业绩。Q2追问重组后管理层是否会改变，是对A1中重组事项后续安排的细节补充，不能脱离A1确认的重组进展来理解。,请问顾总公司重组有何进展？公司何时能摆脱困境？谢谢您请回答。,目前，公司重组方案已经董事会通过，将提交2010年4月20日召开的股东大会审议。&lt;br&gt;公司将一方面积极推动本次重大资产重组，从根本上改善经营业绩，另一方面加强生产经营，采取一定的措施，改善主营亏损局面。,请问重组后公司管理层是否会改变？,002002_2009,31,32,1,Elaboration,A1说明重组方案已获董事会通过并将提交股东大会，同时强调重组将改善经营业绩。Q2追问重组后管理层是否会改变，是对A1中重组事项后续安排的细节补充，不能脱离A1确认的重组进展来理解。,,,1
positive,请问顾总公司重组有何进展？公司何时能摆脱困境？谢谢您请回答。 目前，公司重组方案已经董事会通过，将提交2010年4月20日召开的股东大会审议。&lt;br&gt;公司将一方面积极推动本次重大资产重组，从根本上改善经营业绩，另一方面加强生产经营，采取一定的措施，改善主营亏损局面。,你对重组是什么态度,2,restructuring,dep_reason,A1明确公司正在推动重大资产重组，并称重组有助于改善经营业绩。Q2询问对重组的态度，是针对A1已确认并积极推进的重组事项继续追问管理层立场，因此依赖A1中的重组锚点。,请问顾总公司重组有何进展？公司何时能摆脱困境？谢谢您请回答。,目前，公司重组方案已经董事会通过，将提交2010年4月20日召开的股东大会审议。&lt;br&gt;公司将一方面积极推动本次重大资产重组，从根本上改善经营业绩，另一方面加强生产经营，采取一定的措施，改善主营亏损局面。,你对重组是什么态度,002002_2009,31,33,2,Elaboration,A1明确公司正在推动重大资产重组，并称重组有助于改善经营业绩。Q2询问对重组的态度，是针对A1已确认并积极推进的重组事项继续追问管理层立场，因此依赖A1中的重组锚点。,,,1
positive,请问顾总公司重组有何进展？公司何时能摆脱困境？谢谢您请回答。 目前，公司重组方案已经董事会通过，将提交2010年4月20日召开的股东大会审议。&lt;br&gt;公司将一方面积极推动本次重大资产重组，从根本上改善经营业绩，另一方面加强生产经营，采取一定的措施，改善主营亏损局面。,"董事长,辛苦了,请问如果资产重组成功了,将给公司业绩带来哪些好的变化.",2,restructuring,dep_reason,Q2针对A1中重组将改善业绩的表述，进一步追问具体变化。,请问顾总公司重组有何进展？公司何时能摆脱困境？谢谢您请回答。,目前，公司重组方案已经董事会通过，将提交2010年4月20日召开的股东大会审议。&lt;br&gt;公司将一方面积极推动本次重大资产重组，从根本上改善经营业绩，另一方面加强生产经营，采取一定的措施，改善主营亏损局面。,"董事长,辛苦了,请问如果资产重组成功了,将给公司业绩带来哪些好的变化.",002002_2009,31,34,3,Elaboration,Q2针对A1中重组将改善业绩的表述，进一步追问具体变化。,,,1
positive,你对重组是什么态度 鉴于公司当前的状况，重组有利于改善公司盈利能力，我们将努力推进本次重大资产重组。,"董事长,辛苦了,请问如果资产重组成功了,将给公司业绩带来哪些好的变化.",2,restructuring,dep_reason,Q2针对A1中重组改善盈利能力继续追问具体业绩变化。,你对重组是什么态度,鉴于公司当前的状况，重组有利于改善公司盈利能力，我们将努力推进本次重大资产重组。,"董事长,辛苦了,请问如果资产重组成功了,将给公司业绩带来哪些好的变化.",002002_2009,33,34,1,Elaboration,Q2针对A1中重组改善盈利能力继续追问具体业绩变化。,,,1
positive,前期有传言说国信地产借壳上市将终止，江苏省国际信托投资公司将借壳公司上市，请问公司是否和江苏省国际信托投资公司酝酿新的资产重组方案？ 一切以公司公开披露的信息为准，公司董事会已将国信地产借壳上市方案决议有效期延长一年的议案提交股东大会表决。投资者勿信毫无根据的传言。,既然中国证监会暂缓受理房地产开发企业重组申请，公司的重大资产重组没有进展，为什么还要延长此次资产重组呢？为什么不寻求更好的资产重组方案呢？,2,restructuring,dep_reason,Q2针对A1中延长重组有效期的决议，质疑其合理性并要求解释为何不寻求更好方案。,前期有传言说国信地产借壳上市将终止，江苏省国际信托投资公司将借壳公司上市，请问公司是否和江苏省国际信托投资公司酝酿新的资产重组方案？,一切以公司公开披露的信息为准，公司董事会已将国信地产借壳上市方案决议有效期延长一年的议案提交股东大会表决。投资者勿信毫无根据的传言。,既然中国证监会暂缓受理房地产开发企业重组申请，公司的重大资产重组没有进展，为什么还要延长此次资产重组呢？为什么不寻求更好的资产重组方案呢？,002002_2010,10,15,5,Challenge,Q2针对A1中延长重组有效期的决议，质疑其合理性并要求解释为何不寻求更好方案。,,,1
positive,在下月的股东大会上，针对重组计划延长一年，许多股东要投反对票，你们有何打算 公司安排此次活动主要针对过去一年的经营状况与投资者进行交流，但今天投资者对公司重组事宜非常关心，我表示理解。目前，公司重组受政策影响无明显进展，但鉴于决议有效期即将到期，董事会将此事项提交股东大会表决，公司现也无法预计4月15日股东大会表决结果。,公司生产、经营应该两手抓，作为董事长在明知重组受阻的情况下，为什么还提出重组延长的决定。能否进行其它重组或通过公司自身恢复，使公司走上正常的发展道路,2,restructuring,dep_reason,Q2针对A1中重组受阻仍提出延长决定追问原因并寻求替代方案。,在下月的股东大会上，针对重组计划延长一年，许多股东要投反对票，你们有何打算,公司安排此次活动主要针对过去一年的经营状况与投资者进行交流，但今天投资者对公司重组事宜非常关心，我表示理解。目前，公司重组受政策影响无明显进展，但鉴于决议有效期即将到期，董事会将此事项提交股东大会表决，公司现也无法预计4月15日股东大会表决结果。,公司生产、经营应该两手抓，作为董事长在明知重组受阻的情况下，为什么还提出重组延长的决定。能否进行其它重组或通过公司自身恢复，使公司走上正常的发展道路,002002_2010,20,24,4,Elaboration,Q2针对A1中重组受阻仍提出延长决定追问原因并寻求替代方案。,,,1
positive,请问对于邗江城建债务有多少？谢谢 根据相关规定，公司仅需在定期报告中披露江苏琼花集团持有本公司股份的变动情况，不需要披露该笔债务纠纷的具体金额。,顾董您好！您兼任了琼花集团的董事，居然在不知道欠邗江城建多少钱却被人家划掉了这么多股票？望指点，谢谢！,1,disclosure_detail,dep_reason,Q2针对A1回避具体金额，质疑董事不知欠款却股票被划走，属于追问未答状态。,请问对于邗江城建债务有多少？谢谢,根据相关规定，公司仅需在定期报告中披露江苏琼花集团持有本公司股份的变动情况，不需要披露该笔债务纠纷的具体金额。,顾董您好！您兼任了琼花集团的董事，居然在不知道欠邗江城建多少钱却被人家划掉了这么多股票？望指点，谢谢！,002002_2010,21,25,4,Complaint,Q2针对A1回避具体金额，质疑董事不知欠款却股票被划走，属于追问未答状态。,,,1
positive,公司生产、经营应该两手抓，作为董事长在明知重组受阻的情况下，为什么还提出重组延长的决定。能否进行其它重组或通过公司自身恢复，使公司走上正常的发展道路 由于重组是股东层面决策的事项，寻求不寻求新的重组方案是由公司控股股东琼花集团来决定的，公司管理层当前或将来要做的就是集中精力，克服一切困难，努力维持公司的生产经营，但考虑目前公司实际情况，仅靠自身能力，实现经营业绩根本改观仍有一定难度。,房地产资产重组无法进行，为什么还要延长1年,2,restructuring,dep_reason,Q2针对A1中重组延长由股东决策的解释，继续追问延长原因。,公司生产、经营应该两手抓，作为董事长在明知重组受阻的情况下，为什么还提出重组延长的决定。能否进行其它重组或通过公司自身恢复，使公司走上正常的发展道路,由于重组是股东层面决策的事项，寻求不寻求新的重组方案是由公司控股股东琼花集团来决定的，公司管理层当前或将来要做的就是集中精力，克服一切困难，努力维持公司的生产经营，但考虑目前公司实际情况，仅靠自身能力，实现经营业绩根本改观仍有一定难度。,房地产资产重组无法进行，为什么还要延长1年,002002_2010,24,27,3,Elaboration,Q2针对A1中重组延长由股东决策的解释，继续追问延长原因。,,,1
positive,公司生产、经营应该两手抓，作为董事长在明知重组受阻的情况下，为什么还提出重组延长的决定。能否进行其它重组或通过公司自身恢复，使公司走上正常的发展道路 由于重组是股东层面决策的事项，寻求不寻求新的重组方案是由公司控股股东琼花集团来决定的，公司管理层当前或将来要做的就是集中精力，克服一切困难，努力维持公司的生产经营，但考虑目前公司实际情况，仅靠自身能力，实现经营业绩根本改观仍有一定难度。,作为公司的中小股东，我们非常期待此次资产重组能够成功，但是也希望能有更好的资产重组方案，我们希望江苏琼花集团，国信集团能够充分顾忌广大中小股东的权益，推进公司的资产重组工作，不知公司公司管理层在未来是否继续推进资产重组？,1,disclosure_detail,dep_reason,人工复核：A1说明重组由控股股东决定且管理层维持经营，Q2继续围绕重组方案和中小股东权益施压。,公司生产、经营应该两手抓，作为董事长在明知重组受阻的情况下，为什么还提出重组延长的决定。能否进行其它重组或通过公司自身恢复，使公司走上正常的发展道路,由于重组是股东层面决策的事项，寻求不寻求新的重组方案是由公司控股股东琼花集团来决定的，公司管理层当前或将来要做的就是集中精力，克服一切困难，努力维持公司的生产经营，但考虑目前公司实际情况，仅靠自身能力，实现经营业绩根本改观仍有一定难度。,作为公司的中小股东，我们非常期待此次资产重组能够成功，但是也希望能有更好的资产重组方案，我们希望江苏琼花集团，国信集团能够充分顾忌广大中小股东的权益，推进公司的资产重组工作，不知公司公司管理层在未来是否继续推进资产重组？,002002_2010,24,29,5,Challenge,人工复核：A1说明重组由控股股东决定且管理层维持经营，Q2继续围绕重组方案和中小股东权益施压。,,,1
positive,4-15日的延期申请，基本上很多股东都会投票否决，但是，黄氏家族是否反对，则不得而知，既然地产不能进行，学学吉林制药，该方案吧！ 目前，中国证监会已暂缓受理房地产开发企业重组申请，公司重大资产重组无明显进展。由于重组是股东层面决策的事项，寻求不寻求新的重组方案是由公司控股股东琼花集团来决定的，目前公司不了解琼花集团是否正在或者将来会寻求更好的资产重组方案。,房地产资产重组无法进行，为什么还要延长1年,1,disclosure_detail,dep_reason,Q2针对A1中重组无进展且证监会暂缓的事实，质问延长理由。,4-15日的延期申请，基本上很多股东都会投票否决，但是，黄氏家族是否反对，则不得而知，既然地产不能进行，学学吉林制药，该方案吧！,目前，中国证监会已暂缓受理房地产开发企业重组申请，公司重大资产重组无明显进展。由于重组是股东层面决策的事项，寻求不寻求新的重组方案是由公司控股股东琼花集团来决定的，目前公司不了解琼花集团是否正在或者将来会寻求更好的资产重组方案。,房地产资产重组无法进行，为什么还要延长1年,002002_2010,26,27,1,Challenge,Q2针对A1中重组无进展且证监会暂缓的事实，质问延长理由。,,,1
positive,4-15日的延期申请，基本上很多股东都会投票否决，但是，黄氏家族是否反对，则不得而知，既然地产不能进行，学学吉林制药，该方案吧！ 目前，中国证监会已暂缓受理房地产开发企业重组申请，公司重大资产重组无明显进展。由于重组是股东层面决策的事项，寻求不寻求新的重组方案是由公司控股股东琼花集团来决定的，目前公司不了解琼花集团是否正在或者将来会寻求更好的资产重组方案。,坚持地产重组～难道大股东已经没有其他优质资产了？什么时候都要两条腿走路吖！,1,disclosure_detail,dep_reason,Q2 针对 A1 中重组无进展及控股股东可能不寻求新方案的情况，质疑大股东资产并建议另寻出路。,4-15日的延期申请，基本上很多股东都会投票否决，但是，黄氏家族是否反对，则不得而知，既然地产不能进行，学学吉林制药，该方案吧！,目前，中国证监会已暂缓受理房地产开发企业重组申请，公司重大资产重组无明显进展。由于重组是股东层面决策的事项，寻求不寻求新的重组方案是由公司控股股东琼花集团来决定的，目前公司不了解琼花集团是否正在或者将来会寻求更好的资产重组方案。,坚持地产重组～难道大股东已经没有其他优质资产了？什么时候都要两条腿走路吖！,002002_2010,26,30,4,Challenge,Q2 针对 A1 中重组无进展及控股股东可能不寻求新方案的情况，质疑大股东资产并建议另寻出路。,,,1
positive,4-15日的延期申请，基本上很多股东都会投票否决，但是，黄氏家族是否反对，则不得而知，既然地产不能进行，学学吉林制药，该方案吧！ 目前，中国证监会已暂缓受理房地产开发企业重组申请，公司重大资产重组无明显进展。由于重组是股东层面决策的事项，寻求不寻求新的重组方案是由公司控股股东琼花集团来决定的，目前公司不了解琼花集团是否正在或者将来会寻求更好的资产重组方案。,目前中国证监会已暂缓受理房地产开发企业重组申请，请问此次资产重组能通过吗？公司管理层对此次资产重组有什么样的预期吗？,2,restructuring,dep_reason,Q2明确引用A1中'证监会暂缓受理'信息，追问此次重组能否通过及管理层预期。,4-15日的延期申请，基本上很多股东都会投票否决，但是，黄氏家族是否反对，则不得而知，既然地产不能进行，学学吉林制药，该方案吧！,目前，中国证监会已暂缓受理房地产开发企业重组申请，公司重大资产重组无明显进展。由于重组是股东层面决策的事项，寻求不寻求新的重组方案是由公司控股股东琼花集团来决定的，目前公司不了解琼花集团是否正在或者将来会寻求更好的资产重组方案。,目前中国证监会已暂缓受理房地产开发企业重组申请，请问此次资产重组能通过吗？公司管理层对此次资产重组有什么样的预期吗？,002002_2010,26,31,5,Elaboration,Q2明确引用A1中'证监会暂缓受理'信息，追问此次重组能否通过及管理层预期。,,,1
positive,房地产资产重组无法进行，为什么还要延长1年 目前中国证监会已暂缓受理房地产开发企业重组申请，公司重大资产重组方案尚未被受理，但鉴于重组方案决议有效期即将到期，董事会将此事项提交股东大会表决。,目前中国证监会已暂缓受理房地产开发企业重组申请，请问此次资产重组能通过吗？公司管理层对此次资产重组有什么样的预期吗？,2,restructuring,dep_reason,Q2引用A1中证监会暂缓受理信息，追问重组能否通过及预期。,房地产资产重组无法进行，为什么还要延长1年,目前中国证监会已暂缓受理房地产开发企业重组申请，公司重大资产重组方案尚未被受理，但鉴于重组方案决议有效期即将到期，董事会将此事项提交股东大会表决。,目前中国证监会已暂缓受理房地产开发企业重组申请，请问此次资产重组能通过吗？公司管理层对此次资产重组有什么样的预期吗？,002002_2010,27,31,4,Elaboration,Q2引用A1中证监会暂缓受理信息，追问重组能否通过及预期。,,,1
positive,作为公司的中小股东，我们非常期待此次资产重组能够成功，但是也希望能有更好的资产重组方案，我们希望江苏琼花集团，国信集团能够充分顾忌广大中小股东的权益，推进公司的资产重组工作，不知公司公司管理层在未来是否继续推进资产重组？ 非常理解您对本次重组的关心。公司管理层自2009年9月重组预案公告以来，一直积极推进重组工作。公司一定会将您的意见转达给琼花集团和国信集团。谢谢您的关心！,公司的重组进展如何？,1,disclosure_detail,dep_reason,Q2针对A1提到的积极推进重组工作，进一步追问具体进展细节。,作为公司的中小股东，我们非常期待此次资产重组能够成功，但是也希望能有更好的资产重组方案，我们希望江苏琼花集团，国信集团能够充分顾忌广大中小股东的权益，推进公司的资产重组工作，不知公司公司管理层在未来是否继续推进资产重组？,非常理解您对本次重组的关心。公司管理层自2009年9月重组预案公告以来，一直积极推进重组工作。公司一定会将您的意见转达给琼花集团和国信集团。谢谢您的关心！,公司的重组进展如何？,002002_2010,29,34,5,Elaboration,Q2针对A1提到的积极推进重组工作，进一步追问具体进展细节。,,,1
positive,目前中国证监会已暂缓受理房地产开发企业重组申请，请问此次资产重组能通过吗？公司管理层对此次资产重组有什么样的预期吗？ 目前，公司重大资产重组申报材料尚未被中国证监会受理，此次资产重组能否通过尚无法预测。,公司的重组进展如何？,1,disclosure_detail,dep_reason,Q2针对A1中申报材料尚未受理的状态，继续追问重组进展。,目前中国证监会已暂缓受理房地产开发企业重组申请，请问此次资产重组能通过吗？公司管理层对此次资产重组有什么样的预期吗？,目前，公司重大资产重组申报材料尚未被中国证监会受理，此次资产重组能否通过尚无法预测。,公司的重组进展如何？,002002_2010,31,34,3,Elaboration,Q2针对A1中申报材料尚未受理的状态，继续追问重组进展。,,,1
positive,公司的重组进展如何？ 详见第8个问题的答复，谢谢。,请问公司资产重组现在进展如何？,1,disclosure_detail,dep_reason,Q2重复追问A1未正面回答的重组进展问题。,公司的重组进展如何？,详见第8个问题的答复，谢谢。,请问公司资产重组现在进展如何？,002002_2010,34,39,5,Complaint,Q2重复追问A1未正面回答的重组进展问题。,,,1
positive,目前证监会暂停了房地产重大资产重组的审核，请问公司的资产重组能成功吗？ 详见第21项问题的答复，谢谢。,如果地产重组证监会依然不放行，请问，今年琼花的业绩有保障么？,2,restructuring,dep_reason,Q2基于Q1重组可能失败的前提，追问对当年业绩的保障影响。,目前证监会暂停了房地产重大资产重组的审核，请问公司的资产重组能成功吗？,详见第21项问题的答复，谢谢。,如果地产重组证监会依然不放行，请问，今年琼花的业绩有保障么？,002002_2010,36,38,2,Elaboration,Q2基于Q1重组可能失败的前提，追问对当年业绩的保障影响。,,,1
positive,目前证监会暂停了房地产重大资产重组的审核，请问公司的资产重组能成功吗？ 详见第21项问题的答复，谢谢。,请问公司资产重组现在进展如何？,1,disclosure_detail,dep_reason,A1以‘详见第21项答复’回避回答，Q2继续追问进展。,目前证监会暂停了房地产重大资产重组的审核，请问公司的资产重组能成功吗？,详见第21项问题的答复，谢谢。,请问公司资产重组现在进展如何？,002002_2010,36,39,3,Complaint,A1以‘详见第21项答复’回避回答，Q2继续追问进展。,,,1
positive,目前证监会暂停了房地产重大资产重组的审核，请问公司的资产重组能成功吗？ 详见第21项问题的答复，谢谢。,目前中国证监会暂缓了房地产开发企业重组申请，广大中小股东对此次重组已经还是失去信心，公司股价去年位列10大跌幅榜，广大投资者损失惨重，请问公司管理层对此次资产重组有什么样的预期？对公司的未来有什么样的预期和计划？,2,restructuring,dep_reason,人工复核：Q2围绕房地产重组暂停背景和A1未答复的重组预期继续施压追问。,目前证监会暂停了房地产重大资产重组的审核，请问公司的资产重组能成功吗？,详见第21项问题的答复，谢谢。,目前中国证监会暂缓了房地产开发企业重组申请，广大中小股东对此次重组已经还是失去信心，公司股价去年位列10大跌幅榜，广大投资者损失惨重，请问公司管理层对此次资产重组有什么样的预期？对公司的未来有什么样的预期和计划？,002002_2010,36,41,5,Challenge,人工复核：Q2围绕房地产重组暂停背景和A1未答复的重组预期继续施压追问。,,,1
positive,请问公司资产重组现在进展如何？ 目前，中国证监会已暂缓受理房地产开发企业重组申请，公司重大资产重组无明显进展。鉴于公司2009年度股东大会关于本次重大资产重组决议有效期于2011年4月到期，故提请2010年度股东大会对决议有效期延长一年的议案进行表决。,如果坚持注入地产或者注入其他资产，能否保证注入资产后，按照增发后的总股本，能否预测出每股的收益？就好像以前吉林制药的方案一样！,2,restructuring,dep_reason,Q2基于A1中资产重组涉及地产且暂缓的信息，追问若坚持注入地产后的每股收益预测。,请问公司资产重组现在进展如何？,目前，中国证监会已暂缓受理房地产开发企业重组申请，公司重大资产重组无明显进展。鉴于公司2009年度股东大会关于本次重大资产重组决议有效期于2011年4月到期，故提请2010年度股东大会对决议有效期延长一年的议案进行表决。,如果坚持注入地产或者注入其他资产，能否保证注入资产后，按照增发后的总股本，能否预测出每股的收益？就好像以前吉林制药的方案一样！,002002_2010,39,40,1,Elaboration,Q2基于A1中资产重组涉及地产且暂缓的信息，追问若坚持注入地产后的每股收益预测。,,,1
positive,请问公司资产重组现在进展如何？ 目前，中国证监会已暂缓受理房地产开发企业重组申请，公司重大资产重组无明显进展。鉴于公司2009年度股东大会关于本次重大资产重组决议有效期于2011年4月到期，故提请2010年度股东大会对决议有效期延长一年的议案进行表决。,目前中国证监会暂缓了房地产开发企业重组申请，广大中小股东对此次重组已经还是失去信心，公司股价去年位列10大跌幅榜，广大投资者损失惨重，请问公司管理层对此次资产重组有什么样的预期？对公司的未来有什么样的预期和计划？,2,restructuring,dep_reason,Q2依据A1中证监会暂缓受理的信息，追问管理层对重组和未来的预期。,请问公司资产重组现在进展如何？,目前，中国证监会已暂缓受理房地产开发企业重组申请，公司重大资产重组无明显进展。鉴于公司2009年度股东大会关于本次重大资产重组决议有效期于2011年4月到期，故提请2010年度股东大会对决议有效期延长一年的议案进行表决。,目前中国证监会暂缓了房地产开发企业重组申请，广大中小股东对此次重组已经还是失去信心，公司股价去年位列10大跌幅榜，广大投资者损失惨重，请问公司管理层对此次资产重组有什么样的预期？对公司的未来有什么样的预期和计划？,002002_2010,39,41,2,Elaboration,Q2依据A1中证监会暂缓受理的信息，追问管理层对重组和未来的预期。,,,1
positive,请问周总，公司股票什么时间复牌 公司最迟不晚于4月10日披露相关公告并复牌，目前本次重组仍在按照时间表推进中，仍存在不确定性。本次为2011年度业绩说明会，主要针对经营情况跟投资者交流与沟通，关于重组方面请投资者多多关注公司披露的公告。,请问周董，何时公司开展业务？何时复牌？,1,disclosure_detail,dep_reason,Q2重复追问A1中已答复的复牌时间，A1让关注公告表现出回避，Q2体现对回答不满。,请问周总，公司股票什么时间复牌,公司最迟不晚于4月10日披露相关公告并复牌，目前本次重组仍在按照时间表推进中，仍存在不确定性。本次为2011年度业绩说明会，主要针对经营情况跟投资者交流与沟通，关于重组方面请投资者多多关注公司披露的公告。,请问周董，何时公司开展业务？何时复牌？,002002_2011,2,3,1,Complaint,Q2重复追问A1中已答复的复牌时间，A1让关注公告表现出回避，Q2体现对回答不满。,,,1
positive,请问周总，公司股票什么时间复牌 公司最迟不晚于4月10日披露相关公告并复牌，目前本次重组仍在按照时间表推进中，仍存在不确定性。本次为2011年度业绩说明会，主要针对经营情况跟投资者交流与沟通，关于重组方面请投资者多多关注公司披露的公告。,请问周董，重组方案出来没有及注入什么资产，复盘时间,1,disclosure_detail,dep_reason,Q2基于A1中重组仍在推进和复牌时间，继续追问重组方案细节和复牌时间确认。,请问周总，公司股票什么时间复牌,公司最迟不晚于4月10日披露相关公告并复牌，目前本次重组仍在按照时间表推进中，仍存在不确定性。本次为2011年度业绩说明会，主要针对经营情况跟投资者交流与沟通，关于重组方面请投资者多多关注公司披露的公告。,请问周董，重组方案出来没有及注入什么资产，复盘时间,002002_2011,2,4,2,Elaboration,Q2基于A1中重组仍在推进和复牌时间，继续追问重组方案细节和复牌时间确认。,,,1
positive,请问周董，何时公司开展业务？何时复牌？ 公司业务一直在正常开展，复牌时间以公告披露为准，谢谢。,请问周董，重组方案出来没有及注入什么资产，复盘时间,1,disclosure_detail,dep_reason,Q2重复追问A1以公告为准未正面回答的复牌时间。,请问周董，何时公司开展业务？何时复牌？,公司业务一直在正常开展，复牌时间以公告披露为准，谢谢。,请问周董，重组方案出来没有及注入什么资产，复盘时间,002002_2011,3,4,1,Complaint,Q2重复追问A1以公告为准未正面回答的复牌时间。,,,1
positive,请问周董，何时公司开展业务？何时复牌？ 公司业务一直在正常开展，复牌时间以公告披露为准，谢谢。,鸿达的保密工作做得简直让人喘不过气来,1,disclosure_detail,dep_reason,Q2针对A1回复复牌时间以公告为准，抱怨保密工作不透明。,请问周董，何时公司开展业务？何时复牌？,公司业务一直在正常开展，复牌时间以公告披露为准，谢谢。,鸿达的保密工作做得简直让人喘不过气来,002002_2011,3,7,4,Complaint,Q2针对A1回复复牌时间以公告为准，抱怨保密工作不透明。,,,1
positive,请问周董，重组方案出来没有及注入什么资产，复盘时间 公司最迟不晚于4月10日披露相关公告并复牌，目前本次重组仍在按照时间表推进中，仍存在不确定性。本次为2011年度业绩说明会，主要针对经营情况跟投资者交流与沟通，关于重组方面请投资者多多关注公司披露的公告。,鸿达的保密工作做得简直让人喘不过气来,1,disclosure_detail,dep_reason,Q2抱怨保密工作，是针对A1模糊回避未披露重组细节的回应方式。,请问周董，重组方案出来没有及注入什么资产，复盘时间,公司最迟不晚于4月10日披露相关公告并复牌，目前本次重组仍在按照时间表推进中，仍存在不确定性。本次为2011年度业绩说明会，主要针对经营情况跟投资者交流与沟通，关于重组方面请投资者多多关注公司披露的公告。,鸿达的保密工作做得简直让人喘不过气来,002002_2011,4,7,3,Complaint,Q2抱怨保密工作，是针对A1模糊回避未披露重组细节的回应方式。,,,1
positive,请介绍一下公司当前经营面临的主要困难，公司计划采取哪些措施来解决呢？ 公司当前面临的主要困难为，1、行业竞争较为激烈；2、原有小型生产线设备老化；3、公司连续几年经营亏损导致市场规模萎缩。拟采取的措施主要为，1、投入更多的人力、财力尽快启动两条闲置的大型生产线恢复工作。2、加强行销队伍建设。3、重塑公司新的企业文化，强化人力资源管理，建立起全员培训、绩效考核、奖惩机制。4、加强与各科研院所的合作，强化技术中心和博士后工作站的建设，坚持走产学研合作道路，加大功能复合新材料的开发。5、继续协助各方推进公司重大资产重组相关工作，注入优质资产。,资产注入后公司有无改变注册地址的计划？公司有无整体上市计划？,2,restructuring,dep_reason,Q2针对A1中提及的资产注入，追问注入后注册地址变更和整体上市计划。,请介绍一下公司当前经营面临的主要困难，公司计划采取哪些措施来解决呢？,公司当前面临的主要困难为，1、行业竞争较为激烈；2、原有小型生产线设备老化；3、公司连续几年经营亏损导致市场规模萎缩。拟采取的措施主要为，1、投入更多的人力、财力尽快启动两条闲置的大型生产线恢复工作。2、加强行销队伍建设。3、重塑公司新的企业文化，强化人力资源管理，建立起全员培训、绩效考核、奖惩机制。4、加强与各科研院所的合作，强化技术中心和博士后工作站的建设，坚持走产学研合作道路，加大功能复合新材料的开发。5、继续协助各方推进公司重大资产重组相关工作，注入优质资产。,资产注入后公司有无改变注册地址的计划？公司有无整体上市计划？,002002_2011,9,12,3,Elaboration,Q2针对A1中提及的资产注入，追问注入后注册地址变更和整体上市计划。,,,1
positive,周董事长：金财科技11年赢利了，为什么还是st?什么时间能摘帽？谢谢！ 虽然金材股份11年归属于母公司净利润为正，但由于主营业务依旧亏损，根据《上市规则》的规定，仍需其他特别处理。公司何时能摘帽，要看年度净利润为正且主营业务是否能够实现盈利。谢谢！,2011年度业绩转正是政府扶持的结果还是新公司的运作结果呀，如果是政府扶持，那么2012年的业绩会是怎么样呢，谢谢,2,performance_governance,dep_reason,Q2针对A1确认的2011年盈利事实追问原因及对下一年影响。,周董事长：金财科技11年赢利了，为什么还是st?什么时间能摘帽？谢谢！,虽然金材股份11年归属于母公司净利润为正，但由于主营业务依旧亏损，根据《上市规则》的规定，仍需其他特别处理。公司何时能摘帽，要看年度净利润为正且主营业务是否能够实现盈利。谢谢！,2011年度业绩转正是政府扶持的结果还是新公司的运作结果呀，如果是政府扶持，那么2012年的业绩会是怎么样呢，谢谢,002002_2011,10,11,1,Elaboration,Q2针对A1确认的2011年盈利事实追问原因及对下一年影响。,,,1
positive,请问周董事长，此次虽是业绩说明会，但大家关心的是重组和复牌时间问题，这次见面会是否有在复牌前借业绩说明会得机会和大家提前见面的寓意呢？ 其实公司投资者日常也可以通过各种方式与公司进行交流和沟通，关于重组及复牌方面的事项，目前，我只能说，重组仍在推动中，但仍存在不确定性，公司在延期复牌公告中提及最迟于4月10日披露相关公告及复牌。关于重组结果如何、能否在10号前复牌要视实际情况而定，届时请您及时关注上市公司有关公告。,如果重组的相关问题不能回答，哪还有什么可问的呢？还有什么中小股东最关心的呢？停牌近7个月的时间已浪费了不少机会，真希望公司能给予投资者惊喜。,1,disclosure_detail,dep_reason,Q2明确抱怨A1回避重组问题，表达失望和催促。,请问周董事长，此次虽是业绩说明会，但大家关心的是重组和复牌时间问题，这次见面会是否有在复牌前借业绩说明会得机会和大家提前见面的寓意呢？,其实公司投资者日常也可以通过各种方式与公司进行交流和沟通，关于重组及复牌方面的事项，目前，我只能说，重组仍在推动中，但仍存在不确定性，公司在延期复牌公告中提及最迟于4月10日披露相关公告及复牌。关于重组结果如何、能否在10号前复牌要视实际情况而定，届时请您及时关注上市公司有关公告。,如果重组的相关问题不能回答，哪还有什么可问的呢？还有什么中小股东最关心的呢？停牌近7个月的时间已浪费了不少机会，真希望公司能给予投资者惊喜。,002002_2011,22,23,1,Complaint,Q2明确抱怨A1回避重组问题，表达失望和催促。,,,1
positive,如果重组的相关问题不能回答，哪还有什么可问的呢？还有什么中小股东最关心的呢？停牌近7个月的时间已浪费了不少机会，真希望公司能给予投资者惊喜。 关于重组方面我所能回答的仅限于公司已披露的信息，请谅解。公司对停牌时间较长表示歉意，但公司董事会、管理层会努力提升公司经营业绩回报投资者。,请介绍一下重组的相关情况及2012年的业绩预测,1,disclosure_detail,dep_reason,Q2重复追问重组情况，针对A1回避继续施压。,如果重组的相关问题不能回答，哪还有什么可问的呢？还有什么中小股东最关心的呢？停牌近7个月的时间已浪费了不少机会，真希望公司能给予投资者惊喜。,关于重组方面我所能回答的仅限于公司已披露的信息，请谅解。公司对停牌时间较长表示歉意，但公司董事会、管理层会努力提升公司经营业绩回报投资者。,请介绍一下重组的相关情况及2012年的业绩预测,002002_2011,23,28,5,Complaint,Q2重复追问重组情况，针对A1回避继续施压。,,,1
positive,告别琼花，迎来金材，不在留恋过去，展望未来，不知道新的董事会想把金材打造成一个怎样的公司，公司未来的愿景和战略是什么？ 公司将发展成以新材料为主营业务，“以市场为导向，以客户为中心”的经营理念，在行业内居领先水平的上市公司。,周总你好：请问：金材科技公司的战略发展及科技含量是什么，怎样策划打造公司的品牌？,1,disclosure_detail,dep_reason,Q2针对A1的笼统战略表述要求具体展开和细节。,告别琼花，迎来金材，不在留恋过去，展望未来，不知道新的董事会想把金材打造成一个怎样的公司，公司未来的愿景和战略是什么？,公司将发展成以新材料为主营业务，“以市场为导向，以客户为中心”的经营理念，在行业内居领先水平的上市公司。,周总你好：请问：金材科技公司的战略发展及科技含量是什么，怎样策划打造公司的品牌？,002002_2011,32,36,4,Elaboration,Q2针对A1的笼统战略表述要求具体展开和细节。,,,1
positive,"周总你好：请问：金材科技公司的战略发展及科技含量是什么，怎样策划打造公司的品牌？ 金材公司近期的发展战略是:迅速扩大药包材产品的产销规模，扩大药包材经营规模;恢复智能卡基材生产，扩大高附加值产品销售，提升公司的业务档次;借鉴集团的渠道建设优势,优化公司分销渠道;利用集团信息优势，人才优势，资源优势互补等尝试进行PVC套期保值等期货交易，平抑原材料大幅波动，降低采购成本。努力打造与公司名称""金材""相适应的产品和业务,及品牌优势!",朱总，您好。第47个问题好像回答的不具体啊？能否具体一些呢？多谢！,2,answer_pressure,dep_reason,Q2明确针对A1回答不具体进行催促，要求更具体。,周总你好：请问：金材科技公司的战略发展及科技含量是什么，怎样策划打造公司的品牌？,"金材公司近期的发展战略是:迅速扩大药包材产品的产销规模，扩大药包材经营规模;恢复智能卡基材生产，扩大高附加值产品销售，提升公司的业务档次;借鉴集团的渠道建设优势,优化公司分销渠道;利用集团信息优势，人才优势，资源优势互补等尝试进行PVC套期保值等期货交易，平抑原材料大幅波动，降低采购成本。努力打造与公司名称""金材""相适应的产品和业务,及品牌优势!",朱总，您好。第47个问题好像回答的不具体啊？能否具体一些呢？多谢！,002002_2011,36,40,4,Complaint,Q2明确针对A1回答不具体进行催促，要求更具体。,,,1
positive,"您好，请问贵公司今年可否有新项目？分别选址哪里？是否有意向在环渤海地区投资扩建？ 截至,公司今年暂无新投资项目！目前无在环渤海地区投资意向！",朱总，您好。第47个问题好像回答的不具体啊？能否具体一些呢？多谢！,2,answer_pressure,dep_reason,Q2明确针对A1回答不具体进行催促，属于交互依赖。,您好，请问贵公司今年可否有新项目？分别选址哪里？是否有意向在环渤海地区投资扩建？,"截至,公司今年暂无新投资项目！目前无在环渤海地区投资意向！",朱总，您好。第47个问题好像回答的不具体啊？能否具体一些呢？多谢！,002002_2011,37,40,3,Complaint,Q2明确针对A1回答不具体进行催促，属于交互依赖。,,,1
positive,请问金材在兴业鸿达领导下新的研发团队学历构成比怎样，谢谢 公司的研发团队将以符合公司实际发展的需求来组建。,朱总，您好。第47个问题好像回答的不具体啊？能否具体一些呢？多谢！,2,answer_pressure,dep_reason,Q2明确指出A1回答不具体，要求具体回答，属于对回答状态的抱怨和催促。,请问金材在兴业鸿达领导下新的研发团队学历构成比怎样，谢谢,公司的研发团队将以符合公司实际发展的需求来组建。,朱总，您好。第47个问题好像回答的不具体啊？能否具体一些呢？多谢！,002002_2011,39,40,1,Complaint,Q2明确指出A1回答不具体，要求具体回答，属于对回答状态的抱怨和催促。,,,1
positive,李总，您好。第四届董事会第十三次（临时）会议决议公告，通过《公司商品期货套期保值业务管理制度》。请问金材什么样的制度需要董事会审批？有具体制度规范吗？ 《公司商品期货套期保值业务管理制度》刊登在2012年2月29日巨潮资讯网站上。一般公司内部管理制度经过总经理办公会议通过即可实施，公司管理制度一般都要上董事会或者股东大会。具体制度规范，公司按照内部控制指引有一套管理制度体系。,接73条，董事会议事规则有否公告，我直接看哪个吧。,1,disclosure_detail,dep_reason,Q2直接承接上一条问答，追问董事会议事规则的公告情况。,李总，您好。第四届董事会第十三次（临时）会议决议公告，通过《公司商品期货套期保值业务管理制度》。请问金材什么样的制度需要董事会审批？有具体制度规范吗？,《公司商品期货套期保值业务管理制度》刊登在2012年2月29日巨潮资讯网站上。一般公司内部管理制度经过总经理办公会议通过即可实施，公司管理制度一般都要上董事会或者股东大会。具体制度规范，公司按照内部控制指引有一套管理制度体系。,接73条，董事会议事规则有否公告，我直接看哪个吧。,002002_2011,53,56,3,Elaboration,Q2直接承接上一条问答，追问董事会议事规则的公告情况。,,,1
positive,首先祝贺周董事长成功收购琼花股份！请问董事长对接受公司后有何计划，是否有资产注入的计划，或者定向增发的计划，未来的生产主营业务是否会发生改变？业绩如何实现增长？谢谢 谢谢，公司最迟不晚于4月10日披露相关公告并复牌，目前本次重组仍在按照时间表推进中，仍存在不确定性。本次为2011年度业绩说明会，主要针对经营情况跟投资者交流与沟通，关于重组方面请投资者多多关注公司披露的公告。,请问贵公司在未来准备注入资产是什么,2,restructuring,dep_reason,Q2继续追问A1未回答的资产注入具体内容。,首先祝贺周董事长成功收购琼花股份！请问董事长对接受公司后有何计划，是否有资产注入的计划，或者定向增发的计划，未来的生产主营业务是否会发生改变？业绩如何实现增长？谢谢,谢谢，公司最迟不晚于4月10日披露相关公告并复牌，目前本次重组仍在按照时间表推进中，仍存在不确定性。本次为2011年度业绩说明会，主要针对经营情况跟投资者交流与沟通，关于重组方面请投资者多多关注公司披露的公告。,请问贵公司在未来准备注入资产是什么,002002_2011,54,59,5,Complaint,Q2继续追问A1未回答的资产注入具体内容。,,,1
positive,"周董:你有个塑胶交易所,怎么不完善产业链将它注入到金材中来?这样让我们很怀疑你重组的诚意? 塑料交易所是面向塑料行业的第三方综合流通服务平台，在主营业务产品和商业模式方面，与金材股份现有的制品加工业务有较大的差异。本次重组鸿达兴业集团注入乌海化工的资产，主导产品是金材股份PVC加工的主要原料，属于同行业上下游之间的产业整合，能够产生良好的上下游协同效应，发展前景良好。同时，也符合监管层关于资产重组的政策导向，充分发挥资产重组优化配置资源的功能。",乌海化工的盈利能力和发展前景如何？,2,performance_governance,dep_reason,Q2围绕A1中注入的乌海化工资产继续追问盈利和发展前景。,"周董:你有个塑胶交易所,怎么不完善产业链将它注入到金材中来?这样让我们很怀疑你重组的诚意?",塑料交易所是面向塑料行业的第三方综合流通服务平台，在主营业务产品和商业模式方面，与金材股份现有的制品加工业务有较大的差异。本次重组鸿达兴业集团注入乌海化工的资产，主导产品是金材股份PVC加工的主要原料，属于同行业上下游之间的产业整合，能够产生良好的上下游协同效应，发展前景良好。同时，也符合监管层关于资产重组的政策导向，充分发挥资产重组优化配置资源的功能。,乌海化工的盈利能力和发展前景如何？,002002_2012,4,5,1,Elaboration,Q2围绕A1中注入的乌海化工资产继续追问盈利和发展前景。,,,1
positive,公司未来发展前景如何?对目前这个行业的前途看好吗？ PVC制品行业仍将保持较高的增长速度，预计2015年市场容量达到1500万吨。但由于同类PVC制品的成本趋同化，成本趋同、销售半径差别不大，导致恶性竞争。公司将在原有药用PVC包装材料的基础上，开发和引进新的药用包装材料的生产技术和工艺，增加药用包装材料的品种，提高药用包装材料的收入在公司主营业务收入中的比重；在巩固原有其他PVC包装材料生产的基础上，改善这些产品的性能，提高产品的技术含量；引进新的、技术含量更高的复合功能材料，拓宽公司的主营业务范围。在技术进步方面，公司将在巩固和提高自身研究力量的同时，加强和各科研院所的技术合作，综合利用各方面的研究力量，提高公司的科研和科技成果产业化的能力，保持公司在技术上的先进性。,请问：公司产品的技术含量如何？专利多吗？行业垄断地位如何？那些项目能给公司带来利润增长点？预计是否能保持3年的增长？,1,disclosure_detail,dep_reason,Q2围绕A1中提及的技术含量、开发新包装材料等公司战略推进追问具体细节。,公司未来发展前景如何?对目前这个行业的前途看好吗？,PVC制品行业仍将保持较高的增长速度，预计2015年市场容量达到1500万吨。但由于同类PVC制品的成本趋同化，成本趋同、销售半径差别不大，导致恶性竞争。公司将在原有药用PVC包装材料的基础上，开发和引进新的药用包装材料的生产技术和工艺，增加药用包装材料的品种，提高药用包装材料的收入在公司主营业务收入中的比重；在巩固原有其他PVC包装材料生产的基础上，改善这些产品的性能，提高产品的技术含量；引进新的、技术含量更高的复合功能材料，拓宽公司的主营业务范围。在技术进步方面，公司将在巩固和提高自身研究力量的同时，加强和各科研院所的技术合作，综合利用各方面的研究力量，提高公司的科研和科技成果产业化的能力，保持公司在技术上的先进性。,请问：公司产品的技术含量如何？专利多吗？行业垄断地位如何？那些项目能给公司带来利润增长点？预计是否能保持3年的增长？,002002_2012,23,28,5,Elaboration,Q2围绕A1中提及的技术含量、开发新包装材料等公司战略推进追问具体细节。,,,1
positive,"周董你是全国前一百多名的富豪,如果公司股价太低,是不是大家对你自人能力的不认可啊? 公司股价的影响因素很多，证券市场的因数，行业的因素，企业基本面的因数等等。","周董:你是全国前一百多名的超级富商,这次重组金材后如果股价太低.会不会是大家对你的能力有所怀疑的表现?",1,disclosure_detail,dep_reason,Q2重复追问Q1中同一核心问题，A1笼统回避未正面回应个人能力认可问题。,"周董你是全国前一百多名的富豪,如果公司股价太低,是不是大家对你自人能力的不认可啊?",公司股价的影响因素很多，证券市场的因数，行业的因素，企业基本面的因数等等。,"周董:你是全国前一百多名的超级富商,这次重组金材后如果股价太低.会不会是大家对你的能力有所怀疑的表现?",002002_2012,36,39,3,Complaint,Q2重复追问Q1中同一核心问题，A1笼统回避未正面回应个人能力认可问题。,,,1
positive,金材2012年的主营业务业绩仍为亏损，公司及董事会有何具体的改善业绩的措施？ 在管理层和全体员工的努力下，2012年度主营经营业绩较去年大幅减亏，但主营业务仍未能扭亏。2013年具体的改善措施为：1.销售方面加快高附加值产品、不同用途的产品的销售力度，关注新的市场需求和产品。着重于重要客户的开发和维护，加强外销的力度，跟进来料加工的业务，拓宽外贸出口新途径。2.生产方面进一步加强产品成本控制，在现有配方基础上进行生产成本控制，降低产品单位成本；对生产线进行整合和改造，提高产品成型率；持续推进生产现场管理，严把产品质量关。3.研发方面2013年公司将恢复技术中心建设，加强与科研院所联系，引进博士等高级技术人才，在功能性、环境友好型高分子复合材料方面开发关键技术，并择机实施产业化。生产中心在现有基础上优化复合鼓皮片、地砖面料、地砖中料等新产品生产配方和工艺流程。4.财务方面加强资金管理，确保资金高效、安全运转；加强费用控制，严格执行公司确定的全面预算管理体系，杜绝不必要的浪费，进一步完善各项费用管理制度。持续做好生产经营分析，及时总结生产经营情况，有效防范风险。5.人力资源方面引进生产、营销、技术骨干，为公司发展储备行业内的专业人才，优化公司人员结构；持续推进绩效考核体制和薪酬体系建设，完善员工绩效指标与薪酬挂钩的激励机制；完善员工培训体系，为员工提升和企业文化的凝聚提供保障。2013年，公司将通过落实上述各项措施，大幅提升公司产品产销规模，通过规模效应降低生产成本，提高产品毛利率水平，进一步改善主营业务盈利水平。,去年的市场行情并不好，物价又涨，今年公司在市场开拓方面有什么计划？能否详细谈谈？,1,disclosure_detail,dep_reason,Q2针对A1中销售措施部分进一步索要市场开拓细节。,金材2012年的主营业务业绩仍为亏损，公司及董事会有何具体的改善业绩的措施？,在管理层和全体员工的努力下，2012年度主营经营业绩较去年大幅减亏，但主营业务仍未能扭亏。2013年具体的改善措施为：1.销售方面加快高附加值产品、不同用途的产品的销售力度，关注新的市场需求和产品。着重于重要客户的开发和维护，加强外销的力度，跟进来料加工的业务，拓宽外贸出口新途径。2.生产方面进一步加强产品成本控制，在现有配方基础上进行生产成本控制，降低产品单位成本；对生产线进行整合和改造，提高产品成型率；持续推进生产现场管理，严把产品质量关。3.研发方面2013年公司将恢复技术中心建设，加强与科研院所联系，引进博士等高级技术人才，在功能性、环境友好型高分子复合材料方面开发关键技术，并择机实施产业化。生产中心在现有基础上优化复合鼓皮片、地砖面料、地砖中料等新产品生产配方和工艺流程。4.财务方面加强资金管理，确保资金高效、安全运转；加强费用控制，严格执行公司确定的全面预算管理体系，杜绝不必要的浪费，进一步完善各项费用管理制度。持续做好生产经营分析，及时总结生产经营情况，有效防范风险。5.人力资源方面引进生产、营销、技术骨干，为公司发展储备行业内的专业人才，优化公司人员结构；持续推进绩效考核体制和薪酬体系建设，完善员工绩效指标与薪酬挂钩的激励机制；完善员工培训体系，为员工提升和企业文化的凝聚提供保障。2013年，公司将通过落实上述各项措施，大幅提升公司产品产销规模，通过规模效应降低生产成本，提高产品毛利率水平，进一步改善主营业务盈利水平。,去年的市场行情并不好，物价又涨，今年公司在市场开拓方面有什么计划？能否详细谈谈？,002002_2012,44,48,4,Elaboration,Q2针对A1中销售措施部分进一步索要市场开拓细节。,,,1
positive,"2013年公司有哪些新的产能释放？公司的持续良性发展是投资者投资信心的有力保证,13年有哪些困难和希望？高管们是否会在13年里进行减持？ 2013年公司主要恢复和消化产能，扩大市销售规模，提高产能利用率。公司现有产能5万吨各类PVC片板材，如果全部消化，将极大幅改善公司的经营业绩。公司的高官现不持有公司的股票。",去年的市场行情并不好，物价又涨，今年公司在市场开拓方面有什么计划？能否详细谈谈？,1,disclosure_detail,dep_reason,Q2针对A1中“扩大市销售规模”要求详细说明市场开拓计划。,"2013年公司有哪些新的产能释放？公司的持续良性发展是投资者投资信心的有力保证,13年有哪些困难和希望？高管们是否会在13年里进行减持？",2013年公司主要恢复和消化产能，扩大市销售规模，提高产能利用率。公司现有产能5万吨各类PVC片板材，如果全部消化，将极大幅改善公司的经营业绩。公司的高官现不持有公司的股票。,去年的市场行情并不好，物价又涨，今年公司在市场开拓方面有什么计划？能否详细谈谈？,002002_2012,45,48,3,Elaboration,Q2针对A1中“扩大市销售规模”要求详细说明市场开拓计划。,,,1
positive,周总你好：从你参加两会及国家发展的结构性调整宏观及微观方面来看，你认为公司发展的机遇及调整思路有哪些？有何等信心？ 公司的发展机遇在于：1、我国仍然具备广阔的经济发展空间，城镇化将在未来较长时期支撑中国经济的发展。城镇化离不开氯碱材料的广泛使用，氯碱材料作为一种新型的大宗工业原材料仍然属于朝阳产业。2013年PVC表观消费增长12%就是一个较好的例证；2、我国氯碱产业过去十年的发展模式是以上项目、扩产能为主的外延式发展模式。在今后较长时期，产能的增速将明显放慢，行业供求关系将日趋合理，氯碱产品的市场表现将逐步转好；3、氯碱产业的内部整合力度和氯碱产品的创新力度将扩大。公司在循环经济产业链已经发挥了明显的成本优势的基础上，再加上重视研发和创新，抓住氯碱产业整合和创新的机遇，形成成本优势与研发优势的双轮驱动模式，公司的发展将再上一个台阶。工作思路：1、狠抓现有产能的安全生产，以持续的技术和工艺革新不断降低成本指标，充分体现公司产业链的一体化优势；加快在建项目建设，在短时间内使产品生产销售规模进入行业最前列。2、加强新产品的研发，积极发展相关的环保产业，延伸循环经济产业链，促进公司经营效益的提升。,公司2013年有哪些建设项目？对2014年的业绩是否有较大影响？,2,performance_governance,dep_reason,Q2针对A1中提到的在建项目追问具体项目和业绩影响。,周总你好：从你参加两会及国家发展的结构性调整宏观及微观方面来看，你认为公司发展的机遇及调整思路有哪些？有何等信心？,公司的发展机遇在于：1、我国仍然具备广阔的经济发展空间，城镇化将在未来较长时期支撑中国经济的发展。城镇化离不开氯碱材料的广泛使用，氯碱材料作为一种新型的大宗工业原材料仍然属于朝阳产业。2013年PVC表观消费增长12%就是一个较好的例证；2、我国氯碱产业过去十年的发展模式是以上项目、扩产能为主的外延式发展模式。在今后较长时期，产能的增速将明显放慢，行业供求关系将日趋合理，氯碱产品的市场表现将逐步转好；3、氯碱产业的内部整合力度和氯碱产品的创新力度将扩大。公司在循环经济产业链已经发挥了明显的成本优势的基础上，再加上重视研发和创新，抓住氯碱产业整合和创新的机遇，形成成本优势与研发优势的双轮驱动模式，公司的发展将再上一个台阶。工作思路：1、狠抓现有产能的安全生产，以持续的技术和工艺革新不断降低成本指标，充分体现公司产业链的一体化优势；加快在建项目建设，在短时间内使产品生产销售规模进入行业最前列。2、加强新产品的研发，积极发展相关的环保产业，延伸循环经济产业链，促进公司经营效益的提升。,公司2013年有哪些建设项目？对2014年的业绩是否有较大影响？,002002_2013,2,6,4,Elaboration,Q2针对A1中提到的在建项目追问具体项目和业绩影响。,,,1
positive,周总你好：政府批给公司的煤炭指标（6000吨）是给了优惠价呢，还是储备？ 自治区政府给中谷矿业项目配置的煤炭资源，我公司将按照国家和自治区的相关手续和标准办理采矿权。,请对投资者负责。强烈要求公司高成不要在说官话了。强烈要求事实求事的回答问题,2,answer_pressure,dep_reason,Q2明确针对A1的官话式回答进行抱怨，要求实事求是，不涉及新问题。,周总你好：政府批给公司的煤炭指标（6000吨）是给了优惠价呢，还是储备？,自治区政府给中谷矿业项目配置的煤炭资源，我公司将按照国家和自治区的相关手续和标准办理采矿权。,请对投资者负责。强烈要求公司高成不要在说官话了。强烈要求事实求事的回答问题,002002_2013,4,9,5,Complaint,Q2明确针对A1的官话式回答进行抱怨，要求实事求是，不涉及新问题。,,,1
positive,谢谢周总！ 谢谢中小股东！我们将全力以赴做好各项工作，回报大家对公司的支持！,请对投资者负责。强烈要求公司高成不要在说官话了。强烈要求事实求事的回答问题,2,answer_pressure,dep_reason,Q2明确针对A1的客套话进行投诉，要求实事求是回答。,谢谢周总！,谢谢中小股东！我们将全力以赴做好各项工作，回报大家对公司的支持！,请对投资者负责。强烈要求公司高成不要在说官话了。强烈要求事实求事的回答问题,002002_2013,5,9,4,Complaint,Q2明确针对A1的客套话进行投诉，要求实事求是回答。,,,1
positive,公司的前5大客户是哪些？ 公司2013年销售和采购前五大客户在公司2013年年报中都有详细的阐述，请查看。,请对投资者负责。强烈要求公司高成不要在说官话了。强烈要求事实求事的回答问题,1,disclosure_detail,dep_reason,Q2针对A1官话回避态度进行投诉，要求实事求是回答，属于交互依赖。,公司的前5大客户是哪些？,公司2013年销售和采购前五大客户在公司2013年年报中都有详细的阐述，请查看。,请对投资者负责。强烈要求公司高成不要在说官话了。强烈要求事实求事的回答问题,002002_2013,8,9,1,Complaint,Q2针对A1官话回避态度进行投诉，要求实事求是回答，属于交互依赖。,,,1
positive,要实现公司的发展目标，请问信心来自哪里。 我们的信心来自与以下几个方面：1、我国宏观经济继续平稳运行，虽然存在一定的下行压力，但各级政府稳增长的政策取向没有变化；2、氯碱行业和相关的新材料、环保行业的发展空间广阔，2013年PVC表观消费增长12%，产能扩张速度明显放缓，行业开工率稳步上升。预计随着城镇化的推进，氯碱产品的表观消费将继续稳步增长，行业供求关系将逐步改善；3、公司的成本和资源优势明显，已形成完善的产业链；随着在建项目的逐步投产，产能、销售规模也将快速提升，有利于公司在行业整合调整中取得较好的业绩。,公司新项目何时能对公司贡献利润？预计每年可实现净利润多少？,2,performance_governance,dep_reason,Q2针对A1中提及的在建项目进一步追问利润贡献时间和金额。,要实现公司的发展目标，请问信心来自哪里。,我们的信心来自与以下几个方面：1、我国宏观经济继续平稳运行，虽然存在一定的下行压力，但各级政府稳增长的政策取向没有变化；2、氯碱行业和相关的新材料、环保行业的发展空间广阔，2013年PVC表观消费增长12%，产能扩张速度明显放缓，行业开工率稳步上升。预计随着城镇化的推进，氯碱产品的表观消费将继续稳步增长，行业供求关系将逐步改善；3、公司的成本和资源优势明显，已形成完善的产业链；随着在建项目的逐步投产，产能、销售规模也将快速提升，有利于公司在行业整合调整中取得较好的业绩。,公司新项目何时能对公司贡献利润？预计每年可实现净利润多少？,002002_2013,19,23,4,Elaboration,Q2针对A1中提及的在建项目进一步追问利润贡献时间和金额。,,,1
positive,周总你好：在公司形象特别是公司在二级市场上怎样维护公司品牌形象，有没有具体措施和策划安排。对广大股东投资回报中远期有无具体意见？ 公司将围绕主业，不断完善产业链，做好各项在建项目，争取尽快投入生产。通过公司生产经营业绩的不断提升和竞争力的持续增强，塑造公司在二级市场的品牌形象，以扎实的经营效益在中长期回报广大股东；其次，公司将重视市值管理工作，做好与媒体、市场各个层面的沟通，争取让公司的市值和股票二级市场表现反映公司资产的内在价值。,公司新项目何时能对公司贡献利润？预计每年可实现净利润多少？,2,performance_governance,dep_reason,Q2针对A1中提到的在建项目进一步追问贡献利润的时间和净利润，要求具体化。,周总你好：在公司形象特别是公司在二级市场上怎样维护公司品牌形象，有没有具体措施和策划安排。对广大股东投资回报中远期有无具体意见？,公司将围绕主业，不断完善产业链，做好各项在建项目，争取尽快投入生产。通过公司生产经营业绩的不断提升和竞争力的持续增强，塑造公司在二级市场的品牌形象，以扎实的经营效益在中长期回报广大股东；其次，公司将重视市值管理工作，做好与媒体、市场各个层面的沟通，争取让公司的市值和股票二级市场表现反映公司资产的内在价值。,公司新项目何时能对公司贡献利润？预计每年可实现净利润多少？,002002_2013,22,23,1,Elaboration,Q2针对A1中提到的在建项目进一步追问贡献利润的时间和净利润，要求具体化。,,,1
positive,您认为目前公司面临的最大问题是什么、 公司目前所处的行业存在以下一定的经营风险，也是公司所面临的压力。1、环保风险氯碱行业面临较大的环保压力，若政府继续加大环保方面的监管、治理力度，公司将相应增加环保投入，从而使企业经营成本上升。乌海化工已取得相关环保部门的审批核准。但如果国家出具更为严格的环保标准，可能面临加大环保投入的风险。对策：充分利用现有环保配套设施，按照国家相关标准对生产过程进行监控，并采用先进生产工艺和设备，使生产经营对环境的影响减少到最低限度。2、安全生产风险氯碱工业属于危险化学品生产行业，一旦发生安全生产事故，有可能造成人员伤亡等事件，可能造成停产整顿，对公司的业务经营造成负面影响并带来经济和声誉损失，同时可能引起诉讼、赔偿性支出以及处罚。对策：设置安全管理机构、配备专业安全管理人员；制定完善的安全生产管理制度、落实安全生产考核责任。加强隐患排查和安全专项整治工作，确保安全生产。乌海化工定期进行安全检查，并对检查的隐患实行“四定原则”（即定人、定时、定措施、定资金）进行整改并将整改结果上报安全环保部，安全环保部对整改结果进行复查。系统开展安全生产教育培训工作、提高相关作业人员素质。乌海化工定期开展安全生产培训和教育，对所有新入厂员工进行岗前培训，经培训考试合格后才能分配到车间和部门；对天车操作人员进行特殊工种的培训；对维修人员进行特殊工种的培训；对班组长、车间主任等进行安全知识培训；对班组长、骨干人员进行事故应急防范处理培训。3、市场需求和价格风险氯碱行业属于强周期性行业，在经济低迷时易产生行业异常波动。其主要产品聚氯乙烯、烧碱、电石等作为基础原材料化工产品，与房地产产业和国家宏观经济形势关联度较大，在经济低迷时可能产生行业需求萎缩。作为高耗能行业，能源价格也将引发氯碱产品价格调整。此外，电石法制聚氯乙烯国际市场价格主要跟随乙烯法制聚氯乙烯价格进行调整，从而受到全球石油价格变动的影响。对策：（1）加快项目建设，尽快发挥循环经济的竞争优势，提高资料利用率，降低生产成本，提高竞争力。（2）积极利用区域优势，争取更多的资源能源保障和优惠政策。4、项目建设及收益风险乌海化工、中谷矿业在建项目的建设、投产过程存在较多不确定性，且新项目预期收益受原材料供应、市场需求等诸多因素影响，因此，存在项目建设进度或收益低于预期的风险。对策：（1）稳步推进项目建设中的各项工作，加快工程进度，争取早日投产并达产。（2）建立和维护与供应商的长期合作关系，保证原材料的正常供应和稳定的采购价格。（3）拓展产品销售区域，大力开发新客户。推行客户信誉制度，针对性地调整合作模式，提高产品市场占有率。,公司2013年随着建设项目的完工投入使用，折旧费的增加，对2014年的业绩是否有较大影响？,2,performance_governance,dep_reason,Q2针对A1中提及的项目建设风险，进一步追问折旧对业绩的影响。,您认为目前公司面临的最大问题是什么、,公司目前所处的行业存在以下一定的经营风险，也是公司所面临的压力。1、环保风险氯碱行业面临较大的环保压力，若政府继续加大环保方面的监管、治理力度，公司将相应增加环保投入，从而使企业经营成本上升。乌海化工已取得相关环保部门的审批核准。但如果国家出具更为严格的环保标准，可能面临加大环保投入的风险。对策：充分利用现有环保配套设施，按照国家相关标准对生产过程进行监控，并采用先进生产工艺和设备，使生产经营对环境的影响减少到最低限度。2、安全生产风险氯碱工业属于危险化学品生产行业，一旦发生安全生产事故，有可能造成人员伤亡等事件，可能造成停产整顿，对公司的业务经营造成负面影响并带来经济和声誉损失，同时可能引起诉讼、赔偿性支出以及处罚。对策：设置安全管理机构、配备专业安全管理人员；制定完善的安全生产管理制度、落实安全生产考核责任。加强隐患排查和安全专项整治工作，确保安全生产。乌海化工定期进行安全检查，并对检查的隐患实行“四定原则”（即定人、定时、定措施、定资金）进行整改并将整改结果上报安全环保部，安全环保部对整改结果进行复查。系统开展安全生产教育培训工作、提高相关作业人员素质。乌海化工定期开展安全生产培训和教育，对所有新入厂员工进行岗前培训，经培训考试合格后才能分配到车间和部门；对天车操作人员进行特殊工种的培训；对维修人员进行特殊工种的培训；对班组长、车间主任等进行安全知识培训；对班组长、骨干人员进行事故应急防范处理培训。3、市场需求和价格风险氯碱行业属于强周期性行业，在经济低迷时易产生行业异常波动。其主要产品聚氯乙烯、烧碱、电石等作为基础原材料化工产品，与房地产产业和国家宏观经济形势关联度较大，在经济低迷时可能产生行业需求萎缩。作为高耗能行业，能源价格也将引发氯碱产品价格调整。此外，电石法制聚氯乙烯国际市场价格主要跟随乙烯法制聚氯乙烯价格进行调整，从而受到全球石油价格变动的影响。对策：（1）加快项目建设，尽快发挥循环经济的竞争优势，提高资料利用率，降低生产成本，提高竞争力。（2）积极利用区域优势，争取更多的资源能源保障和优惠政策。4、项目建设及收益风险乌海化工、中谷矿业在建项目的建设、投产过程存在较多不确定性，且新项目预期收益受原材料供应、市场需求等诸多因素影响，因此，存在项目建设进度或收益低于预期的风险。对策：（1）稳步推进项目建设中的各项工作，加快工程进度，争取早日投产并达产。（2）建立和维护与供应商的长期合作关系，保证原材料的正常供应和稳定的采购价格。（3）拓展产品销售区域，大力开发新客户。推行客户信誉制度，针对性地调整合作模式，提高产品市场占有率。,公司2013年随着建设项目的完工投入使用，折旧费的增加，对2014年的业绩是否有较大影响？,002002_2013,34,37,3,Elaboration,Q2针对A1中提及的项目建设风险，进一步追问折旧对业绩的影响。,,,1
positive,您认为目前公司面临的最大问题是什么、 公司目前所处的行业存在以下一定的经营风险，也是公司所面临的压力。1、环保风险氯碱行业面临较大的环保压力，若政府继续加大环保方面的监管、治理力度，公司将相应增加环保投入，从而使企业经营成本上升。乌海化工已取得相关环保部门的审批核准。但如果国家出具更为严格的环保标准，可能面临加大环保投入的风险。对策：充分利用现有环保配套设施，按照国家相关标准对生产过程进行监控，并采用先进生产工艺和设备，使生产经营对环境的影响减少到最低限度。2、安全生产风险氯碱工业属于危险化学品生产行业，一旦发生安全生产事故，有可能造成人员伤亡等事件，可能造成停产整顿，对公司的业务经营造成负面影响并带来经济和声誉损失，同时可能引起诉讼、赔偿性支出以及处罚。对策：设置安全管理机构、配备专业安全管理人员；制定完善的安全生产管理制度、落实安全生产考核责任。加强隐患排查和安全专项整治工作，确保安全生产。乌海化工定期进行安全检查，并对检查的隐患实行“四定原则”（即定人、定时、定措施、定资金）进行整改并将整改结果上报安全环保部，安全环保部对整改结果进行复查。系统开展安全生产教育培训工作、提高相关作业人员素质。乌海化工定期开展安全生产培训和教育，对所有新入厂员工进行岗前培训，经培训考试合格后才能分配到车间和部门；对天车操作人员进行特殊工种的培训；对维修人员进行特殊工种的培训；对班组长、车间主任等进行安全知识培训；对班组长、骨干人员进行事故应急防范处理培训。3、市场需求和价格风险氯碱行业属于强周期性行业，在经济低迷时易产生行业异常波动。其主要产品聚氯乙烯、烧碱、电石等作为基础原材料化工产品，与房地产产业和国家宏观经济形势关联度较大，在经济低迷时可能产生行业需求萎缩。作为高耗能行业，能源价格也将引发氯碱产品价格调整。此外，电石法制聚氯乙烯国际市场价格主要跟随乙烯法制聚氯乙烯价格进行调整，从而受到全球石油价格变动的影响。对策：（1）加快项目建设，尽快发挥循环经济的竞争优势，提高资料利用率，降低生产成本，提高竞争力。（2）积极利用区域优势，争取更多的资源能源保障和优惠政策。4、项目建设及收益风险乌海化工、中谷矿业在建项目的建设、投产过程存在较多不确定性，且新项目预期收益受原材料供应、市场需求等诸多因素影响，因此，存在项目建设进度或收益低于预期的风险。对策：（1）稳步推进项目建设中的各项工作，加快工程进度，争取早日投产并达产。（2）建立和维护与供应商的长期合作关系，保证原材料的正常供应和稳定的采购价格。（3）拓展产品销售区域，大力开发新客户。推行客户信誉制度，针对性地调整合作模式，提高产品市场占有率。,公司目前面临的最大问题是什么？,2,answer_pressure,dep_reason,Q2重复Q1问题，因A1未明确回答最大问题而继续追问。,您认为目前公司面临的最大问题是什么、,公司目前所处的行业存在以下一定的经营风险，也是公司所面临的压力。1、环保风险氯碱行业面临较大的环保压力，若政府继续加大环保方面的监管、治理力度，公司将相应增加环保投入，从而使企业经营成本上升。乌海化工已取得相关环保部门的审批核准。但如果国家出具更为严格的环保标准，可能面临加大环保投入的风险。对策：充分利用现有环保配套设施，按照国家相关标准对生产过程进行监控，并采用先进生产工艺和设备，使生产经营对环境的影响减少到最低限度。2、安全生产风险氯碱工业属于危险化学品生产行业，一旦发生安全生产事故，有可能造成人员伤亡等事件，可能造成停产整顿，对公司的业务经营造成负面影响并带来经济和声誉损失，同时可能引起诉讼、赔偿性支出以及处罚。对策：设置安全管理机构、配备专业安全管理人员；制定完善的安全生产管理制度、落实安全生产考核责任。加强隐患排查和安全专项整治工作，确保安全生产。乌海化工定期进行安全检查，并对检查的隐患实行“四定原则”（即定人、定时、定措施、定资金）进行整改并将整改结果上报安全环保部，安全环保部对整改结果进行复查。系统开展安全生产教育培训工作、提高相关作业人员素质。乌海化工定期开展安全生产培训和教育，对所有新入厂员工进行岗前培训，经培训考试合格后才能分配到车间和部门；对天车操作人员进行特殊工种的培训；对维修人员进行特殊工种的培训；对班组长、车间主任等进行安全知识培训；对班组长、骨干人员进行事故应急防范处理培训。3、市场需求和价格风险氯碱行业属于强周期性行业，在经济低迷时易产生行业异常波动。其主要产品聚氯乙烯、烧碱、电石等作为基础原材料化工产品，与房地产产业和国家宏观经济形势关联度较大，在经济低迷时可能产生行业需求萎缩。作为高耗能行业，能源价格也将引发氯碱产品价格调整。此外，电石法制聚氯乙烯国际市场价格主要跟随乙烯法制聚氯乙烯价格进行调整，从而受到全球石油价格变动的影响。对策：（1）加快项目建设，尽快发挥循环经济的竞争优势，提高资料利用率，降低生产成本，提高竞争力。（2）积极利用区域优势，争取更多的资源能源保障和优惠政策。4、项目建设及收益风险乌海化工、中谷矿业在建项目的建设、投产过程存在较多不确定性，且新项目预期收益受原材料供应、市场需求等诸多因素影响，因此，存在项目建设进度或收益低于预期的风险。对策：（1）稳步推进项目建设中的各项工作，加快工程进度，争取早日投产并达产。（2）建立和维护与供应商的长期合作关系，保证原材料的正常供应和稳定的采购价格。（3）拓展产品销售区域，大力开发新客户。推行客户信誉制度，针对性地调整合作模式，提高产品市场占有率。,公司目前面临的最大问题是什么？,002002_2013,34,39,5,Complaint,Q2重复Q1问题，因A1未明确回答最大问题而继续追问。,,,1
positive,公司2013年随着建设项目的完工投入使用，折旧费的增加，对2014年的业绩是否有较大影响？ 公司2013年随着电石、水泥建设项目的完工投入使用，折旧费会有所增加，但电石实现自供，成本大幅下降，水泥及副产品脱硫粉已实现销售，新项目投入带来的经济效益远远大于增加折旧费用，会使2014年公司业绩有较大幅度的提高。,公司预计2014年业绩较去年同期是上升还是下降？若上升，则增幅是多少？,2,performance_governance,dep_reason,Q2针对A1中“业绩大幅提高”追问具体方向和增幅。,公司2013年随着建设项目的完工投入使用，折旧费的增加，对2014年的业绩是否有较大影响？,公司2013年随着电石、水泥建设项目的完工投入使用，折旧费会有所增加，但电石实现自供，成本大幅下降，水泥及副产品脱硫粉已实现销售，新项目投入带来的经济效益远远大于增加折旧费用，会使2014年公司业绩有较大幅度的提高。,公司预计2014年业绩较去年同期是上升还是下降？若上升，则增幅是多少？,002002_2013,37,38,1,Elaboration,Q2针对A1中“业绩大幅提高”追问具体方向和增幅。,,,1
positive,公司2013年随着建设项目的完工投入使用，折旧费的增加，对2014年的业绩是否有较大影响？ 公司2013年随着电石、水泥建设项目的完工投入使用，折旧费会有所增加，但电石实现自供，成本大幅下降，水泥及副产品脱硫粉已实现销售，新项目投入带来的经济效益远远大于增加折旧费用，会使2014年公司业绩有较大幅度的提高。,请问公司明年净利润能做到多少？,2,performance_governance,dep_reason,Q2针对A1中'业绩有较大幅度提高'的笼统表述，追问具体净利润数值。,公司2013年随着建设项目的完工投入使用，折旧费的增加，对2014年的业绩是否有较大影响？,公司2013年随着电石、水泥建设项目的完工投入使用，折旧费会有所增加，但电石实现自供，成本大幅下降，水泥及副产品脱硫粉已实现销售，新项目投入带来的经济效益远远大于增加折旧费用，会使2014年公司业绩有较大幅度的提高。,请问公司明年净利润能做到多少？,002002_2013,37,42,5,Elaboration,Q2针对A1中'业绩有较大幅度提高'的笼统表述，追问具体净利润数值。,,,1
positive,公司2013年度报告的经营业绩较上年增长率能达多少呢？预计2014年度增长率会不会好于2013年？ 2013年我公司经营业绩较上年有较大幅度增长，相关经营数据请祥看我公司2013年年报，预计2014年随着公司产业链的完善和新项目的投产经营业绩会有较大幅度提高。,请问公司明年净利润能做到多少？,2,performance_governance,dep_reason,Q2针对A1中2014年业绩提高的定性表述追问具体净利润数字。,公司2013年度报告的经营业绩较上年增长率能达多少呢？预计2014年度增长率会不会好于2013年？,2013年我公司经营业绩较上年有较大幅度增长，相关经营数据请祥看我公司2013年年报，预计2014年随着公司产业链的完善和新项目的投产经营业绩会有较大幅度提高。,请问公司明年净利润能做到多少？,002002_2013,41,42,1,Elaboration,Q2针对A1中2014年业绩提高的定性表述追问具体净利润数字。,,,1
positive,"我就想知道咱们公司2014年在公司CEO领导下怎样发展。设想是什么？利润多少？ 公司计划在2014年实现营业收入300,000万元，比2013年增长24.1%。生产计划为：PVC产量28万吨，烧碱产量22万吨，纯碱产量8万吨，与2013年实际产量相比维持稳定；电石计划产量50万吨，为2013年实际产量的383%；PVC、冷铝复合、PVDC医药包装材料和PVC塑料模板等塑料制品产量5万吨，为2013实际产量的283%；新投产的电石渣水泥及熟料计划产量70万吨，环保脱硫粉及土壤改良剂计划产量25万吨。此外，公司子公司乌海化工2014年业绩承诺为4.24亿元，公司在股权激励草案中设置2014年行权条件净利润指标为4.28亿元。公司将努力完成上述的经营计划从而实现利润指标。",请问：2014年主营收入目标是多少？净利润目标是多少？谢谢！,2,strategy_planning,dep_reason,Q2针对A1中已提及的营收目标和利润指标要求进一步明确具体数字。,我就想知道咱们公司2014年在公司CEO领导下怎样发展。设想是什么？利润多少？,"公司计划在2014年实现营业收入300,000万元，比2013年增长24.1%。生产计划为：PVC产量28万吨，烧碱产量22万吨，纯碱产量8万吨，与2013年实际产量相比维持稳定；电石计划产量50万吨，为2013年实际产量的383%；PVC、冷铝复合、PVDC医药包装材料和PVC塑料模板等塑料制品产量5万吨，为2013实际产量的283%；新投产的电石渣水泥及熟料计划产量70万吨，环保脱硫粉及土壤改良剂计划产量25万吨。此外，公司子公司乌海化工2014年业绩承诺为4.24亿元，公司在股权激励草案中设置2014年行权条件净利润指标为4.28亿元。公司将努力完成上述的经营计划从而实现利润指标。",请问：2014年主营收入目标是多少？净利润目标是多少？谢谢！,002002_2013,47,49,2,Elaboration,Q2针对A1中已提及的营收目标和利润指标要求进一步明确具体数字。,,,1
positive,强烈要求贵公司将塑胶所剩余的股权置入上市公司以形成完整的产业链，同时塑胶所也可借助资本市场做大做强，这样既符合国家的政策也符合上市公司全体股东的利益。 参股广东塑料交易所股份有限公司符合公司发展战略，有助于借助其在大宗工业原材料电子交易平台、B-C电子商务和现代物流等方面的优势资源进一步拓展公司业务，同时塑交所作为国内知名的综合性电子商务平台，业务发展良好，参股后公司可获得一定的投资收益。如公司后续与塑交所开展其他合作，公司将严格按照规定履行相应的决策程序和信息披露义务。,强烈要求贵公司将塑胶所不管以何种方式注入上市公司，以便形成完整的产业链，对贵公司有好处，对塑胶所利用资本市场的壮大和发展也有巨大的好处，同时符合国家的发展方向。谢谢。,2,answer_pressure,dep_reason,人工复核：Q2重复要求塑交所股权注入上市公司，是对A1未正面回应是否注入的继续施压。,强烈要求贵公司将塑胶所剩余的股权置入上市公司以形成完整的产业链，同时塑胶所也可借助资本市场做大做强，这样既符合国家的政策也符合上市公司全体股东的利益。,参股广东塑料交易所股份有限公司符合公司发展战略，有助于借助其在大宗工业原材料电子交易平台、B-C电子商务和现代物流等方面的优势资源进一步拓展公司业务，同时塑交所作为国内知名的综合性电子商务平台，业务发展良好，参股后公司可获得一定的投资收益。如公司后续与塑交所开展其他合作，公司将严格按照规定履行相应的决策程序和信息披露义务。,强烈要求贵公司将塑胶所不管以何种方式注入上市公司，以便形成完整的产业链，对贵公司有好处，对塑胶所利用资本市场的壮大和发展也有巨大的好处，同时符合国家的发展方向。谢谢。,002002_2014,1,2,1,Challenge,人工复核：Q2重复要求塑交所股权注入上市公司，是对A1未正面回应是否注入的继续施压。,,,1
positive,在做项目之前是否对项目进行严谨的可行性研究？ 公司在进行重大项目投资前会进行详细周密的的调研和可行性分析，之后由公司董事会战略委员会讨论并形成最终的可研报告提交董事会审核。公司战略委员会成员也会围绕公司的发展战略提出新的思路和新产品方案，然后由公司组织相关人员进行前期的调研活动。,公司的发展战略是什么，是否公司未来发展的主打方向？以前没怎么听到这方面的动向，能否详细讲解一下主要是面对哪些品种和市场？谢谢！,2,strategy_planning,dep_reason,Q2针对A1中提及的公司发展战略和新产品方案追问其具体内容和方向。,在做项目之前是否对项目进行严谨的可行性研究？,公司在进行重大项目投资前会进行详细周密的的调研和可行性分析，之后由公司董事会战略委员会讨论并形成最终的可研报告提交董事会审核。公司战略委员会成员也会围绕公司的发展战略提出新的思路和新产品方案，然后由公司组织相关人员进行前期的调研活动。,公司的发展战略是什么，是否公司未来发展的主打方向？以前没怎么听到这方面的动向，能否详细讲解一下主要是面对哪些品种和市场？谢谢！,002002_2014,8,10,2,Elaboration,Q2针对A1中提及的公司发展战略和新产品方案追问其具体内容和方向。,,,1
positive,请问今年的营销额，公司给的任务是多少？去年的有没有完成？ 14年我公司圆满计划产值和营业收入,请问今年预计主要产品的销售目标是多少？净利润是多少？,2,strategy_planning,dep_reason,人工复核：Q2承接A1对年度产值和收入的笼统回答，继续追问主要产品销售目标和净利润。,请问今年的营销额，公司给的任务是多少？去年的有没有完成？,14年我公司圆满计划产值和营业收入,请问今年预计主要产品的销售目标是多少？净利润是多少？,002002_2014,11,13,2,Elaboration,人工复核：Q2承接A1对年度产值和收入的笼统回答，继续追问主要产品销售目标和净利润。,,,1
positive,投资者担心的心情更多，请问贵公司对此怎样给予更好的鼓励，加油 公司生产经营情况良好，经营管理团队、关键技术人员稳定。,要实现公司的发展目标，请问信心来自哪里。,2,strategy_planning,dep_reason,Q2针对A1中生产经营良好和团队稳定的表述，进一步追问实现发展目标的信心基础。,投资者担心的心情更多，请问贵公司对此怎样给予更好的鼓励，加油,公司生产经营情况良好，经营管理团队、关键技术人员稳定。,要实现公司的发展目标，请问信心来自哪里。,002002_2014,22,27,5,Elaboration,Q2针对A1中生产经营良好和团队稳定的表述，进一步追问实现发展目标的信心基础。,,,1
positive,公司未来五年的目标是多少？能够实现吗？ 未来3-5年，公司仍将坚持循环型经济的发展理念，坚持“以化工新材料为基础，资源能源为双翼，发展循环环保事业”的发展战略，致力于成为国内最有竞争力的氯碱新材料生产企业，做大做强氯碱化工、环保和稀土新材料三大业务。具体发展战略是：深化氯碱新材料一体化产业链，继续向上游资源行业和下游材料加工领域延伸产业链，充分发挥一体化产业链的协同效应；加大研发力度，培育新的利润增长点，大力发展以电石渣综合利用为基础的土壤修复产业，研究开发稀土助剂及稀土PVC改性专用料，按照“以塑代木、以塑代钢”理念，积极推广PVC建筑模板和装饰材料。,要实现公司的发展目标，请问信心来自哪里。,2,strategy_planning,dep_reason,Q2针对A1中所述发展目标进一步追问信心来源，构成内容依赖。,公司未来五年的目标是多少？能够实现吗？,未来3-5年，公司仍将坚持循环型经济的发展理念，坚持“以化工新材料为基础，资源能源为双翼，发展循环环保事业”的发展战略，致力于成为国内最有竞争力的氯碱新材料生产企业，做大做强氯碱化工、环保和稀土新材料三大业务。具体发展战略是：深化氯碱新材料一体化产业链，继续向上游资源行业和下游材料加工领域延伸产业链，充分发挥一体化产业链的协同效应；加大研发力度，培育新的利润增长点，大力发展以电石渣综合利用为基础的土壤修复产业，研究开发稀土助剂及稀土PVC改性专用料，按照“以塑代木、以塑代钢”理念，积极推广PVC建筑模板和装饰材料。,要实现公司的发展目标，请问信心来自哪里。,002002_2014,26,27,1,Elaboration,Q2针对A1中所述发展目标进一步追问信心来源，构成内容依赖。,,,1
positive,"我对贵公司是长期投资的，请问预计今年上半年会盈利多少？ 公司预计2015年1-6月，归属于上市公司股东的净利润在20,000万元至25,000万元之间，详细信息请查阅公司2015年第一季度报告。",一季业绩咋样？有没有机构来调查？,2,performance_governance,dep_reason,Q2针对A1提及的一季度报告追问具体业绩。,我对贵公司是长期投资的，请问预计今年上半年会盈利多少？,"公司预计2015年1-6月，归属于上市公司股东的净利润在20,000万元至25,000万元之间，详细信息请查阅公司2015年第一季度报告。",一季业绩咋样？有没有机构来调查？,002002_2014,39,43,4,Elaboration,Q2针对A1提及的一季度报告追问具体业绩。,,,1
positive,公司募投项目，预期如何？是否谨慎？ 公司目前没有募投项目。2013年的募集配套资金全部用于补充流动资金；2015年4月29日获得中国证监会批准的非公开发行股票尚未完成发行，且根据经证监会批准的方案，本次募集资金10亿元，扣除发行费用后，其中8亿元用于偿还银行借款，其余部分全部用于补充流动资金。,请对投资者负责。强烈要求公司高成不要在说官话了。强烈要求事实求事的回答问题,2,answer_pressure,dep_reason,Q2针对A1回答方式（官话、不实事求是）进行抱怨和施压，要求改变回答态度。,公司募投项目，预期如何？是否谨慎？,公司目前没有募投项目。2013年的募集配套资金全部用于补充流动资金；2015年4月29日获得中国证监会批准的非公开发行股票尚未完成发行，且根据经证监会批准的方案，本次募集资金10亿元，扣除发行费用后，其中8亿元用于偿还银行借款，其余部分全部用于补充流动资金。,请对投资者负责。强烈要求公司高成不要在说官话了。强烈要求事实求事的回答问题,002002_2014,40,45,5,Complaint,Q2针对A1回答方式（官话、不实事求是）进行抱怨和施压，要求改变回答态度。,,,1
positive,"请问公司今年净利润能做到多少？ 公司计划2015年实现营业收入450,000万元。2015年度PVC计划产量52万吨；烧碱计划产量38万吨；纯碱计划产量6万吨；电石计划产量83万吨；PVC片板材、医药包装材料和PVC塑料模板等塑料制品计划产量6.22万吨，电石渣水泥及熟料计划产量110万吨；环保脱硫剂计划产量20万吨；土壤调理剂计划产量10万吨；稀土助剂等计划产量3万吨。上述经营计划并不代表公司对2015年度的盈利预测，能否实现取决于宏观经济形势、市场状况变化等多种因素。",请对投资者负责。强烈要求公司高成不要在说官话了。强烈要求事实求事的回答问题,1,disclosure_detail,dep_reason,Q2批评A1回避净利润问题、以官话搪塞，要求实事求是的回答，针对回答方式。,请问公司今年净利润能做到多少？,"公司计划2015年实现营业收入450,000万元。2015年度PVC计划产量52万吨；烧碱计划产量38万吨；纯碱计划产量6万吨；电石计划产量83万吨；PVC片板材、医药包装材料和PVC塑料模板等塑料制品计划产量6.22万吨，电石渣水泥及熟料计划产量110万吨；环保脱硫剂计划产量20万吨；土壤调理剂计划产量10万吨；稀土助剂等计划产量3万吨。上述经营计划并不代表公司对2015年度的盈利预测，能否实现取决于宏观经济形势、市场状况变化等多种因素。",请对投资者负责。强烈要求公司高成不要在说官话了。强烈要求事实求事的回答问题,002002_2014,42,45,3,Complaint,Q2批评A1回避净利润问题、以官话搪塞，要求实事求是的回答，针对回答方式。,,,1
positive,"一季业绩咋样？有没有机构来调查？ 公司2015年第一季度营业收入及净利润较2014年同期都有所增长，其中，2015年第一季度实现营业收入72,329.31万元，较上年同期增长27.44%；实现净利润8,059.21万元，较上年同期增长30.75%。主要原因是：上年同期电石项目都处于建设阶段，本期子公司内蒙古乌海化工有限公司和内蒙古中谷矿业有限责任公司电石项目均已投产，氯碱产品原料电石实现自给，毛利率提高；同时本期较上年同期增加电石、环保脱硫剂等新产品对外销售并贡献利润。",请对投资者负责。强烈要求公司高成不要在说官话了。强烈要求事实求事的回答问题,1,disclosure_detail,dep_reason,Q2针对A1回避了Q1中机构调查问题且回答被认为官话，要求实事求是回答问题。,一季业绩咋样？有没有机构来调查？,"公司2015年第一季度营业收入及净利润较2014年同期都有所增长，其中，2015年第一季度实现营业收入72,329.31万元，较上年同期增长27.44%；实现净利润8,059.21万元，较上年同期增长30.75%。主要原因是：上年同期电石项目都处于建设阶段，本期子公司内蒙古乌海化工有限公司和内蒙古中谷矿业有限责任公司电石项目均已投产，氯碱产品原料电石实现自给，毛利率提高；同时本期较上年同期增加电石、环保脱硫剂等新产品对外销售并贡献利润。",请对投资者负责。强烈要求公司高成不要在说官话了。强烈要求事实求事的回答问题,002002_2014,43,45,2,Complaint,Q2针对A1回避了Q1中机构调查问题且回答被认为官话，要求实事求是回答问题。,,,1
positive,公司高级管理人员的考评及激励情况怎样，有没有股权激励制度？ 公司高级管理人员薪酬由基本工资、绩效考核奖金构成，基本工资根据董事会薪酬与考核委员会确定的标准执行，绩效考核奖金根据高管人员分管工作完成情况结合公司经营业绩考核确定。此外，为进一步建立健全公司激励机制和约束机制，增强公司管理团队和业务（技术）骨干对实现公司持续、健康发展的责任感、使命感，2014年公司实施了限制性股票和股票期权激励计划，向55名就对象授予了1239.60万股限制性股票，向511名激励对象授予了511万股股票期权。,请对投资者负责。强烈要求公司高成不要在说官话了。强烈要求事实求事的回答问题,2,answer_pressure,dep_reason,Q2针对A1回答风格（官话）进行抱怨和催促，要求实事求是回答。,公司高级管理人员的考评及激励情况怎样，有没有股权激励制度？,公司高级管理人员薪酬由基本工资、绩效考核奖金构成，基本工资根据董事会薪酬与考核委员会确定的标准执行，绩效考核奖金根据高管人员分管工作完成情况结合公司经营业绩考核确定。此外，为进一步建立健全公司激励机制和约束机制，增强公司管理团队和业务（技术）骨干对实现公司持续、健康发展的责任感、使命感，2014年公司实施了限制性股票和股票期权激励计划，向55名就对象授予了1239.60万股限制性股票，向511名激励对象授予了511万股股票期权。,请对投资者负责。强烈要求公司高成不要在说官话了。强烈要求事实求事的回答问题,002002_2014,44,45,1,Complaint,Q2针对A1回答风格（官话）进行抱怨和催促，要求实事求是回答。,,,1
positive,公司去年财务费用和管理费用怎样？同财务费用相比呢？今年有没有折旧？请问管理费用今年会能稳定吗？ 14年公司财务费用、管理费用数据已在公司年报中详细披露，今年随着公司孙公司--中谷矿业的投产，相关项目贷款达产后会增加财务费用，但公司销售收入也会大幅度提高，相应的营业利润也会有较大增幅；设备折旧随着项目的投产会增加。管理费用相对比较稳定,公司新项目何时能对公司贡献利润？预计每年可实现净利润多少？,2,performance_governance,dep_reason,Q2针对A1中提及的中谷矿业投产新项目追问利润贡献时间和金额。,公司去年财务费用和管理费用怎样？同财务费用相比呢？今年有没有折旧？请问管理费用今年会能稳定吗？,14年公司财务费用、管理费用数据已在公司年报中详细披露，今年随着公司孙公司--中谷矿业的投产，相关项目贷款达产后会增加财务费用，但公司销售收入也会大幅度提高，相应的营业利润也会有较大增幅；设备折旧随着项目的投产会增加。管理费用相对比较稳定,公司新项目何时能对公司贡献利润？预计每年可实现净利润多少？,002002_2014,46,48,2,Elaboration,Q2针对A1中提及的中谷矿业投产新项目追问利润贡献时间和金额。,,,1
positive,公司的一致行动人在解禁之后有没有大规模减持的意向呢 没有。,为了维护市值，让全体股东对鸿达充满信心，给周董建议：鸿达尽快出公告，承诺一年内不减持！,1,disclosure_detail,dep_reason,A1只用“没有”回答一致行动人解禁后是否有减持意向。Q2要求公司通过公告承诺一年内不减持，是把A1中的口头否定进一步落实为公开承诺，属于对A1答复可信度和执行形式的追问。,公司的一致行动人在解禁之后有没有大规模减持的意向呢,没有。,为了维护市值，让全体股东对鸿达充满信心，给周董建议：鸿达尽快出公告，承诺一年内不减持！,002002_2015,9,11,2,Elaboration,A1只用“没有”回答一致行动人解禁后是否有减持意向。Q2要求公司通过公告承诺一年内不减持，是把A1中的口头否定进一步落实为公开承诺，属于对A1答复可信度和执行形式的追问。,,,1
positive,公司是否在考虑开拓新的领域？取得初步进展没有？ 2017年公司将紧紧抓住土壤改良和PVC新材料行业快速发展带来的市场机遇，坚持以市场为导向、以客户为中心的经营理念，以实干创造未来的企业精神，基于市场需求进行持续创新，不断整合全球领先的研发资源，通过持续的“技术创新、产品创新、服务创新和管理创新”，培育新的利润增长点，完善现有产业布局，推动公司持续、快速、稳健发展，使公司始终处于行业前沿，引领行业的发展。,请问公司目前土壤修复业务的发展进展？目前在手合同有多少？,1,disclosure_detail,dep_reason,Q2针对A1中提到的土壤改良业务追问进展和合同细节。,公司是否在考虑开拓新的领域？取得初步进展没有？,2017年公司将紧紧抓住土壤改良和PVC新材料行业快速发展带来的市场机遇，坚持以市场为导向、以客户为中心的经营理念，以实干创造未来的企业精神，基于市场需求进行持续创新，不断整合全球领先的研发资源，通过持续的“技术创新、产品创新、服务创新和管理创新”，培育新的利润增长点，完善现有产业布局，推动公司持续、快速、稳健发展，使公司始终处于行业前沿，引领行业的发展。,请问公司目前土壤修复业务的发展进展？目前在手合同有多少？,002002_2016,10,13,3,Elaboration,Q2针对A1中提到的土壤改良业务追问进展和合同细节。,,,1
positive,"请问公司目前土壤修复业务的发展进展？目前在手合同有多少？ 2016年公司充分运用在土壤改良领域的专业经验和技术优势，大力发展土壤改良业务。公司依托广东地球土壤研究院的研发优势，与国内外土壤行业领域的机构、专家、农技部门积极开展合作，加大土壤改良技术和产品储备，使公司始终处于行业前沿，成为土壤改良领域的领头羊。土壤改良业务作为公司重点推动的业务，目前公司土壤调理剂产品的营销工作已在国内外全面推开,2016年公司生产土壤调理剂16.10万吨，较上年增长148.85%；销售13.22万吨，较上年增长211.58%。今年公司将继续通过土地流转、土壤修复示范基地建设、营销网点建设、PPP工程等多种方式，拓展土壤修复业务。积极贯彻落实国家“一带一路”的政策导向，通过提供技术支持、综合解决方案、销售土壤调理剂等模式，加快布局海外“土壤改良”市场。本次非公发募集资金到位后，公司将加快营销网点建设，推进土壤修复项目的实施。同时加快推进通辽盐碱地改良项目建设，积极运用PPP模式推动公司土壤修复业务发展。",请问公司1月份的定增项目进展如何？,1,disclosure_detail,dep_reason,Q2针对A1中提及的非公发（定增）事项追问具体进展。,请问公司目前土壤修复业务的发展进展？目前在手合同有多少？,"2016年公司充分运用在土壤改良领域的专业经验和技术优势，大力发展土壤改良业务。公司依托广东地球土壤研究院的研发优势，与国内外土壤行业领域的机构、专家、农技部门积极开展合作，加大土壤改良技术和产品储备，使公司始终处于行业前沿，成为土壤改良领域的领头羊。土壤改良业务作为公司重点推动的业务，目前公司土壤调理剂产品的营销工作已在国内外全面推开,2016年公司生产土壤调理剂16.10万吨，较上年增长148.85%；销售13.22万吨，较上年增长211.58%。今年公司将继续通过土地流转、土壤修复示范基地建设、营销网点建设、PPP工程等多种方式，拓展土壤修复业务。积极贯彻落实国家“一带一路”的政策导向，通过提供技术支持、综合解决方案、销售土壤调理剂等模式，加快布局海外“土壤改良”市场。本次非公发募集资金到位后，公司将加快营销网点建设，推进土壤修复项目的实施。同时加快推进通辽盐碱地改良项目建设，积极运用PPP模式推动公司土壤修复业务发展。",请问公司1月份的定增项目进展如何？,002002_2016,13,14,1,Elaboration,Q2针对A1中提及的非公发（定增）事项追问具体进展。,,,1
positive,贵公司的生产有无污染现象，安全和环保情况是如何做的？ 公司生产经营情况良好，公司持续抓好安全生产和环保工作，确保生产安全稳定运行。,交流会本来应该是恳谈会，将企业目前的处境，面临的困难，预计的风险和相应应措施清晰告诉股东。,1,disclosure_detail,dep_reason,Q2批评交流会未坦诚披露处境和风险，针对A1笼统回答方式表达不满。,贵公司的生产有无污染现象，安全和环保情况是如何做的？,公司生产经营情况良好，公司持续抓好安全生产和环保工作，确保生产安全稳定运行。,交流会本来应该是恳谈会，将企业目前的处境，面临的困难，预计的风险和相应应措施清晰告诉股东。,002002_2016,29,34,5,Complaint,Q2批评交流会未坦诚披露处境和风险，针对A1笼统回答方式表达不满。,,,1
positive,目前公司大股东股票质押距离平仓线情况如何，是否存在被强制平仓的风险？在股票下跌过程中选择停牌进行重大资产重组的目的是否为避免股票质押平仓带来的风险？ 公司控股股东的有关重要事项以公司公告为准。,周董，来点干货吧，关注一下午了，谢谢。比如这次停牌收购等等,1,disclosure_detail,dep_reason,Q2明确针对A1回避回答进行催促，并提及Q1中的停牌收购要求提供具体信息。,目前公司大股东股票质押距离平仓线情况如何，是否存在被强制平仓的风险？在股票下跌过程中选择停牌进行重大资产重组的目的是否为避免股票质押平仓带来的风险？,公司控股股东的有关重要事项以公司公告为准。,周董，来点干货吧，关注一下午了，谢谢。比如这次停牌收购等等,002002_2017,6,9,3,Complaint,Q2明确针对A1回避回答进行催促，并提及Q1中的停牌收购要求提供具体信息。,,,1
positive,公司股票什么时候能复牌？ 公司及有关各方正在积极推挤本次重组的各项工作，待本次重组的具体方案确定后，公司董事会将审议并公告重大资产重组预案（或报告书），随后公司将按照深圳证券交易所的有关规定申请股票复牌。,你好，请问公司在公告可转债预案期间进行重大资产重组的考虑是什么，重大资产重组是否会影响可转债方案的推进？,2,restructuring,dep_reason,人工复核：A1解释复牌取决于重大资产重组方案，Q2继续追问重组与可转债方案的关系。,公司股票什么时候能复牌？,公司及有关各方正在积极推挤本次重组的各项工作，待本次重组的具体方案确定后，公司董事会将审议并公告重大资产重组预案（或报告书），随后公司将按照深圳证券交易所的有关规定申请股票复牌。,你好，请问公司在公告可转债预案期间进行重大资产重组的考虑是什么，重大资产重组是否会影响可转债方案的推进？,002002_2017,16,18,2,Elaboration,人工复核：A1解释复牌取决于重大资产重组方案，Q2继续追问重组与可转债方案的关系。,,,1
positive,你好，请问公司在公告可转债预案期间进行重大资产重组的考虑是什么，重大资产重组是否会影响可转债方案的推进？ 原盐为公司氯碱生产的主要原材料，为了进一步完善公司的产业链，公司筹划了本次资产收购事项。,本次收购资产采用何种收购方式？,1,disclosure_detail,dep_reason,Q2针对A1中明确的资产收购事项，进一步追问具体收购方式，属细节追问。,你好，请问公司在公告可转债预案期间进行重大资产重组的考虑是什么，重大资产重组是否会影响可转债方案的推进？,原盐为公司氯碱生产的主要原材料，为了进一步完善公司的产业链，公司筹划了本次资产收购事项。,本次收购资产采用何种收购方式？,002002_2017,18,19,1,Elaboration,Q2针对A1中明确的资产收购事项，进一步追问具体收购方式，属细节追问。,,,1
positive,周老板和大股东今年会增持公司股票吗？ 您好，感谢您对公司的关注。公司按照规定履行信息披露义务，公司的重大事项，请以公司在指定信息披露媒体发布的公告为准。公司生产经营状况良好，各项主营业务稳健发展，同时公司不断提高研发水平，开发适应市场需求的新产品，大力发展土壤改良、PVC生态屋等新业务，提高经营业绩和持续发展能力。,通辽市100万亩盐碱地土壤改良PPP项目进展如何？,1,disclosure_detail,dep_reason,Q2针对A1中提及的土壤改良新业务，追问通辽市百万吨盐碱地项目进展。,周老板和大股东今年会增持公司股票吗？,您好，感谢您对公司的关注。公司按照规定履行信息披露义务，公司的重大事项，请以公司在指定信息披露媒体发布的公告为准。公司生产经营状况良好，各项主营业务稳健发展，同时公司不断提高研发水平，开发适应市场需求的新产品，大力发展土壤改良、PVC生态屋等新业务，提高经营业绩和持续发展能力。,通辽市100万亩盐碱地土壤改良PPP项目进展如何？,002002_2017,25,26,1,Elaboration,Q2针对A1中提及的土壤改良新业务，追问通辽市百万吨盐碱地项目进展。,,,1
positive,公司目前最棘手的问题是什么。 近年来PVC、烧碱价格稳步上涨，行业景气度逐渐回升。公司希望抓住当前氯碱化工行业的良好发展机遇，借助资本市场的力量，通过发行可转债募集资金扩大pvc相关产品的生产规模，提升公司盈利能力和综合竞争优势，更好回报广大股东。,单纯靠自身发展比较缓慢，有无并购方面的考虑？,2,restructuring,dep_reason,Q2针对A1中靠自身募集资金扩大规模的发展路径，提出并购替代方案继续追问。,公司目前最棘手的问题是什么。,近年来PVC、烧碱价格稳步上涨，行业景气度逐渐回升。公司希望抓住当前氯碱化工行业的良好发展机遇，借助资本市场的力量，通过发行可转债募集资金扩大pvc相关产品的生产规模，提升公司盈利能力和综合竞争优势，更好回报广大股东。,单纯靠自身发展比较缓慢，有无并购方面的考虑？,002002_2018,7,12,5,Elaboration,Q2针对A1中靠自身募集资金扩大规模的发展路径，提出并购替代方案继续追问。,,,1
positive,为什么业绩如此差？ 2018年，公司在全体员工和管理层的共同努力下，各项工作取得较好成绩。今年公司将加大研发创新力度，打造“氢能源、新材料、大环保、交易所”业务协同发展的一体化循环经济产业链，提高经营业绩和持续盈利能力，创造更好的效益回报股东和社会。,请问周董事长：公司制定了“以化工新材料为基础，以资源能源为双翼，发展环保事业”的循环型经济发展战略，不过感觉目前公司在传统业务的比重还是比较高，附加值高的新兴产业的比重还有待提高。下一步如何加大公司创新体系的建设，加大科技和研发的投入？,2,strategy_planning,dep_reason,人工复核：A1用氢能源、新材料、大环保等战略解释业绩改善，Q2继续追问该战略执行和新兴产业占比。,为什么业绩如此差？,2018年，公司在全体员工和管理层的共同努力下，各项工作取得较好成绩。今年公司将加大研发创新力度，打造“氢能源、新材料、大环保、交易所”业务协同发展的一体化循环经济产业链，提高经营业绩和持续盈利能力，创造更好的效益回报股东和社会。,请问周董事长：公司制定了“以化工新材料为基础，以资源能源为双翼，发展环保事业”的循环型经济发展战略，不过感觉目前公司在传统业务的比重还是比较高，附加值高的新兴产业的比重还有待提高。下一步如何加大公司创新体系的建设，加大科技和研发的投入？,002002_2018,10,14,4,Challenge,人工复核：A1用氢能源、新材料、大环保等战略解释业绩改善，Q2继续追问该战略执行和新兴产业占比。,,,1
positive,单纯靠自身发展比较缓慢，有无并购方面的考虑？ 您好，感谢您对公司的关注。公司在用心经营企业的同时，努力做好资本运作，充分利用好资本市场对实体经济的促进作用，增强公司的盈利能力。公司正在打造“氢能源、新材料、大环保、交易所”四大业务协同发展的一体化循环经济产业链，在未来发展过程中，如有符合整体发展战略需要的资产，公司将会积极考虑，力争取得更好效益回报广大投资者。谢谢！,请问周董事长：公司制定了“以化工新材料为基础，以资源能源为双翼，发展环保事业”的循环型经济发展战略，不过感觉目前公司在传统业务的比重还是比较高，附加值高的新兴产业的比重还有待提高。下一步如何加大公司创新体系的建设，加大科技和研发的投入？,2,strategy_planning,dep_reason,人工复核：A1提到资本运作和四大业务协同发展，Q2继续追问循环经济战略及新兴产业执行情况。,单纯靠自身发展比较缓慢，有无并购方面的考虑？,您好，感谢您对公司的关注。公司在用心经营企业的同时，努力做好资本运作，充分利用好资本市场对实体经济的促进作用，增强公司的盈利能力。公司正在打造“氢能源、新材料、大环保、交易所”四大业务协同发展的一体化循环经济产业链，在未来发展过程中，如有符合整体发展战略需要的资产，公司将会积极考虑，力争取得更好效益回报广大投资者。谢谢！,请问周董事长：公司制定了“以化工新材料为基础，以资源能源为双翼，发展环保事业”的循环型经济发展战略，不过感觉目前公司在传统业务的比重还是比较高，附加值高的新兴产业的比重还有待提高。下一步如何加大公司创新体系的建设，加大科技和研发的投入？,002002_2018,12,14,2,Elaboration,人工复核：A1提到资本运作和四大业务协同发展，Q2继续追问循环经济战略及新兴产业执行情况。,,,1
positive,请问周董事长：周先生您好！您为何不断减持公司股票？即便可交换债换股价第二次下调到3.87元，您还在减持，您已经不看好公司了吗？ 公司已就控股股东发行可交换公司债券的发行情况、换股进展等按照规定进行了披露，有关具体情况详见公司披露的相关公告。,请问周奕丰董事长：周先生您为何不断通过可交换债减持公司股份？而且第二次触发换股价下调到3.87元还在不断减持，不看好公司了吗？减持给谁了？是减持给二级市场可怜的散户了吗？不是如此，为何在一季报中看不到您减持给哪家金融机构了呢？公司业绩有假您才如此无底线的减持吗？,1,disclosure_detail,dep_reason,Q2重复Q1并抱怨A1未正面回答，继续追问减持原因及质疑回避态度。,请问周董事长：周先生您好！您为何不断减持公司股票？即便可交换债换股价第二次下调到3.87元，您还在减持，您已经不看好公司了吗？,公司已就控股股东发行可交换公司债券的发行情况、换股进展等按照规定进行了披露，有关具体情况详见公司披露的相关公告。,请问周奕丰董事长：周先生您为何不断通过可交换债减持公司股份？而且第二次触发换股价下调到3.87元还在不断减持，不看好公司了吗？减持给谁了？是减持给二级市场可怜的散户了吗？不是如此，为何在一季报中看不到您减持给哪家金融机构了呢？公司业绩有假您才如此无底线的减持吗？,002002_2019,2,5,3,Complaint,Q2重复Q1并抱怨A1未正面回答，继续追问减持原因及质疑回避态度。,,,1
positive,董秘你好，目前国际疫情仍然较为严峻，疫情防控物资仍然是一个大缺口，作为口罩生产企业，方舱生产企业，为何贵公司近期业绩没有明显提升呢？请说明公司目前口罩和方舱的销售情况，谢谢 您好！感谢您的关注。公司生产防菌口罩、一次性使用医用口罩、KN95、医用防护口罩，目前已接到出口订单。同时，公司充分利用在国际市场的品牌和渠道优势，推动口罩产品在国际市场的销售。公司生产的PVC生态屋符合国家大力推广绿色建筑、绿色建材的方向，具有绿色环保、舒适节能、建设周期短等诸多优势，是适用、经济、美观的绿色建筑，其生产、安装、使用全过程符合绿色可持续发展理念，可用于方舱医院、移动工厂建设。PVC生态屋使用的建材以PVC板材为主，是可回收、可循环使用、对环境无害的绿色建材，PVC生态屋的建造方式是装配式的，主体结构、三合一墙板、屋顶等部件均在工厂进行生产加工，现场进行安装，公司正在积极开展PVC生态房屋销售推广。谢谢！,请问你们生产的是哪种类型的口罩？盈利情况还好吗？看国内市场上价格已走低。,1,disclosure_detail,dep_reason,Q2针对A1未说明销售和业绩情况继续追问盈利，依赖回答状态。,董秘你好，目前国际疫情仍然较为严峻，疫情防控物资仍然是一个大缺口，作为口罩生产企业，方舱生产企业，为何贵公司近期业绩没有明显提升呢？请说明公司目前口罩和方舱的销售情况，谢谢,您好！感谢您的关注。公司生产防菌口罩、一次性使用医用口罩、KN95、医用防护口罩，目前已接到出口订单。同时，公司充分利用在国际市场的品牌和渠道优势，推动口罩产品在国际市场的销售。公司生产的PVC生态屋符合国家大力推广绿色建筑、绿色建材的方向，具有绿色环保、舒适节能、建设周期短等诸多优势，是适用、经济、美观的绿色建筑，其生产、安装、使用全过程符合绿色可持续发展理念，可用于方舱医院、移动工厂建设。PVC生态屋使用的建材以PVC板材为主，是可回收、可循环使用、对环境无害的绿色建材，PVC生态屋的建造方式是装配式的，主体结构、三合一墙板、屋顶等部件均在工厂进行生产加工，现场进行安装，公司正在积极开展PVC生态房屋销售推广。谢谢！,请问你们生产的是哪种类型的口罩？盈利情况还好吗？看国内市场上价格已走低。,002002_2019,6,9,3,Elaboration,Q2针对A1未说明销售和业绩情况继续追问盈利，依赖回答状态。,,,1
positive,"PVC制品行业今年的行情还稳定吗？有没有受疫情而影响销售？ 公司下属子公司金材科技是国内规模最大的PVC包装材料生产基地之一，在PVC制品生产和销售方面拥有三十多年的行业经验，主要产品覆盖药用高阻隔PVC/PVDC、PVC/PE/PVDC复合包装材料，药用PVC/PE,PET/PE,PP/PE复合材料，药用PVC硬片，PTP铝箔，复合用PVC基材等药用包装材料，PVC建材、PVC生态屋等建筑装饰材料，产品广泛应用于医疗、建筑等领域。同时，该公司拥有十万级无尘洁净车间，生产防菌口罩、一次性医用口罩、KN95、医用防护口罩。目前公司PVC制品及口罩产品生产经营情况良好。",请问你们生产的是哪种类型的口罩？盈利情况还好吗？看国内市场上价格已走低。,2,performance_governance,dep_reason,Q2针对A1中提及的口罩产品追问具体类型及盈利情况，属内容依赖。,PVC制品行业今年的行情还稳定吗？有没有受疫情而影响销售？,"公司下属子公司金材科技是国内规模最大的PVC包装材料生产基地之一，在PVC制品生产和销售方面拥有三十多年的行业经验，主要产品覆盖药用高阻隔PVC/PVDC、PVC/PE/PVDC复合包装材料，药用PVC/PE,PET/PE,PP/PE复合材料，药用PVC硬片，PTP铝箔，复合用PVC基材等药用包装材料，PVC建材、PVC生态屋等建筑装饰材料，产品广泛应用于医疗、建筑等领域。同时，该公司拥有十万级无尘洁净车间，生产防菌口罩、一次性医用口罩、KN95、医用防护口罩。目前公司PVC制品及口罩产品生产经营情况良好。",请问你们生产的是哪种类型的口罩？盈利情况还好吗？看国内市场上价格已走低。,002002_2019,7,9,2,Elaboration,Q2针对A1中提及的口罩产品追问具体类型及盈利情况，属内容依赖。,,,1
positive,请介绍一下，公司2020年，那些业务会成为利润增长点，展望一下2020年业绩预期。作为长期坚守鸿达兴业的小股东，很受伤。 您好，感谢你的关注。今年公司将继续根据总体发展战略要求，以提升经营效益为重心，推动技术创新、产品创新、服务创新和管理创新，立足“氢能源、新材料、大环保、交易所”四大产业，围绕产业链实施产品和业务创新，向规模化、专业化的方向继续努力，创造更好的效益回报股东和社会。公司紧紧抓住氢能产业发展机遇，用好公司积累的技术、市场和上下游协同优势，大力发展氢能业务；加强稀土新材料的开发应用，发展节能的新型环保PVC制品、稀土抗菌PVC材料、稀土抗菌口罩、抗菌防护面罩等业务；加快在土壤改良领域的布局，大力发展土壤改良业务。,请问林先生，交易所填入上市公司以来，请说明一下年盈利能力，达标情况,2,performance_governance,dep_reason,Q2针对A1中提到的交易所产业追问盈利能力，依赖A1内容。,请介绍一下，公司2020年，那些业务会成为利润增长点，展望一下2020年业绩预期。作为长期坚守鸿达兴业的小股东，很受伤。,您好，感谢你的关注。今年公司将继续根据总体发展战略要求，以提升经营效益为重心，推动技术创新、产品创新、服务创新和管理创新，立足“氢能源、新材料、大环保、交易所”四大产业，围绕产业链实施产品和业务创新，向规模化、专业化的方向继续努力，创造更好的效益回报股东和社会。公司紧紧抓住氢能产业发展机遇，用好公司积累的技术、市场和上下游协同优势，大力发展氢能业务；加强稀土新材料的开发应用，发展节能的新型环保PVC制品、稀土抗菌PVC材料、稀土抗菌口罩、抗菌防护面罩等业务；加快在土壤改良领域的布局，大力发展土壤改良业务。,请问林先生，交易所填入上市公司以来，请说明一下年盈利能力，达标情况,002002_2019,10,12,2,Elaboration,Q2针对A1中提到的交易所产业追问盈利能力，依赖A1内容。,,,1
positive,请介绍一下，公司2020年，那些业务会成为利润增长点，展望一下2020年业绩预期。作为长期坚守鸿达兴业的小股东，很受伤。 您好，感谢你的关注。今年公司将继续根据总体发展战略要求，以提升经营效益为重心，推动技术创新、产品创新、服务创新和管理创新，立足“氢能源、新材料、大环保、交易所”四大产业，围绕产业链实施产品和业务创新，向规模化、专业化的方向继续努力，创造更好的效益回报股东和社会。公司紧紧抓住氢能产业发展机遇，用好公司积累的技术、市场和上下游协同优势，大力发展氢能业务；加强稀土新材料的开发应用，发展节能的新型环保PVC制品、稀土抗菌PVC材料、稀土抗菌口罩、抗菌防护面罩等业务；加快在土壤改良领域的布局，大力发展土壤改良业务。,作为董秘，对小股东互动平台关切的问题，希望给以积极正面准确的回答,2,answer_pressure,dep_reason,Q2针对A1未能积极正面准确回答Q1关切问题，进行催促和抱怨。,请介绍一下，公司2020年，那些业务会成为利润增长点，展望一下2020年业绩预期。作为长期坚守鸿达兴业的小股东，很受伤。,您好，感谢你的关注。今年公司将继续根据总体发展战略要求，以提升经营效益为重心，推动技术创新、产品创新、服务创新和管理创新，立足“氢能源、新材料、大环保、交易所”四大产业，围绕产业链实施产品和业务创新，向规模化、专业化的方向继续努力，创造更好的效益回报股东和社会。公司紧紧抓住氢能产业发展机遇，用好公司积累的技术、市场和上下游协同优势，大力发展氢能业务；加强稀土新材料的开发应用，发展节能的新型环保PVC制品、稀土抗菌PVC材料、稀土抗菌口罩、抗菌防护面罩等业务；加快在土壤改良领域的布局，大力发展土壤改良业务。,作为董秘，对小股东互动平台关切的问题，希望给以积极正面准确的回答,002002_2019,10,15,5,Complaint,Q2针对A1未能积极正面准确回答Q1关切问题，进行催促和抱怨。,,,1
positive,请问管理层，如何做好市值管理，这关系到人们对公司的信任度及中小投资者投资信心？ 公司重视市值管理工作，致力于做好经营管理各项工作，以创造好的业绩来回报投资者。同时公司在用心经营企业的同时，充分利用好资本市场对实体经济的促进作用，增强公司的盈利能力。公司于2020年3月10日发布了本次非公开发行股票的预案，本次非公开发行股票募集资金拟用于建设年产五万吨氢能项目，该项目有助于提升公司综合竞争力和盈利能力，符合公司及全体股东的利益。,据传闻，一个加氢站补贴400万。请问贵公司建成投产的氢液化工厂项目，目前盈利情况如何？,2,performance_governance,dep_reason,Q2针对A1中提及的氢能项目追问盈利情况，共享具体对象。,请问管理层，如何做好市值管理，这关系到人们对公司的信任度及中小投资者投资信心？,公司重视市值管理工作，致力于做好经营管理各项工作，以创造好的业绩来回报投资者。同时公司在用心经营企业的同时，充分利用好资本市场对实体经济的促进作用，增强公司的盈利能力。公司于2020年3月10日发布了本次非公开发行股票的预案，本次非公开发行股票募集资金拟用于建设年产五万吨氢能项目，该项目有助于提升公司综合竞争力和盈利能力，符合公司及全体股东的利益。,据传闻，一个加氢站补贴400万。请问贵公司建成投产的氢液化工厂项目，目前盈利情况如何？,002002_2019,11,16,5,Elaboration,Q2针对A1中提及的氢能项目追问盈利情况，共享具体对象。,,,1
positive,请问林先生，交易所填入上市公司以来，请说明一下年盈利能力，达标情况 您好，公司子公司广东塑料交易所股份有限公司的相关业绩情况详见公司定期报告等相关公告，感谢您的关注。,作为董秘，对小股东互动平台关切的问题，希望给以积极正面准确的回答,1,disclosure_detail,dep_reason,Q2针对A1仅以“详见公告”回避正面回答的表达方式，敦促董秘积极回应。,请问林先生，交易所填入上市公司以来，请说明一下年盈利能力，达标情况,您好，公司子公司广东塑料交易所股份有限公司的相关业绩情况详见公司定期报告等相关公告，感谢您的关注。,作为董秘，对小股东互动平台关切的问题，希望给以积极正面准确的回答,002002_2019,12,15,3,Complaint,Q2针对A1仅以“详见公告”回避正面回答的表达方式，敦促董秘积极回应。,,,1
positive,"近期马上就全员返回上学了，请问你们有对各地教育部门进行上门推荐吗？各种渠道做个产品推介吧，在全景网办个投资者回馈活动，也可以更好的宣传公司产品啊 您好!非常感谢您对公司的关注!对于您提出的建议,公司将会研究，对科学合理的建议进行探讨和借鉴。未来我们将继续做好经营管理各项工作，为股东创造更大的价值，积极回报广大投资者。谢谢!",作为董秘，对小股东互动平台关切的问题，希望给以积极正面准确的回答,2,answer_pressure,dep_reason,Q2针对A1的客套回应，明确要求董秘积极正面准确地回答，属于对回答状态的催促和抱怨。,近期马上就全员返回上学了，请问你们有对各地教育部门进行上门推荐吗？各种渠道做个产品推介吧，在全景网办个投资者回馈活动，也可以更好的宣传公司产品啊,"您好!非常感谢您对公司的关注!对于您提出的建议,公司将会研究，对科学合理的建议进行探讨和借鉴。未来我们将继续做好经营管理各项工作，为股东创造更大的价值，积极回报广大投资者。谢谢!",作为董秘，对小股东互动平台关切的问题，希望给以积极正面准确的回答,002002_2019,13,15,2,Complaint,Q2针对A1的客套回应，明确要求董秘积极正面准确地回答，属于对回答状态的催促和抱怨。,,,1
positive,公司有没有计划引入战略投资，毕竟战投资金，会长期稳定的促进公司发展。 您好，感谢您对公司的关注。公司在用心经营企业的同时，充分利用好资本市场对实体经济的促进作用，增强公司的盈利能力。公司积极打造“氢能源、新材料、大环保、交易所”四大业务协同发展的一体化循环经济产业链，在未来发展过程中，对于投资者提出的合理建议，公司管理层将会认真研究，对科学合理的建议进行探讨和借鉴。谢谢！,作为董秘，对小股东互动平台关切的问题，希望给以积极正面准确的回答,2,answer_pressure,dep_reason,Q2针对A1未正面回答Q1的引入战投问题，抱怨回答不够积极正面准确。,公司有没有计划引入战略投资，毕竟战投资金，会长期稳定的促进公司发展。,您好，感谢您对公司的关注。公司在用心经营企业的同时，充分利用好资本市场对实体经济的促进作用，增强公司的盈利能力。公司积极打造“氢能源、新材料、大环保、交易所”四大业务协同发展的一体化循环经济产业链，在未来发展过程中，对于投资者提出的合理建议，公司管理层将会认真研究，对科学合理的建议进行探讨和借鉴。谢谢！,作为董秘，对小股东互动平台关切的问题，希望给以积极正面准确的回答,002002_2019,14,15,1,Complaint,Q2针对A1未正面回答Q1的引入战投问题，抱怨回答不够积极正面准确。,,,1
positive,公司有没有计划引入战略投资，毕竟战投资金，会长期稳定的促进公司发展。 您好，感谢您对公司的关注。公司在用心经营企业的同时，充分利用好资本市场对实体经济的促进作用，增强公司的盈利能力。公司积极打造“氢能源、新材料、大环保、交易所”四大业务协同发展的一体化循环经济产业链，在未来发展过程中，对于投资者提出的合理建议，公司管理层将会认真研究，对科学合理的建议进行探讨和借鉴。谢谢！,有没有计划引入战投，毕竟战投是长期且稳定的投资资金,2,answer_pressure,dep_reason,Q2重复Q1核心问题，A1未正面回答，Q2继续追问。,公司有没有计划引入战略投资，毕竟战投资金，会长期稳定的促进公司发展。,您好，感谢您对公司的关注。公司在用心经营企业的同时，充分利用好资本市场对实体经济的促进作用，增强公司的盈利能力。公司积极打造“氢能源、新材料、大环保、交易所”四大业务协同发展的一体化循环经济产业链，在未来发展过程中，对于投资者提出的合理建议，公司管理层将会认真研究，对科学合理的建议进行探讨和借鉴。谢谢！,有没有计划引入战投，毕竟战投是长期且稳定的投资资金,002002_2019,14,17,3,Complaint,Q2重复Q1核心问题，A1未正面回答，Q2继续追问。,,,1
positive,有没有计划引入战投，毕竟战投是长期且稳定的投资资金 您好，感谢您的关注！公司2020年度第一次临时股东大会审议通过的《关于公司本次非公开发行股票预案的议案》，本次非公开发行股票募集资金拟用于年产五万吨氢能项目建设，本次发行的对象为包括公司控股股东鸿达兴业集团及符合中国证监会规定条件的证券投资基金管理公司、证券公司、信托公司、财务公司、保险机构投资者、合格境外机构投资者以及其他符合法律法规规定的法人、自然人或其他机构投资者等在内的不超过三十五名特定对象。,请问董事长，公司前期定增预案，融资49.85亿元，定增股数不超过7.77亿股，这个定增预案证监会受理了没有？如果没有受理，定增方案是否准备修改？修改后融资额度多少？定增股数又是多少？请回答，谢谢！,1,disclosure_detail,dep_reason,Q2针对A1中提到的非公开发行股票预案，追问证监会受理状态及修改细节。,有没有计划引入战投，毕竟战投是长期且稳定的投资资金,您好，感谢您的关注！公司2020年度第一次临时股东大会审议通过的《关于公司本次非公开发行股票预案的议案》，本次非公开发行股票募集资金拟用于年产五万吨氢能项目建设，本次发行的对象为包括公司控股股东鸿达兴业集团及符合中国证监会规定条件的证券投资基金管理公司、证券公司、信托公司、财务公司、保险机构投资者、合格境外机构投资者以及其他符合法律法规规定的法人、自然人或其他机构投资者等在内的不超过三十五名特定对象。,请问董事长，公司前期定增预案，融资49.85亿元，定增股数不超过7.77亿股，这个定增预案证监会受理了没有？如果没有受理，定增方案是否准备修改？修改后融资额度多少？定增股数又是多少？请回答，谢谢！,002002_2019,17,18,1,Elaboration,Q2针对A1中提到的非公开发行股票预案，追问证监会受理状态及修改细节。,,,1
positive,有没有计划引入战投，毕竟战投是长期且稳定的投资资金 您好，感谢您的关注！公司2020年度第一次临时股东大会审议通过的《关于公司本次非公开发行股票预案的议案》，本次非公开发行股票募集资金拟用于年产五万吨氢能项目建设，本次发行的对象为包括公司控股股东鸿达兴业集团及符合中国证监会规定条件的证券投资基金管理公司、证券公司、信托公司、财务公司、保险机构投资者、合格境外机构投资者以及其他符合法律法规规定的法人、自然人或其他机构投资者等在内的不超过三十五名特定对象。,请问周亦丰先生，鸿达兴业今年，增发股票的价格定为多少？,2,restructuring,dep_reason,Q2针对A1中非公开发行股票预案继续追问增发价格，依赖A1具体内容。,有没有计划引入战投，毕竟战投是长期且稳定的投资资金,您好，感谢您的关注！公司2020年度第一次临时股东大会审议通过的《关于公司本次非公开发行股票预案的议案》，本次非公开发行股票募集资金拟用于年产五万吨氢能项目建设，本次发行的对象为包括公司控股股东鸿达兴业集团及符合中国证监会规定条件的证券投资基金管理公司、证券公司、信托公司、财务公司、保险机构投资者、合格境外机构投资者以及其他符合法律法规规定的法人、自然人或其他机构投资者等在内的不超过三十五名特定对象。,请问周亦丰先生，鸿达兴业今年，增发股票的价格定为多少？,002002_2019,17,19,2,Elaboration,Q2针对A1中非公开发行股票预案继续追问增发价格，依赖A1具体内容。,,,1
positive,有没有计划引入战投，毕竟战投是长期且稳定的投资资金 您好，感谢您的关注！公司2020年度第一次临时股东大会审议通过的《关于公司本次非公开发行股票预案的议案》，本次非公开发行股票募集资金拟用于年产五万吨氢能项目建设，本次发行的对象为包括公司控股股东鸿达兴业集团及符合中国证监会规定条件的证券投资基金管理公司、证券公司、信托公司、财务公司、保险机构投资者、合格境外机构投资者以及其他符合法律法规规定的法人、自然人或其他机构投资者等在内的不超过三十五名特定对象。,公司一直在不断开拓新产业，各种融资颇多，有没有计划引入战投，毕竟战投资金长期且稳定！,2,answer_pressure,dep_reason,Q2重复Q1核心问题，因A1未正面回答“引入战投计划”而继续追问。,有没有计划引入战投，毕竟战投是长期且稳定的投资资金,您好，感谢您的关注！公司2020年度第一次临时股东大会审议通过的《关于公司本次非公开发行股票预案的议案》，本次非公开发行股票募集资金拟用于年产五万吨氢能项目建设，本次发行的对象为包括公司控股股东鸿达兴业集团及符合中国证监会规定条件的证券投资基金管理公司、证券公司、信托公司、财务公司、保险机构投资者、合格境外机构投资者以及其他符合法律法规规定的法人、自然人或其他机构投资者等在内的不超过三十五名特定对象。,公司一直在不断开拓新产业，各种融资颇多，有没有计划引入战投，毕竟战投资金长期且稳定！,002002_2019,17,21,4,Complaint,Q2重复Q1核心问题，因A1未正面回答“引入战投计划”而继续追问。,,,1
positive,请问董事长，公司前期定增预案，融资49.85亿元，定增股数不超过7.77亿股，这个定增预案证监会受理了没有？如果没有受理，定增方案是否准备修改？修改后融资额度多少？定增股数又是多少？请回答，谢谢！ 您好，公司2020年度第一次临时股东大会审议通过《关于公司本次非公开发行股票预案的议案》，本次非公开发行股票募集资金拟用于年产五万吨氢能项目建设。本次非公开发行的定价基准日为本次非公开发行股票发行期的首日，发行价格不低于定价基准日前二十个交易日股票交易均价的80%（定价基准日前20个交易日公司股票交易均价=定价基准日前20个交易日股票交易总额/定价基准日前20个交易日股票交易总量）。本次非公开发行股票的最终发行价格将在公司取得中国证监会关于本次发行的核准批文后，根据发行对象申购报价的情况，遵照价格优先等原则确定。,请问周亦丰先生，鸿达兴业今年，增发股票的价格定为多少？,1,disclosure_detail,dep_reason,Q2针对A1中关于发行价格确定方式的说明，继续追问具体定增价格。,请问董事长，公司前期定增预案，融资49.85亿元，定增股数不超过7.77亿股，这个定增预案证监会受理了没有？如果没有受理，定增方案是否准备修改？修改后融资额度多少？定增股数又是多少？请回答，谢谢！,您好，公司2020年度第一次临时股东大会审议通过《关于公司本次非公开发行股票预案的议案》，本次非公开发行股票募集资金拟用于年产五万吨氢能项目建设。本次非公开发行的定价基准日为本次非公开发行股票发行期的首日，发行价格不低于定价基准日前二十个交易日股票交易均价的80%（定价基准日前20个交易日公司股票交易均价=定价基准日前20个交易日股票交易总额/定价基准日前20个交易日股票交易总量）。本次非公开发行股票的最终发行价格将在公司取得中国证监会关于本次发行的核准批文后，根据发行对象申购报价的情况，遵照价格优先等原则确定。,请问周亦丰先生，鸿达兴业今年，增发股票的价格定为多少？,002002_2019,18,19,1,Elaboration,Q2针对A1中关于发行价格确定方式的说明，继续追问具体定增价格。,,,1
positive,请问周亦丰先生，鸿达兴业今年，增发股票的价格定为多少？ 您好，感谢您的关注！公司2020年度第一次临时股东大会审议通过的《关于公司本次非公开发行股票预案的议案》，本次非公开发行股票募集资金拟用于年产五万吨氢能项目建设。本次非公开发行的定价基准日为本次非公开发行股票发行期的首日，发行价格不低于定价基准日前二十个交易日股票交易均价的80%（定价基准日前20个交易日公司股票交易均价=定价基准日前20个交易日股票交易总额/定价基准日前20个交易日股票交易总量）。本次非公开发行股票的最终发行价格将在公司取得中国证监会关于本次发行的核准批文后，根据发行对象申购报价的情况，遵照价格优先等原则确定。,请问周董事长公司氢能产业规化，何时才能给公司带来利润？,2,performance_governance,dep_reason,Q2针对A1中提及的氢能项目建设继续追问利润预期时间。,请问周亦丰先生，鸿达兴业今年，增发股票的价格定为多少？,您好，感谢您的关注！公司2020年度第一次临时股东大会审议通过的《关于公司本次非公开发行股票预案的议案》，本次非公开发行股票募集资金拟用于年产五万吨氢能项目建设。本次非公开发行的定价基准日为本次非公开发行股票发行期的首日，发行价格不低于定价基准日前二十个交易日股票交易均价的80%（定价基准日前20个交易日公司股票交易均价=定价基准日前20个交易日股票交易总额/定价基准日前20个交易日股票交易总量）。本次非公开发行股票的最终发行价格将在公司取得中国证监会关于本次发行的核准批文后，根据发行对象申购报价的情况，遵照价格优先等原则确定。,请问周董事长公司氢能产业规化，何时才能给公司带来利润？,002002_2019,19,20,1,Elaboration,Q2针对A1中提及的氢能项目建设继续追问利润预期时间。,,,1
positive,作为独立董事，辛苦了！您是我们投资者代表，请您介绍一下你观察到的鸿达兴业，前景 您好，作为独立董事，我始终认真履行职责，参加公司召开的历次董事会会议和股东大会，独立判断，审慎决策。公司始终坚持“以化工新材料为基础，以资源能源为双翼，发展环保事业”的循环型经济发展战略，致力于成为国内最有竞争力的氯碱新材料生产企业。在做大做强氯碱业务的基础上，近年来，公司充分发挥产业链协同效应，发展循环经济，推动氢能源综合应用、土壤改良、PVC生态屋及环保材料、塑交所电子交易综合服务等业务发展。目前已形成“氢能源、新材料、大环保、交易所”四大业务协同发展的一体化循环经济产业链。近年来氯碱行业景气度较高，经营效益较好，同时，土壤修复、电子交易综合服务等业务也为公司带来利润贡献。作为公司独立董事和审计委员会召集人，我将继续监督公司规范运作，为公司发展积极提出建议和意见，维护广大投资者的利益。我认为该公司的所作所为始终坚持了“产业扎根，科技赋能，政策引领，金融助力”的长期价值观。从价值判断的角度来看，其前景值得期待。,请周董介绍一下氢能源相关业务进展情况，谢谢。,1,disclosure_detail,dep_reason,Q2针对A1中提到的氢能源业务进一步询问进展。,作为独立董事，辛苦了！您是我们投资者代表，请您介绍一下你观察到的鸿达兴业，前景,您好，作为独立董事，我始终认真履行职责，参加公司召开的历次董事会会议和股东大会，独立判断，审慎决策。公司始终坚持“以化工新材料为基础，以资源能源为双翼，发展环保事业”的循环型经济发展战略，致力于成为国内最有竞争力的氯碱新材料生产企业。在做大做强氯碱业务的基础上，近年来，公司充分发挥产业链协同效应，发展循环经济，推动氢能源综合应用、土壤改良、PVC生态屋及环保材料、塑交所电子交易综合服务等业务发展。目前已形成“氢能源、新材料、大环保、交易所”四大业务协同发展的一体化循环经济产业链。近年来氯碱行业景气度较高，经营效益较好，同时，土壤修复、电子交易综合服务等业务也为公司带来利润贡献。作为公司独立董事和审计委员会召集人，我将继续监督公司规范运作，为公司发展积极提出建议和意见，维护广大投资者的利益。我认为该公司的所作所为始终坚持了“产业扎根，科技赋能，政策引领，金融助力”的长期价值观。从价值判断的角度来看，其前景值得期待。,请周董介绍一下氢能源相关业务进展情况，谢谢。,002002_2019,24,28,4,Elaboration,Q2针对A1中提到的氢能源业务进一步询问进展。,,,1
positive,请问吴厚刚：吴总，您好！我是贵公司的一名股东，持有1500股。首先，非常感谢吴总和几位领导对獐子岛付出的心血和辛苦，在此，向你们致敬！有如下问题？1：该股公积金和未分配都很高，为什么没有送股？分红还没有行息高？2：海产品养殖，如何抵御和防范风险。有没有紧急预案？3：2007年希望公司加强企业内部品质管理，扩大宣传力度，加强营销手段。2008年让国人和国际友人品尝优美的海鲜。4：有机会我想到贵公司看一下，可以吗？携带什么手续？最后，希望獐子岛在吴总的领导下健康茁壮的成长，展翅飞翔。我打算持有3-4年。谢谢！ 感谢你对獐子岛的关心、支持和信任，分配问题公司董事会已经通过分配预案，需提交股东大会审议，公司有抵御各类风险的紧急预案，本次风暴潮是56年来不遇的，但是公司船舶、人员无任何损失，说明这个问题；公司一直十分关注营销，正在积极工作，做好2008年奥运营销；欢迎你到公司来，具体手续和时间请咨询证券事务部。谢谢！,请问吴厚刚：目前公司股价80元，而区区送0.7元，不是忽悠人吗？是你们不知道股本扩张的好处吗？还是你准备在你持有的股份9月可以上市再扩股呢？也就是说半年报应该有高送配的吧？,2,shareholder_return,dep_reason,Q2针对A1中分配预案继续质疑送股分红太少，追问原因和高管动机。,请问吴厚刚：吴总，您好！我是贵公司的一名股东，持有1500股。首先，非常感谢吴总和几位领导对獐子岛付出的心血和辛苦，在此，向你们致敬！有如下问题？1：该股公积金和未分配都很高，为什么没有送股？分红还没有行息高？2：海产品养殖，如何抵御和防范风险。有没有紧急预案？3：2007年希望公司加强企业内部品质管理，扩大宣传力度，加强营销手段。2008年让国人和国际友人品尝优美的海鲜。4：有机会我想到贵公司看一下，可以吗？携带什么手续？最后，希望獐子岛在吴总的领导下健康茁壮的成长，展翅飞翔。我打算持有3-4年。谢谢！,感谢你对獐子岛的关心、支持和信任，分配问题公司董事会已经通过分配预案，需提交股东大会审议，公司有抵御各类风险的紧急预案，本次风暴潮是56年来不遇的，但是公司船舶、人员无任何损失，说明这个问题；公司一直十分关注营销，正在积极工作，做好2008年奥运营销；欢迎你到公司来，具体手续和时间请咨询证券事务部。谢谢！,请问吴厚刚：目前公司股价80元，而区区送0.7元，不是忽悠人吗？是你们不知道股本扩张的好处吗？还是你准备在你持有的股份9月可以上市再扩股呢？也就是说半年报应该有高送配的吧？,002069_2006,0,1,1,Challenge,Q2针对A1中分配预案继续质疑送股分红太少，追问原因和高管动机。,,,1
positive,请问吴厚刚：吴总，您好！我是贵公司的一名股东，持有1500股。首先，非常感谢吴总和几位领导对獐子岛付出的心血和辛苦，在此，向你们致敬！有如下问题？1：该股公积金和未分配都很高，为什么没有送股？分红还没有行息高？2：海产品养殖，如何抵御和防范风险。有没有紧急预案？3：2007年希望公司加强企业内部品质管理，扩大宣传力度，加强营销手段。2008年让国人和国际友人品尝优美的海鲜。4：有机会我想到贵公司看一下，可以吗？携带什么手续？最后，希望獐子岛在吴总的领导下健康茁壮的成长，展翅飞翔。我打算持有3-4年。谢谢！ 感谢你对獐子岛的关心、支持和信任，分配问题公司董事会已经通过分配预案，需提交股东大会审议，公司有抵御各类风险的紧急预案，本次风暴潮是56年来不遇的，但是公司船舶、人员无任何损失，说明这个问题；公司一直十分关注营销，正在积极工作，做好2008年奥运营销；欢迎你到公司来，具体手续和时间请咨询证券事务部。谢谢！,请问吴厚刚：这么高的公积金和收益为什么不送转,1,disclosure_detail,dep_reason,Q2重复追问Q1中未获实质性解释的送转问题，A1仅程序性回复。,请问吴厚刚：吴总，您好！我是贵公司的一名股东，持有1500股。首先，非常感谢吴总和几位领导对獐子岛付出的心血和辛苦，在此，向你们致敬！有如下问题？1：该股公积金和未分配都很高，为什么没有送股？分红还没有行息高？2：海产品养殖，如何抵御和防范风险。有没有紧急预案？3：2007年希望公司加强企业内部品质管理，扩大宣传力度，加强营销手段。2008年让国人和国际友人品尝优美的海鲜。4：有机会我想到贵公司看一下，可以吗？携带什么手续？最后，希望獐子岛在吴总的领导下健康茁壮的成长，展翅飞翔。我打算持有3-4年。谢谢！,感谢你对獐子岛的关心、支持和信任，分配问题公司董事会已经通过分配预案，需提交股东大会审议，公司有抵御各类风险的紧急预案，本次风暴潮是56年来不遇的，但是公司船舶、人员无任何损失，说明这个问题；公司一直十分关注营销，正在积极工作，做好2008年奥运营销；欢迎你到公司来，具体手续和时间请咨询证券事务部。谢谢！,请问吴厚刚：这么高的公积金和收益为什么不送转,002069_2006,0,2,2,Complaint,Q2重复追问Q1中未获实质性解释的送转问题，A1仅程序性回复。,,,1
positive,请问吴厚刚：目前公司股价80元，而区区送0.7元，不是忽悠人吗？是你们不知道股本扩张的好处吗？还是你准备在你持有的股份9月可以上市再扩股呢？也就是说半年报应该有高送配的吧？ 是否进行股本扩张，是要结合企业所处的发展阶段及其发展战略来统筹安排的。公司股份仅仅在数量上的变化，不能成为决定公司价值的根本性因素。公司金融政策要全盘考虑所有股东的利益和股东们长期的、持续的利益。但公司肯定会在适当的时机进行股本扩张的，希望广大投资者理解公司管理层的决策。谢谢！,请问吴厚刚：这么高的公积金和收益为什么不送转,1,disclosure_detail,dep_reason,Q2针对A1未解释高公积金高收益下仍不送转的原因继续追问，要求具体说明。,请问吴厚刚：目前公司股价80元，而区区送0.7元，不是忽悠人吗？是你们不知道股本扩张的好处吗？还是你准备在你持有的股份9月可以上市再扩股呢？也就是说半年报应该有高送配的吧？,是否进行股本扩张，是要结合企业所处的发展阶段及其发展战略来统筹安排的。公司股份仅仅在数量上的变化，不能成为决定公司价值的根本性因素。公司金融政策要全盘考虑所有股东的利益和股东们长期的、持续的利益。但公司肯定会在适当的时机进行股本扩张的，希望广大投资者理解公司管理层的决策。谢谢！,请问吴厚刚：这么高的公积金和收益为什么不送转,002069_2006,1,2,1,Elaboration,Q2针对A1未解释高公积金高收益下仍不送转的原因继续追问，要求具体说明。,,,1
positive,请问吴厚刚：这么高的公积金和收益为什么不送转 这主要是由于公司刚上市时间不长，公司的发展借助资本市场跨上了一个新的平台，这要求公司对未来的发展，包括公司金融政策，作出进一步的深入研究，同时，公司对资本市场更为深入的认识也需要一个过程。显然，公司金融政策将对公司未来发展产生深刻、持续的影响，公司对此是非常慎重的，正所谓“知己知彼百战不殆”。在公司关于公司金融政策对公司未来发展的影响的认识达到一定高度后，公司将根据实际情况适时推出合理的股本扩张方案。出于企业价值长期最大化的考虑，希望投资者能把公司此次分配预案定性为一个财务问题。谢谢！,请问吴厚刚：公司刚上市，为什么就进行高比例分红？,2,shareholder_return,dep_reason,Q2承接A1中‘刚上市’和金融政策解释，继续质疑高比例分红安排。,请问吴厚刚：这么高的公积金和收益为什么不送转,这主要是由于公司刚上市时间不长，公司的发展借助资本市场跨上了一个新的平台，这要求公司对未来的发展，包括公司金融政策，作出进一步的深入研究，同时，公司对资本市场更为深入的认识也需要一个过程。显然，公司金融政策将对公司未来发展产生深刻、持续的影响，公司对此是非常慎重的，正所谓“知己知彼百战不殆”。在公司关于公司金融政策对公司未来发展的影响的认识达到一定高度后，公司将根据实际情况适时推出合理的股本扩张方案。出于企业价值长期最大化的考虑，希望投资者能把公司此次分配预案定性为一个财务问题。谢谢！,请问吴厚刚：公司刚上市，为什么就进行高比例分红？,002069_2006,2,3,1,Challenge,Q2承接A1中‘刚上市’和金融政策解释，继续质疑高比例分红安排。,,,1
positive,请问吴厚刚：这么高的公积金和收益为什么不送转 这主要是由于公司刚上市时间不长，公司的发展借助资本市场跨上了一个新的平台，这要求公司对未来的发展，包括公司金融政策，作出进一步的深入研究，同时，公司对资本市场更为深入的认识也需要一个过程。显然，公司金融政策将对公司未来发展产生深刻、持续的影响，公司对此是非常慎重的，正所谓“知己知彼百战不殆”。在公司关于公司金融政策对公司未来发展的影响的认识达到一定高度后，公司将根据实际情况适时推出合理的股本扩张方案。出于企业价值长期最大化的考虑，希望投资者能把公司此次分配预案定性为一个财务问题。谢谢！,请问吴厚刚：年终为何不送股,2,shareholder_return,dep_reason,Q2重复追问A1未正面解释的不送转核心问题。,请问吴厚刚：这么高的公积金和收益为什么不送转,这主要是由于公司刚上市时间不长，公司的发展借助资本市场跨上了一个新的平台，这要求公司对未来的发展，包括公司金融政策，作出进一步的深入研究，同时，公司对资本市场更为深入的认识也需要一个过程。显然，公司金融政策将对公司未来发展产生深刻、持续的影响，公司对此是非常慎重的，正所谓“知己知彼百战不殆”。在公司关于公司金融政策对公司未来发展的影响的认识达到一定高度后，公司将根据实际情况适时推出合理的股本扩张方案。出于企业价值长期最大化的考虑，希望投资者能把公司此次分配预案定性为一个财务问题。谢谢！,请问吴厚刚：年终为何不送股,002069_2006,2,7,5,Complaint,Q2重复追问A1未正面解释的不送转核心问题。,,,1
positive,请问吴厚刚：公司刚上市，为什么就进行高比例分红？ 对于这个问题，公司是在深入调查当前上市公司的分红实践情况、综合考虑广大股东的各方面利益需求和股东权利之后，并结合公司自身实际情况，作出的决定。首先，47％的分红比例在当前各个上市公司日益重视对股东的现金回报的市场背景下，不能算是非常高的比例；其次，广大的股东既有着即期消费的需求，又有持有资产未来增值的要求。前些年许多上市公司不注重分红，它们已经被市场所冷落甚至抛弃，我们要以此为戒。最后，公司将大部分收益留存再投资，将为公司股东谋取更大的价值。因为公司所投资的项目具备较高的收益能力。,请问吴厚刚：年终为何不送股,1,disclosure_detail,dep_reason,A1针对特定作为进行解释，Q2继续向核心对象吴厚刚发问追究细节。,请问吴厚刚：公司刚上市，为什么就进行高比例分红？,对于这个问题，公司是在深入调查当前上市公司的分红实践情况、综合考虑广大股东的各方面利益需求和股东权利之后，并结合公司自身实际情况，作出的决定。首先，47％的分红比例在当前各个上市公司日益重视对股东的现金回报的市场背景下，不能算是非常高的比例；其次，广大的股东既有着即期消费的需求，又有持有资产未来增值的要求。前些年许多上市公司不注重分红，它们已经被市场所冷落甚至抛弃，我们要以此为戒。最后，公司将大部分收益留存再投资，将为公司股东谋取更大的价值。因为公司所投资的项目具备较高的收益能力。,请问吴厚刚：年终为何不送股,002069_2006,3,7,4,Elaboration,A1针对特定作为进行解释，Q2继续向核心对象吴厚刚发问追究细节。,,,1
positive,请问吴厚刚：目前国内销售渠道的建设的怎么样了？ 2006年度公司以上市和获得水产品首个驰名商标为契机，以金贝广场为依托，对多个品系的产品国内销售渠道进行了整合，经销商、代理商、加盟商队伍进一步扩大，销售网络不断拓宽，产品进入人民大会堂；在国际市场方面公司积极与客户沟通，保持了市场稳定。这些成果综合体现为：首先，公司盈利能力最强的行业养殖业的收入增长达37.64％；其次，公司加工业在国内市场的拓展初现成效，收入增幅达到46.04％。谢谢！,请问吴厚刚：07年目前生产、销售、利润等情况？预计07、08年每股收益是多少？,1,disclosure_detail,dep_reason,A1给出2006年度具体数据，Q2继续向同一对象追问相关细节。,请问吴厚刚：目前国内销售渠道的建设的怎么样了？,2006年度公司以上市和获得水产品首个驰名商标为契机，以金贝广场为依托，对多个品系的产品国内销售渠道进行了整合，经销商、代理商、加盟商队伍进一步扩大，销售网络不断拓宽，产品进入人民大会堂；在国际市场方面公司积极与客户沟通，保持了市场稳定。这些成果综合体现为：首先，公司盈利能力最强的行业养殖业的收入增长达37.64％；其次，公司加工业在国内市场的拓展初现成效，收入增幅达到46.04％。谢谢！,请问吴厚刚：07年目前生产、销售、利润等情况？预计07、08年每股收益是多少？,002069_2006,9,13,4,Elaboration,A1给出2006年度具体数据，Q2继续向同一对象追问相关细节。,,,1
positive,"请问吴厚刚：请问吴总:据本人了解公司05年绩效工资6000万,06年增25%于业绩相比是否增长过快? 主要原因是：公司新建项目投产，员工数量增加，同时，进一步强化内部管理，增加管理部门设置和人员配置。谢谢！","请问周波：你回答的不对.近几年现金流量表中披露,每年支付给职工的现金都在1亿左右,如果说计提的7500万都在2006年发放的话,公司2006年就给职工支付了1.75亿,这不是大幅度提高奖金吗?",2,answer_pressure,dep_reason,Q2直接指出A1回答不对，并用具体数据质疑奖金大幅提高，针对回答内容进行反驳和施压。,"请问吴厚刚：请问吴总:据本人了解公司05年绩效工资6000万,06年增25%于业绩相比是否增长过快?",主要原因是：公司新建项目投产，员工数量增加，同时，进一步强化内部管理，增加管理部门设置和人员配置。谢谢！,"请问周波：你回答的不对.近几年现金流量表中披露,每年支付给职工的现金都在1亿左右,如果说计提的7500万都在2006年发放的话,公司2006年就给职工支付了1.75亿,这不是大幅度提高奖金吗?",002069_2006,20,24,4,Challenge,Q2直接指出A1回答不对，并用具体数据质疑奖金大幅提高，针对回答内容进行反驳和施压。,,,1
positive,请问吴厚刚：公司有无制定股权激励方案的打算 公司正在研究这个问题。至于什么时候能推出，一方面取决于公司届时的实际公司治理状况，另一方面还要取决于监管部门的审核情况及相关制度规定。但公司董事会会认真研究这个问题，争取制订一个完善的方案使得公司经理层得到更好的激励，以进一步统一公司经理层与公司全体股东的利益，为公司股东利益最大化奠定制度保障。谢谢！,请问王欣红：回答问题请具体一些,2,answer_pressure,dep_reason,Q2明确针对A1回答不具体进行催促。,请问吴厚刚：公司有无制定股权激励方案的打算,公司正在研究这个问题。至于什么时候能推出，一方面取决于公司届时的实际公司治理状况，另一方面还要取决于监管部门的审核情况及相关制度规定。但公司董事会会认真研究这个问题，争取制订一个完善的方案使得公司经理层得到更好的激励，以进一步统一公司经理层与公司全体股东的利益，为公司股东利益最大化奠定制度保障。谢谢！,请问王欣红：回答问题请具体一些,002069_2006,38,42,4,Complaint,Q2明确针对A1回答不具体进行催促。,,,1
positive,请问吴厚刚：谢谢吴董回答我的问题，但我还想问问你怎么看待目前本公司股价？公司的业绩和现在的８０元股价成正比吗？为什么从９９元跌到现在？ 公司股票价格是股票市场竞价的实际结果，这不仅仅取决于公司的基本面状况，还取决于市场投资者队伍的构成和理性程度、证券市场法律制度的完善程度以及各类金融工具的收益水平。公司管理层能做到的就是专心经营主业，用好股东的每一分钱。但我认为在股权分置改革完成后我国股票市场已经扫除了一个根本性的制度障碍，机构投资者队伍的发展迅速，股票价格能较好地反映股票价值，同时，獐子岛股票被众多理性机构投资者所持有。因此我相信獐子岛的股票价格是合理的。谢谢！,请问王欣红：回答问题请具体一些,2,answer_pressure,dep_reason,Q2明确针对A1回答不具体进行催促，虽然提问对象改变，但核心是抱怨回答笼统。,请问吴厚刚：谢谢吴董回答我的问题，但我还想问问你怎么看待目前本公司股价？公司的业绩和现在的８０元股价成正比吗？为什么从９９元跌到现在？,公司股票价格是股票市场竞价的实际结果，这不仅仅取决于公司的基本面状况，还取决于市场投资者队伍的构成和理性程度、证券市场法律制度的完善程度以及各类金融工具的收益水平。公司管理层能做到的就是专心经营主业，用好股东的每一分钱。但我认为在股权分置改革完成后我国股票市场已经扫除了一个根本性的制度障碍，机构投资者队伍的发展迅速，股票价格能较好地反映股票价值，同时，獐子岛股票被众多理性机构投资者所持有。因此我相信獐子岛的股票价格是合理的。谢谢！,请问王欣红：回答问题请具体一些,002069_2006,39,42,3,Complaint,Q2明确针对A1回答不具体进行催促，虽然提问对象改变，但核心是抱怨回答笼统。,,,1
positive,公司应收帐款为什么大幅增长？ 答：主要是由于公司年末采用信用证结算方式的出口商品货款未收回所致。谢谢！,请问王欣红：回答问题请具体一些,2,answer_pressure,dep_reason,Q2明确针对A1回答不具体进行催促。,公司应收帐款为什么大幅增长？,答：主要是由于公司年末采用信用证结算方式的出口商品货款未收回所致。谢谢！,请问王欣红：回答问题请具体一些,002069_2006,40,42,2,Complaint,Q2明确针对A1回答不具体进行催促。,,,1
positive,"请问吴厚刚：对于今后其他水产公司的陆续上市,面对竞争公司有何战略?谢谢! 公司产品营销已与专家合作，活品·冻品·国内外市场已都有安排。正在全面启动。新品将借助渠道销售。",请问王欣红：回答问题请具体一些,2,answer_pressure,dep_reason,Q2明确针对A1回答不具体进行催促。,"请问吴厚刚：对于今后其他水产公司的陆续上市,面对竞争公司有何战略?谢谢!",公司产品营销已与专家合作，活品·冻品·国内外市场已都有安排。正在全面启动。新品将借助渠道销售。,请问王欣红：回答问题请具体一些,002069_2006,41,42,1,Complaint,Q2明确针对A1回答不具体进行催促。,,,1
positive,请问吴厚刚：公司的海参养殖业务至今没有突破，今年年报显示海参业务的毛利率远低于竞争对手好当家，请问原因何在？ 请关注年报分析。,请问吴厚刚：为什么每次听到的都是冠冕堂皇的措辞，而公司业绩增长却一点没有气色？？,1,disclosure_detail,dep_reason,Q2针对A1的回避性措辞进行抱怨，并质疑公司业绩无改善。,请问吴厚刚：公司的海参养殖业务至今没有突破，今年年报显示海参业务的毛利率远低于竞争对手好当家，请问原因何在？,请关注年报分析。,请问吴厚刚：为什么每次听到的都是冠冕堂皇的措辞，而公司业绩增长却一点没有气色？？,002069_2007,27,30,3,Complaint,Q2针对A1的回避性措辞进行抱怨，并质疑公司业绩无改善。,,,1
positive,公司经营活动现金流量为什么是负的？ 主要是增加虾夷扇贝、鲍鱼养殖规模，购买苗种及养殖物资增加；加工规模扩大，外购原料加工后的虾夷贝柱、海参产品尚未销售所致。谢谢！,请问吴厚刚：为什么每次听到的都是冠冕堂皇的措辞，而公司业绩增长却一点没有气色？？,2,performance_governance,dep_reason,Q2针对A1及过往回答冠冕堂皇的措辞提出抱怨，质疑回答真实性，并追问业绩无起色。,公司经营活动现金流量为什么是负的？,主要是增加虾夷扇贝、鲍鱼养殖规模，购买苗种及养殖物资增加；加工规模扩大，外购原料加工后的虾夷贝柱、海参产品尚未销售所致。谢谢！,请问吴厚刚：为什么每次听到的都是冠冕堂皇的措辞，而公司业绩增长却一点没有气色？？,002069_2007,28,30,2,Complaint,Q2针对A1及过往回答冠冕堂皇的措辞提出抱怨，质疑回答真实性，并追问业绩无起色。,,,1
positive,请问周波：为什么公司去年净利润增幅低于主营业务利润的增长？ 这主要是本期加大营销与宣传力度，提升产品包装质量，物流成本有所增加；同时，进一步强化内部管理，增加管理部门设置和人员配置，工资性费用、日常经费增长，使得营业费用与管理费用有所增加。谢谢！,请问周波：07年度报告管理层讨论与分析显示：“食品加工产业实力得到显著提高。荣成食品有限公司开业投产，公司金贝广场、荣成食品有限公司的水产品精深加工产品如调理食品、裹粉食品等国外订单大幅增长，弥补了虾夷扇贝冻品因食品安全争端出口受阻的局面”。可为何（荣成）食品有限公司的财务利润为-111.01万元？,1,disclosure_detail,dep_reason,A1给出主要原因后，Q2继续向同一对象周波追问具体细节。,请问周波：为什么公司去年净利润增幅低于主营业务利润的增长？,这主要是本期加大营销与宣传力度，提升产品包装质量，物流成本有所增加；同时，进一步强化内部管理，增加管理部门设置和人员配置，工资性费用、日常经费增长，使得营业费用与管理费用有所增加。谢谢！,请问周波：07年度报告管理层讨论与分析显示：“食品加工产业实力得到显著提高。荣成食品有限公司开业投产，公司金贝广场、荣成食品有限公司的水产品精深加工产品如调理食品、裹粉食品等国外订单大幅增长，弥补了虾夷扇贝冻品因食品安全争端出口受阻的局面”。可为何（荣成）食品有限公司的财务利润为-111.01万元？,002069_2007,37,41,4,Elaboration,A1给出主要原因后，Q2继续向同一对象周波追问具体细节。,,,1
positive,请问吴厚刚：请问，贵公司股票价格是否反映公司的价值，股价是否会继续下探，支撑位在那里 股票价格由市场决定，多关注市场。,请问吴厚刚：国家战略----以庞大农村做为大后盾，规避通涨，002069作为农业“第一股”，价值何在？公司高层是否认可目前二级市场股价？？公司对于提高投资方信心，有什么招没？？谢谢！,1,disclosure_detail,dep_reason,Q2针对A1回避股价价值问题继续追问，属于同一核心问题的延续。,请问吴厚刚：请问，贵公司股票价格是否反映公司的价值，股价是否会继续下探，支撑位在那里,股票价格由市场决定，多关注市场。,请问吴厚刚：国家战略----以庞大农村做为大后盾，规避通涨，002069作为农业“第一股”，价值何在？公司高层是否认可目前二级市场股价？？公司对于提高投资方信心，有什么招没？？谢谢！,002069_2007,73,77,4,Complaint,Q2针对A1回避股价价值问题继续追问，属于同一核心问题的延续。,,,1
positive,请问吴厚刚：国家战略----以庞大农村做为大后盾，规避通涨，002069作为农业“第一股”，价值何在？公司高层是否认可目前二级市场股价？？公司对于提高投资方信心，有什么招没？？谢谢！ 关注公司的相关报道和公告；公司的发展必须考虑持续性，要靠软实力。,请问吴厚刚：未来较长的一个时期内，海珍品行业将处于黄金发展期，这主要受益于需求与供给的矛盾，需求方面，国民收入持续增长及消费结构升级所带动的高端消费市场前景广阔，而海域资源的稀缺性又意味着未来海珍品的供给增长空间有限。！但是，我们注意到海珍品养殖上市企业的产量在这个行业的产量中是及其有限的，公司将如何应对来自行业产量和价格引起的波动性？,1,disclosure_detail,dep_reason,A1以“关注公司”进行回避，Q2继续向同一对象吴厚刚发问以示不满。,请问吴厚刚：国家战略----以庞大农村做为大后盾，规避通涨，002069作为农业“第一股”，价值何在？公司高层是否认可目前二级市场股价？？公司对于提高投资方信心，有什么招没？？谢谢！,关注公司的相关报道和公告；公司的发展必须考虑持续性，要靠软实力。,请问吴厚刚：未来较长的一个时期内，海珍品行业将处于黄金发展期，这主要受益于需求与供给的矛盾，需求方面，国民收入持续增长及消费结构升级所带动的高端消费市场前景广阔，而海域资源的稀缺性又意味着未来海珍品的供给增长空间有限。！但是，我们注意到海珍品养殖上市企业的产量在这个行业的产量中是及其有限的，公司将如何应对来自行业产量和价格引起的波动性？,002069_2007,77,78,1,Complaint,A1以“关注公司”进行回避，Q2继续向同一对象吴厚刚发问以示不满。,,,1
positive,请问吴厚刚：从主营业务的利润贡献来看，虾夷扇贝类的贡献比重达到了72%，海参的主营业务利润贡献比重超过了它的收入占比。公司的海参业务未来是否会有更大增长？有没有具体的目标 上市以来公司几大品种的养殖规模都有一定的扩大。请关注公告。,从主营业务的利润贡献来看，虾夷扇贝类的贡献比重达到了72%，海参的主营业务利润贡献比重超过了它的收入占比。公司的海参业务未来是否会有更大增长？有没有具体的目标,2,answer_pressure,dep_reason,Q2完全重复Q1问题，因A1未予回答，构成催促追问。,请问吴厚刚：从主营业务的利润贡献来看，虾夷扇贝类的贡献比重达到了72%，海参的主营业务利润贡献比重超过了它的收入占比。公司的海参业务未来是否会有更大增长？有没有具体的目标,上市以来公司几大品种的养殖规模都有一定的扩大。请关注公告。,从主营业务的利润贡献来看，虾夷扇贝类的贡献比重达到了72%，海参的主营业务利润贡献比重超过了它的收入占比。公司的海参业务未来是否会有更大增长？有没有具体的目标,002069_2007,81,86,5,Complaint,Q2完全重复Q1问题，因A1未予回答，构成催促追问。,,,1
positive,吴总说做养老股，我买了2年，套了2年，是否可以长期持有？ 市场靠自我把握呀！,"请问王欣红：吴总为何说话那么谨慎啊！？是不是后悔说了""獐子岛是养老股“？还有獐子岛冲高时，你有没有减持？（冲高的题材可是你创造的哦！）",1,disclosure_detail,dep_reason,Q2质疑吴总回答谨慎，针对A1回避态度追问。,吴总说做养老股，我买了2年，套了2年，是否可以长期持有？,市场靠自我把握呀！,"请问王欣红：吴总为何说话那么谨慎啊！？是不是后悔说了""獐子岛是养老股“？还有獐子岛冲高时，你有没有减持？（冲高的题材可是你创造的哦！）",002069_2007,83,85,2,Complaint,Q2质疑吴总回答谨慎，针对A1回避态度追问。,,,1
positive,请问吴厚刚：请问老吴公司什么时候能实现业绩的快速增长 公司一直在进行这方面的努力。海域资源的稀缺性即为海珍品市场的高景气运行提供了物质基础，也是产能扩张的限制性前提，这是矛盾的两个方面。公司一方面将积极寻求优质海域资源以追求外延式增长，另一方面也将不断努力提高市场化运作水平，打造品牌，提升渠道建设，以追求内涵式增长。谢谢！,"请问吴厚刚：请问公司产品有季节性吗,旺季在几月,就目前看,08年业绩能增涨吗,现在有没有并购其他同行业企业的想法",2,answer_pressure,dep_reason,A1以一直在努力等笼统话语敷衍，Q2再次直接针对核心对象发问催促实质回答。,请问吴厚刚：请问老吴公司什么时候能实现业绩的快速增长,公司一直在进行这方面的努力。海域资源的稀缺性即为海珍品市场的高景气运行提供了物质基础，也是产能扩张的限制性前提，这是矛盾的两个方面。公司一方面将积极寻求优质海域资源以追求外延式增长，另一方面也将不断努力提高市场化运作水平，打造品牌，提升渠道建设，以追求内涵式增长。谢谢！,"请问吴厚刚：请问公司产品有季节性吗,旺季在几月,就目前看,08年业绩能增涨吗,现在有没有并购其他同行业企业的想法",002069_2007,93,94,1,Complaint,A1以一直在努力等笼统话语敷衍，Q2再次直接针对核心对象发问催促实质回答。,,,1
positive,请问吴厚刚：请问吴总：虾夷扇贝目前价格如何？听说有一定的上涨！ 总体平稳!,请问吴厚刚：虾夷扇贝目前价格到底如何？其它产品如鲍鱼等的价格？听说有一定的上涨！,2,answer_pressure,dep_reason,Q2针对A1笼统回答“总体平稳”继续追问虾夷扇贝具体价格，表达对回答不充分的不满。,请问吴厚刚：请问吴总：虾夷扇贝目前价格如何？听说有一定的上涨！,总体平稳!,请问吴厚刚：虾夷扇贝目前价格到底如何？其它产品如鲍鱼等的价格？听说有一定的上涨！,002069_2007,98,101,3,Complaint,Q2针对A1笼统回答“总体平稳”继续追问虾夷扇贝具体价格，表达对回答不充分的不满。,,,1
positive,"请问吴厚刚：请问董事长：你认为公司未来的业绩会增长很大吗?和好当家\东方海洋这些公司竞争,你的优势在哪里,只是清洁的海域,北纬39度,请吴董事长作答,因为我重仓持有002069,现在对该公司还看不到希望。 未来是不确定的，公司能作到的就是专营主业，努力把主业做强做大。至于未来业绩增长多大，目前只能依据公司的基本素质和所处行业发展状况来进行常态性的判断——公司未来业绩应该是会持续稳定增长的。以好当家为例，我们在养殖业务方面，主导产品存在一定的差异；加工业务方面我们主要从事海产品加工，与好当家的差异比较明显。公司的海域资源更为丰富一些，养殖业规模更大一些，同时在养殖方式上存在明显差异，我们主要是底播增养殖方式，由此生产出来的产品品质非常好，还有一定的天然概念。",什么时候才开始啊,1,disclosure_detail,dep_reason,Q2追问A1中业绩增长的具体开始时间，需要更多细节。,"请问吴厚刚：请问董事长：你认为公司未来的业绩会增长很大吗?和好当家\东方海洋这些公司竞争,你的优势在哪里,只是清洁的海域,北纬39度,请吴董事长作答,因为我重仓持有002069,现在对该公司还看不到希望。",未来是不确定的，公司能作到的就是专营主业，努力把主业做强做大。至于未来业绩增长多大，目前只能依据公司的基本素质和所处行业发展状况来进行常态性的判断——公司未来业绩应该是会持续稳定增长的。以好当家为例，我们在养殖业务方面，主导产品存在一定的差异；加工业务方面我们主要从事海产品加工，与好当家的差异比较明显。公司的海域资源更为丰富一些，养殖业规模更大一些，同时在养殖方式上存在明显差异，我们主要是底播增养殖方式，由此生产出来的产品品质非常好，还有一定的天然概念。,什么时候才开始啊,002069_2007,113,116,3,Elaboration,Q2追问A1中业绩增长的具体开始时间，需要更多细节。,,,1
positive,请问王欣红：公司07年度的分红可谓丰厚:每10股送10股。实施后，理所当然会摊薄每股利润的。以公司现在的发展形式看，我担心以后的利润会跟不上的。公司对自身以后的高速增长有信心吗？ 努力！,什么时候才开始啊,2,answer_pressure,dep_reason,Q2针对A1笼统承诺“努力”追问具体开始时间。,请问王欣红：公司07年度的分红可谓丰厚:每10股送10股。实施后，理所当然会摊薄每股利润的。以公司现在的发展形式看，我担心以后的利润会跟不上的。公司对自身以后的高速增长有信心吗？,努力！,什么时候才开始啊,002069_2007,114,116,2,Elaboration,Q2针对A1笼统承诺“努力”追问具体开始时间。,,,1
positive,"请问吴厚刚：公司营业费用为什么连续三年都大幅增长？ 一方面是因为03年度的基数较小，为638.80万元；另一方面这也与公司大力推进营销管理和品牌战略有关。且金贝广场建成,公司的物流配送费用费用随之增加,但会使公司未来在整体上受益。谢谢！",什么时候才开始啊,2,strategy_planning,dep_reason,Q2针对A1中未来受益的模糊说法追问具体时间。,请问吴厚刚：公司营业费用为什么连续三年都大幅增长？,"一方面是因为03年度的基数较小，为638.80万元；另一方面这也与公司大力推进营销管理和品牌战略有关。且金贝广场建成,公司的物流配送费用费用随之增加,但会使公司未来在整体上受益。谢谢！",什么时候才开始啊,002069_2007,115,116,1,Elaboration,Q2针对A1中未来受益的模糊说法追问具体时间。,,,1
positive,公司的毛利率为什么下降那么多？ 请留意已回答的问题，谢谢！,吴总您好，公司年报显示公司销售毛利率连着两年下降，这是否意味着公司产品盈利能力不断在下降？,1,disclosure_detail,dep_reason,Q2针对A1回避未答，继续追问毛利率下降问题。,公司的毛利率为什么下降那么多？,请留意已回答的问题，谢谢！,吴总您好，公司年报显示公司销售毛利率连着两年下降，这是否意味着公司产品盈利能力不断在下降？,002069_2008,17,21,4,Complaint,Q2针对A1回避未答，继续追问毛利率下降问题。,,,1
positive,吴总好，我觉得獐子岛是一家很不错的企业。不过恕我直言，公司08年的费用控制好像不大理想，你怎么看待这个问题？ 是，效率偏低，公司已认识到并正在纠偏。谢谢你的友善提示！公司08年的费用增长存在一定的合理必要性，当然也不排除管理能力仍待进一步精益化这个因素，公司很重视这个问题。谢谢！,吴总您好，公司年报显示公司销售毛利率连着两年下降，这是否意味着公司产品盈利能力不断在下降？,2,performance_governance,dep_reason,A1确认了效率偏低的事实，Q2围绕该经营状况继续向吴总追问。,吴总好，我觉得獐子岛是一家很不错的企业。不过恕我直言，公司08年的费用控制好像不大理想，你怎么看待这个问题？,是，效率偏低，公司已认识到并正在纠偏。谢谢你的友善提示！公司08年的费用增长存在一定的合理必要性，当然也不排除管理能力仍待进一步精益化这个因素，公司很重视这个问题。谢谢！,吴总您好，公司年报显示公司销售毛利率连着两年下降，这是否意味着公司产品盈利能力不断在下降？,002069_2008,19,21,2,Elaboration,A1确认了效率偏低的事实，Q2围绕该经营状况继续向吴总追问。,,,1
positive,吴总您好，公司年报显示公司连续2年现金流都是负的，主要是什么原因、是否正常？另外在经济环境不好的时候，您是否认可现金为王？ 主要是公司扩大养殖业规模投入增加、扩大加工业规模库存增加，具体分析请见年报。一般而言，外部环境差的时候应该保持充足的现金，但也不可机械理解。谢谢！,"请问吴董事长:从08年年报中看到,贵公司经营活动流入10.03个亿,筹资流入10.09个亿,共计流入公司现金高达20亿元人民币,而投资活动现金流出方面只有7600万元,经营活动流出10.13个亿,那么,请问还有超过9亿的资金都用在哪些方面了?9亿资金一年的贷款利息就超过4500万元,但08年的财务费用只有1960万元,而从筹资流出10.09亿分析,公司08年应该进行过短期投资活动.不知是否属实?谢谢!",1,disclosure_detail,dep_reason,Q1问现金流连续为负，A1解释扩大养殖/加工业投入，Q2用年报现金流数据继续追问资金去向，属于现金流链条。,吴总您好，公司年报显示公司连续2年现金流都是负的，主要是什么原因、是否正常？另外在经济环境不好的时候，您是否认可现金为王？,主要是公司扩大养殖业规模投入增加、扩大加工业规模库存增加，具体分析请见年报。一般而言，外部环境差的时候应该保持充足的现金，但也不可机械理解。谢谢！,"请问吴董事长:从08年年报中看到,贵公司经营活动流入10.03个亿,筹资流入10.09个亿,共计流入公司现金高达20亿元人民币,而投资活动现金流出方面只有7600万元,经营活动流出10.13个亿,那么,请问还有超过9亿的资金都用在哪些方面了?9亿资金一年的贷款利息就超过4500万元,但08年的财务费用只有1960万元,而从筹资流出10.09亿分析,公司08年应该进行过短期投资活动.不知是否属实?谢谢!",002069_2008,26,27,1,Elaboration,Q1问现金流连续为负，A1解释扩大养殖/加工业投入，Q2用年报现金流数据继续追问资金去向，属于现金流链条。,,,1
positive,看到公司搞那些名目繁多的与优势主业无关的项目就担心，比如房地产，运输等等，世界上的通用，松下等毕竟少数，希望公司专一的作好主业，作好精深加工业。另公司为何做那种初加工，吃力不讨好？ 赞成您的观点，将独步调整！,请问吴总：獐子岛除了在渔业上的宏大目标，有没有突破传统企常规发展模式的理念。比如说，夏威夷，马尔代夫等，最终向综合性，集旅游，房地产，主档海鲜，名流贵族商务圈，这方面发展,2,strategy_planning,dep_reason,Q2针对A1‘独步调整’的专注主业承诺，反向追问是否有综合性发展理念，形成质疑。,看到公司搞那些名目繁多的与优势主业无关的项目就担心，比如房地产，运输等等，世界上的通用，松下等毕竟少数，希望公司专一的作好主业，作好精深加工业。另公司为何做那种初加工，吃力不讨好？,赞成您的观点，将独步调整！,请问吴总：獐子岛除了在渔业上的宏大目标，有没有突破传统企常规发展模式的理念。比如说，夏威夷，马尔代夫等，最终向综合性，集旅游，房地产，主档海鲜，名流贵族商务圈，这方面发展,002069_2008,29,34,5,Challenge,Q2针对A1‘独步调整’的专注主业承诺，反向追问是否有综合性发展理念，形成质疑。,,,1
positive,请问，09年公司一季度报中的销售额增长和利润增长与08年同期比较太不成比例，报告中提到的原因太简略，能够详细说明下，提供些数字？造成这样的原因与符合公司销售策略有关系？ 答：目前公司加工业销售额增长较大，其毛利率远远低于养殖业毛利率，故收入与利润的增长不成比例。一季度加工业收入占收入50%以上。谢谢！,请问吴总，针对现在“销量增加而利润减少”的现状，您是如何考虑的，有什么措施吗？,2,performance_governance,dep_reason,Q2基于A1中解释的收入利润不成比例原因，进一步追问管理层应对措施。,请问，09年公司一季度报中的销售额增长和利润增长与08年同期比较太不成比例，报告中提到的原因太简略，能够详细说明下，提供些数字？造成这样的原因与符合公司销售策略有关系？,答：目前公司加工业销售额增长较大，其毛利率远远低于养殖业毛利率，故收入与利润的增长不成比例。一季度加工业收入占收入50%以上。谢谢！,请问吴总，针对现在“销量增加而利润减少”的现状，您是如何考虑的，有什么措施吗？,002069_2008,100,103,3,Elaboration,Q2基于A1中解释的收入利润不成比例原因，进一步追问管理层应对措施。,,,1
positive,吴总，我是山东的。今年的海冰，对山东的海产业影响很大，刚才看了你的回答，对獐子岛的未来发展充满信心和期待。请问：2010年以来，公司的业绩与去年同期相比有那些变化？ 开局良好，关注季报！,请问吴总裁在公司2009年业绩出色及未来发展良好的预期下，为何公司还有众多高官相继辞职？,1,disclosure_detail,dep_reason,Q1问2010业绩变化，A1称开局良好关注季报，Q2追问2009业绩良好预期下高管辞职，属于业绩/治理风险链条但对象有所转移。,吴总，我是山东的。今年的海冰，对山东的海产业影响很大，刚才看了你的回答，对獐子岛的未来发展充满信心和期待。请问：2010年以来，公司的业绩与去年同期相比有那些变化？,开局良好，关注季报！,请问吴总裁在公司2009年业绩出色及未来发展良好的预期下，为何公司还有众多高官相继辞职？,002069_2009,1,2,1,Challenge,Q1问2010业绩变化，A1称开局良好关注季报，Q2追问2009业绩良好预期下高管辞职，属于业绩/治理风险链条但对象有所转移。,,,1
positive,獐子岛现在的市场推广做的如何了 公司将进一步加大品牌建设力度，提升公司品牌认知度和美誉度，培养稳定的客户品牌忠诚度，实现品牌对市场的拉动效应，并形成稳定的高毛利率品牌的价格定位，坚定贯彻差异化产品竞争战略；在更加开放的区域范围内加强渠道网络建设与终端布点，提升对目标市场的直接掌控能力；品牌建设与市场网络布局协调并进，相互支撑，促进企业实现产品销售型向品牌运营型的不断转化。谢谢！,宁波市场上肯定没有公司的产品，我都找到了，是没有对吧？,2,strategy_planning,dep_reason,Q2针对A1中的渠道网络目标，质疑宁波市场无产品的事实。,獐子岛现在的市场推广做的如何了,公司将进一步加大品牌建设力度，提升公司品牌认知度和美誉度，培养稳定的客户品牌忠诚度，实现品牌对市场的拉动效应，并形成稳定的高毛利率品牌的价格定位，坚定贯彻差异化产品竞争战略；在更加开放的区域范围内加强渠道网络建设与终端布点，提升对目标市场的直接掌控能力；品牌建设与市场网络布局协调并进，相互支撑，促进企业实现产品销售型向品牌运营型的不断转化。谢谢！,宁波市场上肯定没有公司的产品，我都找到了，是没有对吧？,002069_2009,8,9,1,Challenge,Q2针对A1中的渠道网络目标，质疑宁波市场无产品的事实。,,,1
positive,公司有没有考虑多元化经营？ 尽量围绕主业做！同时要充分发挥资源的作用。,我和你一样都是公司的股东，希望你作为公司董事会的主席，能给个明确的回答。谢谢！,2,answer_pressure,dep_reason,Q2认为A1回答不明确，要求主席给出明确回答，针对回答状态进行催促。,公司有没有考虑多元化经营？,尽量围绕主业做！同时要充分发挥资源的作用。,我和你一样都是公司的股东，希望你作为公司董事会的主席，能给个明确的回答。谢谢！,002069_2009,15,20,5,Complaint,Q2认为A1回答不明确，要求主席给出明确回答，针对回答状态进行催促。,,,1
positive,2010年一季度较去年同期能否预测呢？ 请关注公司公告，谢谢。,我和你一样都是公司的股东，希望你作为公司董事会的主席，能给个明确的回答。谢谢！,1,disclosure_detail,dep_reason,Q2明确针对A1“请关注公告”的回避态度表达不满，并要求董事长对原问题给出明确的正面回答。,2010年一季度较去年同期能否预测呢？,请关注公司公告，谢谢。,我和你一样都是公司的股东，希望你作为公司董事会的主席，能给个明确的回答。谢谢！,002069_2009,16,20,4,Complaint,Q2明确针对A1“请关注公告”的回避态度表达不满，并要求董事长对原问题给出明确的正面回答。,,,1
positive,"去年的海冰浮阀养殖影响是不是很大,目前浮阀养殖扇贝的养殖户或新进入的养殖户的投资意愿如何? 养殖户困难较大！",我和你一样都是公司的股东，希望你作为公司董事会的主席，能给个明确的回答。谢谢！,2,answer_pressure,dep_reason,Q2抱怨A1回答不够明确，要求董事会主席给出明确回答。,"去年的海冰浮阀养殖影响是不是很大,目前浮阀养殖扇贝的养殖户或新进入的养殖户的投资意愿如何?",养殖户困难较大！,我和你一样都是公司的股东，希望你作为公司董事会的主席，能给个明确的回答。谢谢！,002069_2009,17,20,3,Complaint,Q2抱怨A1回答不够明确，要求董事会主席给出明确回答。,,,1
positive,请问董事长阁下：2010年的奋斗目标为多少？请告知具体数据为感！ 超过去年并保持快速！,我和你一样都是公司的股东，希望你作为公司董事会的主席，能给个明确的回答。谢谢！,2,answer_pressure,dep_reason,Q2针对A1模糊回答催促明确答复，属于交互依赖。,请问董事长阁下：2010年的奋斗目标为多少？请告知具体数据为感！,超过去年并保持快速！,我和你一样都是公司的股东，希望你作为公司董事会的主席，能给个明确的回答。谢谢！,002069_2009,18,20,2,Complaint,Q2针对A1模糊回答催促明确答复，属于交互依赖。,,,1
positive,公司将要打造多个10亿元产品、向百亿元迈进，请问除了扇贝外，依次按照增长潜力，就是海参，和鲍鱼了，这两个品种要达到10亿元的产量，公司初步预计用几年时间？另外，除扇贝，海参和鲍鱼外，公司还有哪些海珍品有潜力进入10亿元级别？非常感谢您的回答！ 这是商业秘密，您也不同意我泄密对吧？,我和你一样都是公司的股东，希望你作为公司董事会的主席，能给个明确的回答。谢谢！,1,disclosure_detail,dep_reason,Q2针对A1以商业秘密为由回避不答，催促给予明确答复。,公司将要打造多个10亿元产品、向百亿元迈进，请问除了扇贝外，依次按照增长潜力，就是海参，和鲍鱼了，这两个品种要达到10亿元的产量，公司初步预计用几年时间？另外，除扇贝，海参和鲍鱼外，公司还有哪些海珍品有潜力进入10亿元级别？非常感谢您的回答！,这是商业秘密，您也不同意我泄密对吧？,我和你一样都是公司的股东，希望你作为公司董事会的主席，能给个明确的回答。谢谢！,002069_2009,19,20,1,Complaint,Q2针对A1以商业秘密为由回避不答，催促给予明确答复。,,,1
positive,请问董秘，公司股票最近涨的挺猛，以后会怎么走，会涨到多少啊？ 多谢关注，公司公司股票近期走势较好，主要是09年3、4季度业绩增长较大，以及投资者对公司业绩增长的信心。股票价格还是要靠自行判断了。谢谢！,请问董秘，公司股票最近涨的挺猛，以后会怎么走，会涨到多少啊？,1,disclosure_detail,dep_reason,Q2完全重复Q1，针对A1未提供股价预测的回避态度继续追问。,请问董秘，公司股票最近涨的挺猛，以后会怎么走，会涨到多少啊？,多谢关注，公司公司股票近期走势较好，主要是09年3、4季度业绩增长较大，以及投资者对公司业绩增长的信心。股票价格还是要靠自行判断了。谢谢！,请问董秘，公司股票最近涨的挺猛，以后会怎么走，会涨到多少啊？,002069_2009,35,40,5,Complaint,Q2完全重复Q1，针对A1未提供股价预测的回避态度继续追问。,,,1
positive,还有贵公司2007年至2009年营业收入大幅增加，但营业利润未能大幅增加，是什么原因？ 营业利润也同比增加50％以上,还有贵公司2007年至2009年营业收入大幅增加，但营业利润的增幅没营业收入的增幅大，为什么？,2,performance_governance,dep_reason,Q2基于A1中营业利润增幅继续追问营收与利润增幅差异的原因。,还有贵公司2007年至2009年营业收入大幅增加，但营业利润未能大幅增加，是什么原因？,营业利润也同比增加50％以上,还有贵公司2007年至2009年营业收入大幅增加，但营业利润的增幅没营业收入的增幅大，为什么？,002069_2009,53,56,3,Elaboration,Q2基于A1中营业利润增幅继续追问营收与利润增幅差异的原因。,,,1
positive,最近国家出台的经济政策对你们有什么影响? 对农业公司政策支持较多！,请问吴总，国家对本行业以后会有那些优惠措施，和本公司合作的渔民去年到今年的冰海期损失大吗？,2,answer_pressure,dep_reason,Q2第一问针对A1政策支持笼统表述要求具体优惠措施，存在内容依赖。,最近国家出台的经济政策对你们有什么影响?,对农业公司政策支持较多！,请问吴总，国家对本行业以后会有那些优惠措施，和本公司合作的渔民去年到今年的冰海期损失大吗？,002069_2009,58,60,2,Elaboration,Q2第一问针对A1政策支持笼统表述要求具体优惠措施，存在内容依赖。,,,1
positive,"公司如何应对同业竟争,面对国内和地区品牌的冲击,公司采取了什么样的应对措施,在保持稳定增长的前提下不断做大做强?公司的名牌战略指导思想是什么? 质量是企业的生命！扎扎实实，步步为营！",请回答我的两个问题,2,answer_pressure,dep_reason,Q2明确针对A1未回答Q1中的两个问题进行催促。,"公司如何应对同业竟争,面对国内和地区品牌的冲击,公司采取了什么样的应对措施,在保持稳定增长的前提下不断做大做强?公司的名牌战略指导思想是什么?",质量是企业的生命！扎扎实实，步步为营！,请回答我的两个问题,002069_2009,66,71,5,Complaint,Q2明确针对A1未回答Q1中的两个问题进行催促。,,,1
positive,什么时候发放红利 股东大会以后，大约4、5月份！谢谢！,请回答我的两个问题,2,answer_pressure,dep_reason,Q2针对A1未回答全部问题催促。,什么时候发放红利,股东大会以后，大约4、5月份！谢谢！,请回答我的两个问题,002069_2009,67,71,4,Complaint,Q2针对A1未回答全部问题催促。,,,1
positive,请问您的亲戚有购买您公司股票吗？ 按规定办！,请回答我的两个问题,1,disclosure_detail,dep_reason,Q2针对A1回避性回答催促回答，明确要求回应问题。,请问您的亲戚有购买您公司股票吗？,按规定办！,请回答我的两个问题,002069_2009,68,71,3,Complaint,Q2针对A1回避性回答催促回答，明确要求回应问题。,,,1
positive,请解释一下双壳贝，是否就是虾夷扇贝？谢谢 双壳贝为软体动物门的一个纲，约有2万种。体具两片套膜及两片贝壳，故称双壳类；除了扇贝、还有牡蛎、赤贝等！,请回答我的两个问题,2,answer_pressure,dep_reason,Q2明确抱怨A1未完整回答Q1中的两个问题，针对回答状态继续互动。,请解释一下双壳贝，是否就是虾夷扇贝？谢谢,双壳贝为软体动物门的一个纲，约有2万种。体具两片套膜及两片贝壳，故称双壳类；除了扇贝、还有牡蛎、赤贝等！,请回答我的两个问题,002069_2009,69,71,2,Complaint,Q2明确抱怨A1未完整回答Q1中的两个问题，针对回答状态继续互动。,,,1
positive,国家惠农政策对公司有什么扶持政策吗？ 多了解一下中央一号文件！科技支撑力增强！,请回答我的两个问题,2,answer_pressure,dep_reason,Q2明确针对A1未回答两个问题而催促回答。,国家惠农政策对公司有什么扶持政策吗？,多了解一下中央一号文件！科技支撑力增强！,请回答我的两个问题,002069_2009,70,71,1,Complaint,Q2明确针对A1未回答两个问题而催促回答。,,,1
positive,现在公司的虾夷扇贝、海参、鲍鱼销售价格怎么样？有提价打算吗？据查说受去年北方大雪冷空气影响，浮筏养殖的扇贝、海参、鲍鱼受到毁灭性的打击，要很长时间才能恢复市场供应，这对公司是不是有利的。 产品价格节后仍基本稳定；浮筏扇贝产品死亡确实很重；养殖周期需两年；我们的产品认为生态掌握得好，丰收已成定局！谢谢！,请问国内符筏虾夷扇贝产量大槪有多少吨.,1,disclosure_detail,dep_reason,A1提到浮筏扇贝死亡很重，并说明养殖周期和公司自身产品丰收情况。Q2追问国内浮筏虾夷扇贝产量，是为了量化A1所说灾害对市场供给的影响，承接的是A1中的“浮筏扇贝死亡”信息。,现在公司的虾夷扇贝、海参、鲍鱼销售价格怎么样？有提价打算吗？据查说受去年北方大雪冷空气影响，浮筏养殖的扇贝、海参、鲍鱼受到毁灭性的打击，要很长时间才能恢复市场供应，这对公司是不是有利的。,产品价格节后仍基本稳定；浮筏扇贝产品死亡确实很重；养殖周期需两年；我们的产品认为生态掌握得好，丰收已成定局！谢谢！,请问国内符筏虾夷扇贝产量大槪有多少吨.,002069_2009,87,88,1,Elaboration,A1提到浮筏扇贝死亡很重，并说明养殖周期和公司自身产品丰收情况。Q2追问国内浮筏虾夷扇贝产量，是为了量化A1所说灾害对市场供给的影响，承接的是A1中的“浮筏扇贝死亡”信息。,,,1
positive,"吴总裁你好公司的出口布局如何?重点放在哪个市场?目前来看,国际市场的容量是否大于国内市场,公司的产品上的认可度如何?公司的国际化人才储备情况是怎样的? 把扇贝做成世界前列供应商；今年是公司人力之年！","请问吴总,虾夷扇贝同其它贝类比的优势.",2,strategy_planning,dep_reason,Q2围绕A1中扇贝供应商目标追问虾夷扇贝优势。,"吴总裁你好公司的出口布局如何?重点放在哪个市场?目前来看,国际市场的容量是否大于国内市场,公司的产品上的认可度如何?公司的国际化人才储备情况是怎样的?",把扇贝做成世界前列供应商；今年是公司人力之年！,"请问吴总,虾夷扇贝同其它贝类比的优势.",002069_2009,120,124,4,Elaboration,Q2围绕A1中扇贝供应商目标追问虾夷扇贝优势。,,,1
positive,请问今天股票下跌是不是跟我们水产品靠近日本有关，目前具体情况怎么样？ 市场行为！公司正常！,公司能再详细说明一下这次日本地震的影响吗，或者说为什么不受影响，具体根据在什么地方，谢谢,1,disclosure_detail,dep_reason,Q2针对A1的笼统回避继续追问日本事件影响并要求详细解释。,请问今天股票下跌是不是跟我们水产品靠近日本有关，目前具体情况怎么样？,市场行为！公司正常！,公司能再详细说明一下这次日本地震的影响吗，或者说为什么不受影响，具体根据在什么地方，谢谢,002069_2010,6,9,3,Complaint,Q2针对A1的笼统回避继续追问日本事件影响并要求详细解释。,,,1
positive,希望公司尽快澄清日本地震对公司的影响 正常！,公司能再详细说明一下这次日本地震的影响吗，或者说为什么不受影响，具体根据在什么地方，谢谢,1,disclosure_detail,dep_reason,Q2要求对A1“正常”这一结论提供详细说明和依据，属于内容深入追问。,希望公司尽快澄清日本地震对公司的影响,正常！,公司能再详细说明一下这次日本地震的影响吗，或者说为什么不受影响，具体根据在什么地方，谢谢,002069_2010,7,9,2,Elaboration,Q2要求对A1“正常”这一结论提供详细说明和依据，属于内容深入追问。,,,1
positive,请问吴总，1、公司2010年投苗120万亩，按现有确权海域300万亩，可以预见2013年公司将进入稳定增长期，公司未来的业绩增长点是什么？如何保持快速增长？2、如果日本核辐射事件对我国没有影响，则对公司的利好程度有多大？3、公司今年1季度的销售情况怎么样？全年计划达到什么样的水平？谢谢 届时请关注季报！,请问公司一季报大概何时公布或预告？,1,disclosure_detail,dep_reason,Q2针对A1中提到的季报追问公布或预告时间。,请问吴总，1、公司2010年投苗120万亩，按现有确权海域300万亩，可以预见2013年公司将进入稳定增长期，公司未来的业绩增长点是什么？如何保持快速增长？2、如果日本核辐射事件对我国没有影响，则对公司的利好程度有多大？3、公司今年1季度的销售情况怎么样？全年计划达到什么样的水平？谢谢,届时请关注季报！,请问公司一季报大概何时公布或预告？,002069_2010,17,22,5,Elaboration,Q2针对A1中提到的季报追问公布或预告时间。,,,1
positive,公司底播海参毛利不如东方海洋，原因何在？公司拓展海参海域没进展，靠外购销售恐怕不行吧？ 关注业务模式！重视海域资源和生态应是战略性课题！,请问吴总，外部收购的海参如何保证它的品质？因为用的是獐子岛的品牌,1,disclosure_detail,dep_reason,Q2针对Q1中提出的外购销售问题继续追问品质保证细节。,公司底播海参毛利不如东方海洋，原因何在？公司拓展海参海域没进展，靠外购销售恐怕不行吧？,关注业务模式！重视海域资源和生态应是战略性课题！,请问吴总，外部收购的海参如何保证它的品质？因为用的是獐子岛的品牌,002069_2010,24,26,2,Elaboration,Q2针对Q1中提出的外购销售问题继续追问品质保证细节。,,,1
positive,您在接受采访是表示：獐子岛贝类加工中心项目总建筑面积达17万平方米左右，包括贝类加工厂，干品、即食调理品加工厂以及配套设施等。项目完工后，公司将新增年产2000吨扇贝柱、2000吨柱连籽、3000吨半壳贝、200吨干贝柱以及1000吨即食调理品的生产能力。该项目按11年评价期测算，能实现年平均销售收入5.02亿元，年平均净利润3003万元---怎么这么低的净利润？ 关注产业链收益和收益长期稳定性！,公司一直经营海产品，也就是初次产品，为什么不做长产业链，开展深加工，如东方海洋的蛋白营养产品，东阿阿胶产品?,2,answer_pressure,dep_reason,Q2针对A1中“关注产业链收益”的笼统回应，质疑为何不开展深加工以提升产业链收益。,您在接受采访是表示：獐子岛贝类加工中心项目总建筑面积达17万平方米左右，包括贝类加工厂，干品、即食调理品加工厂以及配套设施等。项目完工后，公司将新增年产2000吨扇贝柱、2000吨柱连籽、3000吨半壳贝、200吨干贝柱以及1000吨即食调理品的生产能力。该项目按11年评价期测算，能实现年平均销售收入5.02亿元，年平均净利润3003万元---怎么这么低的净利润？,关注产业链收益和收益长期稳定性！,公司一直经营海产品，也就是初次产品，为什么不做长产业链，开展深加工，如东方海洋的蛋白营养产品，东阿阿胶产品?,002069_2010,34,38,4,Challenge,Q2针对A1中“关注产业链收益”的笼统回应，质疑为何不开展深加工以提升产业链收益。,,,1
positive,请问，公司在今年是否有意收购更多的海域，扩大公司的确权海域面积？公司为实现全球第一贝类供应商的目标必定要加大养殖海域面积，请问，公司在今年是否有一系列的扩大养殖海域面积的构想？谢谢 年年有！,请问獐子岛今年的目标？？,2,strategy_planning,dep_reason,Q2针对A1“年年有”的笼统回复，继续追问公司今年的具体目标，属于对回答不充分的催促。,请问，公司在今年是否有意收购更多的海域，扩大公司的确权海域面积？公司为实现全球第一贝类供应商的目标必定要加大养殖海域面积，请问，公司在今年是否有一系列的扩大养殖海域面积的构想？谢谢,年年有！,请问獐子岛今年的目标？？,002069_2010,36,41,5,Complaint,Q2针对A1“年年有”的笼统回复，继续追问公司今年的具体目标，属于对回答不充分的催促。,,,1
positive,看年报，除虾夷扇贝和海参外，公司其余品种在营业成本上升之下，营业利润率却不升反降，尤其是鲍鱼为甚，什么原因？ 关注鲍鱼资源短期变化对销价的影响，品牌战略是价格和效益稳定的主要战略！公司将作重点运作！,1、公司确权300万亩海域后，未来的利润增长点。2、300万亩海域中，养虾夷扇贝、鲍鱼、海参、海螺、海胆等各类面积预计怎样分配？3、与东方海洋，壹桥苗业比，公司的海参优势在哪里？为什么毛利率都比他们要低？4、2010年下半年鲍鱼的毛利率为什么急剧下降到9.84?公司年报中查不到，谢谢！,1,disclosure_detail,dep_reason,Q2第4问针对A1未具体说明的鲍鱼毛利率下降继续追问具体原因。,看年报，除虾夷扇贝和海参外，公司其余品种在营业成本上升之下，营业利润率却不升反降，尤其是鲍鱼为甚，什么原因？,关注鲍鱼资源短期变化对销价的影响，品牌战略是价格和效益稳定的主要战略！公司将作重点运作！,1、公司确权300万亩海域后，未来的利润增长点。2、300万亩海域中，养虾夷扇贝、鲍鱼、海参、海螺、海胆等各类面积预计怎样分配？3、与东方海洋，壹桥苗业比，公司的海参优势在哪里？为什么毛利率都比他们要低？4、2010年下半年鲍鱼的毛利率为什么急剧下降到9.84?公司年报中查不到，谢谢！,002069_2010,77,82,5,Elaboration,Q2第4问针对A1未具体说明的鲍鱼毛利率下降继续追问具体原因。,,,1
positive,吴总，您好。请问獐子岛拟10送5何时可以体现到帐户上？ 年度股东大会后,那我现在买獐子岛的股票，届时也能享受到10送5派利的待遇么？,2,shareholder_return,dep_reason,Q2基于Q1的10送5方案和A1的股东大会后时间，进一步询问现在买入能否享受送转。,吴总，您好。请问獐子岛拟10送5何时可以体现到帐户上？,年度股东大会后,那我现在买獐子岛的股票，届时也能享受到10送5派利的待遇么？,002069_2010,96,100,4,Elaboration,Q2基于Q1的10送5方案和A1的股东大会后时间，进一步询问现在买入能否享受送转。,,,1
positive,吴总对加工业的低毛利率怎样认为？公司除了扇贝，其他不赚钱，是战略吗？ 全产业链效益是我们经营的核心！任何产业和产品都需要培育！当然，管理提升是我们全员共同的重点！,非常感谢董事长回答我提问的问题，我现在非常想了解一下，公司所谓战略性亏损，要换来的是什么？能否具体说一说？谢谢,2,strategy_planning,dep_reason,Q2针对A1笼统表述，将‘战略’延伸为‘战略性亏损’，追问具体换取的回报。,吴总对加工业的低毛利率怎样认为？公司除了扇贝，其他不赚钱，是战略吗？,全产业链效益是我们经营的核心！任何产业和产品都需要培育！当然，管理提升是我们全员共同的重点！,非常感谢董事长回答我提问的问题，我现在非常想了解一下，公司所谓战略性亏损，要换来的是什么？能否具体说一说？谢谢,002069_2010,122,125,3,Elaboration,Q2针对A1笼统表述，将‘战略’延伸为‘战略性亏损’，追问具体换取的回报。,,,1
positive,2010年虾夷扇贝、海参实际收获面积各是多少，2011年可收获面积各是多少，谢谢 参见年报！,今天很多质疑关于亩产问题，公司回答海域因素，那么獐子岛目前的海域只能低产吗？有什么可能提高亩产，今年可以提高多少亩产？,1,disclosure_detail,dep_reason,Q1问2010实际收获面积/2011可收获面积，A1让参见年报，Q2继续追问亩产和提高可能性，属于收获面积/亩产链条。,2010年虾夷扇贝、海参实际收获面积各是多少，2011年可收获面积各是多少，谢谢,参见年报！,今天很多质疑关于亩产问题，公司回答海域因素，那么獐子岛目前的海域只能低产吗？有什么可能提高亩产，今年可以提高多少亩产？,002069_2010,124,126,2,Elaboration,Q1问2010实际收获面积/2011可收获面积，A1让参见年报，Q2继续追问亩产和提高可能性，属于收获面积/亩产链条。,,,1
positive,滴血请求公司迅速停牌发布公告，澄清本次日本地震对公司有无影响。 无影响,1、欧美的鱼虾扇贝的供销怎样？竞争格局是怎样的？2、公司的利润增长点在哪里？如何保持高速增长？3、公司一季度的销售额是多少？全年预计有多少？4、底播养殖对浮筏养殖替代程度有多大？5、日本地震对公司有无影响？是好是坏？,1,disclosure_detail,dep_reason,Q2第5子问题继续追问日本地震影响是正面还是负面，依赖A1‘无影响’要求细节。,滴血请求公司迅速停牌发布公告，澄清本次日本地震对公司有无影响。,无影响,1、欧美的鱼虾扇贝的供销怎样？竞争格局是怎样的？2、公司的利润增长点在哪里？如何保持高速增长？3、公司一季度的销售额是多少？全年预计有多少？4、底播养殖对浮筏养殖替代程度有多大？5、日本地震对公司有无影响？是好是坏？,002069_2010,162,163,1,Elaboration,Q2第5子问题继续追问日本地震影响是正面还是负面，依赖A1‘无影响’要求细节。,,,1
positive,未来几年，有何投资打算？ 我们的战略已发布，该启动的项目正在建设；请关注我们的公告。谢谢！,公司韩国项目进展如何？欧债危机对出口业务今年有影响否？,1,disclosure_detail,dep_reason,Q2针对A1中的项目信息追问韩国项目进展。,未来几年，有何投资打算？,我们的战略已发布，该启动的项目正在建设；请关注我们的公告。谢谢！,公司韩国项目进展如何？欧债危机对出口业务今年有影响否？,002069_2011,5,9,4,Elaboration,Q2针对A1中的项目信息追问韩国项目进展。,,,1
positive,请问，公司三年之后是个什么样的公司！扇贝达到100亩之后，未来的战略思路。公司做转口贸易的思路是什么呢，不赚钱啊。谢谢 2015年公司收入争取实现百亿元；四年轮滚动收获面积超过80万亩；转口贸易终端化率提升！,如何销售新增产能?渠道直营的布局情况？,2,strategy_planning,dep_reason,Q2针对A1中收获面积扩大带来的新增产能，追问销售渠道和直营布局。,请问，公司三年之后是个什么样的公司！扇贝达到100亩之后，未来的战略思路。公司做转口贸易的思路是什么呢，不赚钱啊。谢谢,2015年公司收入争取实现百亿元；四年轮滚动收获面积超过80万亩；转口贸易终端化率提升！,如何销售新增产能?渠道直营的布局情况？,002069_2011,10,15,5,Elaboration,Q2针对A1中收获面积扩大带来的新增产能，追问销售渠道和直营布局。,,,1
positive,"獐子岛的股价如同现在的基本面一样让人失望,公司放着赚钱围堰参不做而要剑走偏锋,虽然现在下定论尚早,但显然公司在何足奇走了后就失去了活力.公司海参收入利润都不如其他几家水产上市公司.加工利润不如天宝股份,除了扇贝公司现在设么都没有,我很奇怪今天去外面吃饭人家酒店一扎玉米汁买38元,成本4元不到,为设么种玉米的人赚不到10分之二的利润,而被酒店轻松赚10倍利润,公司所谓的产业链是否太局限了? 须步步为营！",公司某些部门的管理人员是否应该反思反思？海参鲍鱼加工产业是否需要调整调整该整顿整顿？海参11年才2.5亿收入，15年10亿能完成吗，扇贝活品10亿没完成公司是能力不够还是中国市场难消那么大的量？,2,strategy_planning,dep_reason,Q2针对Q1中提及的海参、扇贝业务表现进一步追问加工调整、收入目标完成情况，延续同一经营对象。,"獐子岛的股价如同现在的基本面一样让人失望,公司放着赚钱围堰参不做而要剑走偏锋,虽然现在下定论尚早,但显然公司在何足奇走了后就失去了活力.公司海参收入利润都不如其他几家水产上市公司.加工利润不如天宝股份,除了扇贝公司现在设么都没有,我很奇怪今天去外面吃饭人家酒店一扎玉米汁买38元,成本4元不到,为设么种玉米的人赚不到10分之二的利润,而被酒店轻松赚10倍利润,公司所谓的产业链是否太局限了?",须步步为营！,公司某些部门的管理人员是否应该反思反思？海参鲍鱼加工产业是否需要调整调整该整顿整顿？海参11年才2.5亿收入，15年10亿能完成吗，扇贝活品10亿没完成公司是能力不够还是中国市场难消那么大的量？,002069_2011,18,22,4,Elaboration,Q2针对Q1中提及的海参、扇贝业务表现进一步追问加工调整、收入目标完成情况，延续同一经营对象。,,,1
positive,獐子岛的每个业务都有看点：海参/鲍鱼--》号称比别人强但实际一般；扇贝--&gt;号称70%占比但市场开拓不足；鲟鱼子酱--&gt;从水域面积、存货来说，不比国内任何一家差需要时间；号称第一个海外养殖；号称第一个低碳、认证、。。。，但是为什么觉得和洋河五粮液这些大消费公司比起来赚钱很难.而且就不被资本市场看好呢？ 慢慢都会读懂了！,"1,公司10年报说力求15年海参做到国内销售额第一位,而今年公司海参收入才增18%,2.42亿,成本增加快于收入,而好当家10年收入已经4.2亿,公司凭设么15年做到第一?2,公司10年报说到15年鲍鱼议价能力更强,公司虽然11年增收30%但利润被高额成本和10%的利润率吞的一干二净,公司未来凭设么提高议价力?养殖成本下降空间多大?",2,strategy_planning,dep_reason,Q2在A1笼统回应后，具体追问Q1中海参和鲍鱼业务的目标实现与质疑点。,獐子岛的每个业务都有看点：海参/鲍鱼--》号称比别人强但实际一般；扇贝--&gt;号称70%占比但市场开拓不足；鲟鱼子酱--&gt;从水域面积、存货来说，不比国内任何一家差需要时间；号称第一个海外养殖；号称第一个低碳、认证、。。。，但是为什么觉得和洋河五粮液这些大消费公司比起来赚钱很难.而且就不被资本市场看好呢？,慢慢都会读懂了！,"1,公司10年报说力求15年海参做到国内销售额第一位,而今年公司海参收入才增18%,2.42亿,成本增加快于收入,而好当家10年收入已经4.2亿,公司凭设么15年做到第一?2,公司10年报说到15年鲍鱼议价能力更强,公司虽然11年增收30%但利润被高额成本和10%的利润率吞的一干二净,公司未来凭设么提高议价力?养殖成本下降空间多大?",002069_2011,53,54,1,Challenge,Q2在A1笼统回应后，具体追问Q1中海参和鲍鱼业务的目标实现与质疑点。,,,1
positive,"1,公司10年报说力求15年海参做到国内销售额第一位,而今年公司海参收入才增18%,2.42亿,成本增加快于收入,而好当家10年收入已经4.2亿,公司凭设么15年做到第一?2,公司10年报说到15年鲍鱼议价能力更强,公司虽然11年增收30%但利润被高额成本和10%的利润率吞的一干二净,公司未来凭设么提高议价力?养殖成本下降空间多大? 靠品质、靠品牌、靠渠道、靠装备升级会提升议价能力和盈利能力！",孙总好！公司鲍鱼的毛利率让人纠结，公司底播的鲍鱼12年应该到捕捞季节了吧，毛利率能达到50％以上吗？若今年达不到，预计什么时间能达到？多谢！,2,strategy_planning,dep_reason,Q2针对之前鲍鱼盈利能力追问底播鲍鱼具体毛利率目标和时间。,"1,公司10年报说力求15年海参做到国内销售额第一位,而今年公司海参收入才增18%,2.42亿,成本增加快于收入,而好当家10年收入已经4.2亿,公司凭设么15年做到第一?2,公司10年报说到15年鲍鱼议价能力更强,公司虽然11年增收30%但利润被高额成本和10%的利润率吞的一干二净,公司未来凭设么提高议价力?养殖成本下降空间多大?",靠品质、靠品牌、靠渠道、靠装备升级会提升议价能力和盈利能力！,孙总好！公司鲍鱼的毛利率让人纠结，公司底播的鲍鱼12年应该到捕捞季节了吧，毛利率能达到50％以上吗？若今年达不到，预计什么时间能达到？多谢！,002069_2011,54,56,2,Elaboration,Q2针对之前鲍鱼盈利能力追问底播鲍鱼具体毛利率目标和时间。,,,1
positive,"1,公司10年报说力求15年海参做到国内销售额第一位,而今年公司海参收入才增18%,2.42亿,成本增加快于收入,而好当家10年收入已经4.2亿,公司凭设么15年做到第一?2,公司10年报说到15年鲍鱼议价能力更强,公司虽然11年增收30%但利润被高额成本和10%的利润率吞的一干二净,公司未来凭设么提高议价力?养殖成本下降空间多大? 靠品质、靠品牌、靠渠道、靠装备升级会提升议价能力和盈利能力！",请问吴总，公司鲍鱼这块的战略是什么，养殖？加工？养殖不赚钱吧，那做品牌，也没有原料差异化优势啊，出路在哪里？？谢谢！！！！,2,strategy_planning,dep_reason,Q2针对A1中“靠品牌”的说法，质疑没有原料差异化优势，追问鲍鱼战略和出路。,"1,公司10年报说力求15年海参做到国内销售额第一位,而今年公司海参收入才增18%,2.42亿,成本增加快于收入,而好当家10年收入已经4.2亿,公司凭设么15年做到第一?2,公司10年报说到15年鲍鱼议价能力更强,公司虽然11年增收30%但利润被高额成本和10%的利润率吞的一干二净,公司未来凭设么提高议价力?养殖成本下降空间多大?",靠品质、靠品牌、靠渠道、靠装备升级会提升议价能力和盈利能力！,请问吴总，公司鲍鱼这块的战略是什么，养殖？加工？养殖不赚钱吧，那做品牌，也没有原料差异化优势啊，出路在哪里？？谢谢！！！！,002069_2011,54,59,5,Challenge,Q2针对A1中“靠品牌”的说法，质疑没有原料差异化优势，追问鲍鱼战略和出路。,,,1
positive,10年何足奇离开公司后獐子岛就没有好过，本人公司股权激励这些能力本来就不够的管理层还不如花这些钱猎几个真的人才回来，几乎每个看过公司的年报的人都有个感觉，公司问题很多很多，海参鲍鱼停止不前，如果把何总花几个亿请回来我都一万个支持。本人被吴总的豪言套掺了啊而一般般的业绩和大跌的股价让自己多年的积蓄损失掺重 什么豪言？人才确实很关键；经营人才这就是经营企业。股市有风险，投资须谨慎！,除了扇贝外，公司其他产业的业绩提升似乎比较缓慢。给人的感觉是后继乏力。这儿大的海洋牧场，不能做点别的吗？,2,performance_governance,dep_reason,Q2基于Q1中'海参鲍鱼停止不前'继续追问其他产业业绩缓慢及海洋牧场利用方案。,10年何足奇离开公司后獐子岛就没有好过，本人公司股权激励这些能力本来就不够的管理层还不如花这些钱猎几个真的人才回来，几乎每个看过公司的年报的人都有个感觉，公司问题很多很多，海参鲍鱼停止不前，如果把何总花几个亿请回来我都一万个支持。本人被吴总的豪言套掺了啊而一般般的业绩和大跌的股价让自己多年的积蓄损失掺重,什么豪言？人才确实很关键；经营人才这就是经营企业。股市有风险，投资须谨慎！,除了扇贝外，公司其他产业的业绩提升似乎比较缓慢。给人的感觉是后继乏力。这儿大的海洋牧场，不能做点别的吗？,002069_2011,66,70,4,Elaboration,Q2基于Q1中'海参鲍鱼停止不前'继续追问其他产业业绩缓慢及海洋牧场利用方案。,,,1
positive,海参2011年销售2.45亿元，实际上仅比2010年多了1800万，对于公司的销售收入来说是增加得比较少的，是公司货源不够还是竞争比较激烈？如果算上价格的提升的话，公司海参销量是否可以说基本没有增加，公司对此如何解释 谢谢您的问题！显然公司目前海参的业绩不尽如意；不过，今后的海参资源和市场值得期待！,请问，公司去年加三事业部收入里面海参占比多少，2.4亿，增长只有18%，是否全部是干参？,2,performance_governance,dep_reason,Q1/A1谈海参销量增长慢和海参业绩不尽如意，Q2继续问海参加三事业部收入占比和干参，可能是海参经营链条。,海参2011年销售2.45亿元，实际上仅比2010年多了1800万，对于公司的销售收入来说是增加得比较少的，是公司货源不够还是竞争比较激烈？如果算上价格的提升的话，公司海参销量是否可以说基本没有增加，公司对此如何解释,谢谢您的问题！显然公司目前海参的业绩不尽如意；不过，今后的海参资源和市场值得期待！,请问，公司去年加三事业部收入里面海参占比多少，2.4亿，增长只有18%，是否全部是干参？,002069_2011,69,71,2,Elaboration,Q1/A1谈海参销量增长慢和海参业绩不尽如意，Q2继续问海参加三事业部收入占比和干参，可能是海参经营链条。,,,1
positive,问:2012年在鲍鱼上如何管理？如何给力?请说明。 走三高路线：高端、高价、高利润！,"请问孙福君先生:鲍鱼公司很重视,但近几年毛利率一直很低,12年鲍鱼的毛利率能提升吗,能提升多少?以前底播的12年已经到捕捞季,会大幅提升毛利率吗?多谢!",2,performance_governance,dep_reason,Q2基于A1的高利润路线要求具体毛利率提升幅度。,问:2012年在鲍鱼上如何管理？如何给力?请说明。,走三高路线：高端、高价、高利润！,"请问孙福君先生:鲍鱼公司很重视,但近几年毛利率一直很低,12年鲍鱼的毛利率能提升吗,能提升多少?以前底播的12年已经到捕捞季,会大幅提升毛利率吗?多谢!",002069_2011,77,78,1,Elaboration,Q2基于A1的高利润路线要求具体毛利率提升幅度。,,,1
positive,公司在产学研平台的支撑下，已逐步完成海洋牧场的合理规划，建立了海洋牧场从育苗到养殖的科学管理体系，100公斤亩产指日可待。------请问指日可待是多少日呢？能给个大概范围吗？ 通过年报、一季报，可看出公司在2013年一季度亩产环比上已经开始有了一个稳步的提升。亩产固然是实现业绩的因素之一，市场开拓、高附加值产品的研发投入、内部管理控制逐步提升等也是业绩保障的有效因素。,公司在产学研平台的支撑下，已逐步完成海洋牧场的合理规划，建立了海洋牧场从育苗到养殖的科学管理体系，100公斤亩产指日可待。------请问指日可待是多少日呢？能给个大概范围吗？,2,answer_pressure,dep_reason,Q2完全重复Q1，因为A1未给出具体时间范围，属于针对未正面回答的催促。,公司在产学研平台的支撑下，已逐步完成海洋牧场的合理规划，建立了海洋牧场从育苗到养殖的科学管理体系，100公斤亩产指日可待。------请问指日可待是多少日呢？能给个大概范围吗？,通过年报、一季报，可看出公司在2013年一季度亩产环比上已经开始有了一个稳步的提升。亩产固然是实现业绩的因素之一，市场开拓、高附加值产品的研发投入、内部管理控制逐步提升等也是业绩保障的有效因素。,公司在产学研平台的支撑下，已逐步完成海洋牧场的合理规划，建立了海洋牧场从育苗到养殖的科学管理体系，100公斤亩产指日可待。------请问指日可待是多少日呢？能给个大概范围吗？,002069_2012,2,6,4,Complaint,Q2完全重复Q1，因为A1未给出具体时间范围，属于针对未正面回答的催促。,,,1
positive,公司在产学研平台的支撑下，已逐步完成海洋牧场的合理规划，建立了海洋牧场从育苗到养殖的科学管理体系，100公斤亩产指日可待。------请问指日可待是多少日呢？能给个大概范围吗？ 与上一问题同，已回复，不再重新回复，谢谢！,在产品价格大幅上涨的前提下，公司业绩却大幅下滑，2012年到底每亩单产多少公斤？这不算商业机密，请管理层给予正面回答。我们股东亏了这么多钱，有权知道每亩到底减产了多少公斤？,2,answer_pressure,dep_reason,Q1追问100公斤亩产何时实现，A1称已回复，Q2继续要求正面回答2012实际单产，属于未答后的同一亩产链条追问。,公司在产学研平台的支撑下，已逐步完成海洋牧场的合理规划，建立了海洋牧场从育苗到养殖的科学管理体系，100公斤亩产指日可待。------请问指日可待是多少日呢？能给个大概范围吗？,与上一问题同，已回复，不再重新回复，谢谢！,在产品价格大幅上涨的前提下，公司业绩却大幅下滑，2012年到底每亩单产多少公斤？这不算商业机密，请管理层给予正面回答。我们股东亏了这么多钱，有权知道每亩到底减产了多少公斤？,002069_2012,6,10,4,Complaint,Q1追问100公斤亩产何时实现，A1称已回复，Q2继续要求正面回答2012实际单产，属于未答后的同一亩产链条追问。,,,1
positive,韩国南道珍岛郡已经投资了多少钱？预计何时盈利？会不会复制今年公司在新海域单产超出预期的窘境？由谁问责 谢谢，这个问题已回复。,请问公司的韩国项目进行的如何,1,disclosure_detail,dep_reason,Q2继续追问韩国项目，而A1以“已回复”回避，构成催促追问。,韩国南道珍岛郡已经投资了多少钱？预计何时盈利？会不会复制今年公司在新海域单产超出预期的窘境？由谁问责,谢谢，这个问题已回复。,请问公司的韩国项目进行的如何,002069_2012,19,20,1,Complaint,Q2继续追问韩国项目，而A1以“已回复”回避，构成催促追问。,,,1
positive,公司股价表现低迷，你们有采取措施来提高公司的盈利能力吗？作为被深套的股民，期待公司的崛起呀，给点看得见的希望吧！ 您好：公司一直努力提升业绩水平，回报股东。2012年，虽然受多种因素影响，各季度经营业绩持续下滑，但是期间公司积极地采取应对措施，确保各项工作稳步推进、战略举措按计划实施，为公司运营的回升打下良好基础。2013年一季度公司业绩企稳向好，海洋牧场质量逐步恢复，生态已趋于稳定，公司运营逐渐步入上升通道。请关注公司的中长期发展能力，谢谢。,在去年一季报因亩产下滑导致业绩下降时，吴总曾标示亩产不是问题，公司有能力保证全年产出均衡，但实际全年亩产让人大失所望。股价也大幅下降50%以上，让我等信任吴总及公司的中小股民损失惨重，我想请吴总对此能再说点什么吗？,2,performance_governance,dep_reason,Q2针对A1中2012年业绩下滑，具体追问亩产下滑及吴总承诺落空，质疑管理层信誉。,公司股价表现低迷，你们有采取措施来提高公司的盈利能力吗？作为被深套的股民，期待公司的崛起呀，给点看得见的希望吧！,您好：公司一直努力提升业绩水平，回报股东。2012年，虽然受多种因素影响，各季度经营业绩持续下滑，但是期间公司积极地采取应对措施，确保各项工作稳步推进、战略举措按计划实施，为公司运营的回升打下良好基础。2013年一季度公司业绩企稳向好，海洋牧场质量逐步恢复，生态已趋于稳定，公司运营逐渐步入上升通道。请关注公司的中长期发展能力，谢谢。,在去年一季报因亩产下滑导致业绩下降时，吴总曾标示亩产不是问题，公司有能力保证全年产出均衡，但实际全年亩产让人大失所望。股价也大幅下降50%以上，让我等信任吴总及公司的中小股民损失惨重，我想请吴总对此能再说点什么吗？,002069_2012,33,36,3,Challenge,Q2针对A1中2012年业绩下滑，具体追问亩产下滑及吴总承诺落空，质疑管理层信誉。,,,1
positive,请问孙总，獐子岛的野生海参价值如何得到体现？目前感觉与围堰海参差不多 獐子岛海参与其它海参存在营养品和海产品的本质差异。公司坚持以“营养品”的定位做生态、自然、稀缺的高品质海参，坚守食品安全底线，以原产地区隔优势，体现海参的品牌价值和诚信品质。目前中国只有一款海参获得CQC的野生认证，那就是獐子岛马牙滩海参。依托生态环境的持续优化，獐子岛海域的海参从2010年开始就已经不投苗，正在进行野生认证。品牌形象初步确立，开始转化为经营业绩成果。2012年第3季度公司海参产品提价约10%、当年毛利率同比增长超过2%，2013年1季度公司海参产品在行业景气度下降的背景下销售收入增长超过20%,公司有向深加工的保健品方向发展计划吗？纯天然，无污染难道只是生吃海鲜吗？高端海鲜普通人不太愿消费，但是做成保健品也许可以接受。,2,strategy_planning,dep_reason,Q2基于A1中营养品定位和原生态描述，追问深加工保健品计划并质疑产品形态单一。,请问孙总，獐子岛的野生海参价值如何得到体现？目前感觉与围堰海参差不多,獐子岛海参与其它海参存在营养品和海产品的本质差异。公司坚持以“营养品”的定位做生态、自然、稀缺的高品质海参，坚守食品安全底线，以原产地区隔优势，体现海参的品牌价值和诚信品质。目前中国只有一款海参获得CQC的野生认证，那就是獐子岛马牙滩海参。依托生态环境的持续优化，獐子岛海域的海参从2010年开始就已经不投苗，正在进行野生认证。品牌形象初步确立，开始转化为经营业绩成果。2012年第3季度公司海参产品提价约10%、当年毛利率同比增长超过2%，2013年1季度公司海参产品在行业景气度下降的背景下销售收入增长超过20%,公司有向深加工的保健品方向发展计划吗？纯天然，无污染难道只是生吃海鲜吗？高端海鲜普通人不太愿消费，但是做成保健品也许可以接受。,002069_2012,38,41,3,Elaboration,Q2基于A1中营养品定位和原生态描述，追问深加工保健品计划并质疑产品形态单一。,,,1
positive,请问：公司的海洋牧场规模居业内首位，但是海洋牧场的效益却不如2011年，亩产降低严重，公司有何措施应对亩产降低的风险？ 现阶段，关注海洋牧场，就是关注獐子岛，就是关注您自己的财富！关于海洋牧场风险有两方面：一是它的自然属性需要知晓；二是依靠科技来掌握。公司已经紧密地与中科院、水科院、海洋大学等科研机构合作，在认知海洋、规划海洋、模式创新、种质创制、精准底播、标准化生产、队伍建设、及绩效机制等方面开展了卓有成效的工作并在2012年11月新季节底播生产时逐项落地并取得阶段性成效，具体请查看年报。风险只能防，不能抗！谢谢您的问题！,虾夷扇贝亩产下降，成本费用保持刚性，是否考虑减少低产海域，实实在在做好优质海域以提升毛利率，恢复竞争力？,2,answer_pressure,dep_reason,Q2针对A1中笼统的应对措施，进一步追问具体方案，核心问题是Q1中亩产降低的延续。,请问：公司的海洋牧场规模居业内首位，但是海洋牧场的效益却不如2011年，亩产降低严重，公司有何措施应对亩产降低的风险？,现阶段，关注海洋牧场，就是关注獐子岛，就是关注您自己的财富！关于海洋牧场风险有两方面：一是它的自然属性需要知晓；二是依靠科技来掌握。公司已经紧密地与中科院、水科院、海洋大学等科研机构合作，在认知海洋、规划海洋、模式创新、种质创制、精准底播、标准化生产、队伍建设、及绩效机制等方面开展了卓有成效的工作并在2012年11月新季节底播生产时逐项落地并取得阶段性成效，具体请查看年报。风险只能防，不能抗！谢谢您的问题！,虾夷扇贝亩产下降，成本费用保持刚性，是否考虑减少低产海域，实实在在做好优质海域以提升毛利率，恢复竞争力？,002069_2012,42,44,2,Elaboration,Q2针对A1中笼统的应对措施，进一步追问具体方案，核心问题是Q1中亩产降低的延续。,,,1
positive,"董事长,总裁:吴厚刚现在偷漏税进入中国市场的日本扇贝行为应引起有关部门的高度重视！日本扇贝进入中国市场的关税是多少？如果从正规途径大量进入中国市场的话，对公司的冲击有多大？有何应对办法？董事长,总裁:吴厚刚学习一下税法；谁进谁赔！这真不懂，能不能说具体点。关税有那么高吗？ 这个都弄不懂，您关心这个问题的动机就值得怀疑了！？","请问吴厚刚:日本扇贝产量巨大，公司有没有考虑日本扇贝进入中国市场，参于活品扇贝的竞争？董事长,总裁:吴厚刚现在偷漏税进入中国市场的日本扇贝行为应引起有关部门的高度重视！日本扇贝进入中国市场的关税是多少？如果从正规途径大量进入中国市场的话，对公司的冲击有多大？有何应对办法？",1,disclosure_detail,dep_reason,Q2重复Q1问题，因A1回避实质回答且质疑动机，属于对未答状态的继续追问。,"董事长,总裁:吴厚刚现在偷漏税进入中国市场的日本扇贝行为应引起有关部门的高度重视！日本扇贝进入中国市场的关税是多少？如果从正规途径大量进入中国市场的话，对公司的冲击有多大？有何应对办法？董事长,总裁:吴厚刚学习一下税法；谁进谁赔！这真不懂，能不能说具体点。关税有那么高吗？",这个都弄不懂，您关心这个问题的动机就值得怀疑了！？,"请问吴厚刚:日本扇贝产量巨大，公司有没有考虑日本扇贝进入中国市场，参于活品扇贝的竞争？董事长,总裁:吴厚刚现在偷漏税进入中国市场的日本扇贝行为应引起有关部门的高度重视！日本扇贝进入中国市场的关税是多少？如果从正规途径大量进入中国市场的话，对公司的冲击有多大？有何应对办法？",002069_2012,89,91,2,Complaint,Q2重复Q1问题，因A1回避实质回答且质疑动机，属于对未答状态的继续追问。,,,1
positive,"请问吴厚刚:日本扇贝产量巨大，公司有没有考虑日本扇贝进入中国市场，参于活品扇贝的竞争？董事长,总裁:吴厚刚现在偷漏税进入中国市场的日本扇贝行为应引起有关部门的高度重视！日本扇贝进入中国市场的关税是多少？如果从正规途径大量进入中国市场的话，对公司的冲击有多大？有何应对办法？ 学习一下税法；谁进谁赔！",日本扇贝产量巨大，公司有没有考虑日本扇贝进入中国市场，参于活品扇贝的竞争？,2,answer_pressure,dep_reason,Q2重复Q1未获正面回答的核心问题，A1笼统回应，构成追问依赖。,"请问吴厚刚:日本扇贝产量巨大，公司有没有考虑日本扇贝进入中国市场，参于活品扇贝的竞争？董事长,总裁:吴厚刚现在偷漏税进入中国市场的日本扇贝行为应引起有关部门的高度重视！日本扇贝进入中国市场的关税是多少？如果从正规途径大量进入中国市场的话，对公司的冲击有多大？有何应对办法？",学习一下税法；谁进谁赔！,日本扇贝产量巨大，公司有没有考虑日本扇贝进入中国市场，参于活品扇贝的竞争？,002069_2012,91,96,5,Complaint,Q2重复Q1未获正面回答的核心问题，A1笼统回应，构成追问依赖。,,,1
positive,看公司2012年报，发现正在投资建设的项目不少，目前公司主要投资项目有哪些？ 公司十二五战略确定以“三大资源、三个支撑”的产业布局来推动公司实现百亿目标。相应地公司进行了一系列投资，并将于2013年基本完成、进入产出期。目前在建项目主要有韩国珍岛郡海参鲍鱼养殖区项目、阿穆尔鲟鱼资源拓展及养殖加工基地、永祥贝类加工中心项目、保税区冷藏物流项目、玻璃钢造船及渔业装备升级改造项目、以及旅游休闲渔业等项目。,合资建玻璃钢船厂，为什么要介入一个与公司主业无关的领域？还有庄河良种繁育基地项目？,2,strategy_planning,dep_reason,Q2针对A1中玻璃钢造船项目质疑其与主业无关，并追问A1未提及的庄河项目。,看公司2012年报，发现正在投资建设的项目不少，目前公司主要投资项目有哪些？,公司十二五战略确定以“三大资源、三个支撑”的产业布局来推动公司实现百亿目标。相应地公司进行了一系列投资，并将于2013年基本完成、进入产出期。目前在建项目主要有韩国珍岛郡海参鲍鱼养殖区项目、阿穆尔鲟鱼资源拓展及养殖加工基地、永祥贝类加工中心项目、保税区冷藏物流项目、玻璃钢造船及渔业装备升级改造项目、以及旅游休闲渔业等项目。,合资建玻璃钢船厂，为什么要介入一个与公司主业无关的领域？还有庄河良种繁育基地项目？,002069_2012,101,102,1,Challenge,Q2针对A1中玻璃钢造船项目质疑其与主业无关，并追问A1未提及的庄河项目。,,,1
positive,"贵公司2012,2013年度业绩下滑随有天气原因,但主要是苗种的投苗不足,造成产量下降,是不是 多种原因，查阅公告！谢谢您的用心态度！",亩产下降有客观原因，也有主观原因，12年亩产下降这么多我认为主观原因才是主要因素，投苗不足及苗种差成活率低，吴总我说得对吗？,1,disclosure_detail,dep_reason,Q2重复追问Q1中投苗不足主因问题，A1回避未正面回答。,"贵公司2012,2013年度业绩下滑随有天气原因,但主要是苗种的投苗不足,造成产量下降,是不是",多种原因，查阅公告！谢谢您的用心态度！,亩产下降有客观原因，也有主观原因，12年亩产下降这么多我认为主观原因才是主要因素，投苗不足及苗种差成活率低，吴总我说得对吗？,002069_2012,113,117,4,Complaint,Q2重复追问Q1中投苗不足主因问题，A1回避未正面回答。,,,1
positive,合资建玻璃钢船厂，为什么要介入一个与公司主业无关的领域？还有庄河良种繁育基地项目？ 装备决定产业水平！良种繁育能力是海洋牧场利润第二极！同时，獐子岛要当仁不让的积极承担广大组合业户发展对装备、良种需求的责任！,造船公司由日方还是中方管理？投资这个公司有这个必要吗？是战略规划还是政府行为？,2,strategy_planning,dep_reason,Q2围绕Q1中的合资建厂进一步追问管理权、必要性和战略性质。,合资建玻璃钢船厂，为什么要介入一个与公司主业无关的领域？还有庄河良种繁育基地项目？,装备决定产业水平！良种繁育能力是海洋牧场利润第二极！同时，獐子岛要当仁不让的积极承担广大组合业户发展对装备、良种需求的责任！,造船公司由日方还是中方管理？投资这个公司有这个必要吗？是战略规划还是政府行为？,002069_2012,120,124,4,Elaboration,Q2围绕Q1中的合资建厂进一步追问管理权、必要性和战略性质。,,,1
positive,公司上市以来因为台风和海冰损失了不少，您觉得公司在抗击自然灾害能力上还能提升吗？好象好当家没损失这么多吧！每年台风季总让人担心啊！ 公司采取的“野生野长”底播增殖，在产出高品质产品的同时，较人工干预程度高的养殖方式更易受所处海域的自然环境和生态环境影响。近年来，公司加大科技投入，不断提升对海域的认知水平、不断完善对风险的应对措施，这将是一个长期持续的过程。,2012年业绩大幅下滑，新区海域中部分欠收严重，在当初投资时没有测算吗？现在股东损失严重，难道管理层没有一点责任吗？不该受到处罚吗？公布一下。,2,performance_governance,dep_reason,Q2针对A1承认易受环境影响，以2012年业绩下滑和新区海域欠收为例质疑投资测算与责任。,公司上市以来因为台风和海冰损失了不少，您觉得公司在抗击自然灾害能力上还能提升吗？好象好当家没损失这么多吧！每年台风季总让人担心啊！,公司采取的“野生野长”底播增殖，在产出高品质产品的同时，较人工干预程度高的养殖方式更易受所处海域的自然环境和生态环境影响。近年来，公司加大科技投入，不断提升对海域的认知水平、不断完善对风险的应对措施，这将是一个长期持续的过程。,2012年业绩大幅下滑，新区海域中部分欠收严重，在当初投资时没有测算吗？现在股东损失严重，难道管理层没有一点责任吗？不该受到处罚吗？公布一下。,002069_2012,125,127,2,Challenge,Q2针对A1承认易受环境影响，以2012年业绩下滑和新区海域欠收为例质疑投资测算与责任。,,,1
positive,记得您原来在用友工作，现在住在大连吗？老家是哪里啊？ 感谢您对我个人的关心，谢谢！,请不要误会，只想了解一下如果您不是大连人，是否适应在獐子岛的生活和工作。想知道以前管理人员变动较多是否是这个原因。,1,disclosure_detail,dep_reason,Q2针对A1回避个人问题，澄清意图后继续追问适应情况。,记得您原来在用友工作，现在住在大连吗？老家是哪里啊？,感谢您对我个人的关心，谢谢！,请不要误会，只想了解一下如果您不是大连人，是否适应在獐子岛的生活和工作。想知道以前管理人员变动较多是否是这个原因。,002069_2013,18,21,3,Elaboration,Q2针对A1回避个人问题，澄清意图后继续追问适应情况。,,,1
positive,公司定的目标是今年50亿，日后100亿，既然定了，总应该有个规划或者实现它的可能，以目前第一季度和第二季度业绩预告，好像离这个目标是非常的遥远。请问在接着的时间会有比较大的动作来实现年初的规划吗？ 您判断的基本正确，目前收入实现已滞后于年初的预算进度，主要体现在贸易运营方面的差距。我们会管理这个差异，调配资源，争取追赶上进度。包括百亿目标的掌控。,吴厚刚董事长在2014年元旦献辞中将14年收入目标定为50亿，请问如何实现？,2,strategy_planning,dep_reason,Q2针对A1未给出具体实现措施的笼统回答，继续追问50亿目标如何实现。,公司定的目标是今年50亿，日后100亿，既然定了，总应该有个规划或者实现它的可能，以目前第一季度和第二季度业绩预告，好像离这个目标是非常的遥远。请问在接着的时间会有比较大的动作来实现年初的规划吗？,您判断的基本正确，目前收入实现已滞后于年初的预算进度，主要体现在贸易运营方面的差距。我们会管理这个差异，调配资源，争取追赶上进度。包括百亿目标的掌控。,吴厚刚董事长在2014年元旦献辞中将14年收入目标定为50亿，请问如何实现？,002069_2013,38,40,2,Elaboration,Q2针对A1未给出具体实现措施的笼统回答，继续追问50亿目标如何实现。,,,1
positive,做大、做好市值管理是每个公司成长的必然追求，公司是如何进行市值管理的？ 市值管理是公司的战略性工作之一，公司已经建立了涵盖价值创造、价值实现、资源优化配置的动态管理体系。2014年，在规范及时的信息披露、务实创新的生产经营的基础上，重点推动：一将推行更为开放的投资者关系管理，将走进7个城市开展投资者交流会，并为中小投资者调研公司创造便利条件；二将根据企业发展需求，稳健地整合外部优质与能力；三将利用好上市公司的功能，开展多渠道融资；四将以股东利益为前提，关注员工、顾客等利益相关方的诉求，打造自增强、正反馈的利益共同体。,公司宣传350万亩海域生长的海产品是海底银行，海底东西看不见，对股东来说是一片黑暗。请问公司能否定期向股东公布海底的数据？比如各海域生长情况，计划打捞情况？加强这块的透明度。,1,disclosure_detail,dep_reason,Q2针对A1中的信息披露和投资者关系管理承诺，要求具体公布海底数据，质疑透明度不足。,做大、做好市值管理是每个公司成长的必然追求，公司是如何进行市值管理的？,市值管理是公司的战略性工作之一，公司已经建立了涵盖价值创造、价值实现、资源优化配置的动态管理体系。2014年，在规范及时的信息披露、务实创新的生产经营的基础上，重点推动：一将推行更为开放的投资者关系管理，将走进7个城市开展投资者交流会，并为中小投资者调研公司创造便利条件；二将根据企业发展需求，稳健地整合外部优质与能力；三将利用好上市公司的功能，开展多渠道融资；四将以股东利益为前提，关注员工、顾客等利益相关方的诉求，打造自增强、正反馈的利益共同体。,公司宣传350万亩海域生长的海产品是海底银行，海底东西看不见，对股东来说是一片黑暗。请问公司能否定期向股东公布海底的数据？比如各海域生长情况，计划打捞情况？加强这块的透明度。,002069_2013,44,48,4,Challenge,Q2针对A1中的信息披露和投资者关系管理承诺，要求具体公布海底数据，质疑透明度不足。,,,1
positive,公司今年有没有新产品和新业务拓展？对城镇一体化带来大发展机遇，公司有没有具体的发展计划？ 2014年，公司将依托“3大资源、3个支撑”的产业结构、根据百亿战略目标，构建“以生物技术为核心的海洋牧场资源整合平台、以信息技术为核心的供应链保障平台、以互联技术为核心的O2O消费者服务平台”。个人认为消费需求的创造与满足是国民生活提升的重要构面，因此公司将加快速由食材企业向食品企业转型，实施O2O战略，更直接的关注消费者需求、更便捷的满足消费者需求。,如果公司有个目标是净利润10亿以上，请问董事长的实现路径是通过合适深海的新品种培育来实现新海域的高产出，还是实现食材向食品的转变来提高附加值，请问董事长认为哪条路径才能大幅提升公司的效益？谢谢,2,strategy_planning,dep_reason,Q2围绕A1中食材向食品转型战略，追问其与新品种培育路径的效益比较。,公司今年有没有新产品和新业务拓展？对城镇一体化带来大发展机遇，公司有没有具体的发展计划？,2014年，公司将依托“3大资源、3个支撑”的产业结构、根据百亿战略目标，构建“以生物技术为核心的海洋牧场资源整合平台、以信息技术为核心的供应链保障平台、以互联技术为核心的O2O消费者服务平台”。个人认为消费需求的创造与满足是国民生活提升的重要构面，因此公司将加快速由食材企业向食品企业转型，实施O2O战略，更直接的关注消费者需求、更便捷的满足消费者需求。,如果公司有个目标是净利润10亿以上，请问董事长的实现路径是通过合适深海的新品种培育来实现新海域的高产出，还是实现食材向食品的转变来提高附加值，请问董事长认为哪条路径才能大幅提升公司的效益？谢谢,002069_2013,57,61,4,Elaboration,Q2围绕A1中食材向食品转型战略，追问其与新品种培育路径的效益比较。,,,1
positive,獐子岛集团（荣成）养殖有限公司已经营业多年，亏损的原因是什么？ 荣成养殖公司养鲍鱼亏损有市场、灾害、技术、成本等方面的原因，也有运营能力提升过慢的原因。公司目前正在做较大动作的调整，抑制亏损并争取早日扭亏为盈。,能否告知一下新年第一季度的情况怎么样?,1,disclosure_detail,dep_reason,Q2承接A1中荣成养殖公司调整扭亏的表述，追问新年第一季度经营进展。,獐子岛集团（荣成）养殖有限公司已经营业多年，亏损的原因是什么？,荣成养殖公司养鲍鱼亏损有市场、灾害、技术、成本等方面的原因，也有运营能力提升过慢的原因。公司目前正在做较大动作的调整，抑制亏损并争取早日扭亏为盈。,能否告知一下新年第一季度的情况怎么样?,002069_2013,70,73,3,Elaboration,Q2承接A1中荣成养殖公司调整扭亏的表述，追问新年第一季度经营进展。,,,1
positive,公司2015年一季度归属于上市公司股东扣非后净利润为-4944.28万元，较上年同期出现大幅亏损，请问导致大幅亏损的原因是什么？这些问题在2015年经营中能否得到改善？ 主要还是受14年海洋牧场灾害影响，收获区海洋牧场的亩产下降，导致亏损。对14年出现的灾害，公司邀请海洋专家成立海洋研发中心对海洋牧场进行整体梳理规划，来实现对牧场的科学地精细化管理，以保证海洋牧场高质量的持续产出。,公司海洋牧场2014年遭遇冷水团，导致2014年业绩出现巨额亏损，请问，公司对2015年的经营是如何规划的？,2,strategy_planning,dep_reason,Q2承接A1中14年灾害信息，继续追问2015年经营规划。,公司2015年一季度归属于上市公司股东扣非后净利润为-4944.28万元，较上年同期出现大幅亏损，请问导致大幅亏损的原因是什么？这些问题在2015年经营中能否得到改善？,主要还是受14年海洋牧场灾害影响，收获区海洋牧场的亩产下降，导致亏损。对14年出现的灾害，公司邀请海洋专家成立海洋研发中心对海洋牧场进行整体梳理规划，来实现对牧场的科学地精细化管理，以保证海洋牧场高质量的持续产出。,公司海洋牧场2014年遭遇冷水团，导致2014年业绩出现巨额亏损，请问，公司对2015年的经营是如何规划的？,002069_2014,7,12,5,Elaboration,Q2承接A1中14年灾害信息，继续追问2015年经营规划。,,,1
positive,公司的新鲜海产品是否有进入农产品流通渠道，比如菜场和超市？覆盖范围如何？ 公司目前的活鲜品主导包括海洋牧场出产的自然品质产品如虾夷扇贝、海参、海螺、海胆等，以及整合海外资源如波士顿龙虾等。上述产品中底播虾夷扇贝占有国内主导地位，波士顿龙虾份额正在快速增长。相关产品主要进入餐饮渠道，根据公司“品牌化、高质化、终端化”的目标，以“世界鱼市、幸福家宴”为定位，公司正在加大向家庭销售的力度。,你了解反复持续购买生鲜海产品的人是哪些吗？如果不了解，寄希望电商扩大销售也许又是错误的。,2,strategy_planning,dep_reason,Q2针对A1中加大向家庭销售的策略提出质疑，询问是否了解目标客户群，属于内容依赖。,公司的新鲜海产品是否有进入农产品流通渠道，比如菜场和超市？覆盖范围如何？,公司目前的活鲜品主导包括海洋牧场出产的自然品质产品如虾夷扇贝、海参、海螺、海胆等，以及整合海外资源如波士顿龙虾等。上述产品中底播虾夷扇贝占有国内主导地位，波士顿龙虾份额正在快速增长。相关产品主要进入餐饮渠道，根据公司“品牌化、高质化、终端化”的目标，以“世界鱼市、幸福家宴”为定位，公司正在加大向家庭销售的力度。,你了解反复持续购买生鲜海产品的人是哪些吗？如果不了解，寄希望电商扩大销售也许又是错误的。,002069_2014,10,15,5,Challenge,Q2针对A1中加大向家庭销售的策略提出质疑，询问是否了解目标客户群，属于内容依赖。,,,1
positive,公司海洋牧场2014年遭遇冷水团，导致2014年业绩出现巨额亏损，请问，公司对2015年的经营是如何规划的？ 公司将继续围绕“三大资源、三个支撑”的产业格局，构建“以生物技术为核心的海洋牧场资源整合平台、以信息技术为核心的供应链保障平台、以互联技术为核心的O2O消费者服务平台”，实施“全球资源、全球市场、全球流通”的经营策略，加速推进“市场+资源”战略，实现“食材”企业向“食品”业转型升级。2015年重点工作如下：1、加快O2O平台建设：不断优化提升线下渠道、网络、产品、服务等能力，加快市场新业态建设，从战略上突出休闲食品、即食食品等核心产品的创新与经营，拉动产业平台向消费平台升级。2、提升盈利能力：加快“全球市场、全球资源、全球流通”战略的推进速度，把中国市场的优势与海外资源的优势结合。目前公司在加拿大和日本北海道、韩国设立了基地，同时正在推动把与美国、加拿大、日本、韩国、澳大利亚、新西兰客户建立的紧密联系转化成市场与资源机会。3、海洋牧场：重新规划海洋牧场：按海区的产能、远近、深浅等因素重新规划每年底播与收获区域，规避风险区、扩大生态区，并结合生物多样化，保持产量的稳定和可持续；把海洋生物种业建成海洋牧场的第二个利润中心；发挥海洋牧场的生物多样性优势，发展海参、鲍鱼、海螺、牡蛎等多品种，坚持效益优先的原则进行增殖规划。,公司领导：本人长期投资獐子岛2年了，在14年公布巨亏公告都没有抛售。后来看到了公司应对措施及公司高管员工持股，增强了我持股信心。请问在去年至今的大牛市中持有投资贵公司的投资者没有赚到钱甚至还在亏损，公司怎样给解释？未来1-3年公司发展会否有质的飞跃？长期投资公司的中小投资者是否能得到牛市应有的可观回报？公司未来是否有在全球范围内并购（标的）？公司的海洋牧场深水区域未来有何规划？深水区域是否可以养,2,restructuring,dep_reason,Q1/A1谈2014冷水团巨亏和2015经营规划，Q2部分继续问灾后措施/并购/深水规划，但问题较多且混入股市回报。,公司海洋牧场2014年遭遇冷水团，导致2014年业绩出现巨额亏损，请问，公司对2015年的经营是如何规划的？,公司将继续围绕“三大资源、三个支撑”的产业格局，构建“以生物技术为核心的海洋牧场资源整合平台、以信息技术为核心的供应链保障平台、以互联技术为核心的O2O消费者服务平台”，实施“全球资源、全球市场、全球流通”的经营策略，加速推进“市场+资源”战略，实现“食材”企业向“食品”业转型升级。2015年重点工作如下：1、加快O2O平台建设：不断优化提升线下渠道、网络、产品、服务等能力，加快市场新业态建设，从战略上突出休闲食品、即食食品等核心产品的创新与经营，拉动产业平台向消费平台升级。2、提升盈利能力：加快“全球市场、全球资源、全球流通”战略的推进速度，把中国市场的优势与海外资源的优势结合。目前公司在加拿大和日本北海道、韩国设立了基地，同时正在推动把与美国、加拿大、日本、韩国、澳大利亚、新西兰客户建立的紧密联系转化成市场与资源机会。3、海洋牧场：重新规划海洋牧场：按海区的产能、远近、深浅等因素重新规划每年底播与收获区域，规避风险区、扩大生态区，并结合生物多样化，保持产量的稳定和可持续；把海洋生物种业建成海洋牧场的第二个利润中心；发挥海洋牧场的生物多样性优势，发展海参、鲍鱼、海螺、牡蛎等多品种，坚持效益优先的原则进行增殖规划。,公司领导：本人长期投资獐子岛2年了，在14年公布巨亏公告都没有抛售。后来看到了公司应对措施及公司高管员工持股，增强了我持股信心。请问在去年至今的大牛市中持有投资贵公司的投资者没有赚到钱甚至还在亏损，公司怎样给解释？未来1-3年公司发展会否有质的飞跃？长期投资公司的中小投资者是否能得到牛市应有的可观回报？公司未来是否有在全球范围内并购（标的）？公司的海洋牧场深水区域未来有何规划？深水区域是否可以养,002069_2014,12,13,1,Elaboration,Q1/A1谈2014冷水团巨亏和2015经营规划，Q2部分继续问灾后措施/并购/深水规划，但问题较多且混入股市回报。,,,1
positive,公司海洋牧场2014年遭遇冷水团，导致2014年业绩出现巨额亏损，请问，公司对2015年的经营是如何规划的？ 公司将继续围绕“三大资源、三个支撑”的产业格局，构建“以生物技术为核心的海洋牧场资源整合平台、以信息技术为核心的供应链保障平台、以互联技术为核心的O2O消费者服务平台”，实施“全球资源、全球市场、全球流通”的经营策略，加速推进“市场+资源”战略，实现“食材”企业向“食品”业转型升级。2015年重点工作如下：1、加快O2O平台建设：不断优化提升线下渠道、网络、产品、服务等能力，加快市场新业态建设，从战略上突出休闲食品、即食食品等核心产品的创新与经营，拉动产业平台向消费平台升级。2、提升盈利能力：加快“全球市场、全球资源、全球流通”战略的推进速度，把中国市场的优势与海外资源的优势结合。目前公司在加拿大和日本北海道、韩国设立了基地，同时正在推动把与美国、加拿大、日本、韩国、澳大利亚、新西兰客户建立的紧密联系转化成市场与资源机会。3、海洋牧场：重新规划海洋牧场：按海区的产能、远近、深浅等因素重新规划每年底播与收获区域，规避风险区、扩大生态区，并结合生物多样化，保持产量的稳定和可持续；把海洋生物种业建成海洋牧场的第二个利润中心；发挥海洋牧场的生物多样性优势，发展海参、鲍鱼、海螺、牡蛎等多品种，坚持效益优先的原则进行增殖规划。,你了解反复持续购买生鲜海产品的人是哪些吗？如果不了解，寄希望电商扩大销售也许又是错误的。,2,strategy_planning,dep_reason,Q2针对A1中O2O平台建设与电商销售规划，质疑公司是否了解目标客户，暗示战略可能错误。,公司海洋牧场2014年遭遇冷水团，导致2014年业绩出现巨额亏损，请问，公司对2015年的经营是如何规划的？,公司将继续围绕“三大资源、三个支撑”的产业格局，构建“以生物技术为核心的海洋牧场资源整合平台、以信息技术为核心的供应链保障平台、以互联技术为核心的O2O消费者服务平台”，实施“全球资源、全球市场、全球流通”的经营策略，加速推进“市场+资源”战略，实现“食材”企业向“食品”业转型升级。2015年重点工作如下：1、加快O2O平台建设：不断优化提升线下渠道、网络、产品、服务等能力，加快市场新业态建设，从战略上突出休闲食品、即食食品等核心产品的创新与经营，拉动产业平台向消费平台升级。2、提升盈利能力：加快“全球市场、全球资源、全球流通”战略的推进速度，把中国市场的优势与海外资源的优势结合。目前公司在加拿大和日本北海道、韩国设立了基地，同时正在推动把与美国、加拿大、日本、韩国、澳大利亚、新西兰客户建立的紧密联系转化成市场与资源机会。3、海洋牧场：重新规划海洋牧场：按海区的产能、远近、深浅等因素重新规划每年底播与收获区域，规避风险区、扩大生态区，并结合生物多样化，保持产量的稳定和可持续；把海洋生物种业建成海洋牧场的第二个利润中心；发挥海洋牧场的生物多样性优势，发展海参、鲍鱼、海螺、牡蛎等多品种，坚持效益优先的原则进行增殖规划。,你了解反复持续购买生鲜海产品的人是哪些吗？如果不了解，寄希望电商扩大销售也许又是错误的。,002069_2014,12,15,3,Challenge,Q2针对A1中O2O平台建设与电商销售规划，质疑公司是否了解目标客户，暗示战略可能错误。,,,1
positive,公司未来是否有股权激励的计划？ 谢谢关注！经董事会批准，公司已2015年3月推出股权激励计划。,2013年公司底播面积为100万亩，底播虾夷扇贝苗种数量超过50亿枚。其中“獐子岛红”占底播苗种总量的55%以上，成为今年底播的主品种，请问将于2016年上市的“獐子岛红”能否给公司带来3亿利润来兑现股权激励条件?獐子岛红的亩产能达到多少？售价多少？公司对于獐子岛红为什么有那么大信心？,1,disclosure_detail,dep_reason,Q2围绕A1中已推出的股权激励计划，追问具体品种能否兑现激励条件及细节。,公司未来是否有股权激励的计划？,谢谢关注！经董事会批准，公司已2015年3月推出股权激励计划。,2013年公司底播面积为100万亩，底播虾夷扇贝苗种数量超过50亿枚。其中“獐子岛红”占底播苗种总量的55%以上，成为今年底播的主品种，请问将于2016年上市的“獐子岛红”能否给公司带来3亿利润来兑现股权激励条件?獐子岛红的亩产能达到多少？售价多少？公司对于獐子岛红为什么有那么大信心？,002069_2014,25,29,4,Elaboration,Q2围绕A1中已推出的股权激励计划，追问具体品种能否兑现激励条件及细节。,,,1
positive,公司2014年海胆毛利率为何下降46.8%？ 因2011年投入的底播海胆于2014年收获，而上年同期收获的底播海胆无苗种投入，均为自然资源，导致底播海胆成本上升。2014年海胆加工品较去年同期有较大增长，主要为外购海胆原料加工产品，毛利率较低。上述原因导致2014年海胆毛利率下降较大。,公司14年成本比13年上升较多，是不是因为收获面积较13年大？,2,performance_governance,dep_reason,Q2针对A1中成本上升的解释，追问是否因收获面积增大导致。,公司2014年海胆毛利率为何下降46.8%？,因2011年投入的底播海胆于2014年收获，而上年同期收获的底播海胆无苗种投入，均为自然资源，导致底播海胆成本上升。2014年海胆加工品较去年同期有较大增长，主要为外购海胆原料加工产品，毛利率较低。上述原因导致2014年海胆毛利率下降较大。,公司14年成本比13年上升较多，是不是因为收获面积较13年大？,002069_2014,28,30,2,Elaboration,Q2针对A1中成本上升的解释，追问是否因收获面积增大导致。,,,1
positive,请问：1、公司2015年现有主营业务利润中，带来的利润有多少或占多大比例？2、公司对于2015年有怎么样的项目利润预测？是按照原有产能的现有产品情况测算的吗？考虑到新产能因工艺提升、产品结构高端化的影响了吗？预估一下2015年公司的经营前景? 公司在１５年加大了海外内资源基地的联动及整合，加强从食材向食品转化的力度，并从１４年积极试水电商，将传统的营销模式转为线上与线下平台结合的O2O模式，结合公司战略，根据业绩业务模式、产品规划、市场布局等相关信息进行预测及规划。,2015年可以说是市场低靡的一年，公司是怎么开拓市场的？全年战绩如何？,2,strategy_planning,dep_reason,Q2针对A1提及的市场开拓战略，进一步追问具体措施与全年战绩。,请问：1、公司2015年现有主营业务利润中，带来的利润有多少或占多大比例？2、公司对于2015年有怎么样的项目利润预测？是按照原有产能的现有产品情况测算的吗？考虑到新产能因工艺提升、产品结构高端化的影响了吗？预估一下2015年公司的经营前景?,公司在１５年加大了海外内资源基地的联动及整合，加强从食材向食品转化的力度，并从１４年积极试水电商，将传统的营销模式转为线上与线下平台结合的O2O模式，结合公司战略，根据业绩业务模式、产品规划、市场布局等相关信息进行预测及规划。,2015年可以说是市场低靡的一年，公司是怎么开拓市场的？全年战绩如何？,002069_2014,33,34,1,Elaboration,Q2针对A1提及的市场开拓战略，进一步追问具体措施与全年战绩。,,,1
positive,贵公司这个行业成长性如何？ 此问题已回复过，谢谢您！,公司未来发展前景如何?对目前这个行业的前途看好吗？,1,disclosure_detail,dep_reason,Q2重复追问行业成长性，A1回避未答，构成交互依赖。,贵公司这个行业成长性如何？,此问题已回复过，谢谢您！,公司未来发展前景如何?对目前这个行业的前途看好吗？,002069_2014,63,66,3,Complaint,Q2重复追问行业成长性，A1回避未答，构成交互依赖。,,,1
positive,叔叔好，持续关注公司，公司为什么会出现亏损？ 请详见公司已披露的公告，谢谢！,叔叔好，持续关注公司，公司为什么会出现亏损？,2,answer_pressure,dep_reason,Q2重复追问A1未正面回答的同一问题，表示不满。,叔叔好，持续关注公司，公司为什么会出现亏损？,请详见公司已披露的公告，谢谢！,叔叔好，持续关注公司，公司为什么会出现亏损？,002069_2015,22,25,3,Complaint,Q2重复追问A1未正面回答的同一问题，表示不满。,,,1
positive,做为一个投资公司多年的小股东，亏损过半，请问吴董事长，我还能持有公司股票吗？你做为公司带头人，会采取什么措施来保证公司业绩。 相信獐子岛，永远都是对的！缩小开口风险、恢复并稳定海洋牧场的产出；加快食品发展步伐，提升獐子岛品牌竞争力；实现双主业运营布局。今年一定盈利并进入快速上升通道！,请问董事长，今年扇贝开始打捞了吗？产量是不是比去年有提高？,1,disclosure_detail,dep_reason,Q2针对A1中“恢复并稳定海洋牧场产出”具体到扇贝打捞和产量进行细节追问。,做为一个投资公司多年的小股东，亏损过半，请问吴董事长，我还能持有公司股票吗？你做为公司带头人，会采取什么措施来保证公司业绩。,相信獐子岛，永远都是对的！缩小开口风险、恢复并稳定海洋牧场的产出；加快食品发展步伐，提升獐子岛品牌竞争力；实现双主业运营布局。今年一定盈利并进入快速上升通道！,请问董事长，今年扇贝开始打捞了吗？产量是不是比去年有提高？,002069_2015,37,40,3,Elaboration,Q2针对A1中“恢复并稳定海洋牧场产出”具体到扇贝打捞和产量进行细节追问。,,,1
positive,请问吴总，目前还持有976.4万股可流通股，如果按大宗交易折价减持，按照8元的价格计算的话，共可得7800余万，还不够当时承诺的8000万补偿额，吴总是否考虑过通过什么方式完成当时的承诺，或者干脆赖账算了！ 好问好答！谢谢您的关心！,你好，吴总，你的1亿承诺，儿童节前，会兑现吗？,1,disclosure_detail,dep_reason,Q2继续追问Q1中承诺兑现问题，而A1回避回答。,请问吴总，目前还持有976.4万股可流通股，如果按大宗交易折价减持，按照8元的价格计算的话，共可得7800余万，还不够当时承诺的8000万补偿额，吴总是否考虑过通过什么方式完成当时的承诺，或者干脆赖账算了！,好问好答！谢谢您的关心！,你好，吴总，你的1亿承诺，儿童节前，会兑现吗？,002069_2015,52,56,4,Complaint,Q2继续追问Q1中承诺兑现问题，而A1回避回答。,,,1
positive,第二个问题，请管理层共同回答：公司最近两年来经历了这么多的负面的问题，作为公司的三位高管还对上市公司的前景看好吗？还会像以前哪有认为獐子岛值得股民看好吗？ 作为职业经理人，我加盟獐子岛集团仅4年时间，但我愿意把这份工作做成我的事业。獐子岛集团是一个重质量、讲诚信的企业，经营上虽然受2014年自然灾害的影响一直处于恢复期，但企业的根基没有动摇：业务正常开展且收入持续增长，员工、经销商、供应商、债权人稳定，除海洋牧场外的海洋食品等产业近2年取得较大的进步，而海洋牧场的领先性、可持续性、可借鉴性得到了业内专家的广泛认同。做产业是长跑，需要韧劲，我们会一直努力、一直坚持！,董秘你好！公司海洋牧场处于灾后重建恢复期，公司恢复海洋牧场做了哪些方面的努力，预计好久能恢复，谢谢！,2,restructuring,dep_reason,Q2针对A1中提到的海洋牧场恢复状态，追问具体努力和时间表。,第二个问题，请管理层共同回答：公司最近两年来经历了这么多的负面的问题，作为公司的三位高管还对上市公司的前景看好吗？还会像以前哪有认为獐子岛值得股民看好吗？,作为职业经理人，我加盟獐子岛集团仅4年时间，但我愿意把这份工作做成我的事业。獐子岛集团是一个重质量、讲诚信的企业，经营上虽然受2014年自然灾害的影响一直处于恢复期，但企业的根基没有动摇：业务正常开展且收入持续增长，员工、经销商、供应商、债权人稳定，除海洋牧场外的海洋食品等产业近2年取得较大的进步，而海洋牧场的领先性、可持续性、可借鉴性得到了业内专家的广泛认同。做产业是长跑，需要韧劲，我们会一直努力、一直坚持！,董秘你好！公司海洋牧场处于灾后重建恢复期，公司恢复海洋牧场做了哪些方面的努力，预计好久能恢复，谢谢！,002069_2015,59,62,3,Elaboration,Q2针对A1中提到的海洋牧场恢复状态，追问具体努力和时间表。,,,1
positive,第二个问题，请管理层共同回答：公司最近两年来经历了这么多的负面的问题，作为公司的三位高管还对上市公司的前景看好吗？还会像以前哪有认为獐子岛值得股民看好吗？ 作为职业经理人，我加盟獐子岛集团仅4年时间，但我愿意把这份工作做成我的事业。獐子岛集团是一个重质量、讲诚信的企业，经营上虽然受2014年自然灾害的影响一直处于恢复期，但企业的根基没有动摇：业务正常开展且收入持续增长，员工、经销商、供应商、债权人稳定，除海洋牧场外的海洋食品等产业近2年取得较大的进步，而海洋牧场的领先性、可持续性、可借鉴性得到了业内专家的广泛认同。做产业是长跑，需要韧劲，我们会一直努力、一直坚持！,作为一个持有公司股票多年的老股民，公司二年来的表现让我很失望，我也亏损很多，请问吴董事长，你觉得我还能持有公司股票吗？请问你老觉得如何能使公司回归正常。若不能请你引咎辞职把！！,2,performance_governance,dep_reason,Q2针对A1中管理层乐观但无实质措施的回应，进一步施压质疑能否回归正常，并威胁辞职。,第二个问题，请管理层共同回答：公司最近两年来经历了这么多的负面的问题，作为公司的三位高管还对上市公司的前景看好吗？还会像以前哪有认为獐子岛值得股民看好吗？,作为职业经理人，我加盟獐子岛集团仅4年时间，但我愿意把这份工作做成我的事业。獐子岛集团是一个重质量、讲诚信的企业，经营上虽然受2014年自然灾害的影响一直处于恢复期，但企业的根基没有动摇：业务正常开展且收入持续增长，员工、经销商、供应商、债权人稳定，除海洋牧场外的海洋食品等产业近2年取得较大的进步，而海洋牧场的领先性、可持续性、可借鉴性得到了业内专家的广泛认同。做产业是长跑，需要韧劲，我们会一直努力、一直坚持！,作为一个持有公司股票多年的老股民，公司二年来的表现让我很失望，我也亏损很多，请问吴董事长，你觉得我还能持有公司股票吗？请问你老觉得如何能使公司回归正常。若不能请你引咎辞职把！！,002069_2015,59,64,5,Challenge,Q2针对A1中管理层乐观但无实质措施的回应，进一步施压质疑能否回归正常，并威胁辞职。,,,1
positive,请介绍一下公司的行业地位？ 公司是以海珍品种业、海水增养殖、海洋食品为主业，集冷链物流、渔业装备等相关产业为一体的综合型海洋企业，公司已构建起育种、育苗、养殖、暂养、加工、仓储、流通、贸易的一体化供应链保障体系。目前公司营收规模居A股渔业上市公司首位，海洋牧场建设水平、海洋食品品牌影响力、生物及生态、食品的技术水平等方面均处于国内同行业领先水平，在底播虾夷扇贝、海参、鲍鱼、波士顿龙虾、金枪鱼等品种的规模或品牌影响力方式居国内前列。近年来，公司战略由“资源市场”向“市场资源”转型，按照“高值化、终端化、品牌化”的产品目标，致力于由“食材企业向食品企业升级”。公司高度重视服务消费者，电商等直面消费者、方便消费者的渠道稳步拓展，休闲食品、粉丝扇贝等食品销量快速增长。战略与措施的调整拉动公司业务结构发生相应变化，新的成长空间正在打开。,公司转型为海鲜食品企业的话，原材料就不一定非要是獐子岛原产地的啦，但应该注意单独有个子品牌来界定，以保证不要损害獐子岛原产地海鲜的价值。请考虑好品牌战略的规划。打开公司发展空间还要靠海鲜食品深加工和品牌运作来保障。,2,strategy_planning,dep_reason,Q2针对A1中公司向食品企业转型的战略，进一步提出品牌规划建议，依赖A1的转型方向。,请介绍一下公司的行业地位？,公司是以海珍品种业、海水增养殖、海洋食品为主业，集冷链物流、渔业装备等相关产业为一体的综合型海洋企业，公司已构建起育种、育苗、养殖、暂养、加工、仓储、流通、贸易的一体化供应链保障体系。目前公司营收规模居A股渔业上市公司首位，海洋牧场建设水平、海洋食品品牌影响力、生物及生态、食品的技术水平等方面均处于国内同行业领先水平，在底播虾夷扇贝、海参、鲍鱼、波士顿龙虾、金枪鱼等品种的规模或品牌影响力方式居国内前列。近年来，公司战略由“资源市场”向“市场资源”转型，按照“高值化、终端化、品牌化”的产品目标，致力于由“食材企业向食品企业升级”。公司高度重视服务消费者，电商等直面消费者、方便消费者的渠道稳步拓展，休闲食品、粉丝扇贝等食品销量快速增长。战略与措施的调整拉动公司业务结构发生相应变化，新的成长空间正在打开。,公司转型为海鲜食品企业的话，原材料就不一定非要是獐子岛原产地的啦，但应该注意单独有个子品牌来界定，以保证不要损害獐子岛原产地海鲜的价值。请考虑好品牌战略的规划。打开公司发展空间还要靠海鲜食品深加工和品牌运作来保障。,002069_2016,5,10,5,Elaboration,Q2针对A1中公司向食品企业转型的战略，进一步提出品牌规划建议，依赖A1的转型方向。,,,1
positive,公司对深加工产品及新品如扇贝零食的销售及利润情况应该分类特别披露。请问扇贝和虾类零食的销售2016年具体数字是多少？是否盈利？ 感谢您的提问，公司将认真研究主营业务分产品披露情况，使信息披露更准确的反映公司转型升级情况。2016年公司休闲食品销售收入约2000万元，较2015年度实现大幅增长并盈利。,请问公司休闲食品的毛利率大概在什么水平？其原料是否一定要用獐子岛的？如果是这样会受产能限制，希望区别开来原产地的和非原产地的，或者标明产地，这是十分重要的！不然会被315举报的。同时也是公司优质资源价值体现的方式。,1,disclosure_detail,dep_reason,Q2围绕A1中休闲食品销售收入追问毛利率和原料产地等细节。,公司对深加工产品及新品如扇贝零食的销售及利润情况应该分类特别披露。请问扇贝和虾类零食的销售2016年具体数字是多少？是否盈利？,感谢您的提问，公司将认真研究主营业务分产品披露情况，使信息披露更准确的反映公司转型升级情况。2016年公司休闲食品销售收入约2000万元，较2015年度实现大幅增长并盈利。,请问公司休闲食品的毛利率大概在什么水平？其原料是否一定要用獐子岛的？如果是这样会受产能限制，希望区别开来原产地的和非原产地的，或者标明产地，这是十分重要的！不然会被315举报的。同时也是公司优质资源价值体现的方式。,002069_2016,8,9,1,Elaboration,Q2围绕A1中休闲食品销售收入追问毛利率和原料产地等细节。,,,1
positive,做大、做好市值管理是每个公司成长的必然追求，公司是如何进行市值管理的？ 做强主业、做优产品、做响品牌；强化实业与资本的融合，做实未来战略！,"公司采取了具体怎样的应对措施,在同业中不断做大做强?",2,strategy_planning,dep_reason,Q2针对A1中‘做强主业’等原则性表述要求具体应对措施。,做大、做好市值管理是每个公司成长的必然追求，公司是如何进行市值管理的？,做强主业、做优产品、做响品牌；强化实业与资本的融合，做实未来战略！,"公司采取了具体怎样的应对措施,在同业中不断做大做强?",002069_2016,22,23,1,Elaboration,Q2针对A1中‘做强主业’等原则性表述要求具体应对措施。,,,1
positive,公司的水产产品出口的规模多大？未来会否开拓海外市场？ 您好，2017年出口业务营业收入9.08亿元，同比增长15%，占公司总营收约30%，业务发展持续稳定。区域覆盖北美、欧洲、澳洲、及日韩、东南亚等市场，公司将在2018年继续加大力度发挥“加工+贸易”、“仓储+贸易”优势，不断放大“全球资源、全球市场、全球流通”的业务量。,现在公司出口业务有什么进展？,1,disclosure_detail,dep_reason,Q2针对A1中2018年加大出口业务力度的计划追问具体进展，属内容依赖。,公司的水产产品出口的规模多大？未来会否开拓海外市场？,您好，2017年出口业务营业收入9.08亿元，同比增长15%，占公司总营收约30%，业务发展持续稳定。区域覆盖北美、欧洲、澳洲、及日韩、东南亚等市场，公司将在2018年继续加大力度发挥“加工+贸易”、“仓储+贸易”优势，不断放大“全球资源、全球市场、全球流通”的业务量。,现在公司出口业务有什么进展？,002069_2017,6,10,4,Elaboration,Q2针对A1中2018年加大出口业务力度的计划追问具体进展，属内容依赖。,,,1
positive,公司目前负债率已经达到将近九成，如此高的负债率，公司未来在资金引进方面有什么打算？ 感谢关注！公司将积极抓好生产经营，保障经营资金：一是积极拓展销售渠道增加销售收入，借助ERP信息化升级项目，提高公司内外部供应链运行效率，提高产品销售周转率和加工生产环节原材料周转效率，显著降低库存产品及原材料存量，减少存货占用资金；加强应收账款回收管理工作，控制应收账款期末余额水平，净回收一定额度的资金；二是稳定与债权银行合作，保持信贷规模总体稳定；发挥境外公司融资平台融资功能，与境外上下游合作伙伴开展供应链金融业务，补充流动资金。另外，公司计划在2018年内处理闲置低效及非主业相关资产，用以偿还部分有息债务，优化贷款结构及贷款规模；公司拟引进新零售、长期资本等特定目标类型的战略投资者，优化治理结构，提升可持续发展能力，推动公司转型升级。,别整官腔了都啥时候股民要知道啥时候退市会不会破产,1,disclosure_detail,dep_reason,Q2明确指责A1回答官腔，并追问退市和破产风险，针对回答回避态度进行施压。,公司目前负债率已经达到将近九成，如此高的负债率，公司未来在资金引进方面有什么打算？,感谢关注！公司将积极抓好生产经营，保障经营资金：一是积极拓展销售渠道增加销售收入，借助ERP信息化升级项目，提高公司内外部供应链运行效率，提高产品销售周转率和加工生产环节原材料周转效率，显著降低库存产品及原材料存量，减少存货占用资金；加强应收账款回收管理工作，控制应收账款期末余额水平，净回收一定额度的资金；二是稳定与债权银行合作，保持信贷规模总体稳定；发挥境外公司融资平台融资功能，与境外上下游合作伙伴开展供应链金融业务，补充流动资金。另外，公司计划在2018年内处理闲置低效及非主业相关资产，用以偿还部分有息债务，优化贷款结构及贷款规模；公司拟引进新零售、长期资本等特定目标类型的战略投资者，优化治理结构，提升可持续发展能力，推动公司转型升级。,别整官腔了都啥时候股民要知道啥时候退市会不会破产,002069_2017,9,13,4,Complaint,Q2明确指责A1回答官腔，并追问退市和破产风险，针对回答回避态度进行施压。,,,1
positive,希望公司现在要兑现承诺信心很难建立了 感谢关注！公司目前经营总体平稳可控；资金获得政府及银监局和债权银行支持，存量可满足近期经营需要；团队稳定；11项措施按计划深入推进；海洋牧场加速调整，转型升级为核心的重构正在稳步推进。,请问吴总，11项措施是否有什么进展？,1,disclosure_detail,dep_reason,Q2针对A1中“11项措施按计划深入推进”索要具体进展。,希望公司现在要兑现承诺信心很难建立了,感谢关注！公司目前经营总体平稳可控；资金获得政府及银监局和债权银行支持，存量可满足近期经营需要；团队稳定；11项措施按计划深入推进；海洋牧场加速调整，转型升级为核心的重构正在稳步推进。,请问吴总，11项措施是否有什么进展？,002069_2017,14,15,1,Elaboration,Q2针对A1中“11项措施按计划深入推进”索要具体进展。,,,1
positive,希望公司现在要兑现承诺信心很难建立了 感谢关注！公司目前经营总体平稳可控；资金获得政府及银监局和债权银行支持，存量可满足近期经营需要；团队稳定；11项措施按计划深入推进；海洋牧场加速调整，转型升级为核心的重构正在稳步推进。,流动资金不足问题怎样解决,2,performance_governance,dep_reason,Q2针对A1中资金存量可满足经营的表述，追问流动资金不足的具体解决方案，延续并细化资金问题。,希望公司现在要兑现承诺信心很难建立了,感谢关注！公司目前经营总体平稳可控；资金获得政府及银监局和债权银行支持，存量可满足近期经营需要；团队稳定；11项措施按计划深入推进；海洋牧场加速调整，转型升级为核心的重构正在稳步推进。,流动资金不足问题怎样解决,002069_2017,14,18,4,Elaboration,Q2针对A1中资金存量可满足经营的表述，追问流动资金不足的具体解决方案，延续并细化资金问题。,,,1
positive,请问吴总，11项措施是否有什么进展？ 措施1、关闭风险敞口，重新布局海洋牧场：海洋牧场研究中心已形成调查报告与海洋牧场转型方案，并上报总裁办公会。转型方案从海洋牧场风险有效管控、提升产出质量的角度，提出海域功能规划、品种结构规划、业务结构规划、组织人员规划等，并关联预算业绩考核、质量目标考核，结合苗种投入、品种产出各时点，逐步推进落实。下一步将在进一步调研、完善的基础上，组织专家针对方案进行论证，并根据审批权限，提交董事会审议，并由最终决策机构决定相关海域的未来使用规划。措施2、扩大加工食品业务规模：公司内部进一步明确了预算落实的可行性，完善了提升盈利水平、强化市场与品牌建设的相关措施，以海参滋补品、调理食品、休闲食品为重点，拓展线上线下渠道，保持加工食品业务稳步发展的态势，弥补虾夷扇贝减少带来的收入、利润缺口。措施3、节支节流，降低成本费用：公司正在全面推进中。目前已经加强非生产性支出的方面管控，确立集团整体非生产性支出同比下降20%；加强存货周转，确立存货周转率同比加快25%以上的目标；降低采购成本，确立物资采购成本同比下降5%的目标；提出优化职能部门的组织与效率目标，以及海洋牧场转型方案涉及的组织架构配置目标，提升效率降低成本；提出优质客户识别及授信管理目标，加快应收账款周转，减少坏账损失；提出处理闲置低效资产2亿元以上的目标；全集团范围内组织开展开源节流、成本管控活动。以上措施关联绩效考核、质量目标考核，逐步推进实施。措施4、稳定经营性现金流，确保财务风险可控：公司主营业务收入保持了稳步增长的态势，经营性现金情况稳定；同时与公司有业务的银行机构根据债权人委员会专题会议形成的一致意见，授信额度没有减少，没有抽贷压贷等行为，继续给予公司稳定的资金支持。措施5、依据政策，按程序申请减免海域使用金：公司本次受灾底播虾夷扇贝养殖海域损失标准符合《海域使用金减免管理办法》减免规定，目前已向政府有关部门汇报受灾情况及申请减免海域使用金的请求，收到政府《关于减免海域使用金申请的回复》，要求专业机构提供《受灾海域的区域面积测量报告》《受灾海域受灾情况评估报告》，近期公司已组织专业机构进行现场评估，出具了专业报告，目前在评审过程中。措施6、积极寻求保险合作，控制产业经营风险：公司已经开始对接相关保险公司，现正在根据保险公司要求，提供其所需的调查问卷资料，以便其对公司海洋保险制作专属保险方案。措施7、专家指导，提升风险预警与应急能力：2018年3月4日在青岛召开的海洋牧场贝类增养殖风险预警与应对策略研讨会上专家提出建议：一是通过监测海洋生态环境指标及分析其与生物之间的影响关系等，逐步建立起科学有效的风险预警模型；二是生态容量是海洋牧场可持续发展的核心，科学管理是重要保障，加强对海洋底层水温、溶解氧、初级生产力、营养盐、颗粒有机物（POM）等指标的监测，科学建模进行生态容量动态评估；三是海洋牧场中单一的贝类增养殖受天然饵料等自然因素制约，其潜在风险是存在的，今后要加强人工干预技术的研究，加强土著品种的开发力度，因地制宜构建海洋牧场生物多样性；四是进一步加强海洋牧场系统建设技术与管理方法的研究应用，完善技术标准和法律法规，提高其抵抗风险的能力，确保海洋牧场健康稳定的发展；五是一旦海洋牧场灾情发生，政府、科研及企业各方应协同配合，共同应对，及时发布全面客观的信息，主动召开新闻发布会，正确引导舆论；六是政府要发挥准入和管理作用，广泛征求相关专家、企业建议，制定海域使用规划，基于生态系统需求，通过生态工程建设，恢复修复优化生态环境，养护增殖渔业资源，实现对生态、生物和生产的和谐管理；七是尽快引入政策性保险机制，确保海洋牧场建设的顺利推进，实现蓝色粮仓的美好愿景。公司将依靠科技，不断认知海洋，推动公共服务平台建设，加强对海洋大生态的监控。公司将产学研联合攻关，根据环境现状，重新修订监测预警等相关制度，建立生物与生态环境间不同条件下的预警方案，以达到预警预报、提升海洋牧场风险应急能力的目标。通过分层次递进式识别、判断异常指标对海洋生态环境、海洋生物生存的影响，及时作出预判，采取有效措施化解、应对风险，推动黄海北部海洋牧场健康发展。措施8、积极引进战略投资者，推动加快转型：已初步确定引进投资者方式、类型与目标，具体情况请以公司公告为准。措施9、提供风险保障，稳定员工队伍：在公司2018年2月5日披露的《关于底播虾夷扇贝2017年终盘点情况的公告》中：“为激励员工在灾后重建中多做贡献、共渡难关，董事长吴厚刚先生承诺为“2014年员工持股计划”在2019年末以后清算时的在职员工提供亏损风险保障。措施10、聚集主业，实施瘦身计划：公司已开始拟定部分资产处置方案，董事会审议的年度投资计划已明确将加强休闲食品、海洋种业、轻资产模式海洋牧场项目建设及运营。措施11、全面检视，加强内控管理：公司管理层与董事会已识别内控存在的缺陷情况，并将其包含在内部控制自我评价报告中。公司已在年度质量目标中明确“识别全系统风险，建立健全风险防控机制”指标，正视内部控制建设和执行中存在的问题，持续改进，提高公司内部控制的完善性、执行的有效性，保证在所有重大方面保持有效的内部控制并部署各单位分别从各自领域梳理内控风险，形成风险识别清单及对应防控措施。,请问吴总，资源涵养区的海域使用费还用缴纳么？,2,strategy_planning,dep_reason,Q2围绕A1中海域功能规划和海域使用金减免信息，追问资源涵养区海域使用费是否仍需缴纳。,请问吴总，11项措施是否有什么进展？,措施1、关闭风险敞口，重新布局海洋牧场：海洋牧场研究中心已形成调查报告与海洋牧场转型方案，并上报总裁办公会。转型方案从海洋牧场风险有效管控、提升产出质量的角度，提出海域功能规划、品种结构规划、业务结构规划、组织人员规划等，并关联预算业绩考核、质量目标考核，结合苗种投入、品种产出各时点，逐步推进落实。下一步将在进一步调研、完善的基础上，组织专家针对方案进行论证，并根据审批权限，提交董事会审议，并由最终决策机构决定相关海域的未来使用规划。措施2、扩大加工食品业务规模：公司内部进一步明确了预算落实的可行性，完善了提升盈利水平、强化市场与品牌建设的相关措施，以海参滋补品、调理食品、休闲食品为重点，拓展线上线下渠道，保持加工食品业务稳步发展的态势，弥补虾夷扇贝减少带来的收入、利润缺口。措施3、节支节流，降低成本费用：公司正在全面推进中。目前已经加强非生产性支出的方面管控，确立集团整体非生产性支出同比下降20%；加强存货周转，确立存货周转率同比加快25%以上的目标；降低采购成本，确立物资采购成本同比下降5%的目标；提出优化职能部门的组织与效率目标，以及海洋牧场转型方案涉及的组织架构配置目标，提升效率降低成本；提出优质客户识别及授信管理目标，加快应收账款周转，减少坏账损失；提出处理闲置低效资产2亿元以上的目标；全集团范围内组织开展开源节流、成本管控活动。以上措施关联绩效考核、质量目标考核，逐步推进实施。措施4、稳定经营性现金流，确保财务风险可控：公司主营业务收入保持了稳步增长的态势，经营性现金情况稳定；同时与公司有业务的银行机构根据债权人委员会专题会议形成的一致意见，授信额度没有减少，没有抽贷压贷等行为，继续给予公司稳定的资金支持。措施5、依据政策，按程序申请减免海域使用金：公司本次受灾底播虾夷扇贝养殖海域损失标准符合《海域使用金减免管理办法》减免规定，目前已向政府有关部门汇报受灾情况及申请减免海域使用金的请求，收到政府《关于减免海域使用金申请的回复》，要求专业机构提供《受灾海域的区域面积测量报告》《受灾海域受灾情况评估报告》，近期公司已组织专业机构进行现场评估，出具了专业报告，目前在评审过程中。措施6、积极寻求保险合作，控制产业经营风险：公司已经开始对接相关保险公司，现正在根据保险公司要求，提供其所需的调查问卷资料，以便其对公司海洋保险制作专属保险方案。措施7、专家指导，提升风险预警与应急能力：2018年3月4日在青岛召开的海洋牧场贝类增养殖风险预警与应对策略研讨会上专家提出建议：一是通过监测海洋生态环境指标及分析其与生物之间的影响关系等，逐步建立起科学有效的风险预警模型；二是生态容量是海洋牧场可持续发展的核心，科学管理是重要保障，加强对海洋底层水温、溶解氧、初级生产力、营养盐、颗粒有机物（POM）等指标的监测，科学建模进行生态容量动态评估；三是海洋牧场中单一的贝类增养殖受天然饵料等自然因素制约，其潜在风险是存在的，今后要加强人工干预技术的研究，加强土著品种的开发力度，因地制宜构建海洋牧场生物多样性；四是进一步加强海洋牧场系统建设技术与管理方法的研究应用，完善技术标准和法律法规，提高其抵抗风险的能力，确保海洋牧场健康稳定的发展；五是一旦海洋牧场灾情发生，政府、科研及企业各方应协同配合，共同应对，及时发布全面客观的信息，主动召开新闻发布会，正确引导舆论；六是政府要发挥准入和管理作用，广泛征求相关专家、企业建议，制定海域使用规划，基于生态系统需求，通过生态工程建设，恢复修复优化生态环境，养护增殖渔业资源，实现对生态、生物和生产的和谐管理；七是尽快引入政策性保险机制，确保海洋牧场建设的顺利推进，实现蓝色粮仓的美好愿景。公司将依靠科技，不断认知海洋，推动公共服务平台建设，加强对海洋大生态的监控。公司将产学研联合攻关，根据环境现状，重新修订监测预警等相关制度，建立生物与生态环境间不同条件下的预警方案，以达到预警预报、提升海洋牧场风险应急能力的目标。通过分层次递进式识别、判断异常指标对海洋生态环境、海洋生物生存的影响，及时作出预判，采取有效措施化解、应对风险，推动黄海北部海洋牧场健康发展。措施8、积极引进战略投资者，推动加快转型：已初步确定引进投资者方式、类型与目标，具体情况请以公司公告为准。措施9、提供风险保障，稳定员工队伍：在公司2018年2月5日披露的《关于底播虾夷扇贝2017年终盘点情况的公告》中：“为激励员工在灾后重建中多做贡献、共渡难关，董事长吴厚刚先生承诺为“2014年员工持股计划”在2019年末以后清算时的在职员工提供亏损风险保障。措施10、聚集主业，实施瘦身计划：公司已开始拟定部分资产处置方案，董事会审议的年度投资计划已明确将加强休闲食品、海洋种业、轻资产模式海洋牧场项目建设及运营。措施11、全面检视，加强内控管理：公司管理层与董事会已识别内控存在的缺陷情况，并将其包含在内部控制自我评价报告中。公司已在年度质量目标中明确“识别全系统风险，建立健全风险防控机制”指标，正视内部控制建设和执行中存在的问题，持续改进，提高公司内部控制的完善性、执行的有效性，保证在所有重大方面保持有效的内部控制并部署各单位分别从各自领域梳理内控风险，形成风险识别清单及对应防控措施。,请问吴总，资源涵养区的海域使用费还用缴纳么？,002069_2017,15,17,2,Elaboration,Q2围绕A1中海域功能规划和海域使用金减免信息，追问资源涵养区海域使用费是否仍需缴纳。,,,1
positive,子公司都亏损怎么办 感谢关注!针对公司底播虾夷扇贝存货核销及计提跌价准备影响2017年度经营业绩大幅亏损的情况，公司拟订了调整产业及产品结构、保障现金流安全、引进战略投资者等11个方面的措施，其中明确将：聚焦海洋牧场与海洋食品等主业，实施瘦身计划，处置闲置资产、剥离非主营业务、清理亏损企业；节支节流，严控成本费用，提升劳动效率、强化预算管理，全员、全过程、全方位降成本。通过这些措施，一方面将提升相关公司的盈利能力，同时将在成本效益原则下适时采取措施处置闲置资产、剥离非主营业务、清理亏损企业。,除了扇贝遭受到巨大损失外，请问公司其他方面的业务目前经营是否正常？,2,performance_governance,dep_reason,Q2基于A1中扇贝亏损事实，进一步追问其他业务经营是否正常。,子公司都亏损怎么办,感谢关注!针对公司底播虾夷扇贝存货核销及计提跌价准备影响2017年度经营业绩大幅亏损的情况，公司拟订了调整产业及产品结构、保障现金流安全、引进战略投资者等11个方面的措施，其中明确将：聚焦海洋牧场与海洋食品等主业，实施瘦身计划，处置闲置资产、剥离非主营业务、清理亏损企业；节支节流，严控成本费用，提升劳动效率、强化预算管理，全员、全过程、全方位降成本。通过这些措施，一方面将提升相关公司的盈利能力，同时将在成本效益原则下适时采取措施处置闲置资产、剥离非主营业务、清理亏损企业。,除了扇贝遭受到巨大损失外，请问公司其他方面的业务目前经营是否正常？,002069_2017,19,20,1,Elaboration,Q2基于A1中扇贝亏损事实，进一步追问其他业务经营是否正常。,,,1
positive,请问吴总，在技术成熟各种风险基本可控的情况下，还考虑再扩大扇贝养殖面积么？ 谢谢您的好问题！如果存在您问题中的前提，即：技术成熟和风险可控，那么，答案就是肯定的！毕竟，北纬39度獐子岛是世界公认的珍惜的海珍品原产地，是中国唯一可规模化实施虾夷扇贝增殖的并以此品种为主建设海洋牧场的一流渔场！但是，两次天灾告诉我们，海洋生态是现有技术所不能掌控的，诸多风险是现有技术无法识别和难以预警、无法预防、提前防控的，甚至无法实现应急止损的！只有敬畏风险，适度规模，多元结构，养护生态，可持续原则，甚至，海陆结合，技术与品牌驱动，才可以使公司始终在安全的轨道上运行和发展，从而，扩大并保护好广大投资者和股东的利益！当前，公司会适度规模虾夷扇贝，扩大土著海参海螺鲍鱼海胆的规模，通过新技术，快速提升三倍体牡蛎大西洋扇贝的产业地位和领导力，同时，以技术+服务+品牌的新模式，来带领中国渔民共建海洋资源，促进中国沿海乡村振兴发展！獐子岛--北黄海--中国海。。。,经过这两次非常突然的“天灾”，请问公司将如何重建投资者信心？,1,disclosure_detail,dep_reason,Q2引用A1中“两次天灾”说法，要求说明重建投资者信心的措施。,请问吴总，在技术成熟各种风险基本可控的情况下，还考虑再扩大扇贝养殖面积么？,谢谢您的好问题！如果存在您问题中的前提，即：技术成熟和风险可控，那么，答案就是肯定的！毕竟，北纬39度獐子岛是世界公认的珍惜的海珍品原产地，是中国唯一可规模化实施虾夷扇贝增殖的并以此品种为主建设海洋牧场的一流渔场！但是，两次天灾告诉我们，海洋生态是现有技术所不能掌控的，诸多风险是现有技术无法识别和难以预警、无法预防、提前防控的，甚至无法实现应急止损的！只有敬畏风险，适度规模，多元结构，养护生态，可持续原则，甚至，海陆结合，技术与品牌驱动，才可以使公司始终在安全的轨道上运行和发展，从而，扩大并保护好广大投资者和股东的利益！当前，公司会适度规模虾夷扇贝，扩大土著海参海螺鲍鱼海胆的规模，通过新技术，快速提升三倍体牡蛎大西洋扇贝的产业地位和领导力，同时，以技术+服务+品牌的新模式，来带领中国渔民共建海洋资源，促进中国沿海乡村振兴发展！獐子岛--北黄海--中国海。。。,经过这两次非常突然的“天灾”，请问公司将如何重建投资者信心？,002069_2017,22,24,2,Elaboration,Q2引用A1中“两次天灾”说法，要求说明重建投资者信心的措施。,,,1
positive,经过这两次非常突然的“天灾”，请问公司将如何重建投资者信心？ 第一，快速恢复业绩（11项措施逐季度见效）；第二，增加海洋牧场透明度，普及海洋生态知识，普及海洋风险知识，普及海洋生物知识；第三，管控好风险，释放好优势（獐子岛拥有：永不枯竭的海洋，永不饱和的市场，永不换代的产品）。,按照目前情况来看，公司什么时候可以实现扭亏为盈？,2,performance_governance,dep_reason,Q2针对A1中恢复业绩的承诺追问扭亏时间，要求具体化。,经过这两次非常突然的“天灾”，请问公司将如何重建投资者信心？,第一，快速恢复业绩（11项措施逐季度见效）；第二，增加海洋牧场透明度，普及海洋生态知识，普及海洋风险知识，普及海洋生物知识；第三，管控好风险，释放好优势（獐子岛拥有：永不枯竭的海洋，永不饱和的市场，永不换代的产品）。,按照目前情况来看，公司什么时候可以实现扭亏为盈？,002069_2017,24,25,1,Elaboration,Q2针对A1中恢复业绩的承诺追问扭亏时间，要求具体化。,,,1
positive,"按照目前情况来看，公司什么时候可以实现扭亏为盈？ 感谢关注！公司目前各业态经营情况平稳，底播虾夷扇贝业务受存货减值因素影响效益下降，加工食品业务效益稳步增长，海参、海螺等增养殖产品产销量提升，公司二季度整体业绩呈现企稳回升态势，预计2018年1-6月可实现归属于上市公司股东的净利润1,000-2,000万元。公司2018年的经营目标为实现全年扭亏为盈。",公司还有造血能力吗还能活过来吗,2,strategy_planning,dep_reason,Q2基于A1中扇贝减值与扭亏目标，进一步追问造血能力和生存前景，属于同一经营风险链条。,按照目前情况来看，公司什么时候可以实现扭亏为盈？,"感谢关注！公司目前各业态经营情况平稳，底播虾夷扇贝业务受存货减值因素影响效益下降，加工食品业务效益稳步增长，海参、海螺等增养殖产品产销量提升，公司二季度整体业绩呈现企稳回升态势，预计2018年1-6月可实现归属于上市公司股东的净利润1,000-2,000万元。公司2018年的经营目标为实现全年扭亏为盈。",公司还有造血能力吗还能活过来吗,002069_2017,25,29,4,Elaboration,Q2基于A1中扇贝减值与扭亏目标，进一步追问造血能力和生存前景，属于同一经营风险链条。,,,1
positive,"公司在2014、2015年连续预测五年内净利润达13亿，现在已到2018年，实际业绩与预测相差甚远。公司作何解释？ 公司在2014年对未来五年做了经营规划，不构成对资本市场承诺的业绩预测。2016年，公司遵循客观、谨慎性原则，根据公司所面临的外部经营环境和内部经营条件的变化，接受了年审会计师的关于上述经营规划存在不确定性的相关建议，将母公司计提的可弥补亏损相关递延所得税资产和可抵扣暂时性差异递延所得税资产全部冲销，计入当期所得税费用。2018年1月，公司在进行底播虾夷扇贝年末存量盘点时发现海洋牧场遭受了重大灾害。公司受灾海域达131.46万亩，公司海洋牧场存货核销及计提跌价准备影响合计63,830.12万元，全部计入2017年度损益，导致公司2017年度业绩出现大幅亏损，净利润亏损7.26亿元。",公司还有造血能力吗还能活过来吗,2,performance_governance,dep_reason,Q2针对A1解释的巨额亏损和灾害，追问公司持续经营能力。,公司在2014、2015年连续预测五年内净利润达13亿，现在已到2018年，实际业绩与预测相差甚远。公司作何解释？,"公司在2014年对未来五年做了经营规划，不构成对资本市场承诺的业绩预测。2016年，公司遵循客观、谨慎性原则，根据公司所面临的外部经营环境和内部经营条件的变化，接受了年审会计师的关于上述经营规划存在不确定性的相关建议，将母公司计提的可弥补亏损相关递延所得税资产和可抵扣暂时性差异递延所得税资产全部冲销，计入当期所得税费用。2018年1月，公司在进行底播虾夷扇贝年末存量盘点时发现海洋牧场遭受了重大灾害。公司受灾海域达131.46万亩，公司海洋牧场存货核销及计提跌价准备影响合计63,830.12万元，全部计入2017年度损益，导致公司2017年度业绩出现大幅亏损，净利润亏损7.26亿元。",公司还有造血能力吗还能活过来吗,002069_2017,27,29,2,Elaboration,Q2针对A1解释的巨额亏损和灾害，追问公司持续经营能力。,,,1
positive,"公司在2014、2015年连续预测五年内净利润达13亿，现在已到2018年，实际业绩与预测相差甚远。公司作何解释？ 公司在2014年对未来五年做了经营规划，不构成对资本市场承诺的业绩预测。2016年，公司遵循客观、谨慎性原则，根据公司所面临的外部经营环境和内部经营条件的变化，接受了年审会计师的关于上述经营规划存在不确定性的相关建议，将母公司计提的可弥补亏损相关递延所得税资产和可抵扣暂时性差异递延所得税资产全部冲销，计入当期所得税费用。2018年1月，公司在进行底播虾夷扇贝年末存量盘点时发现海洋牧场遭受了重大灾害。公司受灾海域达131.46万亩，公司海洋牧场存货核销及计提跌价准备影响合计63,830.12万元，全部计入2017年度损益，导致公司2017年度业绩出现大幅亏损，净利润亏损7.26亿元。",在公司发布业绩修正预告前，就有媒体在2017年11月份爆出扇贝出现大规模死亡。公司是否存在信披违规的情况？,1,disclosure_detail,dep_reason,Q2基于A1中提到的扇贝灾害事件，质疑信息披露违规，属于针对A1内容的继续追问。,公司在2014、2015年连续预测五年内净利润达13亿，现在已到2018年，实际业绩与预测相差甚远。公司作何解释？,"公司在2014年对未来五年做了经营规划，不构成对资本市场承诺的业绩预测。2016年，公司遵循客观、谨慎性原则，根据公司所面临的外部经营环境和内部经营条件的变化，接受了年审会计师的关于上述经营规划存在不确定性的相关建议，将母公司计提的可弥补亏损相关递延所得税资产和可抵扣暂时性差异递延所得税资产全部冲销，计入当期所得税费用。2018年1月，公司在进行底播虾夷扇贝年末存量盘点时发现海洋牧场遭受了重大灾害。公司受灾海域达131.46万亩，公司海洋牧场存货核销及计提跌价准备影响合计63,830.12万元，全部计入2017年度损益，导致公司2017年度业绩出现大幅亏损，净利润亏损7.26亿元。",在公司发布业绩修正预告前，就有媒体在2017年11月份爆出扇贝出现大规模死亡。公司是否存在信披违规的情况？,002069_2017,27,32,5,Challenge,Q2基于A1中提到的扇贝灾害事件，质疑信息披露违规，属于针对A1内容的继续追问。,,,1
positive,海洋养殖风险太大了，公司是否想过转型？或者逐步减少虾夷扇贝等于海洋养殖相关业务在营收中的比重？ 针对公司底播虾夷扇贝存货核销及计提跌价准备影响2017年度经营业绩大幅亏损的情况，公司拟订了调整产业及产品结构、保障现金流安全等11个方面的措施，明确了一方面要关闭风险敞口，重新布局海洋牧场，调整234万亩确权海域的用海规划，将确权海域划分为资源区（约100万亩）和生态区（约134万亩）。将虾夷扇贝底播区面积由234万亩压缩至约60万亩，按3年轮收轮播方式；并在在资源区内设立土著品种海螺的资源养护区，加强海参资源的养护与增殖，逐步提升产量与质量。同时，公司将扩大加工食品业务规模：强化市场与品牌建设，以海参滋补品、调理食品、休闲食品为重点，拓展线上线下渠道，保持加工食品业务稳步发展的态势，弥补底播虾夷扇贝减少带来的收入、利润缺口。,公司还有造血能力嘛,2,strategy_planning,dep_reason,Q2基于A1转型措施质疑公司未来自身盈利能力。,海洋养殖风险太大了，公司是否想过转型？或者逐步减少虾夷扇贝等于海洋养殖相关业务在营收中的比重？,针对公司底播虾夷扇贝存货核销及计提跌价准备影响2017年度经营业绩大幅亏损的情况，公司拟订了调整产业及产品结构、保障现金流安全等11个方面的措施，明确了一方面要关闭风险敞口，重新布局海洋牧场，调整234万亩确权海域的用海规划，将确权海域划分为资源区（约100万亩）和生态区（约134万亩）。将虾夷扇贝底播区面积由234万亩压缩至约60万亩，按3年轮收轮播方式；并在在资源区内设立土著品种海螺的资源养护区，加强海参资源的养护与增殖，逐步提升产量与质量。同时，公司将扩大加工食品业务规模：强化市场与品牌建设，以海参滋补品、调理食品、休闲食品为重点，拓展线上线下渠道，保持加工食品业务稳步发展的态势，弥补底播虾夷扇贝减少带来的收入、利润缺口。,公司还有造血能力嘛,002069_2017,41,45,4,Challenge,Q2基于A1转型措施质疑公司未来自身盈利能力。,,,1
positive,根据公司去年推出的应对措施，底播虾夷扇贝规模将压缩至60万亩左右，并按照3年滚动收获，公司目前底播扇贝的亩产水平如何？ 感谢关注！公司根据海洋牧场转型需要重新规划了海域布局，缩减了虾夷扇贝底播面积，设立了土著品种海螺的资源养护区，提升海参的产量与质量。根据日常生产和监测情况，底播虾夷扇贝目前生长正常。,公司从2014年至今，已经两次遭受自然灾害。公司是否考虑战略转型，降低水产养殖业业务占比，进一步降低海洋生态环境风险对公司经营的影响。,2,strategy_planning,dep_reason,Q2延续A1提到的海洋牧场转型，进一步追问公司是否考虑更彻底的战略转型以降低风险。,根据公司去年推出的应对措施，底播虾夷扇贝规模将压缩至60万亩左右，并按照3年滚动收获，公司目前底播扇贝的亩产水平如何？,感谢关注！公司根据海洋牧场转型需要重新规划了海域布局，缩减了虾夷扇贝底播面积，设立了土著品种海螺的资源养护区，提升海参的产量与质量。根据日常生产和监测情况，底播虾夷扇贝目前生长正常。,公司从2014年至今，已经两次遭受自然灾害。公司是否考虑战略转型，降低水产养殖业业务占比，进一步降低海洋生态环境风险对公司经营的影响。,002069_2018,11,16,5,Elaboration,Q2延续A1提到的海洋牧场转型，进一步追问公司是否考虑更彻底的战略转型以降低风险。,,,1
positive,海参、鲍鱼、海螺等品类近年来虽然增长很快，但目前来看营收规模仍不够高，是生产资源方面的存在瓶颈还是销售市场没有完全打开，下一步公司有什么样的推进计划？ 主要是市场没有完全打开！在已做好品质的基础上，目前重点是要专业营销、扩大客群、精准渠道、优质服务！（目前，海参海螺可线上下单，为您服务到家；鲍鱼需提前3天订购）獐子岛海参是SGS唯一授权品牌产品（质量标准高）獐子岛鲍鱼是国宴鲍鱼（1972中美建交的幕后英雄）獐子岛海螺是香螺（祥螺品牌，是吃扇贝等贝类长大起来的）烹饪简单：清水煮，不加任何调料，原汁原味，鲜香嫩（鲍鱼海螺开锅10分钟即可）,公司在电商方面做了哪些工作？对这个领域公司未来有什么规划？,2,strategy_planning,dep_reason,Q2针对A1中提到的线上下单等渠道信息，进一步追问电商具体工作和规划。,海参、鲍鱼、海螺等品类近年来虽然增长很快，但目前来看营收规模仍不够高，是生产资源方面的存在瓶颈还是销售市场没有完全打开，下一步公司有什么样的推进计划？,主要是市场没有完全打开！在已做好品质的基础上，目前重点是要专业营销、扩大客群、精准渠道、优质服务！（目前，海参海螺可线上下单，为您服务到家；鲍鱼需提前3天订购）獐子岛海参是SGS唯一授权品牌产品（质量标准高）獐子岛鲍鱼是国宴鲍鱼（1972中美建交的幕后英雄）獐子岛海螺是香螺（祥螺品牌，是吃扇贝等贝类长大起来的）烹饪简单：清水煮，不加任何调料，原汁原味，鲜香嫩（鲍鱼海螺开锅10分钟即可）,公司在电商方面做了哪些工作？对这个领域公司未来有什么规划？,002069_2018,14,18,4,Elaboration,Q2针对A1中提到的线上下单等渠道信息，进一步追问电商具体工作和规划。,,,1
positive,尊敬的吴董事长，您好！这几年公司遭受了两次严重的灾害，损失严重。作为与公司一路相伴的小股东，资产缩水惨重。痛定思痛，请问董事长，现在有没有形成公司稳健运营的思路？能不能在2019把公司带出泥沼？有没有信心把獐子岛独特的资源禀赋转化为优良业绩？ 感恩有您，两次灾害您都不离不弃！海洋资源产业确实风险大，之前敬畏的不够，所以公司吃了大亏，也给你们带来了损失，在此再次向您及中小股东道歉！痛定思痛！今年，我们重构了海洋牧场，重组了专业事业部，缩小了养殖规模，从区域选择、苗种选择、贝螺分离、敌害管控、养管一体、网具优化、品牌营销、绩效机制、团队责任等入手，全面防控自然风险、全面加强企业管控、全面提升团队素质、全面建立绩效机制、全面重视资产资金产出效率，有质量实施全员市场化。这些措施的实施，就是要保障2019年公司盈利，保障公司走出泥沼，实现可持续的优良业绩！再次感谢！,公司从2014年至今，已经两次遭受自然灾害。公司是否考虑战略转型，降低水产养殖业业务占比，进一步降低海洋生态环境风险对公司经营的影响。,2,strategy_planning,dep_reason,Q2围绕A1中的风险控制措施，追问是否考虑战略转型以降低养殖风险，同属灾害风险应对链条。,尊敬的吴董事长，您好！这几年公司遭受了两次严重的灾害，损失严重。作为与公司一路相伴的小股东，资产缩水惨重。痛定思痛，请问董事长，现在有没有形成公司稳健运营的思路？能不能在2019把公司带出泥沼？有没有信心把獐子岛独特的资源禀赋转化为优良业绩？,感恩有您，两次灾害您都不离不弃！海洋资源产业确实风险大，之前敬畏的不够，所以公司吃了大亏，也给你们带来了损失，在此再次向您及中小股东道歉！痛定思痛！今年，我们重构了海洋牧场，重组了专业事业部，缩小了养殖规模，从区域选择、苗种选择、贝螺分离、敌害管控、养管一体、网具优化、品牌营销、绩效机制、团队责任等入手，全面防控自然风险、全面加强企业管控、全面提升团队素质、全面建立绩效机制、全面重视资产资金产出效率，有质量实施全员市场化。这些措施的实施，就是要保障2019年公司盈利，保障公司走出泥沼，实现可持续的优良业绩！再次感谢！,公司从2014年至今，已经两次遭受自然灾害。公司是否考虑战略转型，降低水产养殖业业务占比，进一步降低海洋生态环境风险对公司经营的影响。,002069_2018,15,16,1,Elaboration,Q2围绕A1中的风险控制措施，追问是否考虑战略转型以降低养殖风险，同属灾害风险应对链条。,,,1
positive,公司从2014年至今，已经两次遭受自然灾害。公司是否考虑战略转型，降低水产养殖业业务占比，进一步降低海洋生态环境风险对公司经营的影响。 谢谢您的好问题！我们应该警醒、觉悟、应变！企业的最终取胜是靠战略！在公司60周年纪念活动中，我们把獐子岛未来识别为四大资源：獐子岛北纬39度海洋牧场与海珍品、獐子岛品牌与食品、高原泉水与鲟鱼鱼子酱、海洋生物四倍体技术与贝类产业。我们再出发！,公司海洋牧场目前的情况如何，底播扇贝等有没有出现减值的迹象？,2,performance_governance,dep_reason,Q2围绕A1中提到的海洋牧场资源，进一步询问具体经营状况和减值风险，延续Q1的风险话题。,公司从2014年至今，已经两次遭受自然灾害。公司是否考虑战略转型，降低水产养殖业业务占比，进一步降低海洋生态环境风险对公司经营的影响。,谢谢您的好问题！我们应该警醒、觉悟、应变！企业的最终取胜是靠战略！在公司60周年纪念活动中，我们把獐子岛未来识别为四大资源：獐子岛北纬39度海洋牧场与海珍品、獐子岛品牌与食品、高原泉水与鲟鱼鱼子酱、海洋生物四倍体技术与贝类产业。我们再出发！,公司海洋牧场目前的情况如何，底播扇贝等有没有出现减值的迹象？,002069_2018,16,17,1,Elaboration,Q2围绕A1中提到的海洋牧场资源，进一步询问具体经营状况和减值风险，延续Q1的风险话题。,,,1
positive,公司在电商方面做了哪些工作？对这个领域公司未来有什么规划？ 目前，獐子岛电商的技术服务功能算是跟住了时代；中国区更大的范围的C端客户随时购的需求基本可以满足，尤其是活鲜品像扇贝、海螺、鲍鱼、珍蚝、龙虾等等，以及獐子岛味道海洋食品像粉丝蒜蓉扇贝、佛跳墙、小米海参粥、海参、固元膏、鱼子酱等，均可坐在家里就可享用！今年之后的未来，主要做好线上线下融合，释放渠道优势，释放平台优势，把产品优势、客户优势、营销优势、各城市经销商合作伙伴快捷物流服务优势，集合发挥出来；逐步建成“世界鱼市、幸福家宴”的消费平台！,我们公司在互联网方面销售力度不大啊，有没有扩展互联网领域的思路？,2,strategy_planning,dep_reason,Q2针对A1中描述的电商现状和规划，质疑销售力度并继续追问扩展思路。,公司在电商方面做了哪些工作？对这个领域公司未来有什么规划？,目前，獐子岛电商的技术服务功能算是跟住了时代；中国区更大的范围的C端客户随时购的需求基本可以满足，尤其是活鲜品像扇贝、海螺、鲍鱼、珍蚝、龙虾等等，以及獐子岛味道海洋食品像粉丝蒜蓉扇贝、佛跳墙、小米海参粥、海参、固元膏、鱼子酱等，均可坐在家里就可享用！今年之后的未来，主要做好线上线下融合，释放渠道优势，释放平台优势，把产品优势、客户优势、营销优势、各城市经销商合作伙伴快捷物流服务优势，集合发挥出来；逐步建成“世界鱼市、幸福家宴”的消费平台！,我们公司在互联网方面销售力度不大啊，有没有扩展互联网领域的思路？,002069_2018,18,19,1,Elaboration,Q2针对A1中描述的电商现状和规划，质疑销售力度并继续追问扩展思路。,,,1
positive,请问獐子岛因为多年来持续受到天灾，导致媒体负面报道数不胜数，其中有的是针对獐子岛的调侃，更有甚者是添油加醋攻击抹黑，这给公司和中小投资者带来很大困扰，严重影响公司市场形象，请问吴总为何不发起反击？作为中小股东实在不愿意在看到相关信息！ 因为信任，所以理解；因为理解，所以跟随；因为跟随，所以成就！希望股东与公司携手并肩，团结共进，共克时艰，共享未来！,獐子岛有得天独厚的产品资源，特别是海鲜的品质更是受到国内外公认，建议公司去看看海天味业的相关经营情况！仅仅一个蚝油就销量巨大，而调味品是属于刚需，抗风险能力强，市场前景大，为何不进行这方面布局？真是浪费了这个“鲜”字了，建议吴总和董事会认真考虑，通过招商合作的形式以公司出品牌出资源对方出资金的形式合作成立獐子岛海鲜调味品分公司，品牌就一个字“鲜”就足够了！期待獐子岛的二次辉煌！,2,answer_pressure,dep_reason,A1给出因为信任等感性回复，Q2针对该笼统回应继续对獐子岛的现状进行追问或质疑。,请问獐子岛因为多年来持续受到天灾，导致媒体负面报道数不胜数，其中有的是针对獐子岛的调侃，更有甚者是添油加醋攻击抹黑，这给公司和中小投资者带来很大困扰，严重影响公司市场形象，请问吴总为何不发起反击？作为中小股东实在不愿意在看到相关信息！,因为信任，所以理解；因为理解，所以跟随；因为跟随，所以成就！希望股东与公司携手并肩，团结共进，共克时艰，共享未来！,獐子岛有得天独厚的产品资源，特别是海鲜的品质更是受到国内外公认，建议公司去看看海天味业的相关经营情况！仅仅一个蚝油就销量巨大，而调味品是属于刚需，抗风险能力强，市场前景大，为何不进行这方面布局？真是浪费了这个“鲜”字了，建议吴总和董事会认真考虑，通过招商合作的形式以公司出品牌出资源对方出资金的形式合作成立獐子岛海鲜调味品分公司，品牌就一个字“鲜”就足够了！期待獐子岛的二次辉煌！,002069_2019,15,16,1,Challenge,A1给出因为信任等感性回复，Q2针对该笼统回应继续对獐子岛的现状进行追问或质疑。,,,1
positive,公司可不可搞水域流转，控制风险。关闭了扇贝风险敞口的海洋有没有其它安排？ 非常好的运营思路！这个需要根据法律法规和市场需求等，能结合就流转收益；不能结合暂放弃，待探索，技术良种模式成熟后，再开发经营。目前，思路已成熟！,转让的那块海域使用权是有期限吗，如果有多久？,1,disclosure_detail,dep_reason,Q2针对A1中水域流转思路，进一步追问流转海域使用权期限细节。,公司可不可搞水域流转，控制风险。关闭了扇贝风险敞口的海洋有没有其它安排？,非常好的运营思路！这个需要根据法律法规和市场需求等，能结合就流转收益；不能结合暂放弃，待探索，技术良种模式成熟后，再开发经营。目前，思路已成熟！,转让的那块海域使用权是有期限吗，如果有多久？,002069_2019,23,28,5,Elaboration,Q2针对A1中水域流转思路，进一步追问流转海域使用权期限细节。,,,1
positive,"上市时的募集资金至今使用情况如何?未来有进一步再融资的需求吗?如果有,会考虑选择哪种融资方式? 公司募集资金项目正在顺利进展中。","请问赵延彬：我刚才翻看了贵公司的解答问题,感觉到总是蜻蜒点水，没有把问题讲透．让人无法真正了解到公司目前的经营状况＼前景，措施和方向。希望能重视我们小股民的问题，股价的提升对公司也是一个标志，一个宣传。谢谢",2,answer_pressure,dep_reason,Q2直接抱怨A1及以往回答蜻蜓点水、未讲透问题，催促重视并详细回答。,"上市时的募集资金至今使用情况如何?未来有进一步再融资的需求吗?如果有,会考虑选择哪种融资方式?",公司募集资金项目正在顺利进展中。,"请问赵延彬：我刚才翻看了贵公司的解答问题,感觉到总是蜻蜒点水，没有把问题讲透．让人无法真正了解到公司目前的经营状况＼前景，措施和方向。希望能重视我们小股民的问题，股价的提升对公司也是一个标志，一个宣传。谢谢",002072_2006,13,16,3,Complaint,Q2直接抱怨A1及以往回答蜻蜓点水、未讲透问题，催促重视并详细回答。,,,1
positive,公司是否考虑对其他公司进行收购兼并，对外扩张，是否有具体的管理模式，因为很多公司在恶性扩张后，资金周转不灵，管理无法跟上，导致破产。 公司还没有考虑对其他公司进行收购兼并及对外扩张。,"请问赵延彬：我刚才翻看了贵公司的解答问题,感觉到总是蜻蜒点水，没有把问题讲透．让人无法真正了解到公司目前的经营状况＼前景，措施和方向。希望能重视我们小股民的问题，股价的提升对公司也是一个标志，一个宣传。谢谢",2,answer_pressure,dep_reason,Q2针对A1回答过于简单、未讲透互动质量进行抱怨，催促重视提问。,公司是否考虑对其他公司进行收购兼并，对外扩张，是否有具体的管理模式，因为很多公司在恶性扩张后，资金周转不灵，管理无法跟上，导致破产。,公司还没有考虑对其他公司进行收购兼并及对外扩张。,"请问赵延彬：我刚才翻看了贵公司的解答问题,感觉到总是蜻蜒点水，没有把问题讲透．让人无法真正了解到公司目前的经营状况＼前景，措施和方向。希望能重视我们小股民的问题，股价的提升对公司也是一个标志，一个宣传。谢谢",002072_2006,15,16,1,Complaint,Q2针对A1回答过于简单、未讲透互动质量进行抱怨，催促重视提问。,,,1
positive,请问周庆春：以前证券报说你公司十大流通股东，全部为基金券商维护现在的股价，比ＳＴ股还差，在二级市场上还多人 为了保护自己，请不要听信不实消息。,请问周庆春：请问董事长：该股是否有券商参与操作？,1,disclosure_detail,dep_reason,A1回避Q1核心问题，Q2继续追问是否有券商操作，属交互依赖。,请问周庆春：以前证券报说你公司十大流通股东，全部为基金券商维护现在的股价，比ＳＴ股还差，在二级市场上还多人,为了保护自己，请不要听信不实消息。,请问周庆春：请问董事长：该股是否有券商参与操作？,002072_2006,20,21,1,Challenge,A1回避Q1核心问题，Q2继续追问是否有券商操作，属交互依赖。,,,1
positive,"请问周庆春：提升股价也可为贵公司筹资提供保障,股价是衡量公司价值的一大重要指标,在牛市行情中,贵公司的表现让很多股民失望,一旦股民们失去信心,你们将采取什么样的措施 我们相信德棉的股东会对德棉充满信心的。","请问周庆春：在当前牛市情况下，002072的表现让人非常失望,你们口口声声说提高业绩什么的,可是股价为什么就是涨不上去呢?难道你们的业绩就是这样体现的吗?真的好失望!我准备撤出我的资金!",2,performance_governance,dep_reason,人工复核：Q2针对A1笼统信心表述继续质疑股价表现和业绩体现。,"请问周庆春：提升股价也可为贵公司筹资提供保障,股价是衡量公司价值的一大重要指标,在牛市行情中,贵公司的表现让很多股民失望,一旦股民们失去信心,你们将采取什么样的措施",我们相信德棉的股东会对德棉充满信心的。,"请问周庆春：在当前牛市情况下，002072的表现让人非常失望,你们口口声声说提高业绩什么的,可是股价为什么就是涨不上去呢?难道你们的业绩就是这样体现的吗?真的好失望!我准备撤出我的资金!",002072_2006,24,25,1,Challenge,人工复核：Q2针对A1笼统信心表述继续质疑股价表现和业绩体现。,,,1
positive,"从公司的公开信息看,公司近两年业绩在下滑，公司是否在上市后会有好的表现？ 公司业绩在近两年是稳定上升的","请问李会江：是不是公司经营不善,业绩大幅度下滑",2,performance_governance,dep_reason,Q2重复质疑业绩下滑，不顾A1已否认下滑，针对回答继续施压。,"从公司的公开信息看,公司近两年业绩在下滑，公司是否在上市后会有好的表现？",公司业绩在近两年是稳定上升的,"请问李会江：是不是公司经营不善,业绩大幅度下滑",002072_2006,27,31,4,Challenge,Q2重复质疑业绩下滑，不顾A1已否认下滑，针对回答继续施压。,,,1
positive,"您作为公司的保荐人,在公司上市后还做了什么样的工作呢？你认为这家公司的管理和成长性怎么样? 我们作为保荐机构，在履行持续督导的职责．公司的管理还是不错的，未来的成长性，要看整个棉纺织行业的发展以及公司内部的调整","请问周庆春：这样的会有多少作用我不知道,开不开一样吧,能否对德棉去年你的工作进行一下总结,今年近期生产,经营情况进行一下概括",2,answer_pressure,dep_reason,Q2针对A1笼统的“持续督导”回答，要求进一步总结去年具体工作，构成内容依赖。,"您作为公司的保荐人,在公司上市后还做了什么样的工作呢？你认为这家公司的管理和成长性怎么样?",我们作为保荐机构，在履行持续督导的职责．公司的管理还是不错的，未来的成长性，要看整个棉纺织行业的发展以及公司内部的调整,"请问周庆春：这样的会有多少作用我不知道,开不开一样吧,能否对德棉去年你的工作进行一下总结,今年近期生产,经营情况进行一下概括",002072_2006,36,39,3,Elaboration,Q2针对A1笼统的“持续督导”回答，要求进一步总结去年具体工作，构成内容依赖。,,,1
positive,公司如何防范原材料供应风险？ 我们的供应商在签订合同是都有一定的质量要求，确定合格分供方，按iso9000的原则，筛选一些信誉好质量稳定的原棉供应商，原棉进公司后，棉检部门严把质量关。按照棉花质量标准严格检验，不符合标准的予以退货，在原棉供应方面我们一直有着充足的货源。,公司对于供应商所提供的原料有什么质量保障手段？,1,disclosure_detail,dep_reason,Q2围绕A1中已提及的供应商质量检验手段进一步索要具体保障措施细节。,公司如何防范原材料供应风险？,我们的供应商在签订合同是都有一定的质量要求，确定合格分供方，按iso9000的原则，筛选一些信誉好质量稳定的原棉供应商，原棉进公司后，棉检部门严把质量关。按照棉花质量标准严格检验，不符合标准的予以退货，在原棉供应方面我们一直有着充足的货源。,公司对于供应商所提供的原料有什么质量保障手段？,002072_2006,71,74,3,Elaboration,Q2围绕A1中已提及的供应商质量检验手段进一步索要具体保障措施细节。,,,1
positive,2008年的具体目标是什么？利润水平的预算如何？谢谢！ 请随时关注公司相关公告。谢谢！,公司今年的收益与去年同比能增长多少？08年的业绩是否能再大幅增长？谢谢！,1,disclosure_detail,dep_reason,Q2重复追问Q1关于2008年业绩增长的具体目标，A1回避未答。,2008年的具体目标是什么？利润水平的预算如何？谢谢！,请随时关注公司相关公告。谢谢！,公司今年的收益与去年同比能增长多少？08年的业绩是否能再大幅增长？谢谢！,002072_2007,29,32,3,Complaint,Q2重复追问Q1关于2008年业绩增长的具体目标，A1回避未答。,,,1
positive,2008年的具体目标是什么？利润水平的预算如何？谢谢！ 请随时关注公司相关公告。谢谢！,请直接告诉2008年业绩是多少，另外就是相对去年是增还是减？,1,disclosure_detail,dep_reason,Q2重复追问Q1中2008年业绩与增减，A1回避未答，属催促回答。,2008年的具体目标是什么？利润水平的预算如何？谢谢！,请随时关注公司相关公告。谢谢！,请直接告诉2008年业绩是多少，另外就是相对去年是增还是减？,002072_2007,29,34,5,Complaint,Q2重复追问Q1中2008年业绩与增减，A1回避未答，属催促回答。,,,1
positive,请问年报业绩预增情况?以及年报是否会送配? 请随时关注公司相关公告，谢谢！,公司今年的收益与去年同比能增长多少？08年的业绩是否能再大幅增长？谢谢！,2,performance_governance,dep_reason,Q2继续追问Q1中的业绩增长问题，A1未正面回答。,请问年报业绩预增情况?以及年报是否会送配?,请随时关注公司相关公告，谢谢！,公司今年的收益与去年同比能增长多少？08年的业绩是否能再大幅增长？谢谢！,002072_2007,31,32,1,Complaint,Q2继续追问Q1中的业绩增长问题，A1未正面回答。,,,1
positive,请问年报业绩预增情况?以及年报是否会送配? 请随时关注公司相关公告，谢谢！,请直接告诉2008年业绩是多少，另外就是相对去年是增还是减？,1,disclosure_detail,dep_reason,Q2针对A1回避业绩答复，直接催促告知2008年业绩及增减情况。,请问年报业绩预增情况?以及年报是否会送配?,请随时关注公司相关公告，谢谢！,请直接告诉2008年业绩是多少，另外就是相对去年是增还是减？,002072_2007,31,34,3,Complaint,Q2针对A1回避业绩答复，直接催促告知2008年业绩及增减情况。,,,1
positive,公司今年的收益与去年同比能增长多少？08年的业绩是否能再大幅增长？谢谢！ 请关注公司的相关公告，谢谢！,请直接告诉2008年业绩是多少，另外就是相对去年是增还是减？,2,performance_governance,dep_reason,Q2重复追问A1未正面回答的业绩问题，并催促直接告知结果。,公司今年的收益与去年同比能增长多少？08年的业绩是否能再大幅增长？谢谢！,请关注公司的相关公告，谢谢！,请直接告诉2008年业绩是多少，另外就是相对去年是增还是减？,002072_2007,32,34,2,Complaint,Q2重复追问A1未正面回答的业绩问题，并催促直接告知结果。,,,1
positive,公司发展今年有何有利因素，今年有何不利因素? 公司通过多年来持续不断的推进技术改造，具备了开发生产高档次、高品质产品、特色化、差异化产品的能力。其中公司的纺纱设备不仅可以生产高支纱、多原料混纺纱以及特种纱，而且高支纱比重占到了纺纱能力的70%以上；公司的织布生产工序，设备先进、规格齐全，特别是大提花产品在国内同行业规模最大、适应性最强，甚至可以生产工艺产品，已经构建起同行业的领先优势；另外，公司的生产运行质量高，其中万锭用工仅为25个，在国内同行业处于领先地位。其次，通过不断的加强以质量为中心的基础性管理和品牌建设，不仅产品结构得到进一步优化，更重要的是近几年先后已有多个产品入围流行面料发行榜、荣获国家名牌产品、质量免检产品等荣誉称号，在国内外市场上树立起了良好的信誉，这为公司加快发展提供了可靠的外部条件。再就是公司有一支作风顽强、素质过硬、敢打敢拼、不畏艰难的干部、职工队伍，这支队伍不仅热爱企业，忠诚于企业，而且技术精、善钻研，讲团结、讲奉献，具备生产高端产品的素质和能力，这是公司加快发展的坚强后盾。,公司在产品结构上的优势有哪些？,1,disclosure_detail,dep_reason,Q2针对A1中提到的产品结构优势要求进一步细化说明。,公司发展今年有何有利因素，今年有何不利因素?,公司通过多年来持续不断的推进技术改造，具备了开发生产高档次、高品质产品、特色化、差异化产品的能力。其中公司的纺纱设备不仅可以生产高支纱、多原料混纺纱以及特种纱，而且高支纱比重占到了纺纱能力的70%以上；公司的织布生产工序，设备先进、规格齐全，特别是大提花产品在国内同行业规模最大、适应性最强，甚至可以生产工艺产品，已经构建起同行业的领先优势；另外，公司的生产运行质量高，其中万锭用工仅为25个，在国内同行业处于领先地位。其次，通过不断的加强以质量为中心的基础性管理和品牌建设，不仅产品结构得到进一步优化，更重要的是近几年先后已有多个产品入围流行面料发行榜、荣获国家名牌产品、质量免检产品等荣誉称号，在国内外市场上树立起了良好的信誉，这为公司加快发展提供了可靠的外部条件。再就是公司有一支作风顽强、素质过硬、敢打敢拼、不畏艰难的干部、职工队伍，这支队伍不仅热爱企业，忠诚于企业，而且技术精、善钻研，讲团结、讲奉献，具备生产高端产品的素质和能力，这是公司加快发展的坚强后盾。,公司在产品结构上的优势有哪些？,002072_2007,42,43,1,Elaboration,Q2针对A1中提到的产品结构优势要求进一步细化说明。,,,1
positive,公司在产品结构上的优势有哪些？ 一是继续走精品发展战略，把产品定位在“高、精、尖”上；二是进一步延伸产品加工链条，不断增加终端产品和品牌系列产品的比重；三是以提高速度、效率、效益为重点，努力创建高效型企业；四是大力推进品牌战略，切实加强品牌建设和企业文化建设；五是不断创新和改进节约制度，逐步建立节约型企业长效机制。谢谢。,公司在产品品牌上相对于其他企业的优势？,2,strategy_planning,dep_reason,Q2针对A1中提到的品牌战略继续追问具体优势。,公司在产品结构上的优势有哪些？,一是继续走精品发展战略，把产品定位在“高、精、尖”上；二是进一步延伸产品加工链条，不断增加终端产品和品牌系列产品的比重；三是以提高速度、效率、效益为重点，努力创建高效型企业；四是大力推进品牌战略，切实加强品牌建设和企业文化建设；五是不断创新和改进节约制度，逐步建立节约型企业长效机制。谢谢。,公司在产品品牌上相对于其他企业的优势？,002072_2007,43,45,2,Elaboration,Q2针对A1中提到的品牌战略继续追问具体优势。,,,1
positive,目前市场上的股价能代表公司的价值吗？公司未来3年发展前景如何? 对于二级市场的股票价格，公司不作评论，请投资者根据公司的价值，理性判断。做为公司管理层，我们将本着对股东负责的态度，努力将公司运营好。我们一直在努力，我们有信心进一步改善经营业绩，为股东创造价值。谢谢你的关心！,各位高管，你们如何判断公司未来的二级市场走势？如果购买公司的股票能赚钱吗？,1,disclosure_detail,dep_reason,Q2重复Q1的股价问题，针对A1的回避态度继续追问股价判断，属于互动依赖。,目前市场上的股价能代表公司的价值吗？公司未来3年发展前景如何?,对于二级市场的股票价格，公司不作评论，请投资者根据公司的价值，理性判断。做为公司管理层，我们将本着对股东负责的态度，努力将公司运营好。我们一直在努力，我们有信心进一步改善经营业绩，为股东创造价值。谢谢你的关心！,各位高管，你们如何判断公司未来的二级市场走势？如果购买公司的股票能赚钱吗？,002072_2008,9,13,4,Complaint,Q2重复Q1的股价问题，针对A1的回避态度继续追问股价判断，属于互动依赖。,,,1
positive,"我对贵公司的未来充满了信心,我是一名长期投资者,衷心希望贵公司在您的带领下,更上一层,回馈我们股民更大的利益.？ 感谢您对公司的关注，公司董事会和管理层将会尽心尽力做好生产经营工作，公司希望能够给每位投资者合理的投资回报。","请修改分配预案,大比例的分红送股更能证明你们自己对公司的未来看好",2,answer_pressure,dep_reason,Q2针对A1笼统的“合理回报”承诺，要求具体修改分配预案以证明信心。,"我对贵公司的未来充满了信心,我是一名长期投资者,衷心希望贵公司在您的带领下,更上一层,回馈我们股民更大的利益.？",感谢您对公司的关注，公司董事会和管理层将会尽心尽力做好生产经营工作，公司希望能够给每位投资者合理的投资回报。,"请修改分配预案,大比例的分红送股更能证明你们自己对公司的未来看好",002072_2008,10,12,2,Elaboration,Q2针对A1笼统的“合理回报”承诺，要求具体修改分配预案以证明信心。,,,1
positive,您是否经常关注贵公司的股价走势，是否定期与股民交流? 您好，作为公司董事会秘书，关注公司股价和投资者意见是我的本职工作。谢谢！,"请问付爱东：请问付董秘是否经常关注贵公司的股价走势，是否经常上和讯、东财、淘股吧这种股民经常交换看法的社区？""",1,disclosure_detail,dep_reason,Q2针对A1未具体说明交流渠道继续追问，要求明确是否在特定社区平台与股民交流。,您是否经常关注贵公司的股价走势，是否定期与股民交流?,您好，作为公司董事会秘书，关注公司股价和投资者意见是我的本职工作。谢谢！,"请问付爱东：请问付董秘是否经常关注贵公司的股价走势，是否经常上和讯、东财、淘股吧这种股民经常交换看法的社区？""",002072_2008,15,19,4,Elaboration,Q2针对A1未具体说明交流渠道继续追问，要求明确是否在特定社区平台与股民交流。,,,1
positive,公司股票确实被太多的小散户关注，好象散户关注的股票大都有同样的令人失望的结果，请问公司能否打破这个宿命呢？ 对于二级市场的股票价格，公司不作评论，请投资者根据公司的价值，理性判断。谢谢！,你们把股价做上去我们举双手欢迎你们？,1,disclosure_detail,dep_reason,Q2针对A1回避股价评论的态度，继续施压要求推高股价。,公司股票确实被太多的小散户关注，好象散户关注的股票大都有同样的令人失望的结果，请问公司能否打破这个宿命呢？,对于二级市场的股票价格，公司不作评论，请投资者根据公司的价值，理性判断。谢谢！,你们把股价做上去我们举双手欢迎你们？,002072_2008,26,31,5,Challenge,Q2针对A1回避股价评论的态度，继续施压要求推高股价。,,,1
positive,09年那些项目给公司带来利润增长点？？和08年相比怎么样？？ 公司一直致力于新产品开发和市场开发，提高产品附加值，来实现利润增长，努力为股东增加投资回报。谢谢！,各位领导，能不能预测一下，09年利润大概范围，如果不能预测，说一下你们的奋斗目标，09年准备搞多少利润。谢谢。千万不要说套话啊,1,disclosure_detail,dep_reason,Q2针对A1的套话式回避回复，要求提供具体利润预测或目标，并明确抗议套话。,09年那些项目给公司带来利润增长点？？和08年相比怎么样？？,公司一直致力于新产品开发和市场开发，提高产品附加值，来实现利润增长，努力为股东增加投资回报。谢谢！,各位领导，能不能预测一下，09年利润大概范围，如果不能预测，说一下你们的奋斗目标，09年准备搞多少利润。谢谢。千万不要说套话啊,002072_2008,30,34,4,Complaint,Q2针对A1的套话式回避回复，要求提供具体利润预测或目标，并明确抗议套话。,,,1
positive,各位领导，能不能预测一下，09年利润大概范围，如果不能预测，说一下你们的奋斗目标，09年准备搞多少利润。谢谢。千万不要说套话啊 谢谢你的关心。不说套话。09年市场竞争依然十分激烈。国家调整的振兴纺织产业的政策指明了中国纺织未来的发展方向，我们自己在内部也采取了诸多行之有效的措施，力争取得一个较好的业绩。,我对贵公司抱有很大期望，也非常相信贵公司领导团队的能力，今年我公司的业绩指标计划在什么地方查到？？是多少？谢谢,2,strategy_planning,dep_reason,Q2针对A1未给出具体利润目标，继续追问业绩指标计划的查询方式和数值。,各位领导，能不能预测一下，09年利润大概范围，如果不能预测，说一下你们的奋斗目标，09年准备搞多少利润。谢谢。千万不要说套话啊,谢谢你的关心。不说套话。09年市场竞争依然十分激烈。国家调整的振兴纺织产业的政策指明了中国纺织未来的发展方向，我们自己在内部也采取了诸多行之有效的措施，力争取得一个较好的业绩。,我对贵公司抱有很大期望，也非常相信贵公司领导团队的能力，今年我公司的业绩指标计划在什么地方查到？？是多少？谢谢,002072_2008,34,39,5,Elaboration,Q2针对A1未给出具体利润目标，继续追问业绩指标计划的查询方式和数值。,,,1
positive,我对贵公司抱有很大期望，也非常相信贵公司领导团队的能力，今年我公司的业绩指标计划在什么地方查到？？是多少？谢谢 谢谢您对公司的关心和期待。我们将尽全力做好我们的工作，争取09年取得较大的工作业绩来回报股东和社会。,公司会倾向于何种方式回报股东，现金股利还是送股？,2,answer_pressure,dep_reason,Q2针对A1中'回报股东'的笼统承诺，追问具体回报方式。,我对贵公司抱有很大期望，也非常相信贵公司领导团队的能力，今年我公司的业绩指标计划在什么地方查到？？是多少？谢谢,谢谢您对公司的关心和期待。我们将尽全力做好我们的工作，争取09年取得较大的工作业绩来回报股东和社会。,公司会倾向于何种方式回报股东，现金股利还是送股？,002072_2008,39,44,5,Elaboration,Q2针对A1中'回报股东'的笼统承诺，追问具体回报方式。,,,1
positive,"公司的核心客互都有哪几家,主要竟争对手又有谁,我们的优势在哪了,不足呢? 谢谢您对公司的关注。首先，通过多年来持续不断的推进技术改造，公司具备了开发生产高档次、高品质产品、特色化、差异化产品的能力。其次，通过不断的加强以质量为中心的基础性管理和品牌建设，公司产品结构得到进一步优化。再就是公司有一支作风顽强、素质过硬、敢打敢拼、不畏艰难的干部、职工队伍，这支队伍不仅热爱企业，忠诚于企业，而且技术精、善钻研，讲团结、讲奉献，具备生产高端产品的素质和能力，这是公司加快发展的坚强后盾。","我们不喜欢报喜不报忧的董事长,请总结一下公司最大的软肋在哪里？想听听您的看法谢谢！",1,disclosure_detail,dep_reason,Q2批评A1报喜不报忧，针对其回避不足的方式，要求总结软肋。,"公司的核心客互都有哪几家,主要竟争对手又有谁,我们的优势在哪了,不足呢?",谢谢您对公司的关注。首先，通过多年来持续不断的推进技术改造，公司具备了开发生产高档次、高品质产品、特色化、差异化产品的能力。其次，通过不断的加强以质量为中心的基础性管理和品牌建设，公司产品结构得到进一步优化。再就是公司有一支作风顽强、素质过硬、敢打敢拼、不畏艰难的干部、职工队伍，这支队伍不仅热爱企业，忠诚于企业，而且技术精、善钻研，讲团结、讲奉献，具备生产高端产品的素质和能力，这是公司加快发展的坚强后盾。,"我们不喜欢报喜不报忧的董事长,请总结一下公司最大的软肋在哪里？想听听您的看法谢谢！",002072_2008,46,51,5,Complaint,Q2批评A1报喜不报忧，针对其回避不足的方式，要求总结软肋。,,,1
positive,"创业难，守业更难,公司做大做强了是否会面临很多问题？ 公司在发展过程中会遇到很多问题和困难，我们有信心把企业做好，加强核心能力建设，给股东和社会一个好的回报。","我们不喜欢报喜不报忧的董事长,请总结一下公司最大的软肋在哪里？想听听您的看法谢谢！",2,answer_pressure,dep_reason,Q2针对A1的笼统正面表态，批评其报喜不报忧，追问公司软肋。,"创业难，守业更难,公司做大做强了是否会面临很多问题？",公司在发展过程中会遇到很多问题和困难，我们有信心把企业做好，加强核心能力建设，给股东和社会一个好的回报。,"我们不喜欢报喜不报忧的董事长,请总结一下公司最大的软肋在哪里？想听听您的看法谢谢！",002072_2008,47,51,4,Complaint,Q2针对A1的笼统正面表态，批评其报喜不报忧，追问公司软肋。,,,1
positive,"公司招应届大学生准备招多少?,薪酬多少? 您好！我们期待更多的优秀人才加入到我们的团队，不同的岗位设置不同的薪酬，具体情况请联络我公司人力资源部。谢谢！","我是应届毕业生,在当前的金融海啸背景之下，贵司今年是否还有比较大的招人计划呢？如果有的话怎样应聘呢，盼答复!",2,answer_pressure,dep_reason,Q2重复追问A1未正面回答的招人计划问题。,"公司招应届大学生准备招多少?,薪酬多少?",您好！我们期待更多的优秀人才加入到我们的团队，不同的岗位设置不同的薪酬，具体情况请联络我公司人力资源部。谢谢！,"我是应届毕业生,在当前的金融海啸背景之下，贵司今年是否还有比较大的招人计划呢？如果有的话怎样应聘呢，盼答复!",002072_2008,55,58,3,Complaint,Q2重复追问A1未正面回答的招人计划问题。,,,1
positive,问个尖锐的问题，贵公司是否有高送配的能力。有冒犯之处还请谅解。 您好，感谢您对公司的关注。2008年公司经营业绩下滑严重，2008年暂不进行利润分配，也不进行转增股本。,如果公司对于送股分红这类敏感的话题避而不谈，那么二级市场上的股票显然是难有所作为的，这又怎么能算对投资者负责呢？,2,shareholder_return,dep_reason,Q2指责A1对送股分红话题避而不谈，直接针对A1的回答方式表达不满和质疑。,问个尖锐的问题，贵公司是否有高送配的能力。有冒犯之处还请谅解。,您好，感谢您对公司的关注。2008年公司经营业绩下滑严重，2008年暂不进行利润分配，也不进行转增股本。,如果公司对于送股分红这类敏感的话题避而不谈，那么二级市场上的股票显然是难有所作为的，这又怎么能算对投资者负责呢？,002072_2008,60,62,2,Complaint,Q2指责A1对送股分红话题避而不谈，直接针对A1的回答方式表达不满和质疑。,,,1
positive,请问这次地产大调控对爱家投资影响会不会很大，重组成地产公司，会否影响到证监会的批准。 重组各方正在积极推进重组进程，公司非常关注国家相关政策，相关事项会及时公告。谢谢！,请问重组进展如何啊？证监会有没有规定时间要答复的？,1,disclosure_detail,dep_reason,Q2针对A1笼统表述追问重组具体进展，属于未正面回答后的继续施压。,请问这次地产大调控对爱家投资影响会不会很大，重组成地产公司，会否影响到证监会的批准。,重组各方正在积极推进重组进程，公司非常关注国家相关政策，相关事项会及时公告。谢谢！,请问重组进展如何啊？证监会有没有规定时间要答复的？,002072_2009,2,5,3,Challenge,Q2针对A1笼统表述追问重组具体进展，属于未正面回答后的继续施压。,,,1
positive,请问这次地产大调控对爱家投资影响会不会很大，重组成地产公司，会否影响到证监会的批准。 重组各方正在积极推进重组进程，公司非常关注国家相关政策，相关事项会及时公告。谢谢！,据言集团公司与山东某公司合资收购山东某煤矿。此次重组失败后将计划把收购的煤矿注入！,2,restructuring,dep_reason,Q2针对A1中的重组事项，假设重组失败，追问后续煤矿注入计划，带有施压和质疑意味。,请问这次地产大调控对爱家投资影响会不会很大，重组成地产公司，会否影响到证监会的批准。,重组各方正在积极推进重组进程，公司非常关注国家相关政策，相关事项会及时公告。谢谢！,据言集团公司与山东某公司合资收购山东某煤矿。此次重组失败后将计划把收购的煤矿注入！,002072_2009,2,7,5,Challenge,Q2针对A1中的重组事项，假设重组失败，追问后续煤矿注入计划，带有施压和质疑意味。,,,1
positive,请问重组进展如何啊？证监会有没有规定时间要答复的？ 2010年1月19日，公司接中国证券监督管理委员会的许可受理通知书（091890号），决定对公司申报的《重大资产出售及发行股份购买资产》申请材料予以受理，目前正在审核过程中，至于何时审核完成现在还没有具体的时间表，请随时关注公司公告。,德棉股份管理层，大家好，我就等这天了，我现在损失惨重，就是奔着重组来的，请问：证监会行政许可有时间规定吗？相关法律一般规定何时能审批完成！！！据你们了解，材料齐全否？有要求补正吗？请就重组时间事宜详细回答，感谢,2,answer_pressure,dep_reason,Q2重复追问时间规定，抱怨A1未详细回答，催促具体答复。,请问重组进展如何啊？证监会有没有规定时间要答复的？,2010年1月19日，公司接中国证券监督管理委员会的许可受理通知书（091890号），决定对公司申报的《重大资产出售及发行股份购买资产》申请材料予以受理，目前正在审核过程中，至于何时审核完成现在还没有具体的时间表，请随时关注公司公告。,德棉股份管理层，大家好，我就等这天了，我现在损失惨重，就是奔着重组来的，请问：证监会行政许可有时间规定吗？相关法律一般规定何时能审批完成！！！据你们了解，材料齐全否？有要求补正吗？请就重组时间事宜详细回答，感谢,002072_2009,5,8,3,Complaint,Q2重复追问时间规定，抱怨A1未详细回答，催促具体答复。,,,1
positive,最近股票下跌是什么原因？公司是不是有问题未及时向外公布？最近房地产不景气，为什么公司还与房地产公司上海爱家重组？如果重组失败了怎么办？公司大股东为什么对股价漠视不管？还有公司现在大股东持股情况如何？如果重组不成功，公司将采取什么措施？还请公司高管一定回答我的问题！谢谢！ 此问题已回答。,你可否把爱家主要情况再介绍一下吗。爱家今年情况如何！,2,restructuring,dep_reason,Q2针对Q1中提到的重组对象上海爱家进一步追问其基本情况。,最近股票下跌是什么原因？公司是不是有问题未及时向外公布？最近房地产不景气，为什么公司还与房地产公司上海爱家重组？如果重组失败了怎么办？公司大股东为什么对股价漠视不管？还有公司现在大股东持股情况如何？如果重组不成功，公司将采取什么措施？还请公司高管一定回答我的问题！谢谢！,此问题已回答。,你可否把爱家主要情况再介绍一下吗。爱家今年情况如何！,002072_2009,15,17,2,Elaboration,Q2针对Q1中提到的重组对象上海爱家进一步追问其基本情况。,,,1
positive,最近股票下跌是什么原因？公司是不是有问题未及时向外公布？最近房地产不景气，为什么公司还与房地产公司上海爱家重组？如果重组失败了怎么办？公司大股东为什么对股价漠视不管？还有公司现在大股东持股情况如何？如果重组不成功，公司将采取什么措施？还请公司高管一定回答我的问题！谢谢！ 此问题已回答。,最近股票下跌是什么原因？公司是不是有问题未及时向外公布？最近房地产不景气，为什么公司还与房地产公司上海爱家重组？如果重组失败了怎么办？公司大股东为什么对股价漠视不管？请解释一下！谢谢！,2,answer_pressure,dep_reason,Q2重复Q1未获实质回答的问题，针对A1的敷衍回答继续催促解释。,最近股票下跌是什么原因？公司是不是有问题未及时向外公布？最近房地产不景气，为什么公司还与房地产公司上海爱家重组？如果重组失败了怎么办？公司大股东为什么对股价漠视不管？还有公司现在大股东持股情况如何？如果重组不成功，公司将采取什么措施？还请公司高管一定回答我的问题！谢谢！,此问题已回答。,最近股票下跌是什么原因？公司是不是有问题未及时向外公布？最近房地产不景气，为什么公司还与房地产公司上海爱家重组？如果重组失败了怎么办？公司大股东为什么对股价漠视不管？请解释一下！谢谢！,002072_2009,15,20,5,Complaint,Q2重复Q1未获实质回答的问题，针对A1的敷衍回答继续催促解释。,,,1
positive,请问贵公司是否会与山东省内有实力的公司重组？谢谢！ 目前公司正在与上海爱家投资控股进行重组事宜。谢谢！,最近股票下跌是什么原因？公司是不是有问题未及时向外公布？最近房地产不景气，为什么公司还与房地产公司上海爱家重组？如果重组失败了怎么办？公司大股东为什么对股价漠视不管？请解释一下！谢谢！,2,restructuring,dep_reason,Q2针对A1中“与上海爱家重组”具体对象追问原因与风险。,请问贵公司是否会与山东省内有实力的公司重组？谢谢！,目前公司正在与上海爱家投资控股进行重组事宜。谢谢！,最近股票下跌是什么原因？公司是不是有问题未及时向外公布？最近房地产不景气，为什么公司还与房地产公司上海爱家重组？如果重组失败了怎么办？公司大股东为什么对股价漠视不管？请解释一下！谢谢！,002072_2009,19,20,1,Challenge,Q2针对A1中“与上海爱家重组”具体对象追问原因与风险。,,,1
positive,请问贵公司是否会与山东省内有实力的公司重组？谢谢！ 目前公司正在与上海爱家投资控股进行重组事宜。谢谢！,重组会否成功,2,restructuring,dep_reason,Q2针对A1中提到的与上海爱家投资控股的重组事项，进一步追问成功可能性。,请问贵公司是否会与山东省内有实力的公司重组？谢谢！,目前公司正在与上海爱家投资控股进行重组事宜。谢谢！,重组会否成功,002072_2009,19,22,3,Elaboration,Q2针对A1中提到的与上海爱家投资控股的重组事项，进一步追问成功可能性。,,,1
positive,请问贵公司是否会与山东省内有实力的公司重组？谢谢！ 目前公司正在与上海爱家投资控股进行重组事宜。谢谢！,你好万一重组失败贵公司是否已有另外的打算？,2,restructuring,dep_reason,Q2基于A1中提到的重组事宜，追问失败后的备选方案。,请问贵公司是否会与山东省内有实力的公司重组？谢谢！,目前公司正在与上海爱家投资控股进行重组事宜。谢谢！,你好万一重组失败贵公司是否已有另外的打算？,002072_2009,19,24,5,Elaboration,Q2基于A1中提到的重组事宜，追问失败后的备选方案。,,,1
positive,最近股票下跌是什么原因？公司是不是有问题未及时向外公布？最近房地产不景气，为什么公司还与房地产公司上海爱家重组？如果重组失败了怎么办？公司大股东为什么对股价漠视不管？请解释一下！谢谢！ 公司对二级市场股价不作评价。公司无应披露而未披露的信息。,你好万一重组失败贵公司是否已有另外的打算？,2,restructuring,dep_reason,Q2针对A1未回答的重组失败应对问题继续追问备选计划。,最近股票下跌是什么原因？公司是不是有问题未及时向外公布？最近房地产不景气，为什么公司还与房地产公司上海爱家重组？如果重组失败了怎么办？公司大股东为什么对股价漠视不管？请解释一下！谢谢！,公司对二级市场股价不作评价。公司无应披露而未披露的信息。,你好万一重组失败贵公司是否已有另外的打算？,002072_2009,20,24,4,Elaboration,Q2针对A1未回答的重组失败应对问题继续追问备选计划。,,,1
positive,最近股票下跌是什么原因？公司是不是有问题未及时向外公布？最近房地产不景气，为什么公司还与房地产公司上海爱家重组？如果重组失败了怎么办？公司大股东为什么对股价漠视不管？请解释一下！谢谢！ 公司对二级市场股价不作评价。公司无应披露而未披露的信息。,为什么不及时披露重组的进展？上报了长时间不会没有变化吧,1,disclosure_detail,dep_reason,Q2质疑A1声称无应披露信息，指责重组进展未及时披露，是针对性追问。,最近股票下跌是什么原因？公司是不是有问题未及时向外公布？最近房地产不景气，为什么公司还与房地产公司上海爱家重组？如果重组失败了怎么办？公司大股东为什么对股价漠视不管？请解释一下！谢谢！,公司对二级市场股价不作评价。公司无应披露而未披露的信息。,为什么不及时披露重组的进展？上报了长时间不会没有变化吧,002072_2009,20,25,5,Challenge,Q2质疑A1声称无应披露信息，指责重组进展未及时披露，是针对性追问。,,,1
positive,贵公司在公司治理方面有无股权激励计划？有无战略性并购重组的想法？ 暂无股权激励计划；重组工作正在进行中。谢谢对公司的关注。,重组会否成功,2,restructuring,dep_reason,Q2针对A1中提到的重组工作继续追问其成功可能性。,贵公司在公司治理方面有无股权激励计划？有无战略性并购重组的想法？,暂无股权激励计划；重组工作正在进行中。谢谢对公司的关注。,重组会否成功,002072_2009,21,22,1,Elaboration,Q2针对A1中提到的重组工作继续追问其成功可能性。,,,1
positive,贵公司在公司治理方面有无股权激励计划？有无战略性并购重组的想法？ 暂无股权激励计划；重组工作正在进行中。谢谢对公司的关注。,你好万一重组失败贵公司是否已有另外的打算？,2,restructuring,dep_reason,Q2针对A1中重组正在进行的信息，追问重组失败后的替代计划。,贵公司在公司治理方面有无股权激励计划？有无战略性并购重组的想法？,暂无股权激励计划；重组工作正在进行中。谢谢对公司的关注。,你好万一重组失败贵公司是否已有另外的打算？,002072_2009,21,24,3,Elaboration,Q2针对A1中重组正在进行的信息，追问重组失败后的替代计划。,,,1
positive,贵公司在公司治理方面有无股权激励计划？有无战略性并购重组的想法？ 暂无股权激励计划；重组工作正在进行中。谢谢对公司的关注。,为什么不及时披露重组的进展？上报了长时间不会没有变化吧,1,disclosure_detail,dep_reason,Q2针对A1中重组进展的信息披露不及时进行质疑和追问。,贵公司在公司治理方面有无股权激励计划？有无战略性并购重组的想法？,暂无股权激励计划；重组工作正在进行中。谢谢对公司的关注。,为什么不及时披露重组的进展？上报了长时间不会没有变化吧,002072_2009,21,25,4,Challenge,Q2针对A1中重组进展的信息披露不及时进行质疑和追问。,,,1
positive,贵公司在公司治理方面有无股权激励计划？有无战略性并购重组的想法？ 暂无股权激励计划；重组工作正在进行中。谢谢对公司的关注。,如果爱家的重组失败，在自身盈利能力不强的情况下，有没有别的重组方案？,2,restructuring,dep_reason,Q2针对A1中提到的重组工作继续追问替代方案。,贵公司在公司治理方面有无股权激励计划？有无战略性并购重组的想法？,暂无股权激励计划；重组工作正在进行中。谢谢对公司的关注。,如果爱家的重组失败，在自身盈利能力不强的情况下，有没有别的重组方案？,002072_2009,21,26,5,Elaboration,Q2针对A1中提到的重组工作继续追问替代方案。,,,1
positive,重组会否成功 重组方案目前正在由证监会进行审核。,你好万一重组失败贵公司是否已有另外的打算？,2,restructuring,dep_reason,Q2基于A1审核中结果未定，追问失败预案，依赖Q1重组话题和A1暗示的不确定性。,重组会否成功,重组方案目前正在由证监会进行审核。,你好万一重组失败贵公司是否已有另外的打算？,002072_2009,22,24,2,Elaboration,Q2基于A1审核中结果未定，追问失败预案，依赖Q1重组话题和A1暗示的不确定性。,,,1
positive,重组会否成功 重组方案目前正在由证监会进行审核。,为什么不及时披露重组的进展？上报了长时间不会没有变化吧,1,disclosure_detail,dep_reason,人工复核：Q2围绕A1所称证监会审核中的重组继续质疑进展披露不及时。,重组会否成功,重组方案目前正在由证监会进行审核。,为什么不及时披露重组的进展？上报了长时间不会没有变化吧,002072_2009,22,25,3,Challenge,人工复核：Q2围绕A1所称证监会审核中的重组继续质疑进展披露不及时。,,,1
positive,重组会否成功 重组方案目前正在由证监会进行审核。,如果爱家的重组失败，在自身盈利能力不强的情况下，有没有别的重组方案？,2,restructuring,dep_reason,Q2基于Q1的重组话题和A1的审核状态，假设失败并追问备选方案。,重组会否成功,重组方案目前正在由证监会进行审核。,如果爱家的重组失败，在自身盈利能力不强的情况下，有没有别的重组方案？,002072_2009,22,26,4,Elaboration,Q2基于Q1的重组话题和A1的审核状态，假设失败并追问备选方案。,,,1
positive,你好万一重组失败贵公司是否已有另外的打算？ 公司一方面正在力争重组成功，另一方面努力搞好生产经营，力争扭亏。,如果爱家的重组失败，在自身盈利能力不强的情况下，有没有别的重组方案？,2,restructuring,dep_reason,Q2针对A1未正面回答‘另外打算’继续追问替代重组方案。,你好万一重组失败贵公司是否已有另外的打算？,公司一方面正在力争重组成功，另一方面努力搞好生产经营，力争扭亏。,如果爱家的重组失败，在自身盈利能力不强的情况下，有没有别的重组方案？,002072_2009,24,26,2,Challenge,Q2针对A1未正面回答‘另外打算’继续追问替代重组方案。,,,1
positive,公司目前产品主要以棉为主还是以天竹纤维为主？谢谢 您好，公司目前产品以棉为主，在逐步扩大天竹纤维、莫代尔纤维、天丝纤维等新型纤维的使用比例。谢谢！,棉花占成本的比例是多少？,1,disclosure_detail,dep_reason,A1说明公司产品目前以棉为主，并正在扩大新型纤维使用比例。Q2追问棉花占成本比例，是对A1中“以棉为主”这一业务结构信息的成本量化追问，依赖A1提供的产品构成前提。,公司目前产品主要以棉为主还是以天竹纤维为主？谢谢,您好，公司目前产品以棉为主，在逐步扩大天竹纤维、莫代尔纤维、天丝纤维等新型纤维的使用比例。谢谢！,棉花占成本的比例是多少？,002072_2010,10,15,5,Elaboration,A1说明公司产品目前以棉为主，并正在扩大新型纤维使用比例。Q2追问棉花占成本比例，是对A1中“以棉为主”这一业务结构信息的成本量化追问，依赖A1提供的产品构成前提。,,,1
positive,希望今年分红，不管是现金还是送转股都行，有可能吗？ 您好，公司将努力做好生产经营，力争更好地回报广大股东。谢谢,建议董事会提出适当送股或分红提案.谢谢!!!,2,shareholder_return,dep_reason,A1没有直接回应是否分红或送转股，只笼统表示会努力经营、回报股东。Q2建议董事会提出送股或分红提案，是把A1中的泛化回报承诺具体化为可执行分配方案，属于承接式追问。,希望今年分红，不管是现金还是送转股都行，有可能吗？,您好，公司将努力做好生产经营，力争更好地回报广大股东。谢谢,建议董事会提出适当送股或分红提案.谢谢!!!,002072_2010,18,19,1,Elaboration,A1没有直接回应是否分红或送转股，只笼统表示会努力经营、回报股东。Q2建议董事会提出送股或分红提案，是把A1中的泛化回报承诺具体化为可执行分配方案，属于承接式追问。,,,1
positive,吴董好，请问年内，公司会否有资产重组计划。 公司不排除继续重组的可能性，但具体时间及方式，还请您关注相关公告。,请问吴董，您作为公司懂事长，对公司的发展有着重要的导向作用，为什么你们入驻2年多来，接连搞了多次重组，却次次失败告终？何以对得起广大股民对你们的期待？,2,restructuring,dep_reason,Q2基于A1‘不排除继续重组’的回应，追问此前多次重组失败的原因，施加质疑和施压。,吴董好，请问年内，公司会否有资产重组计划。,公司不排除继续重组的可能性，但具体时间及方式，还请您关注相关公告。,请问吴董，您作为公司懂事长，对公司的发展有着重要的导向作用，为什么你们入驻2年多来，接连搞了多次重组，却次次失败告终？何以对得起广大股民对你们的期待？,002072_2012,1,4,3,Challenge,Q2基于A1‘不排除继续重组’的回应，追问此前多次重组失败的原因，施加质疑和施压。,,,1
positive,吴董好，请问年内，公司会否有资产重组计划。 公司不排除继续重组的可能性，但具体时间及方式，还请您关注相关公告。,如果继续重组不成功，你是否放弃德棉，如果选择再重组，公司会选择什么样的公司来重组,1,disclosure_detail,dep_reason,Q2基于A1中“不排除继续重组”的信息，进一步追问重组失败后的计划和目标公司选择标准。,吴董好，请问年内，公司会否有资产重组计划。,公司不排除继续重组的可能性，但具体时间及方式，还请您关注相关公告。,如果继续重组不成功，你是否放弃德棉，如果选择再重组，公司会选择什么样的公司来重组,002072_2012,1,6,5,Elaboration,Q2基于A1中“不排除继续重组”的信息，进一步追问重组失败后的计划和目标公司选择标准。,,,1
positive,请问吴董，您作为公司懂事长，对公司的发展有着重要的导向作用，为什么你们入驻2年多来，接连搞了多次重组，却次次失败告终？何以对得起广大股民对你们的期待？ 您好，公司上下会努力经营，以期不负全体股东。,如果继续重组不成功，你是否放弃德棉，如果选择再重组，公司会选择什么样的公司来重组,2,restructuring,dep_reason,Q2基于Q1提及的重组失败，继续追问未来重组选择与放弃条件。,请问吴董，您作为公司懂事长，对公司的发展有着重要的导向作用，为什么你们入驻2年多来，接连搞了多次重组，却次次失败告终？何以对得起广大股民对你们的期待？,您好，公司上下会努力经营，以期不负全体股东。,如果继续重组不成功，你是否放弃德棉，如果选择再重组，公司会选择什么样的公司来重组,002072_2012,4,6,2,Elaboration,Q2基于Q1提及的重组失败，继续追问未来重组选择与放弃条件。,,,1
positive,请问董事长，当初与您一同进入德棉的北京、上海两家投资公司与第五季应该是有关联共同进入的，目前这两家主要股东均通过大宗交易减持完毕并承受了大量损失，请问他们的减持是处于什么动机？是否与重组有关系？在上一次的重组及增发过程中，董事会的意见好像并不统一，请问是什么原因？谢谢 您好，本人与其他股东并不存在关联关系，亦无法对其投资行为进行评价。董事的意见，由其本人决定。,请吴总对二，三股东相继离去，作下解释。谢谢,2,shareholder_return,dep_reason,Q2针对A1未解答的股东减持动机问题继续追问。,请问董事长，当初与您一同进入德棉的北京、上海两家投资公司与第五季应该是有关联共同进入的，目前这两家主要股东均通过大宗交易减持完毕并承受了大量损失，请问他们的减持是处于什么动机？是否与重组有关系？在上一次的重组及增发过程中，董事会的意见好像并不统一，请问是什么原因？谢谢,您好，本人与其他股东并不存在关联关系，亦无法对其投资行为进行评价。董事的意见，由其本人决定。,请吴总对二，三股东相继离去，作下解释。谢谢,002072_2012,9,14,5,Complaint,Q2针对A1未解答的股东减持动机问题继续追问。,,,1
positive,公司上次的公告说在今年八月份前不会实施资产重组事项，是这样吗 公司2月时承诺在6个月内不进行重大资产重组。,请问董事长，非公开发行股票购买资产与重大资产重组本质上有什么区别？非公开发行是否受到6个月不重组的限制，如果不受限制，现在进行还有什么障碍？谢谢,2,restructuring,dep_reason,Q2针对A1中的6个月不重组承诺追问非公开发行是否受限。,公司上次的公告说在今年八月份前不会实施资产重组事项，是这样吗,公司2月时承诺在6个月内不进行重大资产重组。,请问董事长，非公开发行股票购买资产与重大资产重组本质上有什么区别？非公开发行是否受到6个月不重组的限制，如果不受限制，现在进行还有什么障碍？谢谢,002072_2012,10,11,1,Elaboration,Q2针对A1中的6个月不重组承诺追问非公开发行是否受限。,,,1
positive,请问董事长，公司有没有非公开发行股份的计划，去年非公开发行股份的计划终止后，今年有没有重启的打算？谢谢 您好，公司并不排除进一步重组或者增发的可能性。,请问董事长，非公开发行股票购买资产是否会受到6个月不重组的限制，如果不受限制，目前进行还有什么障碍？,2,restructuring,dep_reason,Q2围绕A1中不排除重组增发的可能性，追问具体限制和障碍。,请问董事长，公司有没有非公开发行股份的计划，去年非公开发行股份的计划终止后，今年有没有重启的打算？谢谢,您好，公司并不排除进一步重组或者增发的可能性。,请问董事长，非公开发行股票购买资产是否会受到6个月不重组的限制，如果不受限制，目前进行还有什么障碍？,002072_2012,13,17,4,Elaboration,Q2围绕A1中不排除重组增发的可能性，追问具体限制和障碍。,,,1
positive,请问董事长，关于公司原第二、第三大股东的黯然离场，你是否有什么想法？ 您好，本人与其他股东并不存在关联关系，亦无法对其投资行为进行评价。,借此机会，想请吴总对二股东和三股东的半价抛售股票，相继离去作何感想？为何二，三股东都对德棉如此不看好。,1,disclosure_detail,dep_reason,人工复核：Q2围绕A1未评价的二三股东离场事项继续要求说明原因和看法。,请问董事长，关于公司原第二、第三大股东的黯然离场，你是否有什么想法？,您好，本人与其他股东并不存在关联关系，亦无法对其投资行为进行评价。,借此机会，想请吴总对二股东和三股东的半价抛售股票，相继离去作何感想？为何二，三股东都对德棉如此不看好。,002072_2012,20,22,2,Elaboration,人工复核：Q2围绕A1未评价的二三股东离场事项继续要求说明原因和看法。,,,1
positive,杰之盟的那个大楼装修的怎么样了？今年总归可以投入运行了吧 您好，由于受到2012年经济形势的影响，淄博杰之盟的出租物业在2012年并未实现承诺盈利，2013年的公司预计其可实现盈利，但最终结果还请您关注2013年的年度报告。,置换资产承诺的盈利没兑现，转为资本公积，不是左口袋掏右口袋？,2,performance_governance,dep_reason,Q2针对A1中承诺盈利未兑现的事实，质疑其会计处理方式。,杰之盟的那个大楼装修的怎么样了？今年总归可以投入运行了吧,您好，由于受到2012年经济形势的影响，淄博杰之盟的出租物业在2012年并未实现承诺盈利，2013年的公司预计其可实现盈利，但最终结果还请您关注2013年的年度报告。,置换资产承诺的盈利没兑现，转为资本公积，不是左口袋掏右口袋？,002072_2012,26,30,4,Challenge,Q2针对A1中承诺盈利未兑现的事实，质疑其会计处理方式。,,,1
positive,请问董事长，德棉公司的重组有没有具体的计划和实施的时间？如果有，本次重组与上次没有成功的重组是不是同一个重组方？如果不是，未来公司重组有没有明确的方向或行业选择。谢谢 公司尚未存在公开的重组计划及实施时间。,请问董事长，能否描述一下去年重组失败的大致原因，以及当时的重组方向。谢谢,2,restructuring,dep_reason,人工复核：Q2围绕A1否认公开重组计划后，继续追问上次重组失败原因和方向。,请问董事长，德棉公司的重组有没有具体的计划和实施的时间？如果有，本次重组与上次没有成功的重组是不是同一个重组方？如果不是，未来公司重组有没有明确的方向或行业选择。谢谢,公司尚未存在公开的重组计划及实施时间。,请问董事长，能否描述一下去年重组失败的大致原因，以及当时的重组方向。谢谢,002072_2012,29,32,3,Elaboration,人工复核：Q2围绕A1否认公开重组计划后，继续追问上次重组失败原因和方向。,,,1
positive,请问董事长，德棉公司的重组有没有具体的计划和实施的时间？如果有，本次重组与上次没有成功的重组是不是同一个重组方？如果不是，未来公司重组有没有明确的方向或行业选择。谢谢 公司尚未存在公开的重组计划及实施时间。,请问这次的活动，股民只想得到公司后续发展，对重组面各方的关心，请吴总对这些作出明确的目标。,2,restructuring,dep_reason,Q2针对A1否定重组计划后，要求给出后续发展和重组的明确目标。,请问董事长，德棉公司的重组有没有具体的计划和实施的时间？如果有，本次重组与上次没有成功的重组是不是同一个重组方？如果不是，未来公司重组有没有明确的方向或行业选择。谢谢,公司尚未存在公开的重组计划及实施时间。,请问这次的活动，股民只想得到公司后续发展，对重组面各方的关心，请吴总对这些作出明确的目标。,002072_2012,29,34,5,Complaint,Q2针对A1否定重组计划后，要求给出后续发展和重组的明确目标。,,,1
positive,请问董事长，在第五季进入德棉时曾经做过相应承诺以改进公司基本面，但目前公司基本面没有任何实质性变化，请问今年什么时候可以看到您承诺的兑现？谢谢 您好，我不知您所谓的承诺是在何时作出的，具体内容是什么。公司现已申请摘帽，并且2013年第一季度已实现盈利，不知是否是您所谓的实质性变化。,大楼到现在啥情况也不公告，作为重要的资产置换标的物，两年了，当初的承诺等于一句空话，2013年预计盈利？你们2012就预计盈利了，作为一个上市公司你们的预测水平这么差吗？当时都说已经快装修好了？难道到现在还没装修好？为啥遮遮掩掩？,2,performance_governance,dep_reason,人工复核：Q2针对A1否认承诺并提及摘帽盈利的说法，继续质疑资产置换和预测准确性。,请问董事长，在第五季进入德棉时曾经做过相应承诺以改进公司基本面，但目前公司基本面没有任何实质性变化，请问今年什么时候可以看到您承诺的兑现？谢谢,您好，我不知您所谓的承诺是在何时作出的，具体内容是什么。公司现已申请摘帽，并且2013年第一季度已实现盈利，不知是否是您所谓的实质性变化。,大楼到现在啥情况也不公告，作为重要的资产置换标的物，两年了，当初的承诺等于一句空话，2013年预计盈利？你们2012就预计盈利了，作为一个上市公司你们的预测水平这么差吗？当时都说已经快装修好了？难道到现在还没装修好？为啥遮遮掩掩？,002072_2012,31,35,4,Challenge,人工复核：Q2针对A1否认承诺并提及摘帽盈利的说法，继续质疑资产置换和预测准确性。,,,1
positive,请问这次的活动，股民只想得到公司后续发展，对重组面各方的关心，请吴总对这些作出明确的目标。 如果您关心公司的发展方向，请您关注2012年度报告。如果您只是关心公司重组的方向，公司在2月时承诺，6个月内不进行重大资产重组。,您好吴董事长请问贵司今年有对外投资建设项目规划？今年公司发展规划是什么？谢谢,1,disclosure_detail,dep_reason,Q2重复Q1中的后续发展规划问题，A1以关注年报回避，Q2继续追问。,请问这次的活动，股民只想得到公司后续发展，对重组面各方的关心，请吴总对这些作出明确的目标。,如果您关心公司的发展方向，请您关注2012年度报告。如果您只是关心公司重组的方向，公司在2月时承诺，6个月内不进行重大资产重组。,您好吴董事长请问贵司今年有对外投资建设项目规划？今年公司发展规划是什么？谢谢,002072_2012,34,37,3,Complaint,Q2重复Q1中的后续发展规划问题，A1以关注年报回避，Q2继续追问。,,,1
positive,请问这次的活动，股民只想得到公司后续发展，对重组面各方的关心，请吴总对这些作出明确的目标。 如果您关心公司的发展方向，请您关注2012年度报告。如果您只是关心公司重组的方向，公司在2月时承诺，6个月内不进行重大资产重组。,吴董，首先对您表示尊敬理解，辛苦啦，本人持有该股票3年有余，总体感觉前景渺茫，恳请吴董对咱们公司大致规划一下，谢谢您,1,disclosure_detail,dep_reason,Q2重复Q1的公司发展规划提问，因A1回避要求关注年报，构成对未正面回答的追问。,请问这次的活动，股民只想得到公司后续发展，对重组面各方的关心，请吴总对这些作出明确的目标。,如果您关心公司的发展方向，请您关注2012年度报告。如果您只是关心公司重组的方向，公司在2月时承诺，6个月内不进行重大资产重组。,吴董，首先对您表示尊敬理解，辛苦啦，本人持有该股票3年有余，总体感觉前景渺茫，恳请吴董对咱们公司大致规划一下，谢谢您,002072_2012,34,39,5,Complaint,Q2重复Q1的公司发展规划提问，因A1回避要求关注年报，构成对未正面回答的追问。,,,1
positive,您好吴董事长请问贵司今年有对外投资建设项目规划？今年公司发展规划是什么？谢谢 迄今为止公司并未有重大对外投资。公司的发展规划请您参考2012年度报告。,吴董，首先对您表示尊敬理解，辛苦啦，本人持有该股票3年有余，总体感觉前景渺茫，恳请吴董对咱们公司大致规划一下，谢谢您,1,disclosure_detail,dep_reason,A1没有展开说明公司发展规划，而是要求投资者参考年报。Q2在表达长期持股和前景担忧后再次恳请董事长规划公司发展，是针对A1回避具体规划后的继续追问，属于互动依赖。,您好吴董事长请问贵司今年有对外投资建设项目规划？今年公司发展规划是什么？谢谢,迄今为止公司并未有重大对外投资。公司的发展规划请您参考2012年度报告。,吴董，首先对您表示尊敬理解，辛苦啦，本人持有该股票3年有余，总体感觉前景渺茫，恳请吴董对咱们公司大致规划一下，谢谢您,002072_2012,37,39,2,Complaint,A1没有展开说明公司发展规划，而是要求投资者参考年报。Q2在表达长期持股和前景担忧后再次恳请董事长规划公司发展，是针对A1回避具体规划后的继续追问，属于互动依赖。,,,1
positive,请问董事长，如果本次增发无法获得监管部门审批通过，下一步你是否有第二方案实施？ 公司正在进行本次增发的前期准备工作！谢谢,本次增发方案上报前的准备工作什么时间可以完成？完成后是否第一时间进行申报？之前是否与监管部门预先沟通过？通过的可能有多大？,1,disclosure_detail,dep_reason,Q2针对A1中“前期准备工作”继续追问完成时间、申报计划和监管沟通细节。,请问董事长，如果本次增发无法获得监管部门审批通过，下一步你是否有第二方案实施？,公司正在进行本次增发的前期准备工作！谢谢,本次增发方案上报前的准备工作什么时间可以完成？完成后是否第一时间进行申报？之前是否与监管部门预先沟通过？通过的可能有多大？,002072_2013,3,6,3,Elaboration,Q2针对A1中“前期准备工作”继续追问完成时间、申报计划和监管沟通细节。,,,1
positive,本次增发方案上报前的准备工作什么时间可以完成？完成后是否第一时间进行申报？之前是否与监管部门预先沟通过？通过的可能有多大？ 公司正在全力进行增发的前期准备！谢谢您的关注！,请问增发方案什么时间上报，有没有调整募资用途的打算？,2,restructuring,dep_reason,Q2继续追问A1未回答的增发上报时间。,本次增发方案上报前的准备工作什么时间可以完成？完成后是否第一时间进行申报？之前是否与监管部门预先沟通过？通过的可能有多大？,公司正在全力进行增发的前期准备！谢谢您的关注！,请问增发方案什么时间上报，有没有调整募资用途的打算？,002072_2013,6,8,2,Complaint,Q2继续追问A1未回答的增发上报时间。,,,1
positive,非公开发行证监会受理吗？ 证监会对非公开发行有严格的要求和审核受理程序，对于符合条件和要求的，证监会会受理。谢谢。,请问总经理，按照你的回答，我们是否可以理解为公司战略战略转型与增发资金并不矛盾，未来战略转型需要资金支持时，增发资金是可以向转型方向使用的？,2,restructuring,dep_reason,Q2明确引用A1内容，要求确认战略转型与增发资金关系的理解，依赖A1解释。,非公开发行证监会受理吗？,证监会对非公开发行有严格的要求和审核受理程序，对于符合条件和要求的，证监会会受理。谢谢。,请问总经理，按照你的回答，我们是否可以理解为公司战略战略转型与增发资金并不矛盾，未来战略转型需要资金支持时，增发资金是可以向转型方向使用的？,002072_2013,7,10,3,Clarification,Q2明确引用A1内容，要求确认战略转型与增发资金关系的理解，依赖A1解释。,,,1
positive,请问增发方案什么时间上报，有没有调整募资用途的打算？ 目前，公司正在全力以赴进行增发方案的前期筹备，暂无具体上报时间表，也没有调整募资用途的计划！谢谢！,请问总经理，按照你的回答，我们是否可以理解为公司战略战略转型与增发资金并不矛盾，未来战略转型需要资金支持时，增发资金是可以向转型方向使用的？,2,restructuring,dep_reason,Q2引用A1无调整计划的表述，确认增发资金是否可用于战略转型。,请问增发方案什么时间上报，有没有调整募资用途的打算？,目前，公司正在全力以赴进行增发方案的前期筹备，暂无具体上报时间表，也没有调整募资用途的计划！谢谢！,请问总经理，按照你的回答，我们是否可以理解为公司战略战略转型与增发资金并不矛盾，未来战略转型需要资金支持时，增发资金是可以向转型方向使用的？,002072_2013,8,10,2,Clarification,Q2引用A1无调整计划的表述，确认增发资金是否可用于战略转型。,,,1
positive,请问总经理，按照你的回答，我们是否可以理解为公司战略战略转型与增发资金并不矛盾，未来战略转型需要资金支持时，增发资金是可以向转型方向使用的？ 若有变更增发资金用途的情况，我们会及时公告！谢谢,董事长刚才在回答问题时提到公司一旦有战略转型，将第一时间进行公告，但刚才董秘回答说增发资金没有调整用途的打算，请问总经理，没有增发资金用途的调整，怎么实现战略转型。,1,disclosure_detail,dep_reason,Q2针对A1回避资金用途，结合董事长和董秘说法，质疑没有资金调整如何转型。,请问总经理，按照你的回答，我们是否可以理解为公司战略战略转型与增发资金并不矛盾，未来战略转型需要资金支持时，增发资金是可以向转型方向使用的？,若有变更增发资金用途的情况，我们会及时公告！谢谢,董事长刚才在回答问题时提到公司一旦有战略转型，将第一时间进行公告，但刚才董秘回答说增发资金没有调整用途的打算，请问总经理，没有增发资金用途的调整，怎么实现战略转型。,002072_2013,10,14,4,Challenge,Q2针对A1回避资金用途，结合董事长和董秘说法，质疑没有资金调整如何转型。,,,1
positive,请问您的公司能为投资者提供哪些回报？ 公司将努力提升经营业绩，实现与投资者的共赢。谢谢。,请问，今年公司能否保证整体利润，实现公司全年盈利？,2,performance_governance,dep_reason,Q2针对A1中‘提升经营业绩’的承诺，追问能否保证实现盈利。,请问您的公司能为投资者提供哪些回报？,公司将努力提升经营业绩，实现与投资者的共赢。谢谢。,请问，今年公司能否保证整体利润，实现公司全年盈利？,002072_2013,11,16,5,Elaboration,Q2针对A1中‘提升经营业绩’的承诺，追问能否保证实现盈利。,,,1
positive,请问战略转型，会优先考虑电子信息，信息安全，节能环保等国家政策扶持，符合社会发展的行业吗 公司将根据企业整体发展状况，研究确定具体的转型行业，若有进一步的发展动向，公司会第一时间进行公告！谢谢您对公司的关注！,董事长刚才在回答问题时提到公司一旦有战略转型，将第一时间进行公告，但刚才董秘回答说增发资金没有调整用途的打算，请问总经理，没有增发资金用途的调整，怎么实现战略转型。,1,disclosure_detail,dep_reason,Q2引用A1中战略转型将公告的表述，并结合增发资金不调整的说法质疑如何实现转型。,请问战略转型，会优先考虑电子信息，信息安全，节能环保等国家政策扶持，符合社会发展的行业吗,公司将根据企业整体发展状况，研究确定具体的转型行业，若有进一步的发展动向，公司会第一时间进行公告！谢谢您对公司的关注！,董事长刚才在回答问题时提到公司一旦有战略转型，将第一时间进行公告，但刚才董秘回答说增发资金没有调整用途的打算，请问总经理，没有增发资金用途的调整，怎么实现战略转型。,002072_2013,13,14,1,Challenge,Q2引用A1中战略转型将公告的表述，并结合增发资金不调整的说法质疑如何实现转型。,,,1
positive,请问增发前期准备大概什么时间完成？不会这个心里都没谱吧？ 公司正在全力进行增发的前期准备！谢谢您的关注！,公司前年曾经搞过两次非公开增发，最后均不了了之，请问层次增发是否会像之前一样？,2,restructuring,dep_reason,Q2针对A1中确认的增发事项，引用历史失败案例质疑此次增发是否重蹈覆辙。,请问增发前期准备大概什么时间完成？不会这个心里都没谱吧？,公司正在全力进行增发的前期准备！谢谢您的关注！,公司前年曾经搞过两次非公开增发，最后均不了了之，请问层次增发是否会像之前一样？,002072_2013,30,33,3,Challenge,Q2针对A1中确认的增发事项，引用历史失败案例质疑此次增发是否重蹈覆辙。,,,1
positive,你好董事长，贵公司的主打产品是什么，市场占有率如何。你们公司靠什么来不断提高自己的产值，发展前景如何。 公司在纺织主业产品结构升级、内部创新、挖潜的基础上，逐渐向纺织品贸易、能源贸易、互联网彩票、基金、投资管理等领域拓展和转型，对公司未来发展奠定了坚实的基础。,公司的发展战略是什么，是否公司未来发展的主打方向？以前没怎么听到这方面的动向，能否详细讲解一下主要是面对哪些品种和市场？谢谢！,2,strategy_planning,dep_reason,Q2针对A1中提到的多领域拓展转型，追问发展战略和具体品种市场。,你好董事长，贵公司的主打产品是什么，市场占有率如何。你们公司靠什么来不断提高自己的产值，发展前景如何。,公司在纺织主业产品结构升级、内部创新、挖潜的基础上，逐渐向纺织品贸易、能源贸易、互联网彩票、基金、投资管理等领域拓展和转型，对公司未来发展奠定了坚实的基础。,公司的发展战略是什么，是否公司未来发展的主打方向？以前没怎么听到这方面的动向，能否详细讲解一下主要是面对哪些品种和市场？谢谢！,002072_2014,4,7,3,Elaboration,Q2针对A1中提到的多领域拓展转型，追问发展战略和具体品种市场。,,,1
positive,请问公司1季度预计的收入是多少，同比，环比增减多少？ 尊敬的投资者您好，公司一季度的生产经营情况，请关注相关公告，公司已根据要求及时的进行了披露，请查阅。谢谢！,能否告知一下新年第一季度的情况怎么样?,1,disclosure_detail,dep_reason,Q2重复Q1关于一季度情况的询问，A1未正面回答，Q2针对回避状态继续追问。,请问公司1季度预计的收入是多少，同比，环比增减多少？,尊敬的投资者您好，公司一季度的生产经营情况，请关注相关公告，公司已根据要求及时的进行了披露，请查阅。谢谢！,能否告知一下新年第一季度的情况怎么样?,002072_2014,9,11,2,Complaint,Q2重复Q1关于一季度情况的询问，A1未正面回答，Q2针对回避状态继续追问。,,,1
positive,公司属于什么行业？在行业内的地位如何？ 公司将在纺织主业产品结构升级、内部创新、挖潜的基础上，逐渐向纺织品贸易、能源贸易、互联网彩票、基金、投资管理等领域拓展和转型，降低生产经营风险，培育公司新的利润增长点。,要实现公司的发展目标，请问信心来自哪里。,2,strategy_planning,dep_reason,Q2针对A1中提出的发展目标追问信心来源。,公司属于什么行业？在行业内的地位如何？,公司将在纺织主业产品结构升级、内部创新、挖潜的基础上，逐渐向纺织品贸易、能源贸易、互联网彩票、基金、投资管理等领域拓展和转型，降低生产经营风险，培育公司新的利润增长点。,要实现公司的发展目标，请问信心来自哪里。,002072_2014,35,36,1,Elaboration,Q2针对A1中提出的发展目标追问信心来源。,,,1
positive,请问公司今年出口业务前景如何，其他产业今年会不会形成新的利润增长点 尊敬的投资者您好，受市场影响，出口业务萎缩，公司正在积极寻找新的利润增长点，谢谢。,公司的新产品、新业务、新的销售模式市场反应如何，有何亮点,2,performance_governance,dep_reason,人工复核：A1提到公司正寻找新的利润增长点，Q2继续追问新产品、新业务和新销售模式。,请问公司今年出口业务前景如何，其他产业今年会不会形成新的利润增长点,尊敬的投资者您好，受市场影响，出口业务萎缩，公司正在积极寻找新的利润增长点，谢谢。,公司的新产品、新业务、新的销售模式市场反应如何，有何亮点,002072_2015,9,14,5,Elaboration,人工复核：A1提到公司正寻找新的利润增长点，Q2继续追问新产品、新业务和新销售模式。,,,1
positive,请问公司公司的核心竞争力是什么？对产品质量是怎么进行控制的，从采购到生产到存储运输等，有专门的检测环节吗？谢谢！ 公司的核心竞争力分析、质量控制、生产销售流程等在2016年报中有详细的阐述，敬请关注。,公司的核心竞争力有哪些？,1,disclosure_detail,dep_reason,Q2重复Q1中的核心竞争力问题，而A1仅笼统回应请关注年报，未具体回答。,请问公司公司的核心竞争力是什么？对产品质量是怎么进行控制的，从采购到生产到存储运输等，有专门的检测环节吗？谢谢！,公司的核心竞争力分析、质量控制、生产销售流程等在2016年报中有详细的阐述，敬请关注。,公司的核心竞争力有哪些？,002072_2016,21,26,5,Complaint,Q2重复Q1中的核心竞争力问题，而A1仅笼统回应请关注年报，未具体回答。,,,1
positive,您怎么评价公司去年的业绩表现，今年预计会进一步增亏还是减亏？ 公司将根据业绩情况进行定期预告和披露，谢谢！,贵公司对于广大投资者的回答都是年报中的官话，能不能把具体的有哪些措施提升公司盈利能力让大家了解一下呢？泛娱乐是很广泛的内容，有没有具体的内容呢？,1,disclosure_detail,dep_reason,Q2明确批评A1答非所问、官话回避，要求具体措施，属于针对回答方式的催促。,您怎么评价公司去年的业绩表现，今年预计会进一步增亏还是减亏？,公司将根据业绩情况进行定期预告和披露，谢谢！,贵公司对于广大投资者的回答都是年报中的官话，能不能把具体的有哪些措施提升公司盈利能力让大家了解一下呢？泛娱乐是很广泛的内容，有没有具体的内容呢？,002072_2017,12,17,5,Complaint,Q2明确批评A1答非所问、官话回避，要求具体措施，属于针对回答方式的催促。,,,1
positive,今年一季度公司继续亏损，公司是否还具有持续盈利能力？ 18年一季度公司虽继续亏损，但是公司业务正常运营，具备持续经营能力。谢谢关注！,贵公司对于广大投资者的回答都是年报中的官话，能不能把具体的有哪些措施提升公司盈利能力让大家了解一下呢？泛娱乐是很广泛的内容，有没有具体的内容呢？,1,disclosure_detail,dep_reason,Q2明确抱怨A1回答是年报官话、不具体，催促提供具体盈利提升措施。,今年一季度公司继续亏损，公司是否还具有持续盈利能力？,18年一季度公司虽继续亏损，但是公司业务正常运营，具备持续经营能力。谢谢关注！,贵公司对于广大投资者的回答都是年报中的官话，能不能把具体的有哪些措施提升公司盈利能力让大家了解一下呢？泛娱乐是很广泛的内容，有没有具体的内容呢？,002072_2017,15,17,2,Complaint,Q2明确抱怨A1回答是年报官话、不具体，催促提供具体盈利提升措施。,,,1
positive,请问张总会不会完成今年的增持计划？以及如何尽快实现公司的盈利？ 增持计划的完成情况会及时通知上市公司履行信息披露义务。敬请广大投资者关注。尽快消除公司的历史遗留的负面影响事项，洽谈业务合作，实现公司盈利。谢谢关注！,贵公司对于广大投资者的回答都是年报中的官话，能不能把具体的有哪些措施提升公司盈利能力让大家了解一下呢？泛娱乐是很广泛的内容，有没有具体的内容呢？,2,performance_governance,dep_reason,Q2批评A1回答是官话不具体，催促提供具体盈利提升措施。,请问张总会不会完成今年的增持计划？以及如何尽快实现公司的盈利？,增持计划的完成情况会及时通知上市公司履行信息披露义务。敬请广大投资者关注。尽快消除公司的历史遗留的负面影响事项，洽谈业务合作，实现公司盈利。谢谢关注！,贵公司对于广大投资者的回答都是年报中的官话，能不能把具体的有哪些措施提升公司盈利能力让大家了解一下呢？泛娱乐是很广泛的内容，有没有具体的内容呢？,002072_2017,16,17,1,Complaint,Q2批评A1回答是官话不具体，催促提供具体盈利提升措施。,,,1
positive,公司去年及今年一季度业绩大幅下滑，请问贵司经营是否有什么大的风险点？未来经营的风险或机遇都在哪些方面？ 目前公司生产经营正常，公司也正在全力解决历史遗留问题和立案等负面影响，积极寻求更多更大的业务合作，实现公司的业绩提升。,公司信披违规被证监会立案调查的事情目前有最新进展吗？,1,disclosure_detail,dep_reason,Q2针对A1中提到的立案事项追问最新进展，依赖具体内容。,公司去年及今年一季度业绩大幅下滑，请问贵司经营是否有什么大的风险点？未来经营的风险或机遇都在哪些方面？,目前公司生产经营正常，公司也正在全力解决历史遗留问题和立案等负面影响，积极寻求更多更大的业务合作，实现公司的业绩提升。,公司信披违规被证监会立案调查的事情目前有最新进展吗？,002072_2017,19,20,1,Elaboration,Q2针对A1中提到的立案事项追问最新进展，依赖具体内容。,,,1
positive,您被证监会立案调查，现在进展如何？ 感谢您的关心和支持，我本人目前并未被证监会立案调查。如果有类似情况发生，公司一定会第一时间按要求披露。另外，公司被证监会的立案调查事项，公司每月按规定发布事项进展公告，目前还未有调查结论，请及时关注公司的进展的公告。谢谢,到底是前任董事长张培峰被立案调查还是公司被立案调查？两者有区别吧？,2,answer_pressure,dep_reason,Q2针对A1中本人与公司被调查的模糊表述，要求明确区分哪个主体被立案调查。,您被证监会立案调查，现在进展如何？,感谢您的关心和支持，我本人目前并未被证监会立案调查。如果有类似情况发生，公司一定会第一时间按要求披露。另外，公司被证监会的立案调查事项，公司每月按规定发布事项进展公告，目前还未有调查结论，请及时关注公司的进展的公告。谢谢,到底是前任董事长张培峰被立案调查还是公司被立案调查？两者有区别吧？,002072_2018,8,11,3,Clarification,Q2针对A1中本人与公司被调查的模糊表述，要求明确区分哪个主体被立案调查。,,,1
positive,想听听管理层如何看待2019年的经济形势，公司在新的一年里有什么规划？ 2019年，我们深信中国经济仍有条件保持平稳增长；公司2019年将在现有互联网加速服务相关业务基础上，积极寻求新的优质资源进行公司业务拓展，进一步改善公司的资产结构和质量，全面提升公司的核心竞争力和市场影响力，实现公司的健康长远发展。,请问公司现在财务结构上有哪些不足，打算采取什么举措。,2,answer_pressure,dep_reason,Q2针对A1中改善资产结构的笼统表述，追问财务结构具体不足和举措。,想听听管理层如何看待2019年的经济形势，公司在新的一年里有什么规划？,2019年，我们深信中国经济仍有条件保持平稳增长；公司2019年将在现有互联网加速服务相关业务基础上，积极寻求新的优质资源进行公司业务拓展，进一步改善公司的资产结构和质量，全面提升公司的核心竞争力和市场影响力，实现公司的健康长远发展。,请问公司现在财务结构上有哪些不足，打算采取什么举措。,002072_2018,12,15,3,Elaboration,Q2针对A1中改善资产结构的笼统表述，追问财务结构具体不足和举措。,,,1
positive,公司2020年还有哪些措施来保障业绩增长 尊敬的投资者，您好，2020年公司一方面持续做好物业出租业务，积极加大煤炭贸易业务的市场拓展、增加业务量、提升利润率、做大做强煤炭贸易业务；另一方面，积极寻求新的优质资源、战略合作机会，探索引进优质实体资产，进一步改善公司的资产结构、资产质量及盈利能力，全面提升公司的核心竞争力和市场影响力，实现公司的健康长远发展。,20年在开拓主营业务上有什么规划？,2,strategy_planning,dep_reason,Q2针对A1中提到的做大做强煤炭贸易业务和寻求新资源等，追问具体规划。,公司2020年还有哪些措施来保障业绩增长,尊敬的投资者，您好，2020年公司一方面持续做好物业出租业务，积极加大煤炭贸易业务的市场拓展、增加业务量、提升利润率、做大做强煤炭贸易业务；另一方面，积极寻求新的优质资源、战略合作机会，探索引进优质实体资产，进一步改善公司的资产结构、资产质量及盈利能力，全面提升公司的核心竞争力和市场影响力，实现公司的健康长远发展。,20年在开拓主营业务上有什么规划？,002072_2019,1,4,3,Elaboration,Q2针对A1中提到的做大做强煤炭贸易业务和寻求新资源等，追问具体规划。,,,1
positive,怎么不申请摘帽 您好，公司2019年年度报告已如期披露，后续事项请以公司后续公告为准。感谢您的关注。,您好，公司2020年的公司预定目标有哪些，可以摘星脱帽吗？,2,answer_pressure,dep_reason,Q2继续追问摘帽问题，而A1未正面回答Q1，属于对未答状态的交互依赖。,怎么不申请摘帽,您好，公司2019年年度报告已如期披露，后续事项请以公司后续公告为准。感谢您的关注。,您好，公司2020年的公司预定目标有哪些，可以摘星脱帽吗？,002072_2019,5,10,5,Complaint,Q2继续追问摘帽问题，而A1未正面回答Q1，属于对未答状态的交互依赖。,,,1
positive,董秘你好，公司2019公布年报扭亏为盈，为啥不同时申请摘星摘帽 您好，公司2019年年度报告已如期披露，后续事项请以公司后续公告为准。感谢您的关注。,今年公司摘帽有望吗？,1,disclosure_detail,dep_reason,Q2针对A1回避正面回答摘星摘帽问题继续追问，本质是重复问题。,董秘你好，公司2019公布年报扭亏为盈，为啥不同时申请摘星摘帽,您好，公司2019年年度报告已如期披露，后续事项请以公司后续公告为准。感谢您的关注。,今年公司摘帽有望吗？,002072_2019,11,13,2,Complaint,Q2针对A1回避正面回答摘星摘帽问题继续追问，本质是重复问题。,,,1
positive,2021重组管理层表现优异，希望摘帽后重组能不负众望，我们希望能够引入大消费（例如酒类），新能源（光伏，锂能），矿产（有色金属特别是稀有金属），是否有希望？ 尊敬的投资者，您好！感谢您提出的宝贵建议。,我们确信摘帽已板上钉钉，目前关注的是啥时重组、会注入什么优质资产？,2,restructuring,dep_reason,Q2针对A1未提供具体重组信息继续追问重组时间和资产注入。,2021重组管理层表现优异，希望摘帽后重组能不负众望，我们希望能够引入大消费（例如酒类），新能源（光伏，锂能），矿产（有色金属特别是稀有金属），是否有希望？,尊敬的投资者，您好！感谢您提出的宝贵建议。,我们确信摘帽已板上钉钉，目前关注的是啥时重组、会注入什么优质资产？,002072_2021,2,4,2,Elaboration,Q2针对A1未提供具体重组信息继续追问重组时间和资产注入。,,,1
positive,孙总监，你好！看贵公司2021年度财报和2022年第一季度财报，虽然连续两个季度利润都为正数，但现金流量确都为负数，由此贵公司是否会增加借款，在总体毛利率不高的情况下，是否能持续保持盈利能力 尊敬的投资者，您好！公司现有煤炭贸易业务具备一定的盈利能力，公司将在积极做好现有业务基础上，同时寻求优质资产注入，通过加强、巩固现有煤炭业务，拓展新增优质盈利业务，实现公司盈利能力及持续经营能力的提升，感谢您的关注。,请问公司目前业务还是以煤炭贸易为主吗？公司把总部从山东迁移到湖北，是打算长期以煤炭贸易为主要业务，还是有什么其他规划?,2,restructuring,dep_reason,Q2围绕A1中提到的煤炭贸易业务和资产注入规划，进一步追问现状和未来安排。,孙总监，你好！看贵公司2021年度财报和2022年第一季度财报，虽然连续两个季度利润都为正数，但现金流量确都为负数，由此贵公司是否会增加借款，在总体毛利率不高的情况下，是否能持续保持盈利能力,尊敬的投资者，您好！公司现有煤炭贸易业务具备一定的盈利能力，公司将在积极做好现有业务基础上，同时寻求优质资产注入，通过加强、巩固现有煤炭业务，拓展新增优质盈利业务，实现公司盈利能力及持续经营能力的提升，感谢您的关注。,请问公司目前业务还是以煤炭贸易为主吗？公司把总部从山东迁移到湖北，是打算长期以煤炭贸易为主要业务，还是有什么其他规划?,002072_2021,5,6,1,Elaboration,Q2围绕A1中提到的煤炭贸易业务和资产注入规划，进一步追问现状和未来安排。,,,1
positive,请问公司目前业务还是以煤炭贸易为主吗？公司把总部从山东迁移到湖北，是打算长期以煤炭贸易为主要业务，还是有什么其他规划? 尊敬的投资者，您好，公司将在现有煤炭贸易业务基础上，积极通过实施并购重组等措施，引入优质、合适资产，全力促使公司重新回归良性发展轨道，感谢您的关注！,公司上年年报提到去年四季度开展的自营业务为焦炭、焦沫相关贸易，代理业务为煤炭贸易。请问董秘：是否可以理解为公司致力于打通煤炭上下游贸易？,2,strategy_planning,dep_reason,人工复核：Q1/A1讨论煤炭贸易主业及未来规划，Q2继续追问煤炭上下游贸易理解。,请问公司目前业务还是以煤炭贸易为主吗？公司把总部从山东迁移到湖北，是打算长期以煤炭贸易为主要业务，还是有什么其他规划?,尊敬的投资者，您好，公司将在现有煤炭贸易业务基础上，积极通过实施并购重组等措施，引入优质、合适资产，全力促使公司重新回归良性发展轨道，感谢您的关注！,公司上年年报提到去年四季度开展的自营业务为焦炭、焦沫相关贸易，代理业务为煤炭贸易。请问董秘：是否可以理解为公司致力于打通煤炭上下游贸易？,002072_2021,6,8,2,Elaboration,人工复核：Q1/A1讨论煤炭贸易主业及未来规划，Q2继续追问煤炭上下游贸易理解。,,,1
positive,请问公司目前业务还是以煤炭贸易为主吗？公司把总部从山东迁移到湖北，是打算长期以煤炭贸易为主要业务，还是有什么其他规划? 尊敬的投资者，您好，公司将在现有煤炭贸易业务基础上，积极通过实施并购重组等措施，引入优质、合适资产，全力促使公司重新回归良性发展轨道，感谢您的关注！,可以去收购一些国际知名公司，做大做强,2,restructuring,dep_reason,Q2承接A1中并购重组的说法，具体建议收购国际知名公司以做大做强。,请问公司目前业务还是以煤炭贸易为主吗？公司把总部从山东迁移到湖北，是打算长期以煤炭贸易为主要业务，还是有什么其他规划?,尊敬的投资者，您好，公司将在现有煤炭贸易业务基础上，积极通过实施并购重组等措施，引入优质、合适资产，全力促使公司重新回归良性发展轨道，感谢您的关注！,可以去收购一些国际知名公司，做大做强,002072_2021,6,10,4,Elaboration,Q2承接A1中并购重组的说法，具体建议收购国际知名公司以做大做强。,,,1
positive,何时回复年报问询函？ 尊敬的投资者，您好，公司收到问询函后已组织协调各部门及中介机构开展问询函回复工作，相关进展请关注公司后续公告，谢谢！,深交所连续问询，请问公司针对问询函是否做好准备，何时准备答复,1,disclosure_detail,dep_reason,Q2针对A1回避具体回复时间，继续追问准备情况和答复时间。,何时回复年报问询函？,尊敬的投资者，您好，公司收到问询函后已组织协调各部门及中介机构开展问询函回复工作，相关进展请关注公司后续公告，谢谢！,深交所连续问询，请问公司针对问询函是否做好准备，何时准备答复,002072_2021,9,12,3,Complaint,Q2针对A1回避具体回复时间，继续追问准备情况和答复时间。,,,1
positive,请问何时摘帽 尊敬的投资者，您好！公司已向深交所申请撤销退市风险警示及其他风险警示，公司将根据进展情况及时履行信息披露义务，敬请留意公司后续公告。感谢您的关注。,作为持股3年以上的股东，非常关心公司的发展，请问目前就深交所问询函内容，公司是否具备摘帽条件，另外公司是否有退市风险,2,answer_pressure,dep_reason,Q2针对A1已申请摘帽但未明确条件的回答，进一步追问深交所问询函下摘帽条件。,请问何时摘帽,尊敬的投资者，您好！公司已向深交所申请撤销退市风险警示及其他风险警示，公司将根据进展情况及时履行信息披露义务，敬请留意公司后续公告。感谢您的关注。,作为持股3年以上的股东，非常关心公司的发展，请问目前就深交所问询函内容，公司是否具备摘帽条件，另外公司是否有退市风险,002072_2021,15,19,4,Elaboration,Q2针对A1已申请摘帽但未明确条件的回答，进一步追问深交所问询函下摘帽条件。,,,1
positive,纪董，您好，请问2022年凯瑞德的主营业务方向还是煤炭贸易吗？疫情严重，对业绩会否有影响 尊敬的投资者，您好，公司2022年在现有煤炭贸易业务基础上，拟积极通过实施并购重组等措施，引入优质、合适资产，全力促使公司重新回归良性发展轨道，感谢您的关注！,请问贵公司今年有收购资产的打算吗？,2,restructuring,dep_reason,Q2直接针对A1中提到的拟通过并购重组引入资产进行追问。,纪董，您好，请问2022年凯瑞德的主营业务方向还是煤炭贸易吗？疫情严重，对业绩会否有影响,尊敬的投资者，您好，公司2022年在现有煤炭贸易业务基础上，拟积极通过实施并购重组等措施，引入优质、合适资产，全力促使公司重新回归良性发展轨道，感谢您的关注！,请问贵公司今年有收购资产的打算吗？,002072_2021,16,20,4,Elaboration,Q2直接针对A1中提到的拟通过并购重组引入资产进行追问。,,,1
positive,纪董，您好，请问2022年凯瑞德的主营业务方向还是煤炭贸易吗？疫情严重，对业绩会否有影响 尊敬的投资者，您好，公司2022年在现有煤炭贸易业务基础上，拟积极通过实施并购重组等措施，引入优质、合适资产，全力促使公司重新回归良性发展轨道，感谢您的关注！,以现有主业怎么完成承诺的业绩,2,strategy_planning,dep_reason,Q2针对A1中“现有煤炭贸易业务基础上”的表述，质疑仅靠现有主业如何完成承诺业绩，是对A1内容的进一步挑战。,纪董，您好，请问2022年凯瑞德的主营业务方向还是煤炭贸易吗？疫情严重，对业绩会否有影响,尊敬的投资者，您好，公司2022年在现有煤炭贸易业务基础上，拟积极通过实施并购重组等措施，引入优质、合适资产，全力促使公司重新回归良性发展轨道，感谢您的关注！,以现有主业怎么完成承诺的业绩,002072_2021,16,21,5,Challenge,Q2针对A1中“现有煤炭贸易业务基础上”的表述，质疑仅靠现有主业如何完成承诺业绩，是对A1内容的进一步挑战。,,,1
positive,以现有主业怎么完成承诺的业绩 尊敬的投资者，您好，公司将在现有煤炭贸易业务基础上，拟积极通过实施并购重组等措施，引入优质、合适资产，实现公司持续盈利能力的提升和营收目标的实现，感谢您的关注。,荆门是新能源基地，此次重组对象是否为新能源企业？,2,restructuring,dep_reason,Q2针对A1中提出的并购重组措施，进一步追问重组对象是否为新能源企业。,以现有主业怎么完成承诺的业绩,尊敬的投资者，您好，公司将在现有煤炭贸易业务基础上，拟积极通过实施并购重组等措施，引入优质、合适资产，实现公司持续盈利能力的提升和营收目标的实现，感谢您的关注。,荆门是新能源基地，此次重组对象是否为新能源企业？,002072_2021,21,23,2,Elaboration,Q2针对A1中提出的并购重组措施，进一步追问重组对象是否为新能源企业。,,,1
positive,以现有主业怎么完成承诺的业绩 尊敬的投资者，您好，公司将在现有煤炭贸易业务基础上，拟积极通过实施并购重组等措施，引入优质、合适资产，实现公司持续盈利能力的提升和营收目标的实现，感谢您的关注。,请问，凯瑞去年已经重整成功了，但是现在主业为煤炭贸易，而且营业额一直比较低，还处于退市边缘，什么时候能注入优质资产实现蜕变？看看ST实达，也是重整股票，天天涨停，涨几个月了？再看看凯瑞，重整成功即开始暴跌？,2,restructuring,dep_reason,Q2延续A1中并购重组引入优质资产的说法，追问注入时间，属内容依赖。,以现有主业怎么完成承诺的业绩,尊敬的投资者，您好，公司将在现有煤炭贸易业务基础上，拟积极通过实施并购重组等措施，引入优质、合适资产，实现公司持续盈利能力的提升和营收目标的实现，感谢您的关注。,请问，凯瑞去年已经重整成功了，但是现在主业为煤炭贸易，而且营业额一直比较低，还处于退市边缘，什么时候能注入优质资产实现蜕变？看看ST实达，也是重整股票，天天涨停，涨几个月了？再看看凯瑞，重整成功即开始暴跌？,002072_2021,21,24,3,Elaboration,Q2延续A1中并购重组引入优质资产的说法，追问注入时间，属内容依赖。,,,1
positive,请问，凯瑞去年已经重整成功了，但是现在主业为煤炭贸易，而且营业额一直比较低，还处于退市边缘，什么时候能注入优质资产实现蜕变？看看ST实达，也是重整股票，天天涨停，涨几个月了？再看看凯瑞，重整成功即开始暴跌？ 尊敬的投资者，您好，二级市场股票价格涨跌受多因素影响，我们无法左右，作为公司管理层，我们将尽责做好公司日常经营管理、加强业务拓展实现公司盈利能力改善和价值提升，感谢您的关注！,能否阐述一下公司末来发展方向,2,strategy_planning,dep_reason,Q2针对A1中笼统的经营管理表述，要求进一步阐述具体发展方向。,请问，凯瑞去年已经重整成功了，但是现在主业为煤炭贸易，而且营业额一直比较低，还处于退市边缘，什么时候能注入优质资产实现蜕变？看看ST实达，也是重整股票，天天涨停，涨几个月了？再看看凯瑞，重整成功即开始暴跌？,尊敬的投资者，您好，二级市场股票价格涨跌受多因素影响，我们无法左右，作为公司管理层，我们将尽责做好公司日常经营管理、加强业务拓展实现公司盈利能力改善和价值提升，感谢您的关注！,能否阐述一下公司末来发展方向,002072_2021,24,26,2,Elaboration,Q2针对A1中笼统的经营管理表述，要求进一步阐述具体发展方向。,,,1
positive,请问，凯瑞去年已经重整成功了，但是现在主业为煤炭贸易，而且营业额一直比较低，还处于退市边缘，什么时候能注入优质资产实现蜕变？看看ST实达，也是重整股票，天天涨停，涨几个月了？再看看凯瑞，重整成功即开始暴跌？ 尊敬的投资者，您好，二级市场股票价格涨跌受多因素影响，我们无法左右，作为公司管理层，我们将尽责做好公司日常经营管理、加强业务拓展实现公司盈利能力改善和价值提升，感谢您的关注！,目前的煤炭贸易不是长久之计，公司在重新规划选择主业的动作上有没有时间表？近期又有诉讼，涉及金额超过公司利润，如果拖拖拉拉搞不好今年又要保壳,1,disclosure_detail,dep_reason,Q2针对A1回避的主业转型时间表继续追问，并质疑拖延保壳风险。,请问，凯瑞去年已经重整成功了，但是现在主业为煤炭贸易，而且营业额一直比较低，还处于退市边缘，什么时候能注入优质资产实现蜕变？看看ST实达，也是重整股票，天天涨停，涨几个月了？再看看凯瑞，重整成功即开始暴跌？,尊敬的投资者，您好，二级市场股票价格涨跌受多因素影响，我们无法左右，作为公司管理层，我们将尽责做好公司日常经营管理、加强业务拓展实现公司盈利能力改善和价值提升，感谢您的关注！,目前的煤炭贸易不是长久之计，公司在重新规划选择主业的动作上有没有时间表？近期又有诉讼，涉及金额超过公司利润，如果拖拖拉拉搞不好今年又要保壳,002072_2021,24,27,3,Challenge,Q2针对A1回避的主业转型时间表继续追问，并质疑拖延保壳风险。,,,1
positive,公司现在有没转型？ 尊敬的投资者，您好！公司目前主营业务为煤炭贸易业务，后续业务拓展情况请以公告为准，感谢您的关注。,请问董事长，公司2023年度的主业是什么？继续深耕煤炭贸易还是引进第二主业，主要的方向是什么？有没有意向的新主业。,1,disclosure_detail,dep_reason,A1以公告为准回避转型问题，Q2继续追问主业方向和意向，施压要求具体答复。,公司现在有没转型？,尊敬的投资者，您好！公司目前主营业务为煤炭贸易业务，后续业务拓展情况请以公告为准，感谢您的关注。,请问董事长，公司2023年度的主业是什么？继续深耕煤炭贸易还是引进第二主业，主要的方向是什么？有没有意向的新主业。,002072_2022,0,3,3,Challenge,A1以公告为准回避转型问题，Q2继续追问主业方向和意向，施压要求具体答复。,,,1
positive,公司现在有没转型？ 尊敬的投资者，您好！公司目前主营业务为煤炭贸易业务，后续业务拓展情况请以公告为准，感谢您的关注。,今年有色金属大涨，请问纪总，孙总最近煤炭业务生意是否盈利,1,disclosure_detail,dep_reason,A1明确公司目前主营业务为煤炭贸易，并称后续业务拓展以公告为准。Q2追问近期煤炭业务是否盈利，是对A1刚刚确认的主营业务经营状况进行细化，因此依赖A1中的煤炭贸易锚点。,公司现在有没转型？,尊敬的投资者，您好！公司目前主营业务为煤炭贸易业务，后续业务拓展情况请以公告为准，感谢您的关注。,今年有色金属大涨，请问纪总，孙总最近煤炭业务生意是否盈利,002072_2022,0,5,5,Elaboration,A1明确公司目前主营业务为煤炭贸易，并称后续业务拓展以公告为准。Q2追问近期煤炭业务是否盈利，是对A1刚刚确认的主营业务经营状况进行细化，因此依赖A1中的煤炭贸易锚点。,,,1
positive,请问董事长，公司2023年度的主业是什么？继续深耕煤炭贸易还是引进第二主业，主要的方向是什么？有没有意向的新主业。 尊敬的投资者，您好！公司截至目前主营业务为煤炭贸易业务。公司在发展煤炭贸易主业的同时将积极拓展主业，在时机合适时，充分发挥上市公司便利的融资平台优势，通过现金或发行股份方式收购商业模式清晰、发展方向稳定、盈利趋势明显、估值合理的优质资产发展公司主业，进一步优化公司业务结构、提升公司盈利能力。具体请以公告为准，感谢您的关注。,公司下一步发展还是紧靠煤炭吗,2,strategy_planning,dep_reason,Q2针对A1中“积极拓展主业”但未明确定位，追问是否仍以煤炭为核心。,请问董事长，公司2023年度的主业是什么？继续深耕煤炭贸易还是引进第二主业，主要的方向是什么？有没有意向的新主业。,尊敬的投资者，您好！公司截至目前主营业务为煤炭贸易业务。公司在发展煤炭贸易主业的同时将积极拓展主业，在时机合适时，充分发挥上市公司便利的融资平台优势，通过现金或发行股份方式收购商业模式清晰、发展方向稳定、盈利趋势明显、估值合理的优质资产发展公司主业，进一步优化公司业务结构、提升公司盈利能力。具体请以公告为准，感谢您的关注。,公司下一步发展还是紧靠煤炭吗,002072_2022,3,7,4,Elaboration,Q2针对A1中“积极拓展主业”但未明确定位，追问是否仍以煤炭为核心。,,,1
positive,今年有色金属大涨，请问纪总，孙总最近煤炭业务生意是否盈利 尊敬的投资者，您好，公司结合行业市场价格走势开展煤炭贸易业务，并以公司利益最大化为方向和目标进行，感谢您的关注。,公司现在煤炭生意不是长久之计。下一步公司发展有何打算,2,strategy_planning,dep_reason,Q2针对A1中煤炭贸易业务追问公司未来发展规划。,今年有色金属大涨，请问纪总，孙总最近煤炭业务生意是否盈利,尊敬的投资者，您好，公司结合行业市场价格走势开展煤炭贸易业务，并以公司利益最大化为方向和目标进行，感谢您的关注。,公司现在煤炭生意不是长久之计。下一步公司发展有何打算,002072_2022,5,9,4,Elaboration,Q2针对A1中煤炭贸易业务追问公司未来发展规划。,,,1
positive,公司下一步发展还是紧靠煤炭吗 尊敬的投资者，您好！公司后续仍将继续做大做强煤炭贸易业务，同时在时机合适时，充分发挥上市公司便利的融资平台优势，通过现金或发行股份方式收购商业模式清晰、发展方向稳定、盈利趋势明显、估值合理的优质资产发展公司主业，进一步优化公司业务结构、提升公司盈利能力，感谢您的关注。,4月30日前完成重组，早早就发布了年报，在抓进度目前重组，目前在洽谈落地的方向是白酒吗？,2,strategy_planning,dep_reason,A1提到公司将在合适时机收购商业模式清晰、盈利趋势明显的优质资产以发展主业。Q2追问当前洽谈落地方向是否为白酒，是对A1中“收购优质资产”计划的具体方向追问。,公司下一步发展还是紧靠煤炭吗,尊敬的投资者，您好！公司后续仍将继续做大做强煤炭贸易业务，同时在时机合适时，充分发挥上市公司便利的融资平台优势，通过现金或发行股份方式收购商业模式清晰、发展方向稳定、盈利趋势明显、估值合理的优质资产发展公司主业，进一步优化公司业务结构、提升公司盈利能力，感谢您的关注。,4月30日前完成重组，早早就发布了年报，在抓进度目前重组，目前在洽谈落地的方向是白酒吗？,002072_2022,7,10,3,Elaboration,A1提到公司将在合适时机收购商业模式清晰、盈利趋势明显的优质资产以发展主业。Q2追问当前洽谈落地方向是否为白酒，是对A1中“收购优质资产”计划的具体方向追问。,,,1
positive,公司下一步发展还是紧靠煤炭吗 尊敬的投资者，您好！公司后续仍将继续做大做强煤炭贸易业务，同时在时机合适时，充分发挥上市公司便利的融资平台优势，通过现金或发行股份方式收购商业模式清晰、发展方向稳定、盈利趋势明显、估值合理的优质资产发展公司主业，进一步优化公司业务结构、提升公司盈利能力，感谢您的关注。,何时开始资产注入，现在业务不能赢利。,2,restructuring,dep_reason,Q2针对A1中收购优质资产表述追问资产注入时间表，并指出盈利现状施压。,公司下一步发展还是紧靠煤炭吗,尊敬的投资者，您好！公司后续仍将继续做大做强煤炭贸易业务，同时在时机合适时，充分发挥上市公司便利的融资平台优势，通过现金或发行股份方式收购商业模式清晰、发展方向稳定、盈利趋势明显、估值合理的优质资产发展公司主业，进一步优化公司业务结构、提升公司盈利能力，感谢您的关注。,何时开始资产注入，现在业务不能赢利。,002072_2022,7,11,4,Elaboration,Q2针对A1中收购优质资产表述追问资产注入时间表，并指出盈利现状施压。,,,1
positive,公司现在煤炭生意不是长久之计。下一步公司发展有何打算 尊敬的投资者，您好！感谢您的关注。公司后续在发展煤炭贸易主业的同时将积极拓展主业，在时机合适时，充分发挥上市公司便利的融资平台优势，通过现金收购或发行股份及现金方式收购商业模式清晰、发展方向稳定、盈利趋势明显、估值合理的优质资产发展公司主业，进一步优化公司业务结构、提升公司盈利能力。,4月30日前完成重组，早早就发布了年报，在抓进度目前重组，目前在洽谈落地的方向是白酒吗？,2,restructuring,dep_reason,Q2追问A1中提及的收购重组进度及具体方向，属于内容依赖。,公司现在煤炭生意不是长久之计。下一步公司发展有何打算,尊敬的投资者，您好！感谢您的关注。公司后续在发展煤炭贸易主业的同时将积极拓展主业，在时机合适时，充分发挥上市公司便利的融资平台优势，通过现金收购或发行股份及现金方式收购商业模式清晰、发展方向稳定、盈利趋势明显、估值合理的优质资产发展公司主业，进一步优化公司业务结构、提升公司盈利能力。,4月30日前完成重组，早早就发布了年报，在抓进度目前重组，目前在洽谈落地的方向是白酒吗？,002072_2022,9,10,1,Elaboration,Q2追问A1中提及的收购重组进度及具体方向，属于内容依赖。,,,1
positive,公司现在煤炭生意不是长久之计。下一步公司发展有何打算 尊敬的投资者，您好！感谢您的关注。公司后续在发展煤炭贸易主业的同时将积极拓展主业，在时机合适时，充分发挥上市公司便利的融资平台优势，通过现金收购或发行股份及现金方式收购商业模式清晰、发展方向稳定、盈利趋势明显、估值合理的优质资产发展公司主业，进一步优化公司业务结构、提升公司盈利能力。,何时开始资产注入，现在业务不能赢利。,2,restructuring,dep_reason,Q2针对A1中提及的资产收购计划追问具体时间表。,公司现在煤炭生意不是长久之计。下一步公司发展有何打算,尊敬的投资者，您好！感谢您的关注。公司后续在发展煤炭贸易主业的同时将积极拓展主业，在时机合适时，充分发挥上市公司便利的融资平台优势，通过现金收购或发行股份及现金方式收购商业模式清晰、发展方向稳定、盈利趋势明显、估值合理的优质资产发展公司主业，进一步优化公司业务结构、提升公司盈利能力。,何时开始资产注入，现在业务不能赢利。,002072_2022,9,11,2,Elaboration,Q2针对A1中提及的资产收购计划追问具体时间表。,,,1
positive,4月30日前完成重组，早早就发布了年报，在抓进度目前重组，目前在洽谈落地的方向是白酒吗？ 尊敬的投资者，您好，公司相关事项以公司公告为准，感谢您的关注。,何时开始资产注入，现在业务不能赢利。,1,disclosure_detail,dep_reason,A1没有回答重组方向，只以相关事项以公告为准作回避式答复。Q2继续追问何时开始资产注入，并指出现有业务不能盈利，是对A1回避重组问题后的连续追问，属于互动依赖。,4月30日前完成重组，早早就发布了年报，在抓进度目前重组，目前在洽谈落地的方向是白酒吗？,尊敬的投资者，您好，公司相关事项以公司公告为准，感谢您的关注。,何时开始资产注入，现在业务不能赢利。,002072_2022,10,11,1,Complaint,A1没有回答重组方向，只以相关事项以公告为准作回避式答复。Q2继续追问何时开始资产注入，并指出现有业务不能盈利，是对A1回避重组问题后的连续追问，属于互动依赖。,,,1
positive,凯瑞德未来市场前景如何？是否会重组？ 尊敬的投资者，您好！公司未来将在发展煤炭贸易主业的同时将积极拓展主业，在时机合适时，充分发挥上市公司便利的融资平台优势，通过现金或发行股份方式收购商业模式清晰、发展方向稳定、盈利趋势明显、估值合理的优质资产发展公司主业，进一步优化公司业务结构、提升公司盈利能力。重组等重大事项请以公告为准，感谢您的关注。,今年的煤炭贸易公司利润有何预期？,2,strategy_planning,dep_reason,Q2针对A1中明确提到的煤炭贸易主业追问利润预期。,凯瑞德未来市场前景如何？是否会重组？,尊敬的投资者，您好！公司未来将在发展煤炭贸易主业的同时将积极拓展主业，在时机合适时，充分发挥上市公司便利的融资平台优势，通过现金或发行股份方式收购商业模式清晰、发展方向稳定、盈利趋势明显、估值合理的优质资产发展公司主业，进一步优化公司业务结构、提升公司盈利能力。重组等重大事项请以公告为准，感谢您的关注。,今年的煤炭贸易公司利润有何预期？,002072_2022,19,21,2,Elaboration,Q2针对A1中明确提到的煤炭贸易主业追问利润预期。,,,1
positive,凯瑞德未来市场前景如何？是否会重组？ 尊敬的投资者，您好！公司未来将在发展煤炭贸易主业的同时将积极拓展主业，在时机合适时，充分发挥上市公司便利的融资平台优势，通过现金或发行股份方式收购商业模式清晰、发展方向稳定、盈利趋势明显、估值合理的优质资产发展公司主业，进一步优化公司业务结构、提升公司盈利能力。重组等重大事项请以公告为准，感谢您的关注。,主业不盈利，什么时候借壳，还要等到ST吗？,2,restructuring,dep_reason,Q2针对A1对重组问题的模糊回应继续追问并质疑，催促借壳时间点。,凯瑞德未来市场前景如何？是否会重组？,尊敬的投资者，您好！公司未来将在发展煤炭贸易主业的同时将积极拓展主业，在时机合适时，充分发挥上市公司便利的融资平台优势，通过现金或发行股份方式收购商业模式清晰、发展方向稳定、盈利趋势明显、估值合理的优质资产发展公司主业，进一步优化公司业务结构、提升公司盈利能力。重组等重大事项请以公告为准，感谢您的关注。,主业不盈利，什么时候借壳，还要等到ST吗？,002072_2022,19,22,3,Challenge,Q2针对A1对重组问题的模糊回应继续追问并质疑，催促借壳时间点。,,,1
positive,根据21年重整计划的业绩对赌，22年营收并未完成，请问是否有业绩补偿打算？2、根据22年业绩指标，属于增收不增利，这不符合证监会会上市企业持续经营能力的要求，请问接下来有哪方面的安排，做到增收又增利？ 尊敬的投资者，您好！公司2022年营收目标未完成受疫情等多因素影响；2023年度，公司将在持续做大做强现有煤炭贸易业务的基础上，积极寻求优质资产引入，进一步提升公司资产质量和盈利能力、力争实现增收增利。感谢您的关注。,今年的煤炭贸易公司利润有何预期？,2,performance_governance,dep_reason,Q2针对A1中提及的煤炭贸易业务追问利润预期，属于内容依赖。,根据21年重整计划的业绩对赌，22年营收并未完成，请问是否有业绩补偿打算？2、根据22年业绩指标，属于增收不增利，这不符合证监会会上市企业持续经营能力的要求，请问接下来有哪方面的安排，做到增收又增利？,尊敬的投资者，您好！公司2022年营收目标未完成受疫情等多因素影响；2023年度，公司将在持续做大做强现有煤炭贸易业务的基础上，积极寻求优质资产引入，进一步提升公司资产质量和盈利能力、力争实现增收增利。感谢您的关注。,今年的煤炭贸易公司利润有何预期？,002072_2022,20,21,1,Elaboration,Q2针对A1中提及的煤炭贸易业务追问利润预期，属于内容依赖。,,,1
positive,根据21年重整计划的业绩对赌，22年营收并未完成，请问是否有业绩补偿打算？2、根据22年业绩指标，属于增收不增利，这不符合证监会会上市企业持续经营能力的要求，请问接下来有哪方面的安排，做到增收又增利？ 尊敬的投资者，您好！公司2022年营收目标未完成受疫情等多因素影响；2023年度，公司将在持续做大做强现有煤炭贸易业务的基础上，积极寻求优质资产引入，进一步提升公司资产质量和盈利能力、力争实现增收增利。感谢您的关注。,请问纪总对优质资产有什么标准呢？,1,disclosure_detail,dep_reason,Q2针对A1中提到的'优质资产引入'继续追问标准，依赖A1具体内容。,根据21年重整计划的业绩对赌，22年营收并未完成，请问是否有业绩补偿打算？2、根据22年业绩指标，属于增收不增利，这不符合证监会会上市企业持续经营能力的要求，请问接下来有哪方面的安排，做到增收又增利？,尊敬的投资者，您好！公司2022年营收目标未完成受疫情等多因素影响；2023年度，公司将在持续做大做强现有煤炭贸易业务的基础上，积极寻求优质资产引入，进一步提升公司资产质量和盈利能力、力争实现增收增利。感谢您的关注。,请问纪总对优质资产有什么标准呢？,002072_2022,20,25,5,Elaboration,Q2针对A1中提到的'优质资产引入'继续追问标准，依赖A1具体内容。,,,1
positive,主业不盈利，什么时候借壳，还要等到ST吗？ 尊敬的投资者，您好！感谢您的关注。公司在发展煤炭贸易主业的同时将积极拓展主业，在时机合适时，充分发挥上市公司便利的融资平台优势，通过现金收购或发行股份及现金方式收购商业模式清晰、发展方向稳定、盈利趋势明显、估值合理的优质资产发展公司主业，进一步优化公司业务结构、提升公司盈利能力。,请问纪总对优质资产有什么标准呢？,1,disclosure_detail,dep_reason,Q2针对A1中提及的'优质资产'概念，追问其具体标准，属于内容依赖。,主业不盈利，什么时候借壳，还要等到ST吗？,尊敬的投资者，您好！感谢您的关注。公司在发展煤炭贸易主业的同时将积极拓展主业，在时机合适时，充分发挥上市公司便利的融资平台优势，通过现金收购或发行股份及现金方式收购商业模式清晰、发展方向稳定、盈利趋势明显、估值合理的优质资产发展公司主业，进一步优化公司业务结构、提升公司盈利能力。,请问纪总对优质资产有什么标准呢？,002072_2022,22,25,3,Elaboration,Q2针对A1中提及的'优质资产'概念，追问其具体标准，属于内容依赖。,,,1
positive,董事长你好我们凯瑞德会注入优质资产吗？ 尊敬的投资者您好，公司信息披露以公告为准。如资产注入达到披露标准会按照交易所信披规定及时履行信息披露义务，感谢您的关注。,纪董凯瑞德还有未来吗？如果在这样拖下去？,1,disclosure_detail,dep_reason,Q2 针对 A1 回避资产注入细节，抱怨公司拖延并质疑未来。,董事长你好我们凯瑞德会注入优质资产吗？,尊敬的投资者您好，公司信息披露以公告为准。如资产注入达到披露标准会按照交易所信披规定及时履行信息披露义务，感谢您的关注。,纪董凯瑞德还有未来吗？如果在这样拖下去？,002072_2023,0,5,5,Complaint,Q2 针对 A1 回避资产注入细节，抱怨公司拖延并质疑未来。,,,1
positive,公司因涉嫌信息披露违法违规，会不会造成退市 尊敬的投资者您好，截至目前中国证监会调查工作仍在进行中，公司尚未收到中国证监会就上述立案事项的结论性意见或决定。若收到相关文件，公司将及时履行信息披露义务。公司已经就前前任实控人吴联模、前任实控人张培峰涉及公司的违法犯罪行为向公安机关进行了刑事报案并获得立案受理。因前前任实控人吴联模、前任实控人张培峰违法犯罪给公司造成的历史债务危机已经在2021年通过破产重整消除。目前，公司各项生产经营活动正常有序开展，本次立案预计不会对公司生产、经营和管理造成重大影响。,纪董凯瑞德还有未来吗？如果在这样拖下去？,2,strategy_planning,dep_reason,Q2针对A1中调查仍在进行的拖延状态，质疑公司未来，属于同一风险链条的追问。,公司因涉嫌信息披露违法违规，会不会造成退市,尊敬的投资者您好，截至目前中国证监会调查工作仍在进行中，公司尚未收到中国证监会就上述立案事项的结论性意见或决定。若收到相关文件，公司将及时履行信息披露义务。公司已经就前前任实控人吴联模、前任实控人张培峰涉及公司的违法犯罪行为向公安机关进行了刑事报案并获得立案受理。因前前任实控人吴联模、前任实控人张培峰违法犯罪给公司造成的历史债务危机已经在2021年通过破产重整消除。目前，公司各项生产经营活动正常有序开展，本次立案预计不会对公司生产、经营和管理造成重大影响。,纪董凯瑞德还有未来吗？如果在这样拖下去？,002072_2023,2,5,3,Challenge,Q2针对A1中调查仍在进行的拖延状态，质疑公司未来，属于同一风险链条的追问。,,,1
positive,山东德城农行的1亿多的旧账诉讼可以再翻篇？21年的重整难道是假的吗？ 尊敬的投资者您好，中国农业银行德州德城支行起诉荆门市锦棉纺织有限公司、第三人我公司债权人撤销权纠纷，该案件相关情况，请投资者详细查阅巨潮资讯网公司的相关公告。该案件属于当事人之间正常的法律诉讼，与2021年破产重整真假无关。感谢您的关注。,承诺的业绩和重组一样都没对现，公司有什么措施,1,disclosure_detail,dep_reason,Q2针对A1中提及的重整，继续质疑业绩承诺未兑现并要求公司说明措施。,山东德城农行的1亿多的旧账诉讼可以再翻篇？21年的重整难道是假的吗？,尊敬的投资者您好，中国农业银行德州德城支行起诉荆门市锦棉纺织有限公司、第三人我公司债权人撤销权纠纷，该案件相关情况，请投资者详细查阅巨潮资讯网公司的相关公告。该案件属于当事人之间正常的法律诉讼，与2021年破产重整真假无关。感谢您的关注。,承诺的业绩和重组一样都没对现，公司有什么措施,002072_2023,4,9,5,Challenge,Q2针对A1中提及的重整，继续质疑业绩承诺未兑现并要求公司说明措施。,,,1
positive,纪董凯瑞德还有未来吗？如果在这样拖下去？ 尊敬的投资者您好，公司管理层非常理解您的心情。管理层将不断拓展主营业务，持续致力提升资产质量，同时积极探索引入优质实体资产，进一步改善公司的盈利能力，促进公司的健康长远发展，以回报全体股东，感谢您的关注。,请问董事长，公司规模偏小，为了公司的发展，引入战略投资者有没有考虑大股东自己？,2,strategy_planning,dep_reason,Q2针对A1中‘引入优质实体资产’的承诺，追问是否考虑大股东作为战略投资者。,纪董凯瑞德还有未来吗？如果在这样拖下去？,尊敬的投资者您好，公司管理层非常理解您的心情。管理层将不断拓展主营业务，持续致力提升资产质量，同时积极探索引入优质实体资产，进一步改善公司的盈利能力，促进公司的健康长远发展，以回报全体股东，感谢您的关注。,请问董事长，公司规模偏小，为了公司的发展，引入战略投资者有没有考虑大股东自己？,002072_2023,5,10,5,Elaboration,Q2针对A1中‘引入优质实体资产’的承诺，追问是否考虑大股东作为战略投资者。,,,1
positive,管理层效率太低，一个壳三年了还没有转型。 尊敬的投资者您好，公司管理层非常理解您的心情。管理层将不断拓展主营业务，持续致力提升资产质量，同时积极探索引入优质实体资产，进一步改善公司的盈利能力，促进公司的健康长远发展，以回报全体股东，感谢您的关注。,请问纪懂三年了承诺的营收，并购，一样都没有做到，不着急吗？就这样一直下去吗？,2,restructuring,dep_reason,Q2针对A1的笼统承诺追问过去营收与并购承诺未兑现，质疑管理层不作为。,管理层效率太低，一个壳三年了还没有转型。,尊敬的投资者您好，公司管理层非常理解您的心情。管理层将不断拓展主营业务，持续致力提升资产质量，同时积极探索引入优质实体资产，进一步改善公司的盈利能力，促进公司的健康长远发展，以回报全体股东，感谢您的关注。,请问纪懂三年了承诺的营收，并购，一样都没有做到，不着急吗？就这样一直下去吗？,002072_2023,6,8,2,Challenge,Q2针对A1的笼统承诺追问过去营收与并购承诺未兑现，质疑管理层不作为。,,,1
positive,管理层效率太低，一个壳三年了还没有转型。 尊敬的投资者您好，公司管理层非常理解您的心情。管理层将不断拓展主营业务，持续致力提升资产质量，同时积极探索引入优质实体资产，进一步改善公司的盈利能力，促进公司的健康长远发展，以回报全体股东，感谢您的关注。,承诺的业绩和重组一样都没对现，公司有什么措施,2,strategy_planning,dep_reason,Q2针对A1中的承诺性表述（拓展主业、提升资产等）直接质疑其未兑现，并施压要求具体措施。,管理层效率太低，一个壳三年了还没有转型。,尊敬的投资者您好，公司管理层非常理解您的心情。管理层将不断拓展主营业务，持续致力提升资产质量，同时积极探索引入优质实体资产，进一步改善公司的盈利能力，促进公司的健康长远发展，以回报全体股东，感谢您的关注。,承诺的业绩和重组一样都没对现，公司有什么措施,002072_2023,6,9,3,Challenge,Q2针对A1中的承诺性表述（拓展主业、提升资产等）直接质疑其未兑现，并施压要求具体措施。,,,1
positive,请问一下贵公司破产重整以后承诺的三年营收，4亿6亿9亿都没有达到，以后有什么规划，还有资产并购也迟迟没有进展？难道就这样摆难吗？公司管理层不着急吗？ 尊敬的投资者您好，公司管理层非常理解您的心情。管理层将不断拓展主营业务，持续致力提升资产质量，同时积极探索引入优质实体资产，进一步改善公司的盈利能力，促进公司的健康长远发展，以回报全体股东，感谢您的关注。,请问纪懂三年了承诺的营收，并购，一样都没有做到，不着急吗？就这样一直下去吗？,1,disclosure_detail,dep_reason,Q2针对A1未正面回应业绩承诺未达标及并购无进展问题，继续追责和抱怨。,请问一下贵公司破产重整以后承诺的三年营收，4亿6亿9亿都没有达到，以后有什么规划，还有资产并购也迟迟没有进展？难道就这样摆难吗？公司管理层不着急吗？,尊敬的投资者您好，公司管理层非常理解您的心情。管理层将不断拓展主营业务，持续致力提升资产质量，同时积极探索引入优质实体资产，进一步改善公司的盈利能力，促进公司的健康长远发展，以回报全体股东，感谢您的关注。,请问纪懂三年了承诺的营收，并购，一样都没有做到，不着急吗？就这样一直下去吗？,002072_2023,7,8,1,Complaint,Q2针对A1未正面回应业绩承诺未达标及并购无进展问题，继续追责和抱怨。,,,1
positive,请问一下贵公司破产重整以后承诺的三年营收，4亿6亿9亿都没有达到，以后有什么规划，还有资产并购也迟迟没有进展？难道就这样摆难吗？公司管理层不着急吗？ 尊敬的投资者您好，公司管理层非常理解您的心情。管理层将不断拓展主营业务，持续致力提升资产质量，同时积极探索引入优质实体资产，进一步改善公司的盈利能力，促进公司的健康长远发展，以回报全体股东，感谢您的关注。,承诺的业绩和重组一样都没对现，公司有什么措施,2,restructuring,dep_reason,Q2针对A1未具体回应承诺业绩和重组兑现情况继续追问措施，带有质疑。,请问一下贵公司破产重整以后承诺的三年营收，4亿6亿9亿都没有达到，以后有什么规划，还有资产并购也迟迟没有进展？难道就这样摆难吗？公司管理层不着急吗？,尊敬的投资者您好，公司管理层非常理解您的心情。管理层将不断拓展主营业务，持续致力提升资产质量，同时积极探索引入优质实体资产，进一步改善公司的盈利能力，促进公司的健康长远发展，以回报全体股东，感谢您的关注。,承诺的业绩和重组一样都没对现，公司有什么措施,002072_2023,7,9,2,Challenge,Q2针对A1未具体回应承诺业绩和重组兑现情况继续追问措施，带有质疑。,,,1
positive,请问一下贵公司破产重整以后承诺的三年营收，4亿6亿9亿都没有达到，以后有什么规划，还有资产并购也迟迟没有进展？难道就这样摆难吗？公司管理层不着急吗？ 尊敬的投资者您好，公司管理层非常理解您的心情。管理层将不断拓展主营业务，持续致力提升资产质量，同时积极探索引入优质实体资产，进一步改善公司的盈利能力，促进公司的健康长远发展，以回报全体股东，感谢您的关注。,请问董事长，公司规模偏小，为了公司的发展，引入战略投资者有没有考虑大股东自己？,2,strategy_planning,dep_reason,Q2围绕A1中“引入优质实体资产”进一步追问是否考虑大股东作为战略投资者。,请问一下贵公司破产重整以后承诺的三年营收，4亿6亿9亿都没有达到，以后有什么规划，还有资产并购也迟迟没有进展？难道就这样摆难吗？公司管理层不着急吗？,尊敬的投资者您好，公司管理层非常理解您的心情。管理层将不断拓展主营业务，持续致力提升资产质量，同时积极探索引入优质实体资产，进一步改善公司的盈利能力，促进公司的健康长远发展，以回报全体股东，感谢您的关注。,请问董事长，公司规模偏小，为了公司的发展，引入战略投资者有没有考虑大股东自己？,002072_2023,7,10,3,Elaboration,Q2围绕A1中“引入优质实体资产”进一步追问是否考虑大股东作为战略投资者。,,,1
positive,请问纪懂三年了承诺的营收，并购，一样都没有做到，不着急吗？就这样一直下去吗？ 尊敬的投资者您好，公司管理层非常理解您的心情。管理层将不断拓展主营业务，持续致力提升资产质量，同时积极探索引入优质实体资产，进一步改善公司的盈利能力，促进公司的健康长远发展，以回报全体股东，感谢您的关注。,承诺的业绩和重组一样都没对现，公司有什么措施,2,answer_pressure,dep_reason,Q2重复Q1未兑现承诺的抱怨，A1笼统表态，属交互依赖。,请问纪懂三年了承诺的营收，并购，一样都没有做到，不着急吗？就这样一直下去吗？,尊敬的投资者您好，公司管理层非常理解您的心情。管理层将不断拓展主营业务，持续致力提升资产质量，同时积极探索引入优质实体资产，进一步改善公司的盈利能力，促进公司的健康长远发展，以回报全体股东，感谢您的关注。,承诺的业绩和重组一样都没对现，公司有什么措施,002072_2023,8,9,1,Complaint,Q2重复Q1未兑现承诺的抱怨，A1笼统表态，属交互依赖。,,,1
positive,请问纪懂三年了承诺的营收，并购，一样都没有做到，不着急吗？就这样一直下去吗？ 尊敬的投资者您好，公司管理层非常理解您的心情。管理层将不断拓展主营业务，持续致力提升资产质量，同时积极探索引入优质实体资产，进一步改善公司的盈利能力，促进公司的健康长远发展，以回报全体股东，感谢您的关注。,请问董事长，公司规模偏小，为了公司的发展，引入战略投资者有没有考虑大股东自己？,2,strategy_planning,dep_reason,Q2针对A1中“引入优质实体资产”追问是否考虑大股东自己作为战略投资者。,请问纪懂三年了承诺的营收，并购，一样都没有做到，不着急吗？就这样一直下去吗？,尊敬的投资者您好，公司管理层非常理解您的心情。管理层将不断拓展主营业务，持续致力提升资产质量，同时积极探索引入优质实体资产，进一步改善公司的盈利能力，促进公司的健康长远发展，以回报全体股东，感谢您的关注。,请问董事长，公司规模偏小，为了公司的发展，引入战略投资者有没有考虑大股东自己？,002072_2023,8,10,2,Elaboration,Q2针对A1中“引入优质实体资产”追问是否考虑大股东自己作为战略投资者。,,,1
positive,请问纪懂三年了承诺的营收，并购，一样都没有做到，不着急吗？就这样一直下去吗？ 尊敬的投资者您好，公司管理层非常理解您的心情。管理层将不断拓展主营业务，持续致力提升资产质量，同时积极探索引入优质实体资产，进一步改善公司的盈利能力，促进公司的健康长远发展，以回报全体股东，感谢您的关注。,公司下一步发展发现可以介绍一下吗,2,strategy_planning,dep_reason,Q2针对A1中提及的未来发展方向要求进一步具体介绍。,请问纪懂三年了承诺的营收，并购，一样都没有做到，不着急吗？就这样一直下去吗？,尊敬的投资者您好，公司管理层非常理解您的心情。管理层将不断拓展主营业务，持续致力提升资产质量，同时积极探索引入优质实体资产，进一步改善公司的盈利能力，促进公司的健康长远发展，以回报全体股东，感谢您的关注。,公司下一步发展发现可以介绍一下吗,002072_2023,8,13,5,Elaboration,Q2针对A1中提及的未来发展方向要求进一步具体介绍。,,,1
positive,"承诺的业绩和重组一样都没对现，公司有什么措施 尊敬的投资者您好，2024年,公司将继续做大做强煤炭贸易业务，同时在时机合适时探索收购商业模式清晰、发展方向稳定、盈利趋势明显、估值合理的优质资产发展公司主业，进一步优化公司业务结构、提升公司盈利能力，感谢您的关注。",什么时候注入资产。,2,restructuring,dep_reason,Q2针对A1中收购优质资产计划追问具体时间表。,承诺的业绩和重组一样都没对现，公司有什么措施,"尊敬的投资者您好，2024年,公司将继续做大做强煤炭贸易业务，同时在时机合适时探索收购商业模式清晰、发展方向稳定、盈利趋势明显、估值合理的优质资产发展公司主业，进一步优化公司业务结构、提升公司盈利能力，感谢您的关注。",什么时候注入资产。,002072_2023,9,11,2,Elaboration,Q2针对A1中收购优质资产计划追问具体时间表。,,,1
positive,"承诺的业绩和重组一样都没对现，公司有什么措施 尊敬的投资者您好，2024年,公司将继续做大做强煤炭贸易业务，同时在时机合适时探索收购商业模式清晰、发展方向稳定、盈利趋势明显、估值合理的优质资产发展公司主业，进一步优化公司业务结构、提升公司盈利能力，感谢您的关注。",公司下一步发展发现可以介绍一下吗,2,strategy_planning,dep_reason,Q2针对A1中提到的探索收购资产等发展方向，要求进一步介绍具体计划。,承诺的业绩和重组一样都没对现，公司有什么措施,"尊敬的投资者您好，2024年,公司将继续做大做强煤炭贸易业务，同时在时机合适时探索收购商业模式清晰、发展方向稳定、盈利趋势明显、估值合理的优质资产发展公司主业，进一步优化公司业务结构、提升公司盈利能力，感谢您的关注。",公司下一步发展发现可以介绍一下吗,002072_2023,9,13,4,Elaboration,Q2针对A1中提到的探索收购资产等发展方向，要求进一步介绍具体计划。,,,1
positive,什么时候注入资产。 尊敬的投资者您好，公司管理层积极探索商业模式清晰、发展方向稳定、盈利趋势明显、估值合理的优质资产发展公司主业，进一步优化公司业务结构、提升公司盈利能力，感谢您的关注。,持股快五年了,2,restructuring,dep_reason,Q2表达长期持股未等到资产注入，针对A1未明确时间进行抱怨。,什么时候注入资产。,尊敬的投资者您好，公司管理层积极探索商业模式清晰、发展方向稳定、盈利趋势明显、估值合理的优质资产发展公司主业，进一步优化公司业务结构、提升公司盈利能力，感谢您的关注。,持股快五年了,002072_2023,11,12,1,Complaint,Q2表达长期持股未等到资产注入，针对A1未明确时间进行抱怨。,,,1
positive,什么时候注入资产。 尊敬的投资者您好，公司管理层积极探索商业模式清晰、发展方向稳定、盈利趋势明显、估值合理的优质资产发展公司主业，进一步优化公司业务结构、提升公司盈利能力，感谢您的关注。,引入资产有进展么,1,disclosure_detail,dep_reason,Q2针对A1中的优质资产探索询问进展，构成内容依赖。,什么时候注入资产。,尊敬的投资者您好，公司管理层积极探索商业模式清晰、发展方向稳定、盈利趋势明显、估值合理的优质资产发展公司主业，进一步优化公司业务结构、提升公司盈利能力，感谢您的关注。,引入资产有进展么,002072_2023,11,15,4,Elaboration,Q2针对A1中的优质资产探索询问进展，构成内容依赖。,,,1
positive,公司下一步发展发现可以介绍一下吗 尊敬的投资者您好，感谢您对公司的关注，公司目前主要从事煤炭贸易业务，并将在现有业务模式和规模的基础上，利用各项内外部资源，加大煤炭业务客户和供应商的拓展力度及业务区域的辐射范围，以提升煤炭业务的盈利能力。同时积极探索引入优质实体资产，进一步改善公司的盈利能力，促进公司的健康长远发展。,引入资产有进展么,1,disclosure_detail,dep_reason,Q2针对A1中“积极探索引入优质实体资产”追问进展。,公司下一步发展发现可以介绍一下吗,尊敬的投资者您好，感谢您对公司的关注，公司目前主要从事煤炭贸易业务，并将在现有业务模式和规模的基础上，利用各项内外部资源，加大煤炭业务客户和供应商的拓展力度及业务区域的辐射范围，以提升煤炭业务的盈利能力。同时积极探索引入优质实体资产，进一步改善公司的盈利能力，促进公司的健康长远发展。,引入资产有进展么,002072_2023,13,15,2,Elaboration,Q2针对A1中“积极探索引入优质实体资产”追问进展。,,,1
positive,公司现在有合适的标的在接触吗？ 尊敬的投资者您好，相关内容以公司后续公告为准，感谢您的关注。,公司目前是否有新的重组动向？,1,disclosure_detail,dep_reason,A1对是否接触合适标的未给出实质信息，仅称以公司后续公告为准。Q2继续询问是否有新的重组动向，是围绕A1回避的标的和重组线索继续追问，依赖上一轮答复中的回避语境。,公司现在有合适的标的在接触吗？,尊敬的投资者您好，相关内容以公司后续公告为准，感谢您的关注。,公司目前是否有新的重组动向？,002072_2024,1,6,5,Complaint,A1对是否接触合适标的未给出实质信息，仅称以公司后续公告为准。Q2继续询问是否有新的重组动向，是围绕A1回避的标的和重组线索继续追问，依赖上一轮答复中的回避语境。,,,1
positive,公司接连两次转型失败俗话说再一再二不再三公司后续会走转型之路吗 尊敬的投资者您好，公司发展战略是做大做强现有煤炭贸易业务，并积极寻求优质资产注入，通过加强、巩固现有煤炭贸易业务，拓展新增优质盈利业务，实现公司盈利能力及持续经营能力的进一步改善和提升，感谢您的关注。,公司目前是否有新的重组动向？,2,restructuring,dep_reason,Q2针对A1中'寻求优质资产注入'进一步追问重组动向。,公司接连两次转型失败俗话说再一再二不再三公司后续会走转型之路吗,尊敬的投资者您好，公司发展战略是做大做强现有煤炭贸易业务，并积极寻求优质资产注入，通过加强、巩固现有煤炭贸易业务，拓展新增优质盈利业务，实现公司盈利能力及持续经营能力的进一步改善和提升，感谢您的关注。,公司目前是否有新的重组动向？,002072_2024,3,6,3,Elaboration,Q2针对A1中'寻求优质资产注入'进一步追问重组动向。,,,1
positive,公司接连两次转型失败俗话说再一再二不再三公司后续会走转型之路吗 尊敬的投资者您好，公司发展战略是做大做强现有煤炭贸易业务，并积极寻求优质资产注入，通过加强、巩固现有煤炭贸易业务，拓展新增优质盈利业务，实现公司盈利能力及持续经营能力的进一步改善和提升，感谢您的关注。,请问纪董事长，2024年度亏损，今年一季度扩大亏损，是什么原因，公司下一步具体的改善经营计划是什么？单一的煤炭贸易可以持续吗？,2,strategy_planning,dep_reason,Q2针对A1中做大做强煤炭贸易的战略，追问亏损原因、改善计划和持续性。,公司接连两次转型失败俗话说再一再二不再三公司后续会走转型之路吗,尊敬的投资者您好，公司发展战略是做大做强现有煤炭贸易业务，并积极寻求优质资产注入，通过加强、巩固现有煤炭贸易业务，拓展新增优质盈利业务，实现公司盈利能力及持续经营能力的进一步改善和提升，感谢您的关注。,请问纪董事长，2024年度亏损，今年一季度扩大亏损，是什么原因，公司下一步具体的改善经营计划是什么？单一的煤炭贸易可以持续吗？,002072_2024,3,7,4,Elaboration,Q2针对A1中做大做强煤炭贸易的战略，追问亏损原因、改善计划和持续性。,,,1
positive,【查询-002】高管您好，请问贵公司未来盈利增长的主要驱动因素有哪些？谢谢。 尊敬的投资者您好，公司未来在做大做强现有煤炭贸易业务基础上，积极寻求优质资产注入，通过加强、巩固现有煤炭贸易业务，拓展新增优质盈利业务，实现公司盈利能力及持续经营能力的进一步改善和提升，感谢您的关注。,公司目前是否有新的重组动向？,2,restructuring,dep_reason,Q2围绕A1中“积极寻求优质资产注入”继续追问重组动向。,【查询-002】高管您好，请问贵公司未来盈利增长的主要驱动因素有哪些？谢谢。,尊敬的投资者您好，公司未来在做大做强现有煤炭贸易业务基础上，积极寻求优质资产注入，通过加强、巩固现有煤炭贸易业务，拓展新增优质盈利业务，实现公司盈利能力及持续经营能力的进一步改善和提升，感谢您的关注。,公司目前是否有新的重组动向？,002072_2024,4,6,2,Elaboration,Q2围绕A1中“积极寻求优质资产注入”继续追问重组动向。,,,1
positive,公司目前是否有新的重组动向？ 尊敬的投资者您好，公司发展战略是做大做强现有煤炭贸易业务，并积极寻求优质资产注入，通过加强、巩固现有煤炭贸易业务，拓展新增优质盈利业务，实现公司盈利能力及持续经营能力的进一步改善和提升，如有相关情况，公司会按照信息披露要求及时履行信息披露义务的，一切以公司公告为准，感谢您的关注。,请问凯瑞德公司纪董事长：贵公司一直处于病歪歪的状态，公司战略委员会有什么打算？是准备退市还是努力奋进？如果选择奋进，有什么具体方案举措？,2,restructuring,dep_reason,Q2针对A1笼统表述的发展战略和资产注入，追问具体方案和计划。,公司目前是否有新的重组动向？,尊敬的投资者您好，公司发展战略是做大做强现有煤炭贸易业务，并积极寻求优质资产注入，通过加强、巩固现有煤炭贸易业务，拓展新增优质盈利业务，实现公司盈利能力及持续经营能力的进一步改善和提升，如有相关情况，公司会按照信息披露要求及时履行信息披露义务的，一切以公司公告为准，感谢您的关注。,请问凯瑞德公司纪董事长：贵公司一直处于病歪歪的状态，公司战略委员会有什么打算？是准备退市还是努力奋进？如果选择奋进，有什么具体方案举措？,002072_2024,6,9,3,Elaboration,Q2针对A1笼统表述的发展战略和资产注入，追问具体方案和计划。,,,1
positive,请问纪董事长，2024年度亏损，今年一季度扩大亏损，是什么原因，公司下一步具体的改善经营计划是什么？单一的煤炭贸易可以持续吗？ 尊敬的投资者您好，2024年公司实现煤炭贸易业务收入6.27亿元，同比增长86.80%。但受行业整体市场环境影响，煤炭贸易业务毛利率有所下滑，同时叠加报告期内公司各项费用相比去年同期有所增加，导致公司出现亏损。后续公司将在持续做大做强现有煤炭贸易业务的基础上，挖掘新的业务及利润增长点，努力实现战略转型，以进一步改善公司的资产质量和盈利能力、实现公司的健康可持续经营。感谢您的关注！,请问凯瑞德公司纪董事长：贵公司一直处于病歪歪的状态，公司战略委员会有什么打算？是准备退市还是努力奋进？如果选择奋进，有什么具体方案举措？,2,strategy_planning,dep_reason,Q2针对A1中提到的战略转型等笼统表述，要求具体方案举措。,请问纪董事长，2024年度亏损，今年一季度扩大亏损，是什么原因，公司下一步具体的改善经营计划是什么？单一的煤炭贸易可以持续吗？,尊敬的投资者您好，2024年公司实现煤炭贸易业务收入6.27亿元，同比增长86.80%。但受行业整体市场环境影响，煤炭贸易业务毛利率有所下滑，同时叠加报告期内公司各项费用相比去年同期有所增加，导致公司出现亏损。后续公司将在持续做大做强现有煤炭贸易业务的基础上，挖掘新的业务及利润增长点，努力实现战略转型，以进一步改善公司的资产质量和盈利能力、实现公司的健康可持续经营。感谢您的关注！,请问凯瑞德公司纪董事长：贵公司一直处于病歪歪的状态，公司战略委员会有什么打算？是准备退市还是努力奋进？如果选择奋进，有什么具体方案举措？,002072_2024,7,9,2,Elaboration,Q2针对A1中提到的战略转型等笼统表述，要求具体方案举措。,,,1
positive,请问纪董事长，2024年度亏损，今年一季度扩大亏损，是什么原因，公司下一步具体的改善经营计划是什么？单一的煤炭贸易可以持续吗？ 尊敬的投资者您好，2024年公司实现煤炭贸易业务收入6.27亿元，同比增长86.80%。但受行业整体市场环境影响，煤炭贸易业务毛利率有所下滑，同时叠加报告期内公司各项费用相比去年同期有所增加，导致公司出现亏损。后续公司将在持续做大做强现有煤炭贸易业务的基础上，挖掘新的业务及利润增长点，努力实现战略转型，以进一步改善公司的资产质量和盈利能力、实现公司的健康可持续经营。感谢您的关注！,针对当前未分配利润为负的情况，公司计划如何实现扭亏为盈？,2,performance_governance,dep_reason,Q2重复追问Q1中已提出的改善经营计划，A1笼统回应后未满足追问者要求，构成催促。,请问纪董事长，2024年度亏损，今年一季度扩大亏损，是什么原因，公司下一步具体的改善经营计划是什么？单一的煤炭贸易可以持续吗？,尊敬的投资者您好，2024年公司实现煤炭贸易业务收入6.27亿元，同比增长86.80%。但受行业整体市场环境影响，煤炭贸易业务毛利率有所下滑，同时叠加报告期内公司各项费用相比去年同期有所增加，导致公司出现亏损。后续公司将在持续做大做强现有煤炭贸易业务的基础上，挖掘新的业务及利润增长点，努力实现战略转型，以进一步改善公司的资产质量和盈利能力、实现公司的健康可持续经营。感谢您的关注！,针对当前未分配利润为负的情况，公司计划如何实现扭亏为盈？,002072_2024,7,10,3,Complaint,Q2重复追问Q1中已提出的改善经营计划，A1笼统回应后未满足追问者要求，构成催促。,,,1
positive,公司能否学其他公司，做到每年大比例送配，使企业做大做强！ 公司所处行业，与其他公司所处的行业特点、经营模式、盈利模式均有所区别，公司管理层将努力通过各种方式，致力于公司持续稳定发展，回报股东。谢谢！,公司是倾向于何种方式回报股东，现金股利还是送股？,2,answer_pressure,dep_reason,Q2针对A1中“回报股东”的笼统承诺追问具体方式，要求明确现金还是送股。,公司能否学其他公司，做到每年大比例送配，使企业做大做强！,公司所处行业，与其他公司所处的行业特点、经营模式、盈利模式均有所区别，公司管理层将努力通过各种方式，致力于公司持续稳定发展，回报股东。谢谢！,公司是倾向于何种方式回报股东，现金股利还是送股？,002178_2008,0,5,5,Elaboration,Q2针对A1中“回报股东”的笼统承诺追问具体方式，要求明确现金还是送股。,,,1
positive,请问杨煜霞：请问公司08年的业绩如何？ 公司08年实现营业收入2.146亿元，实现净利润1307.9万元。具体的业绩数据请参见公司2008年度报告。谢谢！,你们对08年业绩满意吗？为什么？,2,performance_governance,dep_reason,Q2针对A1中08年业绩数据追问满意度及原因。,请问杨煜霞：请问公司08年的业绩如何？,公司08年实现营业收入2.146亿元，实现净利润1307.9万元。具体的业绩数据请参见公司2008年度报告。谢谢！,你们对08年业绩满意吗？为什么？,002178_2008,11,15,4,Elaboration,Q2针对A1中08年业绩数据追问满意度及原因。,,,1
positive,请问公司世博项目订单是多少。 每个项目的规模未达到披露的要求，所以不便回答。谢谢,目前公司在上海世博会中参与程度如何，今年的业绩能够因此而提升吗？提升多少,1,disclosure_detail,dep_reason,Q1询问世博项目订单规模，A1以未达到披露标准为由未披露具体规模。Q2继续追问公司在世博会中的参与程度及业绩提升幅度，是对A1未披露订单规模后的替代性细化追问，属于互动依赖。,请问公司世博项目订单是多少。,每个项目的规模未达到披露的要求，所以不便回答。谢谢,目前公司在上海世博会中参与程度如何，今年的业绩能够因此而提升吗？提升多少,002178_2009,0,3,3,Complaint,Q1询问世博项目订单规模，A1以未达到披露标准为由未披露具体规模。Q2继续追问公司在世博会中的参与程度及业绩提升幅度，是对A1未披露订单规模后的替代性细化追问，属于互动依赖。,,,1
positive,各大媒体争相报道胡美珍辞职抛售股票，以及管理层对公司股价跌到4。8元无动于衷，您怎么看这些事情的对公司的负面影响？ 股价受二级市场多方面影响。对于经营者来说，应努力的做好经营工作，使得公司能稳健发展。谢谢,公司员工大量抛自己公司股票，是不是前景不妙，或者是到二级市场圈钱？,1,disclosure_detail,dep_reason,Q1询问员工抛售股票及股价下跌的负面影响，A1将原因归于二级市场并回避具体抛售动机。Q2继续追问员工大量抛售是否意味着前景不妙或圈钱，是对A1回避原因后的质疑性追问。,各大媒体争相报道胡美珍辞职抛售股票，以及管理层对公司股价跌到4。8元无动于衷，您怎么看这些事情的对公司的负面影响？,股价受二级市场多方面影响。对于经营者来说，应努力的做好经营工作，使得公司能稳健发展。谢谢,公司员工大量抛自己公司股票，是不是前景不妙，或者是到二级市场圈钱？,002178_2009,7,9,2,Elaboration,Q1询问员工抛售股票及股价下跌的负面影响，A1将原因归于二级市场并回避具体抛售动机。Q2继续追问员工大量抛售是否意味着前景不妙或圈钱，是对A1回避原因后的质疑性追问。,,,1
positive,各大媒体争相报道胡美珍辞职抛售股票，以及管理层对公司股价跌到4。8元无动于衷，您怎么看这些事情的对公司的负面影响？ 股价受二级市场多方面影响。对于经营者来说，应努力的做好经营工作，使得公司能稳健发展。谢谢,今年到现在为止，公司的经营是否按照年初计划稳步推进，一季度，是否达到了预期的效果。,2,performance_governance,dep_reason,Q2承接A1中“努力做好经营工作”的说法，进一步追问经营计划推进情况和一季度效果。,各大媒体争相报道胡美珍辞职抛售股票，以及管理层对公司股价跌到4。8元无动于衷，您怎么看这些事情的对公司的负面影响？,股价受二级市场多方面影响。对于经营者来说，应努力的做好经营工作，使得公司能稳健发展。谢谢,今年到现在为止，公司的经营是否按照年初计划稳步推进，一季度，是否达到了预期的效果。,002178_2009,7,10,3,Elaboration,Q2承接A1中“努力做好经营工作”的说法，进一步追问经营计划推进情况和一季度效果。,,,1
positive,请问贵公司是否在做现在政府最支持的合同能源管理项目。 公司在做与之相关的前端性研究，谢谢,深交所规定合同项目达到一定规模必须公告，但并没有说规模不到就不能公告，这么好的宣传广告机会，对企业发展没有作用？真搞不懂你们是怎么想的。。。。。。,1,disclosure_detail,dep_reason,Q2针对A1中“前端性研究”隐含的未达公告规模进行质疑，抱怨公司不利用公告宣传。,请问贵公司是否在做现在政府最支持的合同能源管理项目。,公司在做与之相关的前端性研究，谢谢,深交所规定合同项目达到一定规模必须公告，但并没有说规模不到就不能公告，这么好的宣传广告机会，对企业发展没有作用？真搞不懂你们是怎么想的。。。。。。,002178_2009,11,13,2,Complaint,Q2针对A1中“前端性研究”隐含的未达公告规模进行质疑，抱怨公司不利用公告宣传。,,,1
positive,公司2010年的经营计划和主要目标是？ 根据行业发展趋势及市场情况，结合公司2009年销售及工程完工量，公司2010年计划完成营业收入40000万元。,"09年主营业务收入(万元)是29931.99,10年达到40000万,那就是要增长30以上了,对吗?",2,strategy_planning,dep_reason,Q2基于A1中的40000万目标，与09年数据对比确认增长比例。,公司2010年的经营计划和主要目标是？,根据行业发展趋势及市场情况，结合公司2009年销售及工程完工量，公司2010年计划完成营业收入40000万元。,"09年主营业务收入(万元)是29931.99,10年达到40000万,那就是要增长30以上了,对吗?",002178_2009,12,17,5,Clarification,Q2基于A1中的40000万目标，与09年数据对比确认增长比例。,,,1
positive,请问公司在发展中如何回报中小投资者？ 公司经营管理层在董事会的领导下努力做好经营工作，提高公司效益，給予投资者相应回报。谢谢,你们是看重大型机构投资者还是中小投资者？,2,answer_pressure,dep_reason,Q2针对A1中笼统的“投资者回报”表述，追问是否偏重机构投资者。,请问公司在发展中如何回报中小投资者？,公司经营管理层在董事会的领导下努力做好经营工作，提高公司效益，給予投资者相应回报。谢谢,你们是看重大型机构投资者还是中小投资者？,002178_2009,15,19,4,Challenge,Q2针对A1中笼统的“投资者回报”表述，追问是否偏重机构投资者。,,,1
positive,作为公司高管，您是否满意公司上市后的股价走势？ 答：公司致力于公司经营层面的持续发展，股价受到股市整体形式等各方面的影响，请投资者自己理性判断。公司将通过努力工作，提升经营业绩来回报广大投资者。谢谢！,请问胡懂，我们除了能经常得知您获得各项殊荣，鲜见公司的报道，你说的公司稳健发展，不至于接到了项目还羞于见人、遮遮掩掩吧？,2,answer_pressure,dep_reason,Q2抓住A1中“公司稳健发展”的说法，质疑公司报道极少，存在矛盾，进行施压追问。,作为公司高管，您是否满意公司上市后的股价走势？,答：公司致力于公司经营层面的持续发展，股价受到股市整体形式等各方面的影响，请投资者自己理性判断。公司将通过努力工作，提升经营业绩来回报广大投资者。谢谢！,请问胡懂，我们除了能经常得知您获得各项殊荣，鲜见公司的报道，你说的公司稳健发展，不至于接到了项目还羞于见人、遮遮掩掩吧？,002178_2009,28,31,3,Challenge,Q2抓住A1中“公司稳健发展”的说法，质疑公司报道极少，存在矛盾，进行施压追问。,,,1
positive,您个人获得了很多荣誉，相比中小板其他个股，无论从股价还是分红看，你们都令大家不满意。您认为一个公司的口碑对企业发展重要吗？ 公司注重的持续稳定的发展，公司口碑很重要。谢谢,（5）既然你们选择上市，那中小股东除了经常得到关于您个人各种获奖信息外，是否还有更多关于企业发展的知情权？,2,answer_pressure,dep_reason,Q2承接Q1中个人获奖信息，针对A1笼统表态要求企业发展知情权。,您个人获得了很多荣誉，相比中小板其他个股，无论从股价还是分红看，你们都令大家不满意。您认为一个公司的口碑对企业发展重要吗？,公司注重的持续稳定的发展，公司口碑很重要。谢谢,（5）既然你们选择上市，那中小股东除了经常得到关于您个人各种获奖信息外，是否还有更多关于企业发展的知情权？,002178_2009,42,46,4,Challenge,Q2承接Q1中个人获奖信息，针对A1笼统表态要求企业发展知情权。,,,1
positive,（5）既然你们选择上市，那中小股东除了经常得到关于您个人各种获奖信息外，是否还有更多关于企业发展的知情权？ 我们会加强企业发展方面的信息披露，尊重股东的知情权。谢谢,公司举办“2009年度业绩网上说明会”，公司高管人员将就公司的经营情况、未来发展等内容与投资者进行互动交流。这说明延华智能对全体投资者的重视，同样也表明管理层对公司未来的发展充满信心！请问：公司2010年有哪些重点发展的项目？预期效益如何？,1,disclosure_detail,dep_reason,Q2承接Q1关于企业发展知情权的要求，针对A1笼统承诺加强信息披露，具体追问2010年重点项目及效益。,（5）既然你们选择上市，那中小股东除了经常得到关于您个人各种获奖信息外，是否还有更多关于企业发展的知情权？,我们会加强企业发展方面的信息披露，尊重股东的知情权。谢谢,公司举办“2009年度业绩网上说明会”，公司高管人员将就公司的经营情况、未来发展等内容与投资者进行互动交流。这说明延华智能对全体投资者的重视，同样也表明管理层对公司未来的发展充满信心！请问：公司2010年有哪些重点发展的项目？预期效益如何？,002178_2009,46,51,5,Elaboration,Q2承接Q1关于企业发展知情权的要求，针对A1笼统承诺加强信息披露，具体追问2010年重点项目及效益。,,,1
positive,请问：公司参与世博会建设了吗？参与度有多大？ 公司参与世博会世博中心、世博演艺中心等多个项目的建设。,世博会马上就要开了，难道没达到合同规模就不能说吗？你们这样做是不是漠视中小股东的知情权？,1,disclosure_detail,dep_reason,人工复核：Q2针对A1确认参与世博项目后，继续追问合同规模并质疑披露不足。,请问：公司参与世博会建设了吗？参与度有多大？,公司参与世博会世博中心、世博演艺中心等多个项目的建设。,世博会马上就要开了，难道没达到合同规模就不能说吗？你们这样做是不是漠视中小股东的知情权？,002178_2009,50,52,2,Challenge,人工复核：Q2针对A1确认参与世博项目后，继续追问合同规模并质疑披露不足。,,,1
positive,世博会马上就要开了，难道没达到合同规模就不能说吗？你们这样做是不是漠视中小股东的知情权？ 抱歉，我们只能按照信息披露的要求来提供信息，希望理解。谢谢,"公司业务披露很少,是不是都是因为合同金额未达到需披露的合同额规模?",1,disclosure_detail,dep_reason,Q2基于A1中信息披露要求的解释，追问是否所有业务披露少都因此原因。,世博会马上就要开了，难道没达到合同规模就不能说吗？你们这样做是不是漠视中小股东的知情权？,抱歉，我们只能按照信息披露的要求来提供信息，希望理解。谢谢,"公司业务披露很少,是不是都是因为合同金额未达到需披露的合同额规模?",002178_2009,52,57,5,Elaboration,Q2基于A1中信息披露要求的解释，追问是否所有业务披露少都因此原因。,,,1
positive,公司有无再融资的计划？ 答：再融资计划将视公司发展情况而定。届时我们会按照规定进行及时披露，请您关注我们的相关公告。谢谢！,看了各位高层的几个回答，总体是外交辞令，言之无物，实在是有点走过场啊，希望你们能认真回答我们的问题！！请把这条打上去，如不打上去我会放到股吧上告诉延华的投资者的。,2,answer_pressure,dep_reason,Q2针对A1等回答的外交辞令、走过场表达不满，催促认真回答。,公司有无再融资的计划？,答：再融资计划将视公司发展情况而定。届时我们会按照规定进行及时披露，请您关注我们的相关公告。谢谢！,看了各位高层的几个回答，总体是外交辞令，言之无物，实在是有点走过场啊，希望你们能认真回答我们的问题！！请把这条打上去，如不打上去我会放到股吧上告诉延华的投资者的。,002178_2009,61,66,5,Complaint,Q2针对A1等回答的外交辞令、走过场表达不满，催促认真回答。,,,1
positive,"请问,公司一季度的业绩比去年同期是好还是不好?总可以说吧? 已作回答，谢谢！",看了各位高层的几个回答，总体是外交辞令，言之无物，实在是有点走过场啊，希望你们能认真回答我们的问题！！请把这条打上去，如不打上去我会放到股吧上告诉延华的投资者的。,1,disclosure_detail,dep_reason,Q2针对A1的回避和敷衍回答态度进行抱怨和催促。,"请问,公司一季度的业绩比去年同期是好还是不好?总可以说吧?",已作回答，谢谢！,看了各位高层的几个回答，总体是外交辞令，言之无物，实在是有点走过场啊，希望你们能认真回答我们的问题！！请把这条打上去，如不打上去我会放到股吧上告诉延华的投资者的。,002178_2009,62,66,4,Complaint,Q2针对A1的回避和敷衍回答态度进行抱怨和催促。,,,1
positive,对002178今后有什么设想，今年会给公司股民好的回报吗？ 我们会按要求及时公告公司的情况。公司管理层将努力工作，力争给股民很好的回报。谢谢！,公司什么时候分红？,1,disclosure_detail,dep_reason,A1笼统表示管理层会努力工作并力争给股民回报，但没有说明具体回报方式或时间。Q2追问公司什么时候分红，是把A1中的“回报股民”承诺具体化为分红时间。,对002178今后有什么设想，今年会给公司股民好的回报吗？,我们会按要求及时公告公司的情况。公司管理层将努力工作，力争给股民很好的回报。谢谢！,公司什么时候分红？,002178_2009,64,65,1,Elaboration,A1笼统表示管理层会努力工作并力争给股民回报，但没有说明具体回报方式或时间。Q2追问公司什么时候分红，是把A1中的“回报股民”承诺具体化为分红时间。,,,1
positive,对002178今后有什么设想，今年会给公司股民好的回报吗？ 我们会按要求及时公告公司的情况。公司管理层将努力工作，力争给股民很好的回报。谢谢！,看了各位高层的几个回答，总体是外交辞令，言之无物，实在是有点走过场啊，希望你们能认真回答我们的问题！！请把这条打上去，如不打上去我会放到股吧上告诉延华的投资者的。,2,answer_pressure,dep_reason,Q2明确针对A1的敷衍回答进行投诉和施压，要求认真回答。,对002178今后有什么设想，今年会给公司股民好的回报吗？,我们会按要求及时公告公司的情况。公司管理层将努力工作，力争给股民很好的回报。谢谢！,看了各位高层的几个回答，总体是外交辞令，言之无物，实在是有点走过场啊，希望你们能认真回答我们的问题！！请把这条打上去，如不打上去我会放到股吧上告诉延华的投资者的。,002178_2009,64,66,2,Complaint,Q2明确针对A1的敷衍回答进行投诉和施压，要求认真回答。,,,1
positive,面对目前市场的不景气，你们采取了怎样的应对措施？对市场的预期如何？ 面对市场的不断变化，我们在主营业务方面通过提供细分行业的整体解决方案，降低风险；在产业链上进行拓展，如节能服务领域和金融服务，我们看好产业的市场前景，谢谢！,贵公司的小额贷款公司的市场怎样，能贡献多大利润？,2,performance_governance,dep_reason,Q2根据A1中提及的金融服务拓展，进一步追问具体小额贷款业务的市场和利润。,面对目前市场的不景气，你们采取了怎样的应对措施？对市场的预期如何？,面对市场的不断变化，我们在主营业务方面通过提供细分行业的整体解决方案，降低风险；在产业链上进行拓展，如节能服务领域和金融服务，我们看好产业的市场前景，谢谢！,贵公司的小额贷款公司的市场怎样，能贡献多大利润？,002178_2010,6,10,4,Elaboration,Q2根据A1中提及的金融服务拓展，进一步追问具体小额贷款业务的市场和利润。,,,1
positive,今年公司有无再融资的计划？ 再融资计划将视公司发展情况而定。届时我们会按照规定进行及时披露，请您关注我们的相关公告。谢谢！,既然运作规范，为什么年报披漏中这么多错误，而且都是小儿科的错误。很怀疑贵公司的规范运营？,1,disclosure_detail,dep_reason,Q2引用A1中“按规定披露”隐含的规范运作，质疑年报错误，构成内容依赖。,今年公司有无再融资的计划？,再融资计划将视公司发展情况而定。届时我们会按照规定进行及时披露，请您关注我们的相关公告。谢谢！,既然运作规范，为什么年报披漏中这么多错误，而且都是小儿科的错误。很怀疑贵公司的规范运营？,002178_2010,11,16,5,Challenge,Q2引用A1中“按规定披露”隐含的规范运作，质疑年报错误，构成内容依赖。,,,1
positive,请问，公司今年提出计划实现营收5亿元，是否订单上有这样的保障吗？ 2011年，公司将向产业链两端进行延展，在高端咨询业务、售后增值服务业务加大投入，以期业务链更加成熟和完善，并巩固各细分行业的发展，根据2010年的销售合同及2011年的销售计划，预估收入为5亿元，谢谢！,我对贵公司抱有很大期望，也非常相信贵公司领导团队的能力，今年我公司的业绩指标计划在什么地方查到？？是多少？谢谢,2,performance_governance,dep_reason,Q2针对A1提及的2011年销售计划，追问查阅位置和具体业绩指标。,请问，公司今年提出计划实现营收5亿元，是否订单上有这样的保障吗？,2011年，公司将向产业链两端进行延展，在高端咨询业务、售后增值服务业务加大投入，以期业务链更加成熟和完善，并巩固各细分行业的发展，根据2010年的销售合同及2011年的销售计划，预估收入为5亿元，谢谢！,我对贵公司抱有很大期望，也非常相信贵公司领导团队的能力，今年我公司的业绩指标计划在什么地方查到？？是多少？谢谢,002178_2010,20,24,4,Elaboration,Q2针对A1提及的2011年销售计划，追问查阅位置和具体业绩指标。,,,1
positive,股东价值最大化，你们做到了吗？股票长期横盘，无语...。 公司致力于公司经营层面的持续发展，股价受到股市整体形式的影响，我们对于二级市场的行为无法作出评价，请投资者自己理性判断。公司将通过努力工作，提升经营业绩来回报广大投资者。谢谢！,“成交量”的多少与暂时的“股价”高低，只是一时节奏变化而已。“价”本无定式，如同大海的波涛，只是每天15点的暂停“价”。如每年（延华智能）能有的稳定收益且高于银行的增值和好的年度分红，若干年后就能明白“价”增的深刻内涵。公司2011计划完成营业收入50000元是前提，更重要是你能否使其利润最大化？,2,performance_governance,dep_reason,Q2针对A1笼统的“提升经营业绩”承诺，追问能否实现利润最大化。,股东价值最大化，你们做到了吗？股票长期横盘，无语...。,公司致力于公司经营层面的持续发展，股价受到股市整体形式的影响，我们对于二级市场的行为无法作出评价，请投资者自己理性判断。公司将通过努力工作，提升经营业绩来回报广大投资者。谢谢！,“成交量”的多少与暂时的“股价”高低，只是一时节奏变化而已。“价”本无定式，如同大海的波涛，只是每天15点的暂停“价”。如每年（延华智能）能有的稳定收益且高于银行的增值和好的年度分红，若干年后就能明白“价”增的深刻内涵。公司2011计划完成营业收入50000元是前提，更重要是你能否使其利润最大化？,002178_2010,35,37,2,Elaboration,Q2针对A1笼统的“提升经营业绩”承诺，追问能否实现利润最大化。,,,1
positive,公司股价升等于做免费广告，等于公司产品销量升、业绩升，形成良性循环，实现跨越式发展。公司应该将股价做上去。 公司致力于公司经营层面的持续发展，股价受到股市整体形式的影响，我们对于二级市场的行为无法作出评价，请投资者自己理性判断。公司将通过努力工作，提升经营业绩来回报广大投资者。谢谢！,"董事长先生,我想知道你关心企业经营多一点,还是关心股票价格多一点?",2,performance_governance,dep_reason,Q2基于A1中经营与股价的区分，追问董事长个人更关心哪一方。,公司股价升等于做免费广告，等于公司产品销量升、业绩升，形成良性循环，实现跨越式发展。公司应该将股价做上去。,公司致力于公司经营层面的持续发展，股价受到股市整体形式的影响，我们对于二级市场的行为无法作出评价，请投资者自己理性判断。公司将通过努力工作，提升经营业绩来回报广大投资者。谢谢！,"董事长先生,我想知道你关心企业经营多一点,还是关心股票价格多一点?",002178_2010,52,54,2,Elaboration,Q2基于A1中经营与股价的区分，追问董事长个人更关心哪一方。,,,1
positive,我从上市就一直买你们公司的股票，现在应该抛还是应该持有呢。后面会不会继续涨啊？ 我们对公司充满信心，也谢谢你对公司的信任。但是二级市场受多种因素影响，投资需谨慎，请咨询专业机构，理性判断，注意风险。谢谢。,请问你减持过公司的股票吗,2,shareholder_return,dep_reason,Q2基于A1中'对公司充满信心'的表态，追问个人减持行为以质疑言行一致性。,我从上市就一直买你们公司的股票，现在应该抛还是应该持有呢。后面会不会继续涨啊？,我们对公司充满信心，也谢谢你对公司的信任。但是二级市场受多种因素影响，投资需谨慎，请咨询专业机构，理性判断，注意风险。谢谢。,请问你减持过公司的股票吗,002178_2010,55,60,5,Challenge,Q2基于A1中'对公司充满信心'的表态，追问个人减持行为以质疑言行一致性。,,,1
positive,今天002178二级市场大幅调整，是否意味着今晚即将公布一季度业绩不尽如人意？ 二级市场的股价会受到股市整体形势的影响。请关注2011年4月19号的一季度业绩公告，谢谢！,2011年一季度较去年同期能否预测呢？,1,disclosure_detail,dep_reason,Q2重复追问Q1中一季度业绩预测问题，A1回避回答，Q2继续要求预测。,今天002178二级市场大幅调整，是否意味着今晚即将公布一季度业绩不尽如人意？,二级市场的股价会受到股市整体形势的影响。请关注2011年4月19号的一季度业绩公告，谢谢！,2011年一季度较去年同期能否预测呢？,002178_2010,69,71,2,Complaint,Q2重复追问Q1中一季度业绩预测问题，A1回避回答，Q2继续要求预测。,,,1
positive,延华智能2010年度业绩说明会表明管理层对公司未来的发展充满信心！请问：公司2011年有哪些重点发展的项目？预期效益如何？筹措成立的集团公司进度如何? 2011年，公司将向产业链两端进行延展，在高端咨询业务、售后增值服务业务加大投入，以期业务链更加成熟和完善；同时巩固在宾馆酒店智能化工程、节能技术应用、数字化医院、金融、场馆建设、等细分领域的优势、行业地位。公司2011年计划完成营业收入50000万元。,请问，公司今年计划实现营收5亿元，在订单上是否有保障？,1,disclosure_detail,dep_reason,Q2针对A1中披露的5亿元营收计划追问订单保障情况。,延华智能2010年度业绩说明会表明管理层对公司未来的发展充满信心！请问：公司2011年有哪些重点发展的项目？预期效益如何？筹措成立的集团公司进度如何?,2011年，公司将向产业链两端进行延展，在高端咨询业务、售后增值服务业务加大投入，以期业务链更加成熟和完善；同时巩固在宾馆酒店智能化工程、节能技术应用、数字化医院、金融、场馆建设、等细分领域的优势、行业地位。公司2011年计划完成营业收入50000万元。,请问，公司今年计划实现营收5亿元，在订单上是否有保障？,002178_2010,76,81,5,Elaboration,Q2针对A1中披露的5亿元营收计划追问订单保障情况。,,,1
positive,"如果公司对于送股分红这类敏感的话题避而不谈，那么二级市场上的股票显然是难有所作为的，这又怎么能算对投资者负责呢？ 我们本年的利润分配方案是根据公司2011年度经营情况及2012年度经营计划，在综合考虑公司盈利前景及市场环境的前提下提出的.公司拟不进行利润分配，亦不进行资本公积金转增股本，公司未分配利润暂用于公司补充流动资金,更加有利于2012年各项发展计划的顺利实施，为股东创造更大的价值，在以后年度更好地回报投资者。谢谢",你们是看重大型机构投资者还是中小投资者？,2,answer_pressure,dep_reason,Q2要求澄清A1中“回报投资者”的具体对象，是对笼统表述的细化追问。,如果公司对于送股分红这类敏感的话题避而不谈，那么二级市场上的股票显然是难有所作为的，这又怎么能算对投资者负责呢？,"我们本年的利润分配方案是根据公司2011年度经营情况及2012年度经营计划，在综合考虑公司盈利前景及市场环境的前提下提出的.公司拟不进行利润分配，亦不进行资本公积金转增股本，公司未分配利润暂用于公司补充流动资金,更加有利于2012年各项发展计划的顺利实施，为股东创造更大的价值，在以后年度更好地回报投资者。谢谢",你们是看重大型机构投资者还是中小投资者？,002178_2011,8,10,2,Elaboration,Q2要求澄清A1中“回报投资者”的具体对象，是对笼统表述的细化追问。,,,1
positive,公司募集资金项目进展如何？ 项目进展顺利，实施已经完成。谢谢,可以说明一下公司募集资金项目的进展如何吗？,1,disclosure_detail,dep_reason,人工复核：Q2围绕A1所称募投项目已完成的状态，继续追问具体进展和投产情况。,公司募集资金项目进展如何？,项目进展顺利，实施已经完成。谢谢,可以说明一下公司募集资金项目的进展如何吗？,002178_2011,26,28,2,Elaboration,人工复核：Q2围绕A1所称募投项目已完成的状态，继续追问具体进展和投产情况。,,,1
positive,"可以说明一下公司募集资金项目的进展如何吗？ 募集资金项目进展顺利,实施已经完成,,具体情况请您关注公司4月25日的2011年年报公告中的相关内容。谢谢!",募投资金项目进展是否顺利?是否会如期开工?,1,disclosure_detail,dep_reason,Q2针对A1中项目进展继续追问开工时间表。,可以说明一下公司募集资金项目的进展如何吗？,"募集资金项目进展顺利,实施已经完成,,具体情况请您关注公司4月25日的2011年年报公告中的相关内容。谢谢!",募投资金项目进展是否顺利?是否会如期开工?,002178_2011,28,33,5,Elaboration,Q2针对A1中项目进展继续追问开工时间表。,,,1
positive,您认为现在公司股价是否已真实反应公司能力和地位？ 公司致力于公司经营层面的持续发展，股价受到股市整体形式的影响，我们对于二级市场的行为无法作出评价，请投资者自己理性判断。公司将通过努力工作，提升经营业绩来回报广大投资者。谢谢！,公司股票现价是高估、低估还是基本反映公司价值？,1,disclosure_detail,dep_reason,Q2针对A1回避股价评价，继续要求回答估值问题。,您认为现在公司股价是否已真实反应公司能力和地位？,公司致力于公司经营层面的持续发展，股价受到股市整体形式的影响，我们对于二级市场的行为无法作出评价，请投资者自己理性判断。公司将通过努力工作，提升经营业绩来回报广大投资者。谢谢！,公司股票现价是高估、低估还是基本反映公司价值？,002178_2011,29,30,1,Complaint,Q2针对A1回避股价评价，继续要求回答估值问题。,,,1
positive,简单总结一下2011年公司财务状况？预估一下2012年公司的经营前景? 敬请关注本公司在《证券时报》和巨潮资讯网发布的年度报告。谢谢！,希望公司能增加与投资者在线交流的机会,1,disclosure_detail,dep_reason,Q2针对A1回避性回答，提出希望增加在线交流机会。,简单总结一下2011年公司财务状况？预估一下2012年公司的经营前景?,敬请关注本公司在《证券时报》和巨潮资讯网发布的年度报告。谢谢！,希望公司能增加与投资者在线交流的机会,002178_2011,31,34,3,Complaint,Q2针对A1回避性回答，提出希望增加在线交流机会。,,,1
positive,目前市场上的股价能代表公司的价值吗？公司未来3年发展前景如何? 市场股价受多方面因素的影响，我们对公司未来三年的发展前景充满信心.谢谢!,请问现在公司的股能否反映公司的真实价值？,1,disclosure_detail,dep_reason,Q2重复Q1中股价能否反映价值的问题，A1未正面回答，Q2针对该回避继续追问。,目前市场上的股价能代表公司的价值吗？公司未来3年发展前景如何?,市场股价受多方面因素的影响，我们对公司未来三年的发展前景充满信心.谢谢!,请问现在公司的股能否反映公司的真实价值？,002178_2011,39,41,2,Complaint,Q2重复Q1中股价能否反映价值的问题，A1未正面回答，Q2针对该回避继续追问。,,,1
positive,各位高管，你们如何判断公司未来的二级市场走势？如果购买公司的股票能赚钱吗？ 公司致力于公司经营层面的持续发展，股价受到股市整体形式的影响，我们对于二级市场的行为无法作出评价，请投资者自己理性判断。公司将通过努力工作，提升经营业绩来回报广大投资者。谢谢！,"偶前阵买的公司股票,后市如何操作，能给个小小的建议吗?",1,disclosure_detail,dep_reason,Q2重复请求股票操作建议，A1回避未正面回答，构成催促追问。,各位高管，你们如何判断公司未来的二级市场走势？如果购买公司的股票能赚钱吗？,公司致力于公司经营层面的持续发展，股价受到股市整体形式的影响，我们对于二级市场的行为无法作出评价，请投资者自己理性判断。公司将通过努力工作，提升经营业绩来回报广大投资者。谢谢！,"偶前阵买的公司股票,后市如何操作，能给个小小的建议吗?",002178_2011,53,54,1,Complaint,Q2重复请求股票操作建议，A1回避未正面回答，构成催促追问。,,,1
positive,各位高管，你们如何判断公司未来的二级市场走势？如果购买公司的股票能赚钱吗？ 公司致力于公司经营层面的持续发展，股价受到股市整体形式的影响，我们对于二级市场的行为无法作出评价，请投资者自己理性判断。公司将通过努力工作，提升经营业绩来回报广大投资者。谢谢！,此股现价可否买入？,2,answer_pressure,dep_reason,Q2重复买入建议问题，针对A1未正面回答继续追问。,各位高管，你们如何判断公司未来的二级市场走势？如果购买公司的股票能赚钱吗？,公司致力于公司经营层面的持续发展，股价受到股市整体形式的影响，我们对于二级市场的行为无法作出评价，请投资者自己理性判断。公司将通过努力工作，提升经营业绩来回报广大投资者。谢谢！,此股现价可否买入？,002178_2011,53,56,3,Complaint,Q2重复买入建议问题，针对A1未正面回答继续追问。,,,1
positive,"2011年公司对哪些企业进行了投资,2012年是否会减少投资,收缩战线? 2011年公司投资了武汉智城，收购了琦昌机电、震旦消防、嘉柏电子等企业。2012年我们将围绕智慧城市服务商的定位，整合资源，大力拓展全国市场，并积极寻找新的投资机会。谢谢！",胡董事长，您好！我一直在关注延华的发展，也见证了他的壮大，去年延华收购了几家公司，产品扩展到多个领域，为什么一季度季报比去年同期没有明显的增长呢？,1,disclosure_detail,dep_reason,Q2依赖A1中去年收购多家企业的信息，进一步追问一季报未增长的原因。,"2011年公司对哪些企业进行了投资,2012年是否会减少投资,收缩战线?",2011年公司投资了武汉智城，收购了琦昌机电、震旦消防、嘉柏电子等企业。2012年我们将围绕智慧城市服务商的定位，整合资源，大力拓展全国市场，并积极寻找新的投资机会。谢谢！,胡董事长，您好！我一直在关注延华的发展，也见证了他的壮大，去年延华收购了几家公司，产品扩展到多个领域，为什么一季度季报比去年同期没有明显的增长呢？,002178_2011,71,73,2,Elaboration,Q2依赖A1中去年收购多家企业的信息，进一步追问一季报未增长的原因。,,,1
positive,公司2012年一季度业绩是否开门红？希望公司有大发展。 请关注公司4月25日的第一季度的公告。谢谢！,一季度效益?,1,disclosure_detail,dep_reason,Q2重复追问一季度效益，而A1仅让关注公告未正面回答，属于对回避的催促。,公司2012年一季度业绩是否开门红？希望公司有大发展。,请关注公司4月25日的第一季度的公告。谢谢！,一季度效益?,002178_2011,80,83,3,Complaint,Q2重复追问一季度效益，而A1仅让关注公告未正面回答，属于对回避的催促。,,,1
positive,平稳增长当然是好事，但公司有没有考虑过通过收购成熟的项目等，保持高速增长？毕竟，无论资金是放银行还是委托理财，都仅仅是权宜之计。 谢谢您的建议，公司一直密切关注行业相关领域的投资机会，并已做了大量市场调研准备。未来，公司会围绕智慧城市的建设发展面对行业各细分市场，探索新的发展机会。,公司是否会进军新的细分市场和领域，以及扩大市场占有率？如果会，请问新的领域现在占公司营业收入比重是多少？未来打算提升到多少？多长时间能实现？,2,restructuring,dep_reason,Q2针对A1中‘探索新的发展机会’继续追问具体细分市场、营收占比及时间表。,平稳增长当然是好事，但公司有没有考虑过通过收购成熟的项目等，保持高速增长？毕竟，无论资金是放银行还是委托理财，都仅仅是权宜之计。,谢谢您的建议，公司一直密切关注行业相关领域的投资机会，并已做了大量市场调研准备。未来，公司会围绕智慧城市的建设发展面对行业各细分市场，探索新的发展机会。,公司是否会进军新的细分市场和领域，以及扩大市场占有率？如果会，请问新的领域现在占公司营业收入比重是多少？未来打算提升到多少？多长时间能实现？,002178_2012,28,29,1,Elaboration,Q2针对A1中‘探索新的发展机会’继续追问具体细分市场、营收占比及时间表。,,,1
positive,近几天，同行业的银江股份、达实智能，公司股票连续上涨，而贵公司股票是下跌的，你们有什么举措来提升股票价值！ 我们一方面加强现有业务的拓展，努力提升智慧城市相关业务的收入和利润，通过业务结构调整提升毛利率和净利润率；另一方面通过产业链并购改善业务结构，进一步提升毛利率和净利润率。通过以上两方面的举措，来提升公司价值。,请问贵公司有没有收购重组计划,2,restructuring,dep_reason,Q2基于A1中“产业链并购”进一步追问收购重组计划。,近几天，同行业的银江股份、达实智能，公司股票连续上涨，而贵公司股票是下跌的，你们有什么举措来提升股票价值！,我们一方面加强现有业务的拓展，努力提升智慧城市相关业务的收入和利润，通过业务结构调整提升毛利率和净利润率；另一方面通过产业链并购改善业务结构，进一步提升毛利率和净利润率。通过以上两方面的举措，来提升公司价值。,请问贵公司有没有收购重组计划,002178_2013,34,35,1,Elaboration,Q2基于A1中“产业链并购”进一步追问收购重组计划。,,,1
positive,百亿市值目标在几年内实现？ 您好！公司预计在三至五年内实现。,我看好贵公司的业务发展，同时也很注重公司对投资者的汇报。根据贵公司领导的回答得知再经过3到5年公司市值会达到“百亿”。那投资者也能同样得到“同比例”的回报吗？,2,strategy_planning,dep_reason,Q2明确引用A1中3-5年百亿市值目标，追问投资者同比例回报。,百亿市值目标在几年内实现？,您好！公司预计在三至五年内实现。,我看好贵公司的业务发展，同时也很注重公司对投资者的汇报。根据贵公司领导的回答得知再经过3到5年公司市值会达到“百亿”。那投资者也能同样得到“同比例”的回报吗？,002178_2013,38,41,3,Elaboration,Q2明确引用A1中3-5年百亿市值目标，追问投资者同比例回报。,,,1
positive,请问胡总：贵公司对公司市值是否有一定的计划，比如几年几年内市值做到多少？是否有增持公司股票的计划？ 我们希望未来3-5年市值能够突破百亿，目前还没有增持股票的计划，谢谢！,刚刚胡总说3-5年内突破百亿市值，大概是今天收盘市值的3倍。1.73亿的股本现在每股收益才0.26元，总利润才0.4498亿，比起一些百亿市值的优质公司差得很，业绩升幅这么大，胡总有什么计划？不会是在吹牛吧？,2,performance_governance,dep_reason,Q2针对A1中3-5年突破百亿市值的承诺，结合业绩数据质疑并追问具体计划。,请问胡总：贵公司对公司市值是否有一定的计划，比如几年几年内市值做到多少？是否有增持公司股票的计划？,我们希望未来3-5年市值能够突破百亿，目前还没有增持股票的计划，谢谢！,刚刚胡总说3-5年内突破百亿市值，大概是今天收盘市值的3倍。1.73亿的股本现在每股收益才0.26元，总利润才0.4498亿，比起一些百亿市值的优质公司差得很，业绩升幅这么大，胡总有什么计划？不会是在吹牛吧？,002178_2013,50,54,4,Challenge,Q2针对A1中3-5年突破百亿市值的承诺，结合业绩数据质疑并追问具体计划。,,,1
positive,胡总未来市值版图目前还不到百亿状况下已有了千亿计划，请问未来千亿计划主要体现在公司哪项具体业务中？ 公司整体经营团队将围绕“智慧城市服务和营运商”的战略定位，依托“内生转型深化和外延并购扩张”双轮驱动战略，推动公司更快发展，做好市值管理，谢谢！,公司有考虑收购兼并其他品牌吗？近期有规划吗？,2,restructuring,dep_reason,Q2针对A1中'外延并购扩张'继续追问收购兼并的具体规划。,胡总未来市值版图目前还不到百亿状况下已有了千亿计划，请问未来千亿计划主要体现在公司哪项具体业务中？,公司整体经营团队将围绕“智慧城市服务和营运商”的战略定位，依托“内生转型深化和外延并购扩张”双轮驱动战略，推动公司更快发展，做好市值管理，谢谢！,公司有考虑收购兼并其他品牌吗？近期有规划吗？,002178_2014,5,8,3,Elaboration,Q2针对A1中'外延并购扩张'继续追问收购兼并的具体规划。,,,1
positive,胡总未来市值版图目前还不到百亿状况下已有了千亿计划，请问未来千亿计划主要体现在公司哪项具体业务中？ 公司整体经营团队将围绕“智慧城市服务和营运商”的战略定位，依托“内生转型深化和外延并购扩张”双轮驱动战略，推动公司更快发展，做好市值管理，谢谢！,公司“智慧城市服务与运营商”的战略听起来好棒哦~目前已经进展到哪一步了？,1,disclosure_detail,dep_reason,Q2针对A1中提到的战略定位追问具体进展。,胡总未来市值版图目前还不到百亿状况下已有了千亿计划，请问未来千亿计划主要体现在公司哪项具体业务中？,公司整体经营团队将围绕“智慧城市服务和营运商”的战略定位，依托“内生转型深化和外延并购扩张”双轮驱动战略，推动公司更快发展，做好市值管理，谢谢！,公司“智慧城市服务与运营商”的战略听起来好棒哦~目前已经进展到哪一步了？,002178_2014,5,10,5,Elaboration,Q2针对A1中提到的战略定位追问具体进展。,,,1
positive,公司有考虑收购兼并其他品牌吗？近期有规划吗？ 您好!我们将依托“内生转型深化和外延扩张并购”双轮驱动战略，围绕“智慧城市运营与服务商”的战略定位，通过并购重组推进公司的持续发展。近期有这方面的规划，谢谢！,公司“智慧城市服务与运营商”的战略听起来好棒哦~目前已经进展到哪一步了？,1,disclosure_detail,dep_reason,Q2针对A1中提到的“智慧城市服务与运营商”战略继续追问进展。,公司有考虑收购兼并其他品牌吗？近期有规划吗？,您好!我们将依托“内生转型深化和外延扩张并购”双轮驱动战略，围绕“智慧城市运营与服务商”的战略定位，通过并购重组推进公司的持续发展。近期有这方面的规划，谢谢！,公司“智慧城市服务与运营商”的战略听起来好棒哦~目前已经进展到哪一步了？,002178_2014,8,10,2,Elaboration,Q2针对A1中提到的“智慧城市服务与运营商”战略继续追问进展。,,,1
positive,公司有考虑收购兼并其他品牌吗？近期有规划吗？ 您好!我们将依托“内生转型深化和外延扩张并购”双轮驱动战略，围绕“智慧城市运营与服务商”的战略定位，通过并购重组推进公司的持续发展。近期有这方面的规划，谢谢！,请问公司2015年有没有并购计划？,2,restructuring,dep_reason,Q2依赖A1确认有并购规划，进一步追问2015年具体计划。,公司有考虑收购兼并其他品牌吗？近期有规划吗？,您好!我们将依托“内生转型深化和外延扩张并购”双轮驱动战略，围绕“智慧城市运营与服务商”的战略定位，通过并购重组推进公司的持续发展。近期有这方面的规划，谢谢！,请问公司2015年有没有并购计划？,002178_2014,8,13,5,Elaboration,Q2依赖A1确认有并购规划，进一步追问2015年具体计划。,,,1
positive,请问，胡总未来的公司市值千亿，准备用几年完成，主要依托什么完成 您好！公司整体经营团队将围绕“智慧城市服务和营运商”的战略定位，依托“内生转型深化和外延并购扩张”双轮驱动战略，推动公司更快发展，做好市值管理，谢谢！,如何在未来保持企业的高速发展？自力更生还是并购同业？还是往外围拓展？,2,restructuring,dep_reason,Q2针对A1中的双轮驱动战略，追问具体是依靠内生还是并购还是其它路径。,请问，胡总未来的公司市值千亿，准备用几年完成，主要依托什么完成,您好！公司整体经营团队将围绕“智慧城市服务和营运商”的战略定位，依托“内生转型深化和外延并购扩张”双轮驱动战略，推动公司更快发展，做好市值管理，谢谢！,如何在未来保持企业的高速发展？自力更生还是并购同业？还是往外围拓展？,002178_2014,25,26,1,Elaboration,Q2针对A1中的双轮驱动战略，追问具体是依靠内生还是并购还是其它路径。,,,1
positive,"如何在未来保持企业的高速发展？自力更生还是并购同业？还是往外围拓展？ 您好!公司整体经营团队将围绕“智慧城市服务与运营商”的战略定位，依托“内生转型深化和外延并购扩张”双轮驱动战略，推动公司更快发展,谢谢!",今年来最近公司有什么投资计划没有？,2,restructuring,dep_reason,Q2针对A1中“外延并购扩张”战略追问具体投资计划。,如何在未来保持企业的高速发展？自力更生还是并购同业？还是往外围拓展？,"您好!公司整体经营团队将围绕“智慧城市服务与运营商”的战略定位，依托“内生转型深化和外延并购扩张”双轮驱动战略，推动公司更快发展,谢谢!",今年来最近公司有什么投资计划没有？,002178_2014,26,28,2,Elaboration,Q2针对A1中“外延并购扩张”战略追问具体投资计划。,,,1
positive,2014年转送8后，是否考虑股本增加后会稀释业绩？有何信心保持公司未来三年增长？公司每股公积金很少以及市盈率过高是不能吸引机构投资者的最主要原因，请问公司是否考虑该情况？有何改进？ 我们会综合考虑公司的发展和公司股本扩张的匹配度，将在“内生业务深化转型和外延并购扩张”双轮驱动战略，推动公司未来快速发展。同时，我们将加强与机构投资者之间的沟通和交流，让越来越多的机构投资者了解公司发展战略和现状，吸引机构投资者成为公司股东。,请问伍先生，前段时间密集有众多机构来公司调研，就您判断对公司发展有兴趣有哪些？目前有没有机构进入？,1,disclosure_detail,dep_reason,Q2围绕A1中加强机构投资者沟通的表述，追问调研兴趣和进入情况，属于进一步索要细节。,2014年转送8后，是否考虑股本增加后会稀释业绩？有何信心保持公司未来三年增长？公司每股公积金很少以及市盈率过高是不能吸引机构投资者的最主要原因，请问公司是否考虑该情况？有何改进？,我们会综合考虑公司的发展和公司股本扩张的匹配度，将在“内生业务深化转型和外延并购扩张”双轮驱动战略，推动公司未来快速发展。同时，我们将加强与机构投资者之间的沟通和交流，让越来越多的机构投资者了解公司发展战略和现状，吸引机构投资者成为公司股东。,请问伍先生，前段时间密集有众多机构来公司调研，就您判断对公司发展有兴趣有哪些？目前有没有机构进入？,002178_2014,31,32,1,Elaboration,Q2围绕A1中加强机构投资者沟通的表述，追问调研兴趣和进入情况，属于进一步索要细节。,,,1
positive,2014年转送8后，是否考虑股本增加后会稀释业绩？有何信心保持公司未来三年增长？公司每股公积金很少以及市盈率过高是不能吸引机构投资者的最主要原因，请问公司是否考虑该情况？有何改进？ 我们会综合考虑公司的发展和公司股本扩张的匹配度，将在“内生业务深化转型和外延并购扩张”双轮驱动战略，推动公司未来快速发展。同时，我们将加强与机构投资者之间的沟通和交流，让越来越多的机构投资者了解公司发展战略和现状，吸引机构投资者成为公司股东。,胡总，您好。我是公司老股民，刚上市时就买了，23块多，一直看好您及公司发展，今年终于有回报，多谢，从目前看我很有信心！今年预计还会有收购方面动作吗？,2,restructuring,dep_reason,Q2围绕A1提出的外延并购扩张战略，进一步询问今年收购动作。,2014年转送8后，是否考虑股本增加后会稀释业绩？有何信心保持公司未来三年增长？公司每股公积金很少以及市盈率过高是不能吸引机构投资者的最主要原因，请问公司是否考虑该情况？有何改进？,我们会综合考虑公司的发展和公司股本扩张的匹配度，将在“内生业务深化转型和外延并购扩张”双轮驱动战略，推动公司未来快速发展。同时，我们将加强与机构投资者之间的沟通和交流，让越来越多的机构投资者了解公司发展战略和现状，吸引机构投资者成为公司股东。,胡总，您好。我是公司老股民，刚上市时就买了，23块多，一直看好您及公司发展，今年终于有回报，多谢，从目前看我很有信心！今年预计还会有收购方面动作吗？,002178_2014,31,35,4,Elaboration,Q2围绕A1提出的外延并购扩张战略，进一步询问今年收购动作。,,,1
positive,请问伍先生，前段时间密集有众多机构来公司调研，就您判断对公司发展有兴趣有哪些？目前有没有机构进入？ 从前期大量机构投资者调研公司的反馈情况看，机构投资者对公司的战略、业务发展和并购重组等方面兴趣比较大，特别是对并购成电医星后，公司大健康产业链的贯通和战略发展等方面。谢谢！,请问伍总，您刚说的3月上旬才提交证监会，公司年报上说争取半年内完成收购及发行。这来得及吗？,2,restructuring,dep_reason,Q2针对A1中并购成电医星事项追问收购发行的提交时间和半年内完成的可行性。,请问伍先生，前段时间密集有众多机构来公司调研，就您判断对公司发展有兴趣有哪些？目前有没有机构进入？,从前期大量机构投资者调研公司的反馈情况看，机构投资者对公司的战略、业务发展和并购重组等方面兴趣比较大，特别是对并购成电医星后，公司大健康产业链的贯通和战略发展等方面。谢谢！,请问伍总，您刚说的3月上旬才提交证监会，公司年报上说争取半年内完成收购及发行。这来得及吗？,002178_2014,32,33,1,Challenge,Q2针对A1中并购成电医星事项追问收购发行的提交时间和半年内完成的可行性。,,,1
positive,请问伍先生，前段时间密集有众多机构来公司调研，就您判断对公司发展有兴趣有哪些？目前有没有机构进入？ 从前期大量机构投资者调研公司的反馈情况看，机构投资者对公司的战略、业务发展和并购重组等方面兴趣比较大，特别是对并购成电医星后，公司大健康产业链的贯通和战略发展等方面。谢谢！,并购医疗先行，后续会并购节能或者智能交通方面的优质公司吗？,2,restructuring,dep_reason,Q2 基于 A1 中并购成电医星及大健康产业链，追问节能或智能交通领域并购计划。,请问伍先生，前段时间密集有众多机构来公司调研，就您判断对公司发展有兴趣有哪些？目前有没有机构进入？,从前期大量机构投资者调研公司的反馈情况看，机构投资者对公司的战略、业务发展和并购重组等方面兴趣比较大，特别是对并购成电医星后，公司大健康产业链的贯通和战略发展等方面。谢谢！,并购医疗先行，后续会并购节能或者智能交通方面的优质公司吗？,002178_2014,32,36,4,Elaboration,Q2 基于 A1 中并购成电医星及大健康产业链，追问节能或智能交通领域并购计划。,,,1
positive,胡总，您好。我是公司老股民，刚上市时就买了，23块多，一直看好您及公司发展，今年终于有回报，多谢，从目前看我很有信心！今年预计还会有收购方面动作吗？ 您好！首先感谢您一直以来对我公司的支持和信任。我们会选择在合适时机进行外延并购。谢谢！,并购医疗先行，后续会并购节能或者智能交通方面的优质公司吗？,2,restructuring,dep_reason,Q2针对A1确认的外延并购进一步追问具体方向。,胡总，您好。我是公司老股民，刚上市时就买了，23块多，一直看好您及公司发展，今年终于有回报，多谢，从目前看我很有信心！今年预计还会有收购方面动作吗？,您好！首先感谢您一直以来对我公司的支持和信任。我们会选择在合适时机进行外延并购。谢谢！,并购医疗先行，后续会并购节能或者智能交通方面的优质公司吗？,002178_2014,35,36,1,Elaboration,Q2针对A1确认的外延并购进一步追问具体方向。,,,1
positive,请问1.贵公司收购成电医星方案要经证监会核准通过吗?2.贵公司到现在怎么还不出1季报预测公告?3.如何发挥成电医星发展模式?有通过与互联网巨头(阿里、腾讯、百度等）合作意向吗？互联网医疗可能是下一个风口！ 1、需要。2、我司会严格遵照监管机构的相关规定来进行相关信息披露。3、我司会利用延华智能的市场网络将成电医星的业务推广至全国。互联网产业欣欣向荣，发展势头强劲，我们公司会根据自身发展战略，考虑与其合作。,预祝新年快乐，请问收购成电医星，进展情况，什么时候提交证监会？,1,disclosure_detail,dep_reason,Q2针对Q1中收购事项继续追问进展和提交证监会的时间表，依赖A1确认需要核准的信息。,请问1.贵公司收购成电医星方案要经证监会核准通过吗?2.贵公司到现在怎么还不出1季报预测公告?3.如何发挥成电医星发展模式?有通过与互联网巨头(阿里、腾讯、百度等）合作意向吗？互联网医疗可能是下一个风口！,1、需要。2、我司会严格遵照监管机构的相关规定来进行相关信息披露。3、我司会利用延华智能的市场网络将成电医星的业务推广至全国。互联网产业欣欣向荣，发展势头强劲，我们公司会根据自身发展战略，考虑与其合作。,预祝新年快乐，请问收购成电医星，进展情况，什么时候提交证监会？,002178_2014,40,41,1,Elaboration,Q2针对Q1中收购事项继续追问进展和提交证监会的时间表，依赖A1确认需要核准的信息。,,,1
positive,公司理念不错，但每股收益不好，请问：如何加速提高？ 我们将依托“内生转型深化和外延扩张并购”双轮驱动战略，围绕“智慧城市运营与服务商”的战略定位，通过加快业务发展和并购重组推进公司的持续快速发展，谢谢！,请问公司拟进入的什么新的细分领域吗？这一领域与公司现有业务的相关性？,2,restructuring,dep_reason,Q2针对A1中提到的外延扩张并购战略，追问拟进入的新细分领域及业务相关性。,公司理念不错，但每股收益不好，请问：如何加速提高？,我们将依托“内生转型深化和外延扩张并购”双轮驱动战略，围绕“智慧城市运营与服务商”的战略定位，通过加快业务发展和并购重组推进公司的持续快速发展，谢谢！,请问公司拟进入的什么新的细分领域吗？这一领域与公司现有业务的相关性？,002178_2014,51,55,4,Elaboration,Q2针对A1中提到的外延扩张并购战略，追问拟进入的新细分领域及业务相关性。,,,1
positive,"公司未来几年净利率和净资产收益率还有提升的空间吗？谢谢！ 您好!我们会通过业务结构的调整和外延并购的扩张,进一步提升公司的净利率和净资产收益率,谢谢!",请问公司拟进入的什么新的细分领域吗？这一领域与公司现有业务的相关性？,2,restructuring,dep_reason,Q2针对A1中提及的外延并购扩张追问具体领域。,公司未来几年净利率和净资产收益率还有提升的空间吗？谢谢！,"您好!我们会通过业务结构的调整和外延并购的扩张,进一步提升公司的净利率和净资产收益率,谢谢!",请问公司拟进入的什么新的细分领域吗？这一领域与公司现有业务的相关性？,002178_2014,52,55,3,Elaboration,Q2针对A1中提及的外延并购扩张追问具体领域。,,,1
positive,希望公司在扩张并购上力度大，不断有好消息，占领智慧城市制高点，让我们小散坚定持有公司股票，共享成果 您好！感谢您对我公司的支持！我公司将持续依托“内生转型深化和外延并购扩张”双轮驱动战略，推动公司更快发展！谢谢！,请问公司拟进入的什么新的细分领域吗？这一领域与公司现有业务的相关性？,2,restructuring,dep_reason,Q2针对A1外延并购扩张追问具体领域和相关性。,希望公司在扩张并购上力度大，不断有好消息，占领智慧城市制高点，让我们小散坚定持有公司股票，共享成果,您好！感谢您对我公司的支持！我公司将持续依托“内生转型深化和外延并购扩张”双轮驱动战略，推动公司更快发展！谢谢！,请问公司拟进入的什么新的细分领域吗？这一领域与公司现有业务的相关性？,002178_2014,53,55,2,Elaboration,Q2针对A1外延并购扩张追问具体领域和相关性。,,,1
positive,公司股权激励的事情进展如何？ 公司于2014年实施了限制性股票激励方案，目前即将进行第二批解禁工作。谢谢！,请问公司对高管减持内部有什么规定吗,1,disclosure_detail,dep_reason,Q2围绕A1中限制性股票即将第二批解禁的进展，追问高管减持的相关规定。,公司股权激励的事情进展如何？,公司于2014年实施了限制性股票激励方案，目前即将进行第二批解禁工作。谢谢！,请问公司对高管减持内部有什么规定吗,002178_2015,9,14,5,Elaboration,Q2围绕A1中限制性股票即将第二批解禁的进展，追问高管减持的相关规定。,,,1
positive,请问毛利率维持在什么水平比较理想，目前的水平是否还有提升空间？ 你好！公司将主动深化业务转型，大力推进智慧医疗、智慧节能、咨询和软件业务的发展，提高软件服务类收入，改善公司财务指标，进一步提升公司毛利率和净利率。,请问公司如何应对不断上升的各项成本?如何稳定毛利水平?,2,performance_governance,dep_reason,Q2基于A1提升毛利率的承诺，进一步追问应对成本上升稳定毛利的具体措施。,请问毛利率维持在什么水平比较理想，目前的水平是否还有提升空间？,你好！公司将主动深化业务转型，大力推进智慧医疗、智慧节能、咨询和软件业务的发展，提高软件服务类收入，改善公司财务指标，进一步提升公司毛利率和净利率。,请问公司如何应对不断上升的各项成本?如何稳定毛利水平?,002178_2015,15,20,5,Elaboration,Q2基于A1提升毛利率的承诺，进一步追问应对成本上升稳定毛利的具体措施。,,,1
positive,能否预测一下今年原材料的供求情况和价格走势，对公司的经营有何影响 预计今年原材料的供求和价格会有波动的风险，可能会对工程毛利和公司业绩产生影响，但是公司会积极采取对策与措施，降低风险提高效率。谢谢！,请问公司如何应对不断上升的各项成本?如何稳定毛利水平?,2,performance_governance,dep_reason,Q2针对A1提及的毛利影响和措施，进一步追问应对成本上升和稳定毛利的具体方法。,能否预测一下今年原材料的供求情况和价格走势，对公司的经营有何影响,预计今年原材料的供求和价格会有波动的风险，可能会对工程毛利和公司业绩产生影响，但是公司会积极采取对策与措施，降低风险提高效率。谢谢！,请问公司如何应对不断上升的各项成本?如何稳定毛利水平?,002178_2015,19,20,1,Elaboration,Q2针对A1提及的毛利影响和措施，进一步追问应对成本上升和稳定毛利的具体方法。,,,1
positive,请问公司如何应对不断上升的各项成本?如何稳定毛利水平? 一方面，公司加强前期的项目选择，尽可能规避毛利率低的项目，选择毛利率高和回款条件好的项目，同时强化成本控制能力，提高项目预核算的精准度，加强工程项目的绩效管理与考核；另一方面，公司主动深化业务转型，大力推进智慧医疗、智慧节能、咨询和软件业务的发展，提高软件服务类收入，改善公司财务指标，整体提升公司毛利率和净利率。,胡总好！公司智慧医疗板块发展这么迅猛，以后是不是把智慧医疗当做主业来做？这一块的收入预期增速多少？两年内收入占比能达到50%吗？与业内龙头公司比，公司还需要努力啊！有没有赶超的想法？,2,strategy_planning,dep_reason,Q2针对A1中提到的智慧医疗业务发展继续追问主业定位、增速、占比和赶超计划。,请问公司如何应对不断上升的各项成本?如何稳定毛利水平?,一方面，公司加强前期的项目选择，尽可能规避毛利率低的项目，选择毛利率高和回款条件好的项目，同时强化成本控制能力，提高项目预核算的精准度，加强工程项目的绩效管理与考核；另一方面，公司主动深化业务转型，大力推进智慧医疗、智慧节能、咨询和软件业务的发展，提高软件服务类收入，改善公司财务指标，整体提升公司毛利率和净利率。,胡总好！公司智慧医疗板块发展这么迅猛，以后是不是把智慧医疗当做主业来做？这一块的收入预期增速多少？两年内收入占比能达到50%吗？与业内龙头公司比，公司还需要努力啊！有没有赶超的想法？,002178_2015,20,24,4,Elaboration,Q2针对A1中提到的智慧医疗业务发展继续追问主业定位、增速、占比和赶超计划。,,,1
positive,胡总好！公司智慧医疗板块发展这么迅猛，以后是不是把智慧医疗当做主业来做？这一块的收入预期增速多少？两年内收入占比能达到50%吗？与业内龙头公司比，公司还需要努力啊！有没有赶超的想法？ 感谢您的关注，智慧医疗是公司在智慧城市细分市场的核心板块和主导产业，智慧医疗的增速预计将高于公司其他业务板块的增长速度。同时，公司制定了赶超智慧医疗行业龙头企业的发展计划和战略目标。,今年会否考虑收购一些公司或者扩展新的领域?,2,strategy_planning,dep_reason,Q2针对A1中赶超龙头的战略目标追问具体实施方式，如收购或扩展新领域。,胡总好！公司智慧医疗板块发展这么迅猛，以后是不是把智慧医疗当做主业来做？这一块的收入预期增速多少？两年内收入占比能达到50%吗？与业内龙头公司比，公司还需要努力啊！有没有赶超的想法？,感谢您的关注，智慧医疗是公司在智慧城市细分市场的核心板块和主导产业，智慧医疗的增速预计将高于公司其他业务板块的增长速度。同时，公司制定了赶超智慧医疗行业龙头企业的发展计划和战略目标。,今年会否考虑收购一些公司或者扩展新的领域?,002178_2015,24,29,5,Elaboration,Q2针对A1中赶超龙头的战略目标追问具体实施方式，如收购或扩展新领域。,,,1
positive,一季度业绩怎么样？有没有机构来调查？ 一季度归属于上市公司股东的净利润预计亏损2000-2500万，目前有机构通过电话咨询公司的经营情况。谢谢！,投资者担心的心情更多，请问贵公司对此怎样给予更好的鼓励，加油,1,disclosure_detail,dep_reason,Q2针对A1的亏损业绩引发投资者担忧，要求公司说明安抚措施。,一季度业绩怎么样？有没有机构来调查？,一季度归属于上市公司股东的净利润预计亏损2000-2500万，目前有机构通过电话咨询公司的经营情况。谢谢！,投资者担心的心情更多，请问贵公司对此怎样给予更好的鼓励，加油,002178_2016,20,21,1,Elaboration,Q2针对A1的亏损业绩引发投资者担忧，要求公司说明安抚措施。,,,1
positive,投资者担心的心情更多，请问贵公司对此怎样给予更好的鼓励，加油 由于2016年内外部因素的冲击，公司业绩出现较大下滑，我们对此深表歉意，也很理解投资者的心情，在2017年，面对挑战，公司在新的经营班子的领导下，及时调整经营策略，上下齐心，力争实现业绩10-30%的增长，以更好回报长期支持我们的投资者，谢谢！,请问公司明年净利润能做到多少？,2,performance_governance,dep_reason,Q2针对A1中'力争实现业绩10-30%的增长'进一步追问具体净利润数字。,投资者担心的心情更多，请问贵公司对此怎样给予更好的鼓励，加油,由于2016年内外部因素的冲击，公司业绩出现较大下滑，我们对此深表歉意，也很理解投资者的心情，在2017年，面对挑战，公司在新的经营班子的领导下，及时调整经营策略，上下齐心，力争实现业绩10-30%的增长，以更好回报长期支持我们的投资者，谢谢！,请问公司明年净利润能做到多少？,002178_2016,21,24,3,Elaboration,Q2针对A1中'力争实现业绩10-30%的增长'进一步追问具体净利润数字。,,,1
positive,今年一季度的盈利情况如何？同比是否有改善？ 您好！公司2018年一季度净利润预计为0至300万元，较上年同期有改善。谢谢！,公司营业利润为-1，629.33万元，同比降低179.42%；归属于上市公司股东的净利润2，520.32万元，同比降低43.32%。如何看待上述数据？,2,performance_governance,dep_reason,A1称公司一季度净利润预计同比有改善。Q2引用营业利润和归母净利润下降的数据，要求解释这些数据与A1“同比改善”表述之间的差异，是对A1判断依据的直接挑战。,今年一季度的盈利情况如何？同比是否有改善？,您好！公司2018年一季度净利润预计为0至300万元，较上年同期有改善。谢谢！,公司营业利润为-1，629.33万元，同比降低179.42%；归属于上市公司股东的净利润2，520.32万元，同比降低43.32%。如何看待上述数据？,002178_2017,5,7,2,Challenge,A1称公司一季度净利润预计同比有改善。Q2引用营业利润和归母净利润下降的数据，要求解释这些数据与A1“同比改善”表述之间的差异，是对A1判断依据的直接挑战。,,,1
positive,公司积极布局智能建筑板块，具体延伸拓展哪些领域？ 公司积极布局智能建筑板块业务，并围绕建筑全生命周期的建设、运营与管理拓展相关业务，在BIM技术应用，高端咨询顶层设计，以及智慧医疗、智慧酒店、高端综合体、数据中心IDC与EDC、智慧园区、智慧社区与平安城市、智慧节能与环保等领域不断开拓，提升公司核心竞争力。,公司的智慧城市项目已经落地哪些城市？,1,disclosure_detail,dep_reason,A1列举了智慧医疗、智慧园区、平安城市等智能建筑业务领域，但没有说明项目是否已经实际落地。Q2追问智慧城市项目已经落地哪些城市，是要求补充A1所列业务的落地范围，因此依赖A1的信息框架。,公司积极布局智能建筑板块，具体延伸拓展哪些领域？,公司积极布局智能建筑板块业务，并围绕建筑全生命周期的建设、运营与管理拓展相关业务，在BIM技术应用，高端咨询顶层设计，以及智慧医疗、智慧酒店、高端综合体、数据中心IDC与EDC、智慧园区、智慧社区与平安城市、智慧节能与环保等领域不断开拓，提升公司核心竞争力。,公司的智慧城市项目已经落地哪些城市？,002178_2017,9,10,1,Elaboration,A1列举了智慧医疗、智慧园区、平安城市等智能建筑业务领域，但没有说明项目是否已经实际落地。Q2追问智慧城市项目已经落地哪些城市，是要求补充A1所列业务的落地范围，因此依赖A1的信息框架。,,,1
positive,公司积极布局智能建筑板块，具体延伸拓展哪些领域？ 公司积极布局智能建筑板块业务，并围绕建筑全生命周期的建设、运营与管理拓展相关业务，在BIM技术应用，高端咨询顶层设计，以及智慧医疗、智慧酒店、高端综合体、数据中心IDC与EDC、智慧园区、智慧社区与平安城市、智慧节能与环保等领域不断开拓，提升公司核心竞争力。,在智能建筑智慧节能等业务方面，公司和知名地产商有合作了吗？,1,disclosure_detail,dep_reason,A1提到公司在智慧节能、智慧园区等智能建筑相关领域不断开拓。Q2追问智能建筑和智慧节能业务是否已与知名地产商合作，是对A1所列业务领域的合作进展细化。,公司积极布局智能建筑板块，具体延伸拓展哪些领域？,公司积极布局智能建筑板块业务，并围绕建筑全生命周期的建设、运营与管理拓展相关业务，在BIM技术应用，高端咨询顶层设计，以及智慧医疗、智慧酒店、高端综合体、数据中心IDC与EDC、智慧园区、智慧社区与平安城市、智慧节能与环保等领域不断开拓，提升公司核心竞争力。,在智能建筑智慧节能等业务方面，公司和知名地产商有合作了吗？,002178_2017,9,14,5,Elaboration,A1提到公司在智慧节能、智慧园区等智能建筑相关领域不断开拓。Q2追问智能建筑和智慧节能业务是否已与知名地产商合作，是对A1所列业务领域的合作进展细化。,,,1
positive,公司去年大幅亏损是是否与股权之争有关？ 公司2018年净利润亏损，主要受报告期内计提商誉减值影响以及资产减值计提等非现金性亏损所致。2018年度母公司合并报表的经营性现金流为+3718万元，公司经营活动正常开展。,公司控股子公司成电医星及美迪希兰2018年度业绩完成情况未达预期，原因有哪些？,2,performance_governance,dep_reason,Q2围绕A1中商誉减值原因，追问子公司业绩未达预期的具体原因。,公司去年大幅亏损是是否与股权之争有关？,公司2018年净利润亏损，主要受报告期内计提商誉减值影响以及资产减值计提等非现金性亏损所致。2018年度母公司合并报表的经营性现金流为+3718万元，公司经营活动正常开展。,公司控股子公司成电医星及美迪希兰2018年度业绩完成情况未达预期，原因有哪些？,002178_2018,5,7,2,Elaboration,Q2围绕A1中商誉减值原因，追问子公司业绩未达预期的具体原因。,,,1
positive,公司一季度因工期及进度款结算原因经营利润亏损幅度较大，是否反映公司一季度业务量大幅增加？ 公司一季度因工期及进度款结算原因经营利润亏损幅度较大，主要受国家宏观经济环境及项目方资金面偏紧等因素的影响。同时，2019年春节在二月上旬，造成项目开工陆续从三月份才开始，对一季度的项目进度影响较大。,公司一季度因工期及进度款结算原因经营利润亏损幅度较大，是否反映公司一季度业务量大幅增加？,2,answer_pressure,dep_reason,Q2完全重复Q1，A1未正面回答业务量是否增加，属于对未答状态的催促。,公司一季度因工期及进度款结算原因经营利润亏损幅度较大，是否反映公司一季度业务量大幅增加？,公司一季度因工期及进度款结算原因经营利润亏损幅度较大，主要受国家宏观经济环境及项目方资金面偏紧等因素的影响。同时，2019年春节在二月上旬，造成项目开工陆续从三月份才开始，对一季度的项目进度影响较大。,公司一季度因工期及进度款结算原因经营利润亏损幅度较大，是否反映公司一季度业务量大幅增加？,002178_2018,6,10,4,Complaint,Q2完全重复Q1，A1未正面回答业务量是否增加，属于对未答状态的催促。,,,1
positive,华融投资很有实力，大股东现在的股权都冻结了，没实力增持股票，是否打算让华融投资上位皆大欢喜 感谢您的关注，我们会将意见转告，谢谢！,请问雁塔科技没实力增持，一直用拖延战术，这样好吗？,1,disclosure_detail,dep_reason,Q2针对A1回避态度，重复追问大股东增持问题并质疑拖延战术。,华融投资很有实力，大股东现在的股权都冻结了，没实力增持股票，是否打算让华融投资上位皆大欢喜,感谢您的关注，我们会将意见转告，谢谢！,请问雁塔科技没实力增持，一直用拖延战术，这样好吗？,002178_2018,19,24,5,Complaint,Q2针对A1回避态度，重复追问大股东增持问题并质疑拖延战术。,,,1
positive,请问你和那个谁的股权争端，债务纠纷解决了吗！ 您好！关于雁塔科技与胡黎明先生的争议，正在协商处理中。,潘总，你好！你和胡黎明的债务，股权纠纷解决了吗？你买胡黎明的股权，目前亏损多少钱，平均多钱一股买的？,2,answer_pressure,dep_reason,Q2首句重复追问A1未正面回答的同一问题。,请问你和那个谁的股权争端，债务纠纷解决了吗！,您好！关于雁塔科技与胡黎明先生的争议，正在协商处理中。,潘总，你好！你和胡黎明的债务，股权纠纷解决了吗？你买胡黎明的股权，目前亏损多少钱，平均多钱一股买的？,002178_2019,12,13,1,Complaint,Q2首句重复追问A1未正面回答的同一问题。,,,1
positive,请问，数据中心大规模开建，公司有什么优势，已经获得哪些建设合同 数据中心业务方面，2019年，公司获得中国计算机用户协会数据中心分会颁发的“中国数据中心工程企业30强”，农行上海同城灾备中心和自贸区营业用房装修项目（简称农行上海同城数据中心）项目荣获2018年度数据中心项目实施样板工程奖。2019年公司顺利完成上海国际金融中心上交所数据机房专业承包项目、嘉定行政服务中心机房工程设计等设计和施工项目，并得到项目建设方的认可。尤其在上交所项目实施过程中，公司根据使用单位最新要求，通过深化设计进行多次完善与修正，从而使数据中心的建设级别得以提高，最终的项目成果得到业主表彰和认可，为上交所后续项目的投标奠定了良好的基础，使公司中标上海证券交易所上海国际金融中心项目大楼数据机房设备供应及系统集成项目，该项目已在2019年报告期内进行设备采购、安装实施，顺利推进项目的进展。此外，公司成功中标的宝山公安局交通管理服务中心项目，该项目不仅包含数据机房，同时涵盖了综合指挥中心、IT设备、智慧公安相关部分软硬件和智能化系统等工作内容，为公司实现以数据中心基础设施为主营业务推进相关应急指挥大数据等业务市场开拓树立了样板工程业绩。在新基建的契机下，公司将利用自身在数据中心建设和综合节能及运维服务方面的多年积累，未来将在数据中心设计咨询、项目建设、能源监测、节能工程改造和数据中心设施运维服务等方面为合作伙伴提供更好的服务。,你们的成本、管理、市场等优势体现在哪些方面？,1,disclosure_detail,dep_reason,Q2针对A1未直接说明成本/管理/市场优势，要求具体化，隐含对回答不充分的催促。,请问，数据中心大规模开建，公司有什么优势，已经获得哪些建设合同,数据中心业务方面，2019年，公司获得中国计算机用户协会数据中心分会颁发的“中国数据中心工程企业30强”，农行上海同城灾备中心和自贸区营业用房装修项目（简称农行上海同城数据中心）项目荣获2018年度数据中心项目实施样板工程奖。2019年公司顺利完成上海国际金融中心上交所数据机房专业承包项目、嘉定行政服务中心机房工程设计等设计和施工项目，并得到项目建设方的认可。尤其在上交所项目实施过程中，公司根据使用单位最新要求，通过深化设计进行多次完善与修正，从而使数据中心的建设级别得以提高，最终的项目成果得到业主表彰和认可，为上交所后续项目的投标奠定了良好的基础，使公司中标上海证券交易所上海国际金融中心项目大楼数据机房设备供应及系统集成项目，该项目已在2019年报告期内进行设备采购、安装实施，顺利推进项目的进展。此外，公司成功中标的宝山公安局交通管理服务中心项目，该项目不仅包含数据机房，同时涵盖了综合指挥中心、IT设备、智慧公安相关部分软硬件和智能化系统等工作内容，为公司实现以数据中心基础设施为主营业务推进相关应急指挥大数据等业务市场开拓树立了样板工程业绩。在新基建的契机下，公司将利用自身在数据中心建设和综合节能及运维服务方面的多年积累，未来将在数据中心设计咨询、项目建设、能源监测、节能工程改造和数据中心设施运维服务等方面为合作伙伴提供更好的服务。,你们的成本、管理、市场等优势体现在哪些方面？,002178_2019,19,20,1,Complaint,Q2针对A1未直接说明成本/管理/市场优势，要求具体化，隐含对回答不充分的催促。,,,1
positive,贵公司连续4年扣非净利润亏损，作为投资者我感到很心痛，每次亏损贵公司总能找到理由，难道管理层就没有责任吗？公司连续4年扣非净利润亏损，公司的管理层是有不可推卸的责任。作为贵公司的一名小股东，我强烈要求龚董事长和潘晖总裁辞职，让有能力的人来管理贵公司，让贵公司有更好的业绩来回报投资者。谢谢！ 尊敬的投资者，您好！感谢您一直以来对公司的关注和支持。管理团队对公司业绩亏损表示诚挚的歉意，高管人员已主动承担责任，并进一步优化经营模式，争取未来以良好的业绩回报广大投资者。,请问集团2021年有没有相关提升业绩的措施？,1,disclosure_detail,dep_reason,Q2针对A1中“优化经营模式”的承诺，要求具体说明提升业绩的措施。,贵公司连续4年扣非净利润亏损，作为投资者我感到很心痛，每次亏损贵公司总能找到理由，难道管理层就没有责任吗？公司连续4年扣非净利润亏损，公司的管理层是有不可推卸的责任。作为贵公司的一名小股东，我强烈要求龚董事长和潘晖总裁辞职，让有能力的人来管理贵公司，让贵公司有更好的业绩来回报投资者。谢谢！,尊敬的投资者，您好！感谢您一直以来对公司的关注和支持。管理团队对公司业绩亏损表示诚挚的歉意，高管人员已主动承担责任，并进一步优化经营模式，争取未来以良好的业绩回报广大投资者。,请问集团2021年有没有相关提升业绩的措施？,002178_2020,1,3,2,Elaboration,Q2针对A1中“优化经营模式”的承诺，要求具体说明提升业绩的措施。,,,1
positive,为什么延华智能最近股价持续下跌？ 股价在二级市场的走势受多种因素影响，请理性分析，客观判断，注意投资风险。感谢您对公司的关注！,股票起拍价为多少钱一股？为什么一直跌？,2,answer_pressure,dep_reason,Q2重复追问A1未正面回答的股价下跌原因。,为什么延华智能最近股价持续下跌？,股价在二级市场的走势受多种因素影响，请理性分析，客观判断，注意投资风险。感谢您对公司的关注！,股票起拍价为多少钱一股？为什么一直跌？,002178_2020,4,9,5,Complaint,Q2重复追问A1未正面回答的股价下跌原因。,,,1
positive,股价跌的厉害，是不是会退市？ 您好！公司目前正常有序经营，不存在退市规则规定的情形。感谢您对公司的关注！,根据业绩及年报体现，公司会不会做退市打算？,1,disclosure_detail,dep_reason,Q2针对A1的笼统否认，结合业绩年报继续质疑退市可能。,股价跌的厉害，是不是会退市？,您好！公司目前正常有序经营，不存在退市规则规定的情形。感谢您对公司的关注！,根据业绩及年报体现，公司会不会做退市打算？,002178_2020,14,18,4,Challenge,Q2针对A1的笼统否认，结合业绩年报继续质疑退市可能。,,,1
positive,请问公司后面的战略发展方向是啥？，另外股权转让的进度如何？ 您好！公司正在积极与股东沟通，目前尚未收到大股东华融津投关于公开征集转让事项的进一步进展。如有新进展我们将及时公告。,股权转让进展如何了,1,disclosure_detail,dep_reason,Q2重复追问Q1中股权转让进展，A1未提供实质信息，Q2隐含对回答不满。,请问公司后面的战略发展方向是啥？，另外股权转让的进度如何？,您好！公司正在积极与股东沟通，目前尚未收到大股东华融津投关于公开征集转让事项的进一步进展。如有新进展我们将及时公告。,股权转让进展如何了,002178_2021,2,3,1,Complaint,Q2重复追问Q1中股权转让进展，A1未提供实质信息，Q2隐含对回答不满。,,,1
positive,股权转让进展如何了 您好！公司正在积极与股东沟通，目前尚未收到大股东华融津投关于公开征集转让事项的进一步进展。如有新进展我们将及时公告。,公司截止日期到了，为什么不出来公告一下呢,1,disclosure_detail,dep_reason,Q2针对A1中公开征集转让事项未及时公告的承诺进行抱怨，认为截止日期到了却没公告。,股权转让进展如何了,您好！公司正在积极与股东沟通，目前尚未收到大股东华融津投关于公开征集转让事项的进一步进展。如有新进展我们将及时公告。,公司截止日期到了，为什么不出来公告一下呢,002178_2021,3,8,5,Complaint,Q2针对A1中公开征集转让事项未及时公告的承诺进行抱怨，认为截止日期到了却没公告。,,,1
positive,公司截止日期到了，为什么不出来公告一下呢 您好！公司正在积极与股东沟通，目前尚未收到大股东华融津投关于公开征集转让事项的进一步进展。如有新进展我们将及时公告。,大股东华融那边、总该有反馈的时间呀、公司应该及时催促大股东华融那边做好信息披露工作、毕竟都延期四次了、前几次次次都很准时、没理由最后一次次拖拉、给投资者造成不好的印象。,1,disclosure_detail,dep_reason,Q2针对A1中未收到大股东进展的说法，要求公司催促信息披露并质疑拖延原因。,公司截止日期到了，为什么不出来公告一下呢,您好！公司正在积极与股东沟通，目前尚未收到大股东华融津投关于公开征集转让事项的进一步进展。如有新进展我们将及时公告。,大股东华融那边、总该有反馈的时间呀、公司应该及时催促大股东华融那边做好信息披露工作、毕竟都延期四次了、前几次次次都很准时、没理由最后一次次拖拉、给投资者造成不好的印象。,002178_2021,8,12,4,Challenge,Q2针对A1中未收到大股东进展的说法，要求公司催促信息披露并质疑拖延原因。,,,1
positive,大股东或新股东对公司未来发展的定位如何？目前有无清晰战略目标规划？发展哪方面智能产业，还是整体转型？ 您好。目前公司尚未收到大股东华融津投关于公开征集转让事项的进一步进展。公司在2021年年报中披露了2022年的业务展望。2022年，公司将继续推进以健康大数据为主线的延华医疗“1+3+5”的发展战略；加强“延华云平台”建设，推出创新解决方案，进一步提升延华在智慧城市细分领域的竞争力与行业地位；将在智慧城市相关行业深入挖掘和寻找好的并购对象，择机制定公司纵向和横向的并购目标，实现产业链延伸，提高公司的整体服务能力和核心竞争力。感谢您的关注！,既然公司的发展很好，公司账上还有几个亿的现金，为何不自己收购华融的股份，反而去寻找那么长时间的其他买家？？？,1,disclosure_detail,dep_reason,Q2针对A1中大股东转让无进展和公司持有现金及并购方向，挑战为何不自行收购股份。,大股东或新股东对公司未来发展的定位如何？目前有无清晰战略目标规划？发展哪方面智能产业，还是整体转型？,您好。目前公司尚未收到大股东华融津投关于公开征集转让事项的进一步进展。公司在2021年年报中披露了2022年的业务展望。2022年，公司将继续推进以健康大数据为主线的延华医疗“1+3+5”的发展战略；加强“延华云平台”建设，推出创新解决方案，进一步提升延华在智慧城市细分领域的竞争力与行业地位；将在智慧城市相关行业深入挖掘和寻找好的并购对象，择机制定公司纵向和横向的并购目标，实现产业链延伸，提高公司的整体服务能力和核心竞争力。感谢您的关注！,既然公司的发展很好，公司账上还有几个亿的现金，为何不自己收购华融的股份，反而去寻找那么长时间的其他买家？？？,002178_2021,13,14,1,Challenge,Q2针对A1中大股东转让无进展和公司持有现金及并购方向，挑战为何不自行收购股份。,,,1
positive,大股东或新股东对公司未来发展的定位如何？目前有无清晰战略目标规划？发展哪方面智能产业，还是整体转型？ 您好。目前公司尚未收到大股东华融津投关于公开征集转让事项的进一步进展。公司在2021年年报中披露了2022年的业务展望。2022年，公司将继续推进以健康大数据为主线的延华医疗“1+3+5”的发展战略；加强“延华云平台”建设，推出创新解决方案，进一步提升延华在智慧城市细分领域的竞争力与行业地位；将在智慧城市相关行业深入挖掘和寻找好的并购对象，择机制定公司纵向和横向的并购目标，实现产业链延伸，提高公司的整体服务能力和核心竞争力。感谢您的关注！,请问股权转让是否成功？,1,disclosure_detail,dep_reason,Q2针对A1中股权转让进展信息继续追问结果。,大股东或新股东对公司未来发展的定位如何？目前有无清晰战略目标规划？发展哪方面智能产业，还是整体转型？,您好。目前公司尚未收到大股东华融津投关于公开征集转让事项的进一步进展。公司在2021年年报中披露了2022年的业务展望。2022年，公司将继续推进以健康大数据为主线的延华医疗“1+3+5”的发展战略；加强“延华云平台”建设，推出创新解决方案，进一步提升延华在智慧城市细分领域的竞争力与行业地位；将在智慧城市相关行业深入挖掘和寻找好的并购对象，择机制定公司纵向和横向的并购目标，实现产业链延伸，提高公司的整体服务能力和核心竞争力。感谢您的关注！,请问股权转让是否成功？,002178_2021,13,15,2,Elaboration,Q2针对A1中股权转让进展信息继续追问结果。,,,1
positive,请问大股东的股权转让有消息了吗？ 您好！公司正在积极与股东沟通，目前尚未收到大股东华融津投关于公开征集转让事项的进一步进展。如有新进展我们将及时公告。,大股东没有发出股权转让延期申请，是否意味着已经成功或已经放弃？,1,disclosure_detail,dep_reason,人工复核：Q2围绕A1所述股权转让暂无进展，进一步质疑未延期是否意味着成功或放弃。,请问大股东的股权转让有消息了吗？,您好！公司正在积极与股东沟通，目前尚未收到大股东华融津投关于公开征集转让事项的进一步进展。如有新进展我们将及时公告。,大股东没有发出股权转让延期申请，是否意味着已经成功或已经放弃？,002178_2021,24,28,4,Challenge,人工复核：Q2围绕A1所述股权转让暂无进展，进一步质疑未延期是否意味着成功或放弃。,,,1
positive,大股东没有发出股权转让延期申请，是否意味着已经成功或已经放弃？ 您好！目前尚未收到大股东华融津投关于公开征集转让事项的进展通知。如收到新进展，我们将及时公告。,转让什么情况,1,disclosure_detail,dep_reason,Q2针对A1未提供实质进展继续追问转让情况，属于催促回答。,大股东没有发出股权转让延期申请，是否意味着已经成功或已经放弃？,您好！目前尚未收到大股东华融津投关于公开征集转让事项的进展通知。如收到新进展，我们将及时公告。,转让什么情况,002178_2021,28,32,4,Complaint,Q2针对A1未提供实质进展继续追问转让情况，属于催促回答。,,,1
positive,大股东没有发出股权转让延期申请，是否意味着已经成功或已经放弃？ 您好！目前尚未收到大股东华融津投关于公开征集转让事项的进展通知。如收到新进展，我们将及时公告。,请问公司股权股转让有意向的公司提交资料吗？还有公司上半年能否实现盈利，公司参与哪些东数西算工程。刚才提的问题无人回答，再提一遍，公司办事效率这么低吗,2,answer_pressure,dep_reason,Q2抱怨A1未回答，重复追问股权转让意向，并催促公司效率低。,大股东没有发出股权转让延期申请，是否意味着已经成功或已经放弃？,您好！目前尚未收到大股东华融津投关于公开征集转让事项的进展通知。如收到新进展，我们将及时公告。,请问公司股权股转让有意向的公司提交资料吗？还有公司上半年能否实现盈利，公司参与哪些东数西算工程。刚才提的问题无人回答，再提一遍，公司办事效率这么低吗,002178_2021,28,33,5,Complaint,Q2抱怨A1未回答，重复追问股权转让意向，并催促公司效率低。,,,1
positive,华融前次公告称有两家单位报名，公布两家单位名称很难吗？这会是影响投资者的重大事项，应该及时公布吧？ 您好！感谢您的耐心等待，公司正在积极与股东沟通，目前尚未收到大股东华融津投关于公开征集转让事项的进一步进展。如有新进展我们将及时公告。,转让什么情况,1,disclosure_detail,dep_reason,Q2针对A1未提供具体转让进展继续追问，催促回答情况。,华融前次公告称有两家单位报名，公布两家单位名称很难吗？这会是影响投资者的重大事项，应该及时公布吧？,您好！感谢您的耐心等待，公司正在积极与股东沟通，目前尚未收到大股东华融津投关于公开征集转让事项的进一步进展。如有新进展我们将及时公告。,转让什么情况,002178_2021,30,32,2,Complaint,Q2针对A1未提供具体转让进展继续追问，催促回答情况。,,,1
positive,华融前次公告称有两家单位报名，公布两家单位名称很难吗？这会是影响投资者的重大事项，应该及时公布吧？ 您好！感谢您的耐心等待，公司正在积极与股东沟通，目前尚未收到大股东华融津投关于公开征集转让事项的进一步进展。如有新进展我们将及时公告。,请问公司股权股转让有意向的公司提交资料吗？还有公司上半年能否实现盈利，公司参与哪些东数西算工程。刚才提的问题无人回答，再提一遍，公司办事效率这么低吗,2,answer_pressure,dep_reason,Q2抱怨Q1问题无人回答，催促回应股权转让提交资料情况，并抱怨办事效率低。,华融前次公告称有两家单位报名，公布两家单位名称很难吗？这会是影响投资者的重大事项，应该及时公布吧？,您好！感谢您的耐心等待，公司正在积极与股东沟通，目前尚未收到大股东华融津投关于公开征集转让事项的进一步进展。如有新进展我们将及时公告。,请问公司股权股转让有意向的公司提交资料吗？还有公司上半年能否实现盈利，公司参与哪些东数西算工程。刚才提的问题无人回答，再提一遍，公司办事效率这么低吗,002178_2021,30,33,3,Complaint,Q2抱怨Q1问题无人回答，催促回应股权转让提交资料情况，并抱怨办事效率低。,,,1
positive,华融前次公告称有两家单位报名，公布两家单位名称很难吗？这会是影响投资者的重大事项，应该及时公布吧？ 您好！感谢您的耐心等待，公司正在积极与股东沟通，目前尚未收到大股东华融津投关于公开征集转让事项的进一步进展。如有新进展我们将及时公告。,股份转给哪家公司了呀，为啥昨天不发公告呢，这都延期半年了,1,disclosure_detail,dep_reason,Q2重复追问A1未正面回答的受让方信息，并责怪未及时公告。,华融前次公告称有两家单位报名，公布两家单位名称很难吗？这会是影响投资者的重大事项，应该及时公布吧？,您好！感谢您的耐心等待，公司正在积极与股东沟通，目前尚未收到大股东华融津投关于公开征集转让事项的进一步进展。如有新进展我们将及时公告。,股份转给哪家公司了呀，为啥昨天不发公告呢，这都延期半年了,002178_2021,30,34,4,Complaint,Q2重复追问A1未正面回答的受让方信息，并责怪未及时公告。,,,1
positive,公司对2800个县城智慧城市有没有布局？ 您好！公司管理团队、业务团队会持续把握政策动向，增强公司的前瞻性判断，及时做好应对措施，提高公司的市场竞争力。,请问公司股权股转让有意向的公司提交资料吗？还有公司上半年能否实现盈利，公司参与哪些东数西算工程。刚才提的问题无人回答，再提一遍，公司办事效率这么低吗,2,answer_pressure,dep_reason,Q2明确指责A1未回答并重复提问，抱怨办事效率低。,公司对2800个县城智慧城市有没有布局？,您好！公司管理团队、业务团队会持续把握政策动向，增强公司的前瞻性判断，及时做好应对措施，提高公司的市场竞争力。,请问公司股权股转让有意向的公司提交资料吗？还有公司上半年能否实现盈利，公司参与哪些东数西算工程。刚才提的问题无人回答，再提一遍，公司办事效率这么低吗,002178_2021,31,33,2,Complaint,Q2明确指责A1未回答并重复提问，抱怨办事效率低。,,,1
positive,公司对2800个县城智慧城市有没有布局？ 您好！公司管理团队、业务团队会持续把握政策动向，增强公司的前瞻性判断，及时做好应对措施，提高公司的市场竞争力。,这次疫情暴露城市很多问题，公司下一步一个重点是不是关注智慧城市，打造城市云系统，特别是2800个县城。,1,disclosure_detail,dep_reason,人工复核：Q2围绕A1未具体说明的2800个县城智慧城市布局继续追问应用重点。,公司对2800个县城智慧城市有没有布局？,您好！公司管理团队、业务团队会持续把握政策动向，增强公司的前瞻性判断，及时做好应对措施，提高公司的市场竞争力。,这次疫情暴露城市很多问题，公司下一步一个重点是不是关注智慧城市，打造城市云系统，特别是2800个县城。,002178_2021,31,36,5,Elaboration,人工复核：Q2围绕A1未具体说明的2800个县城智慧城市布局继续追问应用重点。,,,1
positive,转让什么情况 您好！公司正在积极与股东沟通，目前尚未收到大股东华融津投关于公开征集转让事项的进一步进展。如有新进展我们将及时公告。,请问公司股权股转让有意向的公司提交资料吗？还有公司上半年能否实现盈利，公司参与哪些东数西算工程。刚才提的问题无人回答，再提一遍，公司办事效率这么低吗,2,answer_pressure,dep_reason,Q2明确抱怨上一轮回答无人回答，再提转让问题，并质疑办事效率。,转让什么情况,您好！公司正在积极与股东沟通，目前尚未收到大股东华融津投关于公开征集转让事项的进一步进展。如有新进展我们将及时公告。,请问公司股权股转让有意向的公司提交资料吗？还有公司上半年能否实现盈利，公司参与哪些东数西算工程。刚才提的问题无人回答，再提一遍，公司办事效率这么低吗,002178_2021,32,33,1,Complaint,Q2明确抱怨上一轮回答无人回答，再提转让问题，并质疑办事效率。,,,1
positive,转让什么情况 您好！公司正在积极与股东沟通，目前尚未收到大股东华融津投关于公开征集转让事项的进一步进展。如有新进展我们将及时公告。,股份转给哪家公司了呀，为啥昨天不发公告呢，这都延期半年了,1,disclosure_detail,dep_reason,Q2针对A1未提供转让对象信息继续追问，并抱怨未发公告和延期，属于对回答状态的施压。,转让什么情况,您好！公司正在积极与股东沟通，目前尚未收到大股东华融津投关于公开征集转让事项的进一步进展。如有新进展我们将及时公告。,股份转给哪家公司了呀，为啥昨天不发公告呢，这都延期半年了,002178_2021,32,34,2,Complaint,Q2针对A1未提供转让对象信息继续追问，并抱怨未发公告和延期，属于对回答状态的施压。,,,1
positive,请问公司股权股转让有意向的公司提交资料吗？还有公司上半年能否实现盈利，公司参与哪些东数西算工程。刚才提的问题无人回答，再提一遍，公司办事效率这么低吗 您好！1、请问公司股权股转让有意向的公司提交资料吗？--有意向公司提交，详见公司2022-4-29日对相关事项的公告。2、还有公司上半年能否实现盈利？--目前公司全力推动项目进展，上半年业绩情况还请见半年报。3、公司参与哪些东数西算工程？--公司正在积极参与相关项目的前期工作，暂未到落地实施阶段。感谢您的关注与支持。,股份转给哪家公司了呀，为啥昨天不发公告呢，这都延期半年了,1,disclosure_detail,dep_reason,Q2追问股权转让具体受让方并抱怨未及时公告，针对A1回答不充分和延迟。,请问公司股权股转让有意向的公司提交资料吗？还有公司上半年能否实现盈利，公司参与哪些东数西算工程。刚才提的问题无人回答，再提一遍，公司办事效率这么低吗,您好！1、请问公司股权股转让有意向的公司提交资料吗？--有意向公司提交，详见公司2022-4-29日对相关事项的公告。2、还有公司上半年能否实现盈利？--目前公司全力推动项目进展，上半年业绩情况还请见半年报。3、公司参与哪些东数西算工程？--公司正在积极参与相关项目的前期工作，暂未到落地实施阶段。感谢您的关注与支持。,股份转给哪家公司了呀，为啥昨天不发公告呢，这都延期半年了,002178_2021,33,34,1,Complaint,Q2追问股权转让具体受让方并抱怨未及时公告，针对A1回答不充分和延迟。,,,1
positive,股份转给哪家公司了呀，为啥昨天不发公告呢，这都延期半年了 您好！公司正在积极与股东沟通，目前尚未收到大股东华融津投关于公开征集转让事项的进一步进展。如有新进展我们将及时公告。,公司股东华融股本转让后，公司的主营业务会不会进行转型，会向哪方面发展？今年根据目前业务情况，预计会盈利吗？,2,performance_governance,dep_reason,Q2围绕A1中提及的华融津投转让事项追问后续主营业务转型和盈利影响。,股份转给哪家公司了呀，为啥昨天不发公告呢，这都延期半年了,您好！公司正在积极与股东沟通，目前尚未收到大股东华融津投关于公开征集转让事项的进一步进展。如有新进展我们将及时公告。,公司股东华融股本转让后，公司的主营业务会不会进行转型，会向哪方面发展？今年根据目前业务情况，预计会盈利吗？,002178_2021,34,35,1,Elaboration,Q2围绕A1中提及的华融津投转让事项追问后续主营业务转型和盈利影响。,,,1
positive,股份转给哪家公司了呀，为啥昨天不发公告呢，这都延期半年了 您好！公司正在积极与股东沟通，目前尚未收到大股东华融津投关于公开征集转让事项的进一步进展。如有新进展我们将及时公告。,股份到底给哪家公司了？这都延期半年了,2,answer_pressure,dep_reason,Q2重复Q1核心问题，A1未正面回答转让对象，Q2继续施压并重申延期，属于交互依赖。,股份转给哪家公司了呀，为啥昨天不发公告呢，这都延期半年了,您好！公司正在积极与股东沟通，目前尚未收到大股东华融津投关于公开征集转让事项的进一步进展。如有新进展我们将及时公告。,股份到底给哪家公司了？这都延期半年了,002178_2021,34,39,5,Complaint,Q2重复Q1核心问题，A1未正面回答转让对象，Q2继续施压并重申延期，属于交互依赖。,,,1
positive,公司股东华融股本转让后，公司的主营业务会不会进行转型，会向哪方面发展？今年根据目前业务情况，预计会盈利吗？ 您好！目前公司尚未收到大股东华融津投关于公开征集转让事项的进一步进展。,股份到底给哪家公司了？这都延期半年了,2,answer_pressure,dep_reason,Q2针对A1未告知转让对象及延期状态进行催促和抱怨。,公司股东华融股本转让后，公司的主营业务会不会进行转型，会向哪方面发展？今年根据目前业务情况，预计会盈利吗？,您好！目前公司尚未收到大股东华融津投关于公开征集转让事项的进一步进展。,股份到底给哪家公司了？这都延期半年了,002178_2021,35,39,4,Complaint,Q2针对A1未告知转让对象及延期状态进行催促和抱怨。,,,1
positive,公司股东华融股本转让后，公司的主营业务会不会进行转型，会向哪方面发展？今年根据目前业务情况，预计会盈利吗？ 您好！目前公司尚未收到大股东华融津投关于公开征集转让事项的进一步进展。,请问股权转让进展如何？,1,disclosure_detail,dep_reason,Q2针对A1中提及的公开征集转让事项进展继续追问。,公司股东华融股本转让后，公司的主营业务会不会进行转型，会向哪方面发展？今年根据目前业务情况，预计会盈利吗？,您好！目前公司尚未收到大股东华融津投关于公开征集转让事项的进一步进展。,请问股权转让进展如何？,002178_2021,35,40,5,Elaboration,Q2针对A1中提及的公开征集转让事项进展继续追问。,,,1
positive,股份到底给哪家公司了？这都延期半年了 您好！公司正在积极与股东沟通，目前尚未收到大股东华融津投关于公开征集转让事项的进一步进展。如有新进展我们将及时公告。,请问股权转让进展如何？,1,disclosure_detail,dep_reason,Q2重复追问A1未正面回答的股权转让进展，形成催促。,股份到底给哪家公司了？这都延期半年了,您好！公司正在积极与股东沟通，目前尚未收到大股东华融津投关于公开征集转让事项的进一步进展。如有新进展我们将及时公告。,请问股权转让进展如何？,002178_2021,39,40,1,Complaint,Q2重复追问A1未正面回答的股权转让进展，形成催促。,,,1
positive,股份到底给哪家公司了？这都延期半年了 您好！公司正在积极与股东沟通，目前尚未收到大股东华融津投关于公开征集转让事项的进一步进展。如有新进展我们将及时公告。,请贵公司及时公布第一大流通股东转让股权征集事宜,1,disclosure_detail,dep_reason,Q2针对A1提及的未收到转让进展及承诺及时公告，催促公布事宜。,股份到底给哪家公司了？这都延期半年了,您好！公司正在积极与股东沟通，目前尚未收到大股东华融津投关于公开征集转让事项的进一步进展。如有新进展我们将及时公告。,请贵公司及时公布第一大流通股东转让股权征集事宜,002178_2021,39,42,3,Complaint,Q2针对A1提及的未收到转让进展及承诺及时公告，催促公布事宜。,,,1
positive,股份到底给哪家公司了？这都延期半年了 您好！公司正在积极与股东沟通，目前尚未收到大股东华融津投关于公开征集转让事项的进一步进展。如有新进展我们将及时公告。,转让股份进展情况？,1,disclosure_detail,dep_reason,Q2重复追问A1未正面回答的股份转让进展问题。,股份到底给哪家公司了？这都延期半年了,您好！公司正在积极与股东沟通，目前尚未收到大股东华融津投关于公开征集转让事项的进一步进展。如有新进展我们将及时公告。,转让股份进展情况？,002178_2021,39,43,4,Complaint,Q2重复追问A1未正面回答的股份转让进展问题。,,,1
positive,请问股权转让进展如何？ 您好！公司正在积极与股东沟通，目前尚未收到大股东华融津投关于公开征集转让事项的进一步进展。如有新进展我们将及时公告。,请贵公司及时公布第一大流通股东转让股权征集事宜,1,disclosure_detail,dep_reason,Q2对A1承诺的及时公告进行催促，要求实际公布征集事宜。,请问股权转让进展如何？,您好！公司正在积极与股东沟通，目前尚未收到大股东华融津投关于公开征集转让事项的进一步进展。如有新进展我们将及时公告。,请贵公司及时公布第一大流通股东转让股权征集事宜,002178_2021,40,42,2,Complaint,Q2对A1承诺的及时公告进行催促，要求实际公布征集事宜。,,,1
positive,请问股权转让进展如何？ 您好！公司正在积极与股东沟通，目前尚未收到大股东华融津投关于公开征集转让事项的进一步进展。如有新进展我们将及时公告。,转让股份进展情况？,1,disclosure_detail,dep_reason,Q2重复追问Q1的问题，而A1未提供实质性进展信息，属于对未充分回答的催促。,请问股权转让进展如何？,您好！公司正在积极与股东沟通，目前尚未收到大股东华融津投关于公开征集转让事项的进一步进展。如有新进展我们将及时公告。,转让股份进展情况？,002178_2021,40,43,3,Complaint,Q2重复追问Q1的问题，而A1未提供实质性进展信息，属于对未充分回答的催促。,,,1
positive,请贵公司及时公布第一大流通股东转让股权征集事宜 感谢您的关注。我们正在与股东积极沟通，如收到进展将及时公告。,转让股份进展情况？,1,disclosure_detail,dep_reason,Q2针对A1中提到的进展公告事项继续追问具体进展。,请贵公司及时公布第一大流通股东转让股权征集事宜,感谢您的关注。我们正在与股东积极沟通，如收到进展将及时公告。,转让股份进展情况？,002178_2021,42,43,1,Elaboration,Q2针对A1中提到的进展公告事项继续追问具体进展。,,,1
positive,转让股份进展情况？ 您好！公司正在积极与股东沟通，目前尚未收到大股东华融津投关于公开征集转让事项的进一步进展。如有新进展我们将及时公告。」,股份转让成功了吗,1,disclosure_detail,dep_reason,Q2重复询问股份转让是否成功，A1未明确回答进展，属于对回避性回复的交互依赖追问。,转让股份进展情况？,您好！公司正在积极与股东沟通，目前尚未收到大股东华融津投关于公开征集转让事项的进一步进展。如有新进展我们将及时公告。」,股份转让成功了吗,002178_2021,43,46,3,Complaint,Q2重复询问股份转让是否成功，A1未明确回答进展，属于对回避性回复的交互依赖追问。,,,1
positive,股份转让成功了吗 您好！公司正在积极与股东沟通，目前尚未收到大股东华融津投关于公开征集转让事项的进一步进展。如有新进展我们将及时公告。,为什么转让股份没有公告，成功和延期都是说法,1,disclosure_detail,dep_reason,人工复核：Q2针对A1未给出股权转让结果，继续质疑为何没有公告及是否成功或延期。,股份转让成功了吗,您好！公司正在积极与股东沟通，目前尚未收到大股东华融津投关于公开征集转让事项的进一步进展。如有新进展我们将及时公告。,为什么转让股份没有公告，成功和延期都是说法,002178_2021,46,51,5,Challenge,人工复核：Q2针对A1未给出股权转让结果，继续质疑为何没有公告及是否成功或延期。,,,1
positive,为什么股份转让的事件一而再再二三的延期 您好！公司正在积极与股东沟通，目前尚未收到大股东华融津投关于公开征集转让事项的进一步进展。如有新进展我们将及时公告。,为什么转让股份没有公告，成功和延期都是说法,1,disclosure_detail,dep_reason,Q2针对A1称无进展未公告进行质疑，催促公告。,为什么股份转让的事件一而再再二三的延期,您好！公司正在积极与股东沟通，目前尚未收到大股东华融津投关于公开征集转让事项的进一步进展。如有新进展我们将及时公告。,为什么转让股份没有公告，成功和延期都是说法,002178_2021,50,51,1,Complaint,Q2针对A1称无进展未公告进行质疑，催促公告。,,,1
positive,为什么股份转让的事件一而再再二三的延期 您好！公司正在积极与股东沟通，目前尚未收到大股东华融津投关于公开征集转让事项的进一步进展。如有新进展我们将及时公告。,大股东转让为何没公示,1,disclosure_detail,dep_reason,Q2针对A1未披露进展及未公示状态进行质疑和催促。,为什么股份转让的事件一而再再二三的延期,您好！公司正在积极与股东沟通，目前尚未收到大股东华融津投关于公开征集转让事项的进一步进展。如有新进展我们将及时公告。,大股东转让为何没公示,002178_2021,50,52,2,Complaint,Q2针对A1未披露进展及未公示状态进行质疑和催促。,,,1
positive,为什么股份转让的事件一而再再二三的延期 您好！公司正在积极与股东沟通，目前尚未收到大股东华融津投关于公开征集转让事项的进一步进展。如有新进展我们将及时公告。,即使股权转让没有结果，按照有关规定，贵司难道不应该公告吗？,1,disclosure_detail,dep_reason,Q2针对A1中“未收到进展所以未公告”的逻辑提出质疑，认为按规定也应公告。,为什么股份转让的事件一而再再二三的延期,您好！公司正在积极与股东沟通，目前尚未收到大股东华融津投关于公开征集转让事项的进一步进展。如有新进展我们将及时公告。,即使股权转让没有结果，按照有关规定，贵司难道不应该公告吗？,002178_2021,50,53,3,Challenge,Q2针对A1中“未收到进展所以未公告”的逻辑提出质疑，认为按规定也应公告。,,,1
positive,为什么股份转让的事件一而再再二三的延期 您好！公司正在积极与股东沟通，目前尚未收到大股东华融津投关于公开征集转让事项的进一步进展。如有新进展我们将及时公告。,骗人转让，最后不了了之吧,1,disclosure_detail,dep_reason,Q2针对A1未收到进展的回复，质疑转让可能不了了之，表达不满和投诉。,为什么股份转让的事件一而再再二三的延期,您好！公司正在积极与股东沟通，目前尚未收到大股东华融津投关于公开征集转让事项的进一步进展。如有新进展我们将及时公告。,骗人转让，最后不了了之吧,002178_2021,50,55,5,Complaint,Q2针对A1未收到进展的回复，质疑转让可能不了了之，表达不满和投诉。,,,1
positive,为什么转让股份没有公告，成功和延期都是说法 您好！公司正在积极与股东沟通，目前尚未收到大股东华融津投关于公开征集转让事项的进一步进展。如有新进展我们将及时公告。感谢您对公司的关注！,大股东转让为何没公示,1,disclosure_detail,dep_reason,Q2重复追问Q1中A1未正面解释的‘为何没公告’问题。,为什么转让股份没有公告，成功和延期都是说法,您好！公司正在积极与股东沟通，目前尚未收到大股东华融津投关于公开征集转让事项的进一步进展。如有新进展我们将及时公告。感谢您对公司的关注！,大股东转让为何没公示,002178_2021,51,52,1,Complaint,Q2重复追问Q1中A1未正面解释的‘为何没公告’问题。,,,1
positive,为什么转让股份没有公告，成功和延期都是说法 您好！公司正在积极与股东沟通，目前尚未收到大股东华融津投关于公开征集转让事项的进一步进展。如有新进展我们将及时公告。感谢您对公司的关注！,即使股权转让没有结果，按照有关规定，贵司难道不应该公告吗？,1,disclosure_detail,dep_reason,Q2针对A1以未收到进展为由未公告的回应进行质疑，认为即使无结果也须公告。,为什么转让股份没有公告，成功和延期都是说法,您好！公司正在积极与股东沟通，目前尚未收到大股东华融津投关于公开征集转让事项的进一步进展。如有新进展我们将及时公告。感谢您对公司的关注！,即使股权转让没有结果，按照有关规定，贵司难道不应该公告吗？,002178_2021,51,53,2,Challenge,Q2针对A1以未收到进展为由未公告的回应进行质疑，认为即使无结果也须公告。,,,1
positive,为什么转让股份没有公告，成功和延期都是说法 您好！公司正在积极与股东沟通，目前尚未收到大股东华融津投关于公开征集转让事项的进一步进展。如有新进展我们将及时公告。感谢您对公司的关注！,有没有意向方，有几个，这样的事还需要沟通十分钟吗，公司效率太低了吧,1,disclosure_detail,dep_reason,Q2针对A1中提到的转让事项，追问意向方数量等细节，并抱怨沟通效率。,为什么转让股份没有公告，成功和延期都是说法,您好！公司正在积极与股东沟通，目前尚未收到大股东华融津投关于公开征集转让事项的进一步进展。如有新进展我们将及时公告。感谢您对公司的关注！,有没有意向方，有几个，这样的事还需要沟通十分钟吗，公司效率太低了吧,002178_2021,51,56,5,Elaboration,Q2针对A1中提到的转让事项，追问意向方数量等细节，并抱怨沟通效率。,,,1
positive,大股东转让为何没公示 您好！公司正在积极与股东沟通，目前尚未收到大股东华融津投关于公开征集转让事项的进一步进展。如有新进展我们将及时公告。,即使股权转让没有结果，按照有关规定，贵司难道不应该公告吗？,1,disclosure_detail,dep_reason,Q2针对A1解释未收到进展仍不公告，质疑其合规性，认为回答不充分。,大股东转让为何没公示,您好！公司正在积极与股东沟通，目前尚未收到大股东华融津投关于公开征集转让事项的进一步进展。如有新进展我们将及时公告。,即使股权转让没有结果，按照有关规定，贵司难道不应该公告吗？,002178_2021,52,53,1,Challenge,Q2针对A1解释未收到进展仍不公告，质疑其合规性，认为回答不充分。,,,1
positive,大股东转让为何没公示 您好！公司正在积极与股东沟通，目前尚未收到大股东华融津投关于公开征集转让事项的进一步进展。如有新进展我们将及时公告。,骗人转让，最后不了了之吧,1,disclosure_detail,dep_reason,Q2针对A1中转让无进展表达质疑和抱怨。,大股东转让为何没公示,您好！公司正在积极与股东沟通，目前尚未收到大股东华融津投关于公开征集转让事项的进一步进展。如有新进展我们将及时公告。,骗人转让，最后不了了之吧,002178_2021,52,55,3,Complaint,Q2针对A1中转让无进展表达质疑和抱怨。,,,1
positive,大股东转让为何没公示 您好！公司正在积极与股东沟通，目前尚未收到大股东华融津投关于公开征集转让事项的进一步进展。如有新进展我们将及时公告。,有没有意向方，有几个，这样的事还需要沟通十分钟吗，公司效率太低了吧,1,disclosure_detail,dep_reason,Q2针对A1未提供具体进展，抱怨沟通效率低并追问意向方细节。,大股东转让为何没公示,您好！公司正在积极与股东沟通，目前尚未收到大股东华融津投关于公开征集转让事项的进一步进展。如有新进展我们将及时公告。,有没有意向方，有几个，这样的事还需要沟通十分钟吗，公司效率太低了吧,002178_2021,52,56,4,Complaint,Q2针对A1未提供具体进展，抱怨沟通效率低并追问意向方细节。,,,1
positive,即使股权转让没有结果，按照有关规定，贵司难道不应该公告吗？ 您好！公司正在积极与股东沟通，目前尚未收到大股东华融津投关于公开征集转让事项的进一步进展。如有新进展我们将及时公告。,骗人转让，最后不了了之吧,1,disclosure_detail,dep_reason,Q2针对A1中转让进展回应进行质疑，认为可能不了了之。,即使股权转让没有结果，按照有关规定，贵司难道不应该公告吗？,您好！公司正在积极与股东沟通，目前尚未收到大股东华融津投关于公开征集转让事项的进一步进展。如有新进展我们将及时公告。,骗人转让，最后不了了之吧,002178_2021,53,55,2,Challenge,Q2针对A1中转让进展回应进行质疑，认为可能不了了之。,,,1
positive,即使股权转让没有结果，按照有关规定，贵司难道不应该公告吗？ 您好！公司正在积极与股东沟通，目前尚未收到大股东华融津投关于公开征集转让事项的进一步进展。如有新进展我们将及时公告。,有没有意向方，有几个，这样的事还需要沟通十分钟吗，公司效率太低了吧,1,disclosure_detail,dep_reason,Q2追问A1未具体说明的意向方数量，并质疑沟通效率，依赖股权转让进展内容。,即使股权转让没有结果，按照有关规定，贵司难道不应该公告吗？,您好！公司正在积极与股东沟通，目前尚未收到大股东华融津投关于公开征集转让事项的进一步进展。如有新进展我们将及时公告。,有没有意向方，有几个，这样的事还需要沟通十分钟吗，公司效率太低了吧,002178_2021,53,56,3,Challenge,Q2追问A1未具体说明的意向方数量，并质疑沟通效率，依赖股权转让进展内容。,,,1
positive,骗人转让，最后不了了之吧 您好！公司正在积极与股东沟通，目前尚未收到大股东华融津投关于公开征集转让事项的进一步进展。如有新进展我们将及时公告。,你好？请问，贵司大股东股权转让的报价日期已过，结果如何？为什么不发公告，是不是又要延期，现在很多股民，股东，对于你们一在的延期很不满，对于你们公司的诚信，印象越来越差，大家都叫你们公司，为，延期智能了？,1,disclosure_detail,dep_reason,Q2针对A1未提供股权转让进展，质问不发公告、是否延期，并抱怨公司延期失信。,骗人转让，最后不了了之吧,您好！公司正在积极与股东沟通，目前尚未收到大股东华融津投关于公开征集转让事项的进一步进展。如有新进展我们将及时公告。,你好？请问，贵司大股东股权转让的报价日期已过，结果如何？为什么不发公告，是不是又要延期，现在很多股民，股东，对于你们一在的延期很不满，对于你们公司的诚信，印象越来越差，大家都叫你们公司，为，延期智能了？,002178_2021,55,59,4,Complaint,Q2针对A1未提供股权转让进展，质问不发公告、是否延期，并抱怨公司延期失信。,,,1
positive,骗人转让，最后不了了之吧 您好！公司正在积极与股东沟通，目前尚未收到大股东华融津投关于公开征集转让事项的进一步进展。如有新进展我们将及时公告。,股权转让有什么进度吗？,1,disclosure_detail,dep_reason,Q2重复追问股权转让进度，A1称尚未收到进展，Q2继续要求说明最新情况，针对回答不具体进行催促。,骗人转让，最后不了了之吧,您好！公司正在积极与股东沟通，目前尚未收到大股东华融津投关于公开征集转让事项的进一步进展。如有新进展我们将及时公告。,股权转让有什么进度吗？,002178_2021,55,60,5,Complaint,Q2重复追问股权转让进度，A1称尚未收到进展，Q2继续要求说明最新情况，针对回答不具体进行催促。,,,1
positive,有没有意向方，有几个，这样的事还需要沟通十分钟吗，公司效率太低了吧 您好！感谢您的耐心等待，公司正在积极与股东沟通，目前尚未收到大股东华融津投关于公开征集转让事项的进一步进展。如有新进展我们将及时公告。,你好？请问，贵司大股东股权转让的报价日期已过，结果如何？为什么不发公告，是不是又要延期，现在很多股民，股东，对于你们一在的延期很不满，对于你们公司的诚信，印象越来越差，大家都叫你们公司，为，延期智能了？,1,disclosure_detail,dep_reason,Q2针对A1未公告进展、未明确结果，追问报价结果并抱怨延期和诚信问题。,有没有意向方，有几个，这样的事还需要沟通十分钟吗，公司效率太低了吧,您好！感谢您的耐心等待，公司正在积极与股东沟通，目前尚未收到大股东华融津投关于公开征集转让事项的进一步进展。如有新进展我们将及时公告。,你好？请问，贵司大股东股权转让的报价日期已过，结果如何？为什么不发公告，是不是又要延期，现在很多股民，股东，对于你们一在的延期很不满，对于你们公司的诚信，印象越来越差，大家都叫你们公司，为，延期智能了？,002178_2021,56,59,3,Complaint,Q2针对A1未公告进展、未明确结果，追问报价结果并抱怨延期和诚信问题。,,,1
positive,有没有意向方，有几个，这样的事还需要沟通十分钟吗，公司效率太低了吧 您好！感谢您的耐心等待，公司正在积极与股东沟通，目前尚未收到大股东华融津投关于公开征集转让事项的进一步进展。如有新进展我们将及时公告。,股权转让有什么进度吗？,1,disclosure_detail,dep_reason,Q2重复追问Q1中的股权转让进度，A1仅表示未收到进展，Q2继续催促。,有没有意向方，有几个，这样的事还需要沟通十分钟吗，公司效率太低了吧,您好！感谢您的耐心等待，公司正在积极与股东沟通，目前尚未收到大股东华融津投关于公开征集转让事项的进一步进展。如有新进展我们将及时公告。,股权转让有什么进度吗？,002178_2021,56,60,4,Complaint,Q2重复追问Q1中的股权转让进度，A1仅表示未收到进展，Q2继续催促。,,,1
positive,有没有意向方，有几个，这样的事还需要沟通十分钟吗，公司效率太低了吧 您好！感谢您的耐心等待，公司正在积极与股东沟通，目前尚未收到大股东华融津投关于公开征集转让事项的进一步进展。如有新进展我们将及时公告。,股权转让情况该公布了吧董事长,1,disclosure_detail,dep_reason,Q2针对A1中转让事项无进展的回应，催促要求公布，属于交互依赖。,有没有意向方，有几个，这样的事还需要沟通十分钟吗，公司效率太低了吧,您好！感谢您的耐心等待，公司正在积极与股东沟通，目前尚未收到大股东华融津投关于公开征集转让事项的进一步进展。如有新进展我们将及时公告。,股权转让情况该公布了吧董事长,002178_2021,56,61,5,Complaint,Q2针对A1中转让事项无进展的回应，催促要求公布，属于交互依赖。,,,1
positive,什么时候截止 您好！公司正在积极与股东沟通，目前尚未收到大股东华融津投关于公开征集转让事项的进一步进展。如有新进展我们将及时公告。,你好？请问，贵司大股东股权转让的报价日期已过，结果如何？为什么不发公告，是不是又要延期，现在很多股民，股东，对于你们一在的延期很不满，对于你们公司的诚信，印象越来越差，大家都叫你们公司，为，延期智能了？,1,disclosure_detail,dep_reason,Q2针对A1回避截止日期和未公告进展，催促并表达不满.,什么时候截止,您好！公司正在积极与股东沟通，目前尚未收到大股东华融津投关于公开征集转让事项的进一步进展。如有新进展我们将及时公告。,你好？请问，贵司大股东股权转让的报价日期已过，结果如何？为什么不发公告，是不是又要延期，现在很多股民，股东，对于你们一在的延期很不满，对于你们公司的诚信，印象越来越差，大家都叫你们公司，为，延期智能了？,002178_2021,57,59,2,Complaint,Q2针对A1回避截止日期和未公告进展，催促并表达不满.,,,1
positive,什么时候截止 您好！公司正在积极与股东沟通，目前尚未收到大股东华融津投关于公开征集转让事项的进一步进展。如有新进展我们将及时公告。,股权转让情况该公布了吧董事长,1,disclosure_detail,dep_reason,Q2针对A1未披露具体进展的回避状态，催促公布股权转让情况。,什么时候截止,您好！公司正在积极与股东沟通，目前尚未收到大股东华融津投关于公开征集转让事项的进一步进展。如有新进展我们将及时公告。,股权转让情况该公布了吧董事长,002178_2021,57,61,4,Complaint,Q2针对A1未披露具体进展的回避状态，催促公布股权转让情况。,,,1
positive,什么时候截止 您好！公司正在积极与股东沟通，目前尚未收到大股东华融津投关于公开征集转让事项的进一步进展。如有新进展我们将及时公告。,截止时间一拖再拖，公司的信誉怎么保证？,2,answer_pressure,dep_reason,Q2针对A1未能给出明确截止时间而拖延表示不满，质疑公司信誉。,什么时候截止,您好！公司正在积极与股东沟通，目前尚未收到大股东华融津投关于公开征集转让事项的进一步进展。如有新进展我们将及时公告。,截止时间一拖再拖，公司的信誉怎么保证？,002178_2021,57,62,5,Complaint,Q2针对A1未能给出明确截止时间而拖延表示不满，质疑公司信誉。,,,1
positive,你好？请问，贵司大股东股权转让的报价日期已过，结果如何？为什么不发公告，是不是又要延期，现在很多股民，股东，对于你们一在的延期很不满，对于你们公司的诚信，印象越来越差，大家都叫你们公司，为，延期智能了？ 您好！公司正在与股东积极沟通，截至目前，我们尚未收到股东关于该事项的进展通知。如收到新进展，我们将第一时间公告。,股权转让有什么进度吗？,1,disclosure_detail,dep_reason,Q2针对A1未提供具体进展继续追问股权转让进度。,你好？请问，贵司大股东股权转让的报价日期已过，结果如何？为什么不发公告，是不是又要延期，现在很多股民，股东，对于你们一在的延期很不满，对于你们公司的诚信，印象越来越差，大家都叫你们公司，为，延期智能了？,您好！公司正在与股东积极沟通，截至目前，我们尚未收到股东关于该事项的进展通知。如收到新进展，我们将第一时间公告。,股权转让有什么进度吗？,002178_2021,59,60,1,Elaboration,Q2针对A1未提供具体进展继续追问股权转让进度。,,,1
positive,你好？请问，贵司大股东股权转让的报价日期已过，结果如何？为什么不发公告，是不是又要延期，现在很多股民，股东，对于你们一在的延期很不满，对于你们公司的诚信，印象越来越差，大家都叫你们公司，为，延期智能了？ 您好！公司正在与股东积极沟通，截至目前，我们尚未收到股东关于该事项的进展通知。如收到新进展，我们将第一时间公告。,股权转让情况该公布了吧董事长,1,disclosure_detail,dep_reason,Q2针对A1尚未公告的进展继续施压要求公布，隐含对延迟的不满。,你好？请问，贵司大股东股权转让的报价日期已过，结果如何？为什么不发公告，是不是又要延期，现在很多股民，股东，对于你们一在的延期很不满，对于你们公司的诚信，印象越来越差，大家都叫你们公司，为，延期智能了？,您好！公司正在与股东积极沟通，截至目前，我们尚未收到股东关于该事项的进展通知。如收到新进展，我们将第一时间公告。,股权转让情况该公布了吧董事长,002178_2021,59,61,2,Challenge,Q2针对A1尚未公告的进展继续施压要求公布，隐含对延迟的不满。,,,1
positive,你好？请问，贵司大股东股权转让的报价日期已过，结果如何？为什么不发公告，是不是又要延期，现在很多股民，股东，对于你们一在的延期很不满，对于你们公司的诚信，印象越来越差，大家都叫你们公司，为，延期智能了？ 您好！公司正在与股东积极沟通，截至目前，我们尚未收到股东关于该事项的进展通知。如收到新进展，我们将第一时间公告。,截止时间一拖再拖，公司的信誉怎么保证？,1,disclosure_detail,dep_reason,Q2针对A1未给出进展的延期问题继续追责，抱怨信誉无法保证。,你好？请问，贵司大股东股权转让的报价日期已过，结果如何？为什么不发公告，是不是又要延期，现在很多股民，股东，对于你们一在的延期很不满，对于你们公司的诚信，印象越来越差，大家都叫你们公司，为，延期智能了？,您好！公司正在与股东积极沟通，截至目前，我们尚未收到股东关于该事项的进展通知。如收到新进展，我们将第一时间公告。,截止时间一拖再拖，公司的信誉怎么保证？,002178_2021,59,62,3,Complaint,Q2针对A1未给出进展的延期问题继续追责，抱怨信誉无法保证。,,,1
positive,你好？请问，贵司大股东股权转让的报价日期已过，结果如何？为什么不发公告，是不是又要延期，现在很多股民，股东，对于你们一在的延期很不满，对于你们公司的诚信，印象越来越差，大家都叫你们公司，为，延期智能了？ 您好！公司正在与股东积极沟通，截至目前，我们尚未收到股东关于该事项的进展通知。如收到新进展，我们将第一时间公告。,股权转让到底结果如何,1,disclosure_detail,dep_reason,Q2重复追问A1未正面回答的股权转让结果，针对回避态度继续施压。,你好？请问，贵司大股东股权转让的报价日期已过，结果如何？为什么不发公告，是不是又要延期，现在很多股民，股东，对于你们一在的延期很不满，对于你们公司的诚信，印象越来越差，大家都叫你们公司，为，延期智能了？,您好！公司正在与股东积极沟通，截至目前，我们尚未收到股东关于该事项的进展通知。如收到新进展，我们将第一时间公告。,股权转让到底结果如何,002178_2021,59,63,4,Complaint,Q2重复追问A1未正面回答的股权转让结果，针对回避态度继续施压。,,,1
positive,你好？请问，贵司大股东股权转让的报价日期已过，结果如何？为什么不发公告，是不是又要延期，现在很多股民，股东，对于你们一在的延期很不满，对于你们公司的诚信，印象越来越差，大家都叫你们公司，为，延期智能了？ 您好！公司正在与股东积极沟通，截至目前，我们尚未收到股东关于该事项的进展通知。如收到新进展，我们将第一时间公告。,股份转让结果,2,answer_pressure,dep_reason,Q2简短重复Q1中未被回答的核心问题，针对A1未提供实质性结果进行催促。,你好？请问，贵司大股东股权转让的报价日期已过，结果如何？为什么不发公告，是不是又要延期，现在很多股民，股东，对于你们一在的延期很不满，对于你们公司的诚信，印象越来越差，大家都叫你们公司，为，延期智能了？,您好！公司正在与股东积极沟通，截至目前，我们尚未收到股东关于该事项的进展通知。如收到新进展，我们将第一时间公告。,股份转让结果,002178_2021,59,64,5,Complaint,Q2简短重复Q1中未被回答的核心问题，针对A1未提供实质性结果进行催促。,,,1
positive,股权转让有什么进度吗？ 您好！公司正在积极与股东沟通，目前尚未收到大股东华融津投关于公开征集转让事项的进一步进展。如有新进展我们将及时公告。」,股权转让情况该公布了吧董事长,1,disclosure_detail,dep_reason,Q2针对A1未提供进展，直接催促董事长公布情况。,股权转让有什么进度吗？,您好！公司正在积极与股东沟通，目前尚未收到大股东华融津投关于公开征集转让事项的进一步进展。如有新进展我们将及时公告。」,股权转让情况该公布了吧董事长,002178_2021,60,61,1,Complaint,Q2针对A1未提供进展，直接催促董事长公布情况。,,,1
positive,股权转让有什么进度吗？ 您好！公司正在积极与股东沟通，目前尚未收到大股东华融津投关于公开征集转让事项的进一步进展。如有新进展我们将及时公告。」,股份转让结果,1,disclosure_detail,dep_reason,Q2重复Q1关于转让进展的问题，针对A1未正面回答继续追问。,股权转让有什么进度吗？,您好！公司正在积极与股东沟通，目前尚未收到大股东华融津投关于公开征集转让事项的进一步进展。如有新进展我们将及时公告。」,股份转让结果,002178_2021,60,64,4,Complaint,Q2重复Q1关于转让进展的问题，针对A1未正面回答继续追问。,,,1
positive,股权转让有什么进度吗？ 您好！公司正在积极与股东沟通，目前尚未收到大股东华融津投关于公开征集转让事项的进一步进展。如有新进展我们将及时公告。」,转让成功了吗？,2,answer_pressure,dep_reason,Q2重复追问转让结果，针对A1未明确回答进行催促。,股权转让有什么进度吗？,您好！公司正在积极与股东沟通，目前尚未收到大股东华融津投关于公开征集转让事项的进一步进展。如有新进展我们将及时公告。」,转让成功了吗？,002178_2021,60,65,5,Complaint,Q2重复追问转让结果，针对A1未明确回答进行催促。,,,1
positive,股权转让情况该公布了吧董事长 您好！公司正在积极与股东沟通，目前尚未收到大股东华融津投关于公开征集转让事项的进一步进展。如有新进展我们将及时公告。,股权转让到底结果如何,2,answer_pressure,dep_reason,Q2重复追问Q1的股权转让结果，A1未提供实质信息，Q2针对回答状态继续施压。,股权转让情况该公布了吧董事长,您好！公司正在积极与股东沟通，目前尚未收到大股东华融津投关于公开征集转让事项的进一步进展。如有新进展我们将及时公告。,股权转让到底结果如何,002178_2021,61,63,2,Challenge,Q2重复追问Q1的股权转让结果，A1未提供实质信息，Q2针对回答状态继续施压。,,,1
positive,股权转让情况该公布了吧董事长 您好！公司正在积极与股东沟通，目前尚未收到大股东华融津投关于公开征集转让事项的进一步进展。如有新进展我们将及时公告。,转让成功了吗？,1,disclosure_detail,dep_reason,Q2围绕A1中股权转让事项及进展状态，直接追问最终是否成功。,股权转让情况该公布了吧董事长,您好！公司正在积极与股东沟通，目前尚未收到大股东华融津投关于公开征集转让事项的进一步进展。如有新进展我们将及时公告。,转让成功了吗？,002178_2021,61,65,4,Elaboration,Q2围绕A1中股权转让事项及进展状态，直接追问最终是否成功。,,,1
positive,股权转让情况该公布了吧董事长 您好！公司正在积极与股东沟通，目前尚未收到大股东华融津投关于公开征集转让事项的进一步进展。如有新进展我们将及时公告。,转让是否成功？,1,disclosure_detail,dep_reason,Q2针对A1中转让未收到进展的状态，继续追问转让是否成功。,股权转让情况该公布了吧董事长,您好！公司正在积极与股东沟通，目前尚未收到大股东华融津投关于公开征集转让事项的进一步进展。如有新进展我们将及时公告。,转让是否成功？,002178_2021,61,66,5,Elaboration,Q2针对A1中转让未收到进展的状态，继续追问转让是否成功。,,,1
positive,截止时间一拖再拖，公司的信誉怎么保证？ 您好！公司正在积极与股东沟通，目前尚未收到大股东华融津投关于公开征集转让事项的进一步进展。如有新进展我们将及时公告。,股份转让结果,2,answer_pressure,dep_reason,Q2针对A1中未提供转让结果进行催促追问。,截止时间一拖再拖，公司的信誉怎么保证？,您好！公司正在积极与股东沟通，目前尚未收到大股东华融津投关于公开征集转让事项的进一步进展。如有新进展我们将及时公告。,股份转让结果,002178_2021,62,64,2,Complaint,Q2针对A1中未提供转让结果进行催促追问。,,,1
positive,截止时间一拖再拖，公司的信誉怎么保证？ 您好！公司正在积极与股东沟通，目前尚未收到大股东华融津投关于公开征集转让事项的进一步进展。如有新进展我们将及时公告。,转让成功了吗？,1,disclosure_detail,dep_reason,Q2围绕A1中的公开征集转让事项继续追问进展。,截止时间一拖再拖，公司的信誉怎么保证？,您好！公司正在积极与股东沟通，目前尚未收到大股东华融津投关于公开征集转让事项的进一步进展。如有新进展我们将及时公告。,转让成功了吗？,002178_2021,62,65,3,Elaboration,Q2围绕A1中的公开征集转让事项继续追问进展。,,,1
positive,股权转让到底结果如何 您好！公司正在积极与股东沟通，目前尚未收到大股东华融津投关于公开征集转让事项的进一步进展。如有新进展我们将及时公告。」,股份转让结果,2,answer_pressure,dep_reason,Q2重复追问A1未正面回答的同一问题。,股权转让到底结果如何,您好！公司正在积极与股东沟通，目前尚未收到大股东华融津投关于公开征集转让事项的进一步进展。如有新进展我们将及时公告。」,股份转让结果,002178_2021,63,64,1,Complaint,Q2重复追问A1未正面回答的同一问题。,,,1
positive,股权转让到底结果如何 您好！公司正在积极与股东沟通，目前尚未收到大股东华融津投关于公开征集转让事项的进一步进展。如有新进展我们将及时公告。」,转让是否成功？,2,answer_pressure,dep_reason,Q2重复追问Q1的核心问题，A1未正面回答转让结果，Q2催促获取明确信息。,股权转让到底结果如何,您好！公司正在积极与股东沟通，目前尚未收到大股东华融津投关于公开征集转让事项的进一步进展。如有新进展我们将及时公告。」,转让是否成功？,002178_2021,63,66,3,Complaint,Q2重复追问Q1的核心问题，A1未正面回答转让结果，Q2催促获取明确信息。,,,1
positive,股份转让结果 您好！公司正在积极与股东沟通，目前尚未收到大股东华融津投关于公开征集转让事项的进一步进展。如有新进展我们将及时公告。,转让成功了吗？,1,disclosure_detail,dep_reason,Q2重复追问同一问题，而A1仅表示无新进展，未给出实质性结果。,股份转让结果,您好！公司正在积极与股东沟通，目前尚未收到大股东华融津投关于公开征集转让事项的进一步进展。如有新进展我们将及时公告。,转让成功了吗？,002178_2021,64,65,1,Complaint,Q2重复追问同一问题，而A1仅表示无新进展，未给出实质性结果。,,,1
positive,股份转让结果 您好！公司正在积极与股东沟通，目前尚未收到大股东华融津投关于公开征集转让事项的进一步进展。如有新进展我们将及时公告。,转让是否成功？,2,answer_pressure,dep_reason,Q2针对A1未明确回复转让结果继续追问。,股份转让结果,您好！公司正在积极与股东沟通，目前尚未收到大股东华融津投关于公开征集转让事项的进一步进展。如有新进展我们将及时公告。,转让是否成功？,002178_2021,64,66,2,Complaint,Q2针对A1未明确回复转让结果继续追问。,,,1
positive,转让成功了吗？ 您好！公司正在积极与股东沟通，目前尚未收到大股东华融津投关于公开征集转让事项的进一步进展。如有新进展我们将及时公告。感谢您对公司的关注！,转让是否成功？,1,disclosure_detail,dep_reason,Q2重复追问同一问题，A1未正面回答转让是否成功，仅称未收到进展。,转让成功了吗？,您好！公司正在积极与股东沟通，目前尚未收到大股东华融津投关于公开征集转让事项的进一步进展。如有新进展我们将及时公告。感谢您对公司的关注！,转让是否成功？,002178_2021,65,66,1,Complaint,Q2重复追问同一问题，A1未正面回答转让是否成功，仅称未收到进展。,,,1
positive,转让成功了吗？ 您好！公司正在积极与股东沟通，目前尚未收到大股东华融津投关于公开征集转让事项的进一步进展。如有新进展我们将及时公告。感谢您对公司的关注！,大股东股权转让前目前进展如何？是否涉及实控人变更？,1,disclosure_detail,dep_reason,Q2重复追问同一转让进展，而A1未提供实质信息，构成对未答状态的催促。,转让成功了吗？,您好！公司正在积极与股东沟通，目前尚未收到大股东华融津投关于公开征集转让事项的进一步进展。如有新进展我们将及时公告。感谢您对公司的关注！,大股东股权转让前目前进展如何？是否涉及实控人变更？,002178_2021,65,70,5,Complaint,Q2重复追问同一转让进展，而A1未提供实质信息，构成对未答状态的催促。,,,1
positive,转让是否成功？ 您好！公司正在积极与股东沟通，目前尚未收到大股东华融津投关于公开征集转让事项的进一步进展。如有新进展我们将及时公告。,大股东股权转让前目前进展如何？是否涉及实控人变更？,1,disclosure_detail,dep_reason,Q2针对A1中未明确进展继续追问同一股权转让事项，并基于此询问实控人变更。,转让是否成功？,您好！公司正在积极与股东沟通，目前尚未收到大股东华融津投关于公开征集转让事项的进一步进展。如有新进展我们将及时公告。,大股东股权转让前目前进展如何？是否涉及实控人变更？,002178_2021,66,70,4,Elaboration,Q2针对A1中未明确进展继续追问同一股权转让事项，并基于此询问实控人变更。,,,1
positive,大股东股权转让前目前进展如何？是否涉及实控人变更？ 您好！公司正在积极与股东沟通，目前尚未收到大股东华融津投关于公开征集转让事项的进一步进展。如有新进展我们将及时公告。」,请问，贵司大股东股权装让的报价日期已过，结果如何？,1,disclosure_detail,dep_reason,Q2针对A1中未收到进展的同一股权转让事项，追问报价日期过后结果如何。,大股东股权转让前目前进展如何？是否涉及实控人变更？,您好！公司正在积极与股东沟通，目前尚未收到大股东华融津投关于公开征集转让事项的进一步进展。如有新进展我们将及时公告。」,请问，贵司大股东股权装让的报价日期已过，结果如何？,002178_2021,70,73,3,Elaboration,Q2针对A1中未收到进展的同一股权转让事项，追问报价日期过后结果如何。,,,1
positive,股权转让进展情况 您好！公司正在积极与股东沟通，目前尚未收到大股东华融津投关于公开征集转让事项的进一步进展。如有新进展我们将及时公告。」,今天过后会有公告吗,1,disclosure_detail,dep_reason,Q2针对A1中“及时公告”的承诺追问具体公告时间。,股权转让进展情况,您好！公司正在积极与股东沟通，目前尚未收到大股东华融津投关于公开征集转让事项的进一步进展。如有新进展我们将及时公告。」,今天过后会有公告吗,002178_2021,78,83,5,Elaboration,Q2针对A1中“及时公告”的承诺追问具体公告时间。,,,1
positive,董秘现在股价是不是转让成功？ 您好！公司正在积极与股东沟通，目前尚未收到大股东华融津投关于公开征集转让事项的进一步进展。如有新进展我们将及时公告。,今天过后会有公告吗,1,disclosure_detail,dep_reason,Q2针对A1中'如有新进展我们将及时公告'进一步询问公告时间。,董秘现在股价是不是转让成功？,您好！公司正在积极与股东沟通，目前尚未收到大股东华融津投关于公开征集转让事项的进一步进展。如有新进展我们将及时公告。,今天过后会有公告吗,002178_2021,80,83,3,Elaboration,Q2针对A1中'如有新进展我们将及时公告'进一步询问公告时间。,,,1
positive,董秘现在股价是不是转让成功？ 您好！公司正在积极与股东沟通，目前尚未收到大股东华融津投关于公开征集转让事项的进一步进展。如有新进展我们将及时公告。,大股东华融那边、总该有反馈的时间呀、公司应该及时催促大股东华融那边做好信息披露工作、毕竟都延期四次了、前几次次次都很准时、没理由最后一次次拖拉、给投资者造成不好的印象、建议今晚一定催促大股东及时反馈给公司。,1,disclosure_detail,dep_reason,Q2针对A1中未提供转让进展和延期情况，催促公司催促大股东反馈并抱怨拖延。,董秘现在股价是不是转让成功？,您好！公司正在积极与股东沟通，目前尚未收到大股东华融津投关于公开征集转让事项的进一步进展。如有新进展我们将及时公告。,大股东华融那边、总该有反馈的时间呀、公司应该及时催促大股东华融那边做好信息披露工作、毕竟都延期四次了、前几次次次都很准时、没理由最后一次次拖拉、给投资者造成不好的印象、建议今晚一定催促大股东及时反馈给公司。,002178_2021,80,84,4,Complaint,Q2针对A1中未提供转让进展和延期情况，催促公司催促大股东反馈并抱怨拖延。,,,1
positive,请问公司股权股转让有意向的公司提交资料吗？还有公司上半年能否实现盈利，公司参与哪些东数西算工程 您好！1、 请问公司股权股转让有意向的公司提交资料吗？--有意向公司提交，详见公司2022-4-29日对相关事项的公告。2、 还有公司上半年能否实现盈利？--目前公司全力推动项目进展，上半年业绩情况还请见半年报。3、 公司参与哪些东数西算工程？--公司正在积极参与相关项目的前期工作，暂未到落地实施阶段。感谢您的关注与支持。,今天过后会有公告吗,1,disclosure_detail,dep_reason,Q2针对A1中提及的股权转让公告时间安排继续追问是否有新公告。,请问公司股权股转让有意向的公司提交资料吗？还有公司上半年能否实现盈利，公司参与哪些东数西算工程,您好！1、 请问公司股权股转让有意向的公司提交资料吗？--有意向公司提交，详见公司2022-4-29日对相关事项的公告。2、 还有公司上半年能否实现盈利？--目前公司全力推动项目进展，上半年业绩情况还请见半年报。3、 公司参与哪些东数西算工程？--公司正在积极参与相关项目的前期工作，暂未到落地实施阶段。感谢您的关注与支持。,今天过后会有公告吗,002178_2021,81,83,2,Elaboration,Q2针对A1中提及的股权转让公告时间安排继续追问是否有新公告。,,,1
positive,请问公司股权股转让有意向的公司提交资料吗？还有公司上半年能否实现盈利，公司参与哪些东数西算工程 您好！1、 请问公司股权股转让有意向的公司提交资料吗？--有意向公司提交，详见公司2022-4-29日对相关事项的公告。2、 还有公司上半年能否实现盈利？--目前公司全力推动项目进展，上半年业绩情况还请见半年报。3、 公司参与哪些东数西算工程？--公司正在积极参与相关项目的前期工作，暂未到落地实施阶段。感谢您的关注与支持。,前公告说五月十八号会公告股份转让情况，为什么没有公告,1,disclosure_detail,dep_reason,Q2针对A1提及的4月29日公告，追问5月18日未公告的原因。,请问公司股权股转让有意向的公司提交资料吗？还有公司上半年能否实现盈利，公司参与哪些东数西算工程,您好！1、 请问公司股权股转让有意向的公司提交资料吗？--有意向公司提交，详见公司2022-4-29日对相关事项的公告。2、 还有公司上半年能否实现盈利？--目前公司全力推动项目进展，上半年业绩情况还请见半年报。3、 公司参与哪些东数西算工程？--公司正在积极参与相关项目的前期工作，暂未到落地实施阶段。感谢您的关注与支持。,前公告说五月十八号会公告股份转让情况，为什么没有公告,002178_2021,81,86,5,Challenge,Q2针对A1提及的4月29日公告，追问5月18日未公告的原因。,,,1
positive,今天过后会有公告吗 您好！公司正在积极与股东沟通，目前尚未收到大股东华融津投关于公开征集转让事项的进一步进展。如有新进展我们将及时公告。,大股东华融那边、总该有反馈的时间呀、公司应该及时催促大股东华融那边做好信息披露工作、毕竟都延期四次了、前几次次次都很准时、没理由最后一次次拖拉、给投资者造成不好的印象、建议今晚一定催促大股东及时反馈给公司。,1,disclosure_detail,dep_reason,Q2针对A1中未收到进展的回答，抱怨延期并要求公司催促大股东反馈。,今天过后会有公告吗,您好！公司正在积极与股东沟通，目前尚未收到大股东华融津投关于公开征集转让事项的进一步进展。如有新进展我们将及时公告。,大股东华融那边、总该有反馈的时间呀、公司应该及时催促大股东华融那边做好信息披露工作、毕竟都延期四次了、前几次次次都很准时、没理由最后一次次拖拉、给投资者造成不好的印象、建议今晚一定催促大股东及时反馈给公司。,002178_2021,83,84,1,Challenge,Q2针对A1中未收到进展的回答，抱怨延期并要求公司催促大股东反馈。,,,1
positive,今天过后会有公告吗 您好！公司正在积极与股东沟通，目前尚未收到大股东华融津投关于公开征集转让事项的进一步进展。如有新进展我们将及时公告。,前公告说五月十八号会公告股份转让情况，为什么没有公告,1,disclosure_detail,dep_reason,Q2针对A1未解释前公告时间点为何未公告而质问原因。,今天过后会有公告吗,您好！公司正在积极与股东沟通，目前尚未收到大股东华融津投关于公开征集转让事项的进一步进展。如有新进展我们将及时公告。,前公告说五月十八号会公告股份转让情况，为什么没有公告,002178_2021,83,86,3,Challenge,Q2针对A1未解释前公告时间点为何未公告而质问原因。,,,1
positive,大股东华融那边、总该有反馈的时间呀、公司应该及时催促大股东华融那边做好信息披露工作、毕竟都延期四次了、前几次次次都很准时、没理由最后一次次拖拉、给投资者造成不好的印象、建议今晚一定催促大股东及时反馈给公司。 公司正在积极与股东沟通。感谢您的建议！,前公告说五月十八号会公告股份转让情况，为什么没有公告,1,disclosure_detail,dep_reason,Q2针对Q1提及的延期信息披露，进一步追问前公告承诺未兑现的具体原因。,大股东华融那边、总该有反馈的时间呀、公司应该及时催促大股东华融那边做好信息披露工作、毕竟都延期四次了、前几次次次都很准时、没理由最后一次次拖拉、给投资者造成不好的印象、建议今晚一定催促大股东及时反馈给公司。,公司正在积极与股东沟通。感谢您的建议！,前公告说五月十八号会公告股份转让情况，为什么没有公告,002178_2021,84,86,2,Challenge,Q2针对Q1提及的延期信息披露，进一步追问前公告承诺未兑现的具体原因。,,,1
positive,截止日期已过，可否透漏下之前两家意向方 您好！公司正在积极与股东沟通，目前尚未收到大股东华融津投关于公开征集转让事项的进一步进展。如有新进展我们将及时公告。,前公告说五月十八号会公告股份转让情况，为什么没有公告,1,disclosure_detail,dep_reason,Q2针对A1中未收到进展及此前公告承诺时间，质问为何未公告，属于对回答状态和承诺的追责。,截止日期已过，可否透漏下之前两家意向方,您好！公司正在积极与股东沟通，目前尚未收到大股东华融津投关于公开征集转让事项的进一步进展。如有新进展我们将及时公告。,前公告说五月十八号会公告股份转让情况，为什么没有公告,002178_2021,85,86,1,Complaint,Q2针对A1中未收到进展及此前公告承诺时间，质问为何未公告，属于对回答状态和承诺的追责。,,,1
positive,截止日期已过，可否透漏下之前两家意向方 您好！公司正在积极与股东沟通，目前尚未收到大股东华融津投关于公开征集转让事项的进一步进展。如有新进展我们将及时公告。,公司转让存在不确定？为什么华融占百分之17的股权？,1,disclosure_detail,dep_reason,Q2针对A1中转让无进展追问不确定性，并询问A1提及的华融持股比例原因，依赖前文内容。,截止日期已过，可否透漏下之前两家意向方,您好！公司正在积极与股东沟通，目前尚未收到大股东华融津投关于公开征集转让事项的进一步进展。如有新进展我们将及时公告。,公司转让存在不确定？为什么华融占百分之17的股权？,002178_2021,85,89,4,Elaboration,Q2针对A1中转让无进展追问不确定性，并询问A1提及的华融持股比例原因，依赖前文内容。,,,1
positive,前公告说五月十八号会公告股份转让情况，为什么没有公告 您好！公司正在积极与股东沟通，目前尚未收到大股东华融津投关于公开征集转让事项的进一步进展。如有新进展我们将及时公告。,公司转让存在不确定？为什么华融占百分之17的股权？,1,disclosure_detail,dep_reason,Q2针对A1'尚未收到进展'追问转让不确定性，并延伸问股权比例。,前公告说五月十八号会公告股份转让情况，为什么没有公告,您好！公司正在积极与股东沟通，目前尚未收到大股东华融津投关于公开征集转让事项的进一步进展。如有新进展我们将及时公告。,公司转让存在不确定？为什么华融占百分之17的股权？,002178_2021,86,89,3,Elaboration,Q2针对A1'尚未收到进展'追问转让不确定性，并延伸问股权比例。,,,1
positive,公司转让存在不确定？为什么华融占百分之17的股权？ 你好！公司正在积极与股东沟通，目前尚未收到大股东华融津投关于公开征集转让事项的进一步进展。如有新进展我们将及时公告。大股东华融津投目前的持股比例为17.41%。,请问股权转让情况具体怎样了？,1,disclosure_detail,dep_reason,Q2重复追问A1中未明确进展的股权转让问题，隐含对回答不具体的催促。,公司转让存在不确定？为什么华融占百分之17的股权？,你好！公司正在积极与股东沟通，目前尚未收到大股东华融津投关于公开征集转让事项的进一步进展。如有新进展我们将及时公告。大股东华融津投目前的持股比例为17.41%。,请问股权转让情况具体怎样了？,002178_2021,89,92,3,Complaint,Q2重复追问A1中未明确进展的股权转让问题，隐含对回答不具体的催促。,,,1
positive,公司转让存在不确定？为什么华融占百分之17的股权？ 你好！公司正在积极与股东沟通，目前尚未收到大股东华融津投关于公开征集转让事项的进一步进展。如有新进展我们将及时公告。大股东华融津投目前的持股比例为17.41%。,股权转让结果什么时候发公告,1,disclosure_detail,dep_reason,Q2针对A1中所述转让事项无进展，追问结果公告时间。,公司转让存在不确定？为什么华融占百分之17的股权？,你好！公司正在积极与股东沟通，目前尚未收到大股东华融津投关于公开征集转让事项的进一步进展。如有新进展我们将及时公告。大股东华融津投目前的持股比例为17.41%。,股权转让结果什么时候发公告,002178_2021,89,94,5,Elaboration,Q2针对A1中所述转让事项无进展，追问结果公告时间。,,,1
positive,请问股权转让情况具体怎样了？ 您好！公司正在积极与股东沟通，目前尚未收到大股东华融津投关于公开征集转让事项的进一步进展。如有新进展我们将及时公告。,股权转让结果什么时候发公告,1,disclosure_detail,dep_reason,Q2针对A1中'如有新进展将及时公告'追问具体公告时间。,请问股权转让情况具体怎样了？,您好！公司正在积极与股东沟通，目前尚未收到大股东华融津投关于公开征集转让事项的进一步进展。如有新进展我们将及时公告。,股权转让结果什么时候发公告,002178_2021,92,94,2,Elaboration,Q2针对A1中'如有新进展将及时公告'追问具体公告时间。,,,1
positive,请问股权转让情况具体怎样了？ 您好！公司正在积极与股东沟通，目前尚未收到大股东华融津投关于公开征集转让事项的进一步进展。如有新进展我们将及时公告。,收盘了现在、可以公布股权转让结果了那,1,disclosure_detail,dep_reason,Q2针对A1未提供进展信息，收盘后催促公布结果。,请问股权转让情况具体怎样了？,您好！公司正在积极与股东沟通，目前尚未收到大股东华融津投关于公开征集转让事项的进一步进展。如有新进展我们将及时公告。,收盘了现在、可以公布股权转让结果了那,002178_2021,92,95,3,Complaint,Q2针对A1未提供进展信息，收盘后催促公布结果。,,,1
positive,请问股权转让情况具体怎样了？ 您好！公司正在积极与股东沟通，目前尚未收到大股东华融津投关于公开征集转让事项的进一步进展。如有新进展我们将及时公告。,重大事项怎么可以这么散漫对待，催下华融津投吧,1,disclosure_detail,dep_reason,Q2批评A1中'未收到进展'是敷衍，催促向股东施压。,请问股权转让情况具体怎样了？,您好！公司正在积极与股东沟通，目前尚未收到大股东华融津投关于公开征集转让事项的进一步进展。如有新进展我们将及时公告。,重大事项怎么可以这么散漫对待，催下华融津投吧,002178_2021,92,97,5,Complaint,Q2批评A1中'未收到进展'是敷衍，催促向股东施压。,,,1
positive,股权转让结果什么时候发公告 您好！公司正在积极与股东沟通，目前尚未收到大股东华融津投关于公开征集转让事项的进一步进展。如有新进展我们将及时公告。,收盘了现在、可以公布股权转让结果了那,1,disclosure_detail,dep_reason,Q2针对A1表示尚未发布公告的回应，收盘后催促立即公布股权转让结果。,股权转让结果什么时候发公告,您好！公司正在积极与股东沟通，目前尚未收到大股东华融津投关于公开征集转让事项的进一步进展。如有新进展我们将及时公告。,收盘了现在、可以公布股权转让结果了那,002178_2021,94,95,1,Complaint,Q2针对A1表示尚未发布公告的回应，收盘后催促立即公布股权转让结果。,,,1
positive,股权转让结果什么时候发公告 您好！公司正在积极与股东沟通，目前尚未收到大股东华融津投关于公开征集转让事项的进一步进展。如有新进展我们将及时公告。,重大事项怎么可以这么散漫对待，催下华融津投吧,1,disclosure_detail,dep_reason,Q2针对A1未收到进展的回应抱怨散漫并催促联系股东。,股权转让结果什么时候发公告,您好！公司正在积极与股东沟通，目前尚未收到大股东华融津投关于公开征集转让事项的进一步进展。如有新进展我们将及时公告。,重大事项怎么可以这么散漫对待，催下华融津投吧,002178_2021,94,97,3,Complaint,Q2针对A1未收到进展的回应抱怨散漫并催促联系股东。,,,1
positive,收盘了现在、可以公布股权转让结果了那 您好！公司正在积极与股东沟通，目前尚未收到大股东华融津投关于公开征集转让事项的进一步进展。如有新进展我们将及时公告。感谢您的关注！,重大事项怎么可以这么散漫对待，催下华融津投吧,2,answer_pressure,dep_reason,Q2针对A1的回复态度，抱怨重大事项处理散漫，要求催促华融津投。,收盘了现在、可以公布股权转让结果了那,您好！公司正在积极与股东沟通，目前尚未收到大股东华融津投关于公开征集转让事项的进一步进展。如有新进展我们将及时公告。感谢您的关注！,重大事项怎么可以这么散漫对待，催下华融津投吧,002178_2021,95,97,2,Complaint,Q2针对A1的回复态度，抱怨重大事项处理散漫，要求催促华融津投。,,,1
positive,公司曾于2021年9月25日发布的关于为子公司公开征寻战略合作伙伴的公告，为何到最后都没消息，不了了之？ 您好！目前尚未找到合适的战略合作伙伴共同发展子公司。欢迎广大投资者引荐合适资源。谢谢您对公司的关注。,重大事项怎么可以这么散漫对待，催下华融津投吧,1,disclosure_detail,dep_reason,Q2针对A1'尚未找到'的状态表达不满并催促采取具体行动，指向回答态度和进展缓慢。,公司曾于2021年9月25日发布的关于为子公司公开征寻战略合作伙伴的公告，为何到最后都没消息，不了了之？,您好！目前尚未找到合适的战略合作伙伴共同发展子公司。欢迎广大投资者引荐合适资源。谢谢您对公司的关注。,重大事项怎么可以这么散漫对待，催下华融津投吧,002178_2021,96,97,1,Complaint,Q2针对A1'尚未找到'的状态表达不满并催促采取具体行动，指向回答态度和进展缓慢。,,,1
positive,公司股权转让截止时间几月几号 您好！公司正在积极与股东沟通，目前尚未收到大股东华融津投关于公开征集转让事项的进一步进展。如有新进展我们将及时公告。,转让失败了啊？,1,disclosure_detail,dep_reason,Q2针对A1未收到进一步进展的表述，质疑转让是否已失败。,公司股权转让截止时间几月几号,您好！公司正在积极与股东沟通，目前尚未收到大股东华融津投关于公开征集转让事项的进一步进展。如有新进展我们将及时公告。,转让失败了啊？,002178_2021,101,102,1,Challenge,Q2针对A1未收到进一步进展的表述，质疑转让是否已失败。,,,1
positive,公司股权转让截止时间几月几号 您好！公司正在积极与股东沟通，目前尚未收到大股东华融津投关于公开征集转让事项的进一步进展。如有新进展我们将及时公告。,股份转让是否已经成功？什么时候发布公告,1,disclosure_detail,dep_reason,Q2针对同一股权转让事项追问是否成功及公告时间。,公司股权转让截止时间几月几号,您好！公司正在积极与股东沟通，目前尚未收到大股东华融津投关于公开征集转让事项的进一步进展。如有新进展我们将及时公告。,股份转让是否已经成功？什么时候发布公告,002178_2021,101,103,2,Elaboration,Q2针对同一股权转让事项追问是否成功及公告时间。,,,1
positive,转让失败了啊？ 您好！公司正在积极与股东沟通，目前尚未收到大股东华融津投关于公开征集转让事项的进一步进展。如有新进展我们将及时公告。,股份转让是否已经成功？什么时候发布公告,1,disclosure_detail,dep_reason,Q2重复追问A1未明确答复的同一问题，要求确认是否成功及公告时间。,转让失败了啊？,您好！公司正在积极与股东沟通，目前尚未收到大股东华融津投关于公开征集转让事项的进一步进展。如有新进展我们将及时公告。,股份转让是否已经成功？什么时候发布公告,002178_2021,102,103,1,Complaint,Q2重复追问A1未明确答复的同一问题，要求确认是否成功及公告时间。,,,1
positive,转让失败了啊？ 您好！公司正在积极与股东沟通，目前尚未收到大股东华融津投关于公开征集转让事项的进一步进展。如有新进展我们将及时公告。,大股东转让为何没结果，没公示,2,answer_pressure,dep_reason,Q2 针对 A1 未给出明确结果以及未公示继续质疑。,转让失败了啊？,您好！公司正在积极与股东沟通，目前尚未收到大股东华融津投关于公开征集转让事项的进一步进展。如有新进展我们将及时公告。,大股东转让为何没结果，没公示,002178_2021,102,105,3,Complaint,Q2 针对 A1 未给出明确结果以及未公示继续质疑。,,,1
positive,股份转让是否已经成功？什么时候发布公告 您好！公司正在积极与股东沟通，目前尚未收到大股东华融津投关于公开征集转让事项的进一步进展。如有新进展我们将及时公告。」,大股东转让为何没结果，没公示,1,disclosure_detail,dep_reason,Q2针对A1中大股东转让无进展、无公告状态追问原因。,股份转让是否已经成功？什么时候发布公告,您好！公司正在积极与股东沟通，目前尚未收到大股东华融津投关于公开征集转让事项的进一步进展。如有新进展我们将及时公告。」,大股东转让为何没结果，没公示,002178_2021,103,105,2,Elaboration,Q2针对A1中大股东转让无进展、无公告状态追问原因。,,,1
positive,大股东转让为何没结果，没公示 您好！公司正在积极与股东沟通，目前尚未收到大股东华融津投关于公开征集转让事项的进一步进展。如有新进展我们将及时公告。,您好，请问公司的股权转让事宜进行的怎样了？,1,disclosure_detail,dep_reason,Q2继续追问A1未实质回应的同一转让进展问题，构成交互催促。,大股东转让为何没结果，没公示,您好！公司正在积极与股东沟通，目前尚未收到大股东华融津投关于公开征集转让事项的进一步进展。如有新进展我们将及时公告。,您好，请问公司的股权转让事宜进行的怎样了？,002178_2021,105,109,4,Complaint,Q2继续追问A1未实质回应的同一转让进展问题，构成交互催促。,,,1
positive,大股东转让为何没结果，没公示 您好！公司正在积极与股东沟通，目前尚未收到大股东华融津投关于公开征集转让事项的进一步进展。如有新进展我们将及时公告。,前几次的股权转让征集截止日结果都有很及时的公告，每次都有，昨天这次为什么没出公告，不管什么结果都得出个公告吧,1,disclosure_detail,dep_reason,Q2质疑A1所述未收到进展便不公告，认为无论结果都应公告。,大股东转让为何没结果，没公示,您好！公司正在积极与股东沟通，目前尚未收到大股东华融津投关于公开征集转让事项的进一步进展。如有新进展我们将及时公告。,前几次的股权转让征集截止日结果都有很及时的公告，每次都有，昨天这次为什么没出公告，不管什么结果都得出个公告吧,002178_2021,105,110,5,Challenge,Q2质疑A1所述未收到进展便不公告，认为无论结果都应公告。,,,1
positive,有传言说是华为接手股权，请问消息属实吗 关于股权转让的情况和进展，以公司发布的公告为准。,您好，请问公司的股权转让事宜进行的怎样了？,1,disclosure_detail,dep_reason,Q2针对A1中提到的股权转让进展情况，要求进一步说明具体进展。,有传言说是华为接手股权，请问消息属实吗,关于股权转让的情况和进展，以公司发布的公告为准。,您好，请问公司的股权转让事宜进行的怎样了？,002178_2021,107,109,2,Elaboration,Q2针对A1中提到的股权转让进展情况，要求进一步说明具体进展。,,,1
positive,有传言说是华为接手股权，请问消息属实吗 关于股权转让的情况和进展，以公司发布的公告为准。,前几次的股权转让征集截止日结果都有很及时的公告，每次都有，昨天这次为什么没出公告，不管什么结果都得出个公告吧,1,disclosure_detail,dep_reason,Q2针对A1提及的公告，质疑为什么本次未出公告，挑战回答的可靠性。,有传言说是华为接手股权，请问消息属实吗,关于股权转让的情况和进展，以公司发布的公告为准。,前几次的股权转让征集截止日结果都有很及时的公告，每次都有，昨天这次为什么没出公告，不管什么结果都得出个公告吧,002178_2021,107,110,3,Challenge,Q2针对A1提及的公告，质疑为什么本次未出公告，挑战回答的可靠性。,,,1
positive,有传言说是华为接手股权，请问消息属实吗 关于股权转让的情况和进展，以公司发布的公告为准。,请问股权转让有什么进展,1,disclosure_detail,dep_reason,Q2在A1以公告为准回避后继续追问同一事项进展，针对未正面回答。,有传言说是华为接手股权，请问消息属实吗,关于股权转让的情况和进展，以公司发布的公告为准。,请问股权转让有什么进展,002178_2021,107,111,4,Complaint,Q2在A1以公告为准回避后继续追问同一事项进展，针对未正面回答。,,,1
positive,您好，请问公司的股权转让事宜进行的怎样了？ 您好！公司正在积极与股东沟通，目前尚未收到大股东华融津投关于公开征集转让事项的进一步进展。如有新进展我们将及时公告。,前几次的股权转让征集截止日结果都有很及时的公告，每次都有，昨天这次为什么没出公告，不管什么结果都得出个公告吧,1,disclosure_detail,dep_reason,Q2针对A1中公开征集转让进展的公告缺失提出质疑，引用前几次公告惯例进行追问。,您好，请问公司的股权转让事宜进行的怎样了？,您好！公司正在积极与股东沟通，目前尚未收到大股东华融津投关于公开征集转让事项的进一步进展。如有新进展我们将及时公告。,前几次的股权转让征集截止日结果都有很及时的公告，每次都有，昨天这次为什么没出公告，不管什么结果都得出个公告吧,002178_2021,109,110,1,Challenge,Q2针对A1中公开征集转让进展的公告缺失提出质疑，引用前几次公告惯例进行追问。,,,1
positive,您好，请问公司的股权转让事宜进行的怎样了？ 您好！公司正在积极与股东沟通，目前尚未收到大股东华融津投关于公开征集转让事项的进一步进展。如有新进展我们将及时公告。,请问股权转让有什么进展,1,disclosure_detail,dep_reason,Q2重复追问A1未正面回答的同一进展问题。,您好，请问公司的股权转让事宜进行的怎样了？,您好！公司正在积极与股东沟通，目前尚未收到大股东华融津投关于公开征集转让事项的进一步进展。如有新进展我们将及时公告。,请问股权转让有什么进展,002178_2021,109,111,2,Complaint,Q2重复追问A1未正面回答的同一进展问题。,,,1
positive,您好，请问公司的股权转让事宜进行的怎样了？ 您好！公司正在积极与股东沟通，目前尚未收到大股东华融津投关于公开征集转让事项的进一步进展。如有新进展我们将及时公告。,已经过了你们公告的时间18号，为什么没公告？,1,disclosure_detail,dep_reason,Q2针对A1承诺的公告未在18号发出进行催促和质疑。,您好，请问公司的股权转让事宜进行的怎样了？,您好！公司正在积极与股东沟通，目前尚未收到大股东华融津投关于公开征集转让事项的进一步进展。如有新进展我们将及时公告。,已经过了你们公告的时间18号，为什么没公告？,002178_2021,109,114,5,Complaint,Q2针对A1承诺的公告未在18号发出进行催促和质疑。,,,1
positive,前几次的股权转让征集截止日结果都有很及时的公告，每次都有，昨天这次为什么没出公告，不管什么结果都得出个公告吧 您好！公司正在积极与股东沟通，目前尚未收到大股东华融津投关于公开征集转让事项的进一步进展。如有新进展我们将及时公告。,请问股权转让有什么进展,1,disclosure_detail,dep_reason,"Q2针对A1中""尚未收到进一步进展""继续追问股权转让最新进展。",前几次的股权转让征集截止日结果都有很及时的公告，每次都有，昨天这次为什么没出公告，不管什么结果都得出个公告吧,您好！公司正在积极与股东沟通，目前尚未收到大股东华融津投关于公开征集转让事项的进一步进展。如有新进展我们将及时公告。,请问股权转让有什么进展,002178_2021,110,111,1,Elaboration,"Q2针对A1中""尚未收到进一步进展""继续追问股权转让最新进展。",,,1
positive,前几次的股权转让征集截止日结果都有很及时的公告，每次都有，昨天这次为什么没出公告，不管什么结果都得出个公告吧 您好！公司正在积极与股东沟通，目前尚未收到大股东华融津投关于公开征集转让事项的进一步进展。如有新进展我们将及时公告。,已经过了你们公告的时间18号，为什么没公告？,1,disclosure_detail,dep_reason,Q2针对A1未按预期公告结果而进一步追问，依赖A1的未公告状态。,前几次的股权转让征集截止日结果都有很及时的公告，每次都有，昨天这次为什么没出公告，不管什么结果都得出个公告吧,您好！公司正在积极与股东沟通，目前尚未收到大股东华融津投关于公开征集转让事项的进一步进展。如有新进展我们将及时公告。,已经过了你们公告的时间18号，为什么没公告？,002178_2021,110,114,4,Complaint,Q2针对A1未按预期公告结果而进一步追问，依赖A1的未公告状态。,,,1
positive,前几次的股权转让征集截止日结果都有很及时的公告，每次都有，昨天这次为什么没出公告，不管什么结果都得出个公告吧 您好！公司正在积极与股东沟通，目前尚未收到大股东华融津投关于公开征集转让事项的进一步进展。如有新进展我们将及时公告。,华融股份转让成功了吗？,1,disclosure_detail,dep_reason,Q2在A1说明未收到进展后，追问转让是否成功，是对同一事项结果的进一步确认。,前几次的股权转让征集截止日结果都有很及时的公告，每次都有，昨天这次为什么没出公告，不管什么结果都得出个公告吧,您好！公司正在积极与股东沟通，目前尚未收到大股东华融津投关于公开征集转让事项的进一步进展。如有新进展我们将及时公告。,华融股份转让成功了吗？,002178_2021,110,115,5,Elaboration,Q2在A1说明未收到进展后，追问转让是否成功，是对同一事项结果的进一步确认。,,,1
positive,请问股权转让有什么进展 您好！公司正在积极与股东沟通，目前尚未收到大股东华融津投关于公开征集转让事项的进一步进展。如有新进展我们将及时公告。,已经过了你们公告的时间18号，为什么没公告？,1,disclosure_detail,dep_reason,Q2针对A1承诺及时公告但逾期未公告进行质疑催促。,请问股权转让有什么进展,您好！公司正在积极与股东沟通，目前尚未收到大股东华融津投关于公开征集转让事项的进一步进展。如有新进展我们将及时公告。,已经过了你们公告的时间18号，为什么没公告？,002178_2021,111,114,3,Complaint,Q2针对A1承诺及时公告但逾期未公告进行质疑催促。,,,1
positive,请问股权转让有什么进展 您好！公司正在积极与股东沟通，目前尚未收到大股东华融津投关于公开征集转让事项的进一步进展。如有新进展我们将及时公告。,华融股份转让成功了吗？,1,disclosure_detail,dep_reason,Q2针对A1中股权转让事项的进展状态，进一步追问华融股份转让是否已成功。,请问股权转让有什么进展,您好！公司正在积极与股东沟通，目前尚未收到大股东华融津投关于公开征集转让事项的进一步进展。如有新进展我们将及时公告。,华融股份转让成功了吗？,002178_2021,111,115,4,Elaboration,Q2针对A1中股权转让事项的进展状态，进一步追问华融股份转让是否已成功。,,,1
positive,请问股权转让有什么进展 您好！公司正在积极与股东沟通，目前尚未收到大股东华融津投关于公开征集转让事项的进一步进展。如有新进展我们将及时公告。,股权转让成功了吗怎么还不发公告？,1,disclosure_detail,dep_reason,Q2针对A1‘尚未收到进展’的回复催促公告，属于交互依赖。,请问股权转让有什么进展,您好！公司正在积极与股东沟通，目前尚未收到大股东华融津投关于公开征集转让事项的进一步进展。如有新进展我们将及时公告。,股权转让成功了吗怎么还不发公告？,002178_2021,111,116,5,Complaint,Q2针对A1‘尚未收到进展’的回复催促公告，属于交互依赖。,,,1
positive,已经过了你们公告的时间18号，为什么没公告？ 您好！公司正在积极与股东沟通，目前尚未收到大股东华融津投关于公开征集转让事项的进一步进展。如有新进展我们将及时公告。,股权转让成功了吗怎么还不发公告？,1,disclosure_detail,dep_reason,Q2重复追问A1未正面回答的公告进展问题，催促发公告。,已经过了你们公告的时间18号，为什么没公告？,您好！公司正在积极与股东沟通，目前尚未收到大股东华融津投关于公开征集转让事项的进一步进展。如有新进展我们将及时公告。,股权转让成功了吗怎么还不发公告？,002178_2021,114,116,2,Complaint,Q2重复追问A1未正面回答的公告进展问题，催促发公告。,,,1
positive,华融股份转让成功了吗？ 您好！公司正在积极与股东沟通，目前尚未收到大股东华融津投关于公开征集转让事项的进一步进展。如有新进展我们将及时公告。」,股权转让成功了吗怎么还不发公告？,1,disclosure_detail,dep_reason,Q2重复Q1核心问题并质问为何不发公告，直接针对A1回避性回答进行催促。,华融股份转让成功了吗？,您好！公司正在积极与股东沟通，目前尚未收到大股东华融津投关于公开征集转让事项的进一步进展。如有新进展我们将及时公告。」,股权转让成功了吗怎么还不发公告？,002178_2021,115,116,1,Complaint,Q2重复Q1核心问题并质问为何不发公告，直接针对A1回避性回答进行催促。,,,1
positive,连续6年扣非，都是亏损的，没有打算转行吗 您好！公司董事会及管理层也将努力改善公司的经营环境，不断提高公司的持续经营能力，切实维护公司和全体股东的权益：1、聚焦主业，稳步经营，促进公司可持续发展；2、强化成本费用管控，强化人员协同能力，降低运营成本；3、持续投入科研创新，优化业务与收入结构，推进数字化发展；同时，持续优化业务与收入结构，增加软件、云平台、信息服务的收入占比，推进数字化发展，进一步提高公司的盈利能力。4、盘活存量资产，加强应收款项回收力度，增加公司收益。感谢您的关注！,为什么业绩一年特别差，一年微利，往复循环好几年了？公司拿什么提振投资者信心？,2,performance_governance,dep_reason,Q2针对Q1连续亏损和A1改善承诺，追问业绩波动原因和提振信心具体措施。,连续6年扣非，都是亏损的，没有打算转行吗,您好！公司董事会及管理层也将努力改善公司的经营环境，不断提高公司的持续经营能力，切实维护公司和全体股东的权益：1、聚焦主业，稳步经营，促进公司可持续发展；2、强化成本费用管控，强化人员协同能力，降低运营成本；3、持续投入科研创新，优化业务与收入结构，推进数字化发展；同时，持续优化业务与收入结构，增加软件、云平台、信息服务的收入占比，推进数字化发展，进一步提高公司的盈利能力。4、盘活存量资产，加强应收款项回收力度，增加公司收益。感谢您的关注！,为什么业绩一年特别差，一年微利，往复循环好几年了？公司拿什么提振投资者信心？,002178_2022,3,6,3,Elaboration,Q2针对Q1连续亏损和A1改善承诺，追问业绩波动原因和提振信心具体措施。,,,1
positive,贵公司今年有拿到什么大单吗？怎么从来没看到你们公司发布拿到什么大单消息？你们有努力去争取拿大单吗？有什么举措吗？贵公司股价一直跌？是什么原因呢？ 您好！公司围绕“智慧城市、智慧医疗建设、运营和服务的综合提供商”的战略定位，聚焦智慧医疗与大健康、智慧城市与云平台、绿色双碳与数字能源三大业务板块。公司综合利用物联网、云计算、大数据和人工智能等新技术积极发展公司智慧城市的业务。对于达到披露标准的相关项目，公司也将及时履行披露义务。公司股价在二级市场的走势受多种因素影响，包括宏观政策、大盘行情、所处行业等多重因素等。公司董事会及管理层也将努力改善公司的经营环境，不断提高公司的持续经营能力，切实维护公司和全体股东的权益。,今年为提升公司业绩作什么努力,2,performance_governance,dep_reason,Q2针对A1中‘努力改善经营环境’的笼统承诺追问具体举措。,贵公司今年有拿到什么大单吗？怎么从来没看到你们公司发布拿到什么大单消息？你们有努力去争取拿大单吗？有什么举措吗？贵公司股价一直跌？是什么原因呢？,您好！公司围绕“智慧城市、智慧医疗建设、运营和服务的综合提供商”的战略定位，聚焦智慧医疗与大健康、智慧城市与云平台、绿色双碳与数字能源三大业务板块。公司综合利用物联网、云计算、大数据和人工智能等新技术积极发展公司智慧城市的业务。对于达到披露标准的相关项目，公司也将及时履行披露义务。公司股价在二级市场的走势受多种因素影响，包括宏观政策、大盘行情、所处行业等多重因素等。公司董事会及管理层也将努力改善公司的经营环境，不断提高公司的持续经营能力，切实维护公司和全体股东的权益。,今年为提升公司业绩作什么努力,002178_2022,7,12,5,Elaboration,Q2针对A1中‘努力改善经营环境’的笼统承诺追问具体举措。,,,1
positive,公司以后还被大股东转让么，大股东为什么不对公司注入新资产？ 您好！目前公司没有收到大股东关于股权转让及资产注入安排的通知。后续如有涉及，公司将严格履行信息披露义务。感谢您的关注！,大股东最近有没有转让股权计划,1,disclosure_detail,dep_reason,Q2重复Q1关于股权转让计划的问题，A1仅表示未收到通知，属回避回答。,公司以后还被大股东转让么，大股东为什么不对公司注入新资产？,您好！目前公司没有收到大股东关于股权转让及资产注入安排的通知。后续如有涉及，公司将严格履行信息披露义务。感谢您的关注！,大股东最近有没有转让股权计划,002178_2022,8,11,3,Complaint,Q2重复Q1关于股权转让计划的问题，A1仅表示未收到通知，属回避回答。,,,1
positive,23年的研发资金投入为何减少了 您好！公司专注研发的多项新产品技术成熟度已成功通过国家检测标准，形成新产品进入市场推广。研发投入将根据研发项目进度变化，具体变化请关注公司定期报告。,23年的研究资金投入为何减少了,1,disclosure_detail,dep_reason,人工复核：Q2针对A1未解释研发投入减少原因，继续要求说明23年研发资金下降。,23年的研发资金投入为何减少了,您好！公司专注研发的多项新产品技术成熟度已成功通过国家检测标准，形成新产品进入市场推广。研发投入将根据研发项目进度变化，具体变化请关注公司定期报告。,23年的研究资金投入为何减少了,002178_2023,9,10,1,Challenge,人工复核：Q2针对A1未解释研发投入减少原因，继续要求说明23年研发资金下降。,,,1
positive,请问公司是否属于新质生产力范畴，如是的话请问就目前贵司业务布局来说到哪一步了? 您好！公司将积极响应新质生产力的创新发展要求，引导产品和服务转型升级，推动公司高质量发展。,提振股价才是真，说其他的对股民来说都没用！,2,answer_pressure,dep_reason,Q2针对A1笼统回应表示不满，抱怨回答对股民无用，属于交互依赖。,请问公司是否属于新质生产力范畴，如是的话请问就目前贵司业务布局来说到哪一步了?,您好！公司将积极响应新质生产力的创新发展要求，引导产品和服务转型升级，推动公司高质量发展。,提振股价才是真，说其他的对股民来说都没用！,002178_2023,11,15,4,Complaint,Q2针对A1笼统回应表示不满，抱怨回答对股民无用，属于交互依赖。,,,1
positive,"公司种植的中草药有哪几种？哪些是自用的,哪些是上市销售的？面积多少亩？ 吉祥草种植面积4000亩，虎耳草正在进行种植实施建设，百尾参完成了种子发芽技术攻关，2011年下半年开始育苗。山银花已种植9000亩，2013年开始采收。以上这些都是自用的。太子参共种植了11000亩，今天7月底开始采收，全部用于销售。",公司种植的太子参7月可以产新了吧？目前太子参收购价格还在相对高位，实际上都知道价格已经脱离其实际价值了，由于价格高企，许多药店都用党参替代太子参了，江中制药甚至都停产了几个月，提醒贵公司尽快出手，将利润锁定，不要等太子参价格暴跌后（这是大概率事件）就后悔来不及了，公司有对应的预防措施吗？请务必重视股东们的建议。谢谢！,1,disclosure_detail,dep_reason,A1列出公司中草药种植品种，并特别说明太子参种植面积、采收时间及全部用于销售。Q2围绕太子参采收、价格风险和应对措施继续提问，是针对A1中太子参销售安排的风险追问。,"公司种植的中草药有哪几种？哪些是自用的,哪些是上市销售的？面积多少亩？",吉祥草种植面积4000亩，虎耳草正在进行种植实施建设，百尾参完成了种子发芽技术攻关，2011年下半年开始育苗。山银花已种植9000亩，2013年开始采收。以上这些都是自用的。太子参共种植了11000亩，今天7月底开始采收，全部用于销售。,公司种植的太子参7月可以产新了吧？目前太子参收购价格还在相对高位，实际上都知道价格已经脱离其实际价值了，由于价格高企，许多药店都用党参替代太子参了，江中制药甚至都停产了几个月，提醒贵公司尽快出手，将利润锁定，不要等太子参价格暴跌后（这是大概率事件）就后悔来不及了，公司有对应的预防措施吗？请务必重视股东们的建议。谢谢！,002424_2010,7,11,4,Challenge,A1列出公司中草药种植品种，并特别说明太子参种植面积、采收时间及全部用于销售。Q2围绕太子参采收、价格风险和应对措施继续提问，是针对A1中太子参销售安排的风险追问。,,,1
positive,我是贵公司的一名普通投资者。我长期看好中药行业，更看好具有垄断地位的民族中药企业。另外，我还是贵公司的一名忠实消费者，像VC银翘片等，我和我的家人只用“百灵”牌的。所以对于公司未来的发展我非常有信心，也非常想成为贵公司的一名长期投资者，关于公司的发展我有几个问题想请教黄总经理：1、公司研发的抗乙肝新药Y101项目进展情况如何，预计该药何时能正式投产为公司贡献利润。2、现在已经进入7月份，太子参已经进入了收获期，现在对今年的收成情况应该有一个比较准确的判断，那么预计今年太子参能为公司贡献多少利润。3、公司投资兴建的苗药工业园目前项目进展如何。 您好，非常感谢您对贵州百灵的长期关心和厚爱！1、Y101作为国家一类新药，其研发工作的艰巨性是客观存在的。SFDA对其程序及各项各项试验有严格规定，必须依照规定认真完成。目前，Y101临床前研究工作进展顺利。如有新的进展，公司将及时进行信息披露；2、关于太子参的种植问题，我们正积极研究市场变化趋势，把握时机，实现公司效率的增长；3、苗药产业的整合是公司的战略目标，公司将会在认真讨论分析，充分调研论证后实施有关项目，请投资者关注公司发布的相关公告！,公司Y101抗乙肝病毒一类新药今年能顺利进入临床一期吗？怎么临床前研究进行了那么长时间还未进入临床试验，是得不到SFDA的批件还是出了什么问题？这关系到贵公司的长期核心竞争力，请客观如实答复。谢谢！,1,disclosure_detail,dep_reason,Q2针对A1中Y101回答的进展拖延和未提供临床时间表进行质疑追问，并要求客观如实答复。,我是贵公司的一名普通投资者。我长期看好中药行业，更看好具有垄断地位的民族中药企业。另外，我还是贵公司的一名忠实消费者，像VC银翘片等，我和我的家人只用“百灵”牌的。所以对于公司未来的发展我非常有信心，也非常想成为贵公司的一名长期投资者，关于公司的发展我有几个问题想请教黄总经理：1、公司研发的抗乙肝新药Y101项目进展情况如何，预计该药何时能正式投产为公司贡献利润。2、现在已经进入7月份，太子参已经进入了收获期，现在对今年的收成情况应该有一个比较准确的判断，那么预计今年太子参能为公司贡献多少利润。3、公司投资兴建的苗药工业园目前项目进展如何。,您好，非常感谢您对贵州百灵的长期关心和厚爱！1、Y101作为国家一类新药，其研发工作的艰巨性是客观存在的。SFDA对其程序及各项各项试验有严格规定，必须依照规定认真完成。目前，Y101临床前研究工作进展顺利。如有新的进展，公司将及时进行信息披露；2、关于太子参的种植问题，我们正积极研究市场变化趋势，把握时机，实现公司效率的增长；3、苗药产业的整合是公司的战略目标，公司将会在认真讨论分析，充分调研论证后实施有关项目，请投资者关注公司发布的相关公告！,公司Y101抗乙肝病毒一类新药今年能顺利进入临床一期吗？怎么临床前研究进行了那么长时间还未进入临床试验，是得不到SFDA的批件还是出了什么问题？这关系到贵公司的长期核心竞争力，请客观如实答复。谢谢！,002424_2010,19,21,2,Challenge,Q2针对A1中Y101回答的进展拖延和未提供临床时间表进行质疑追问，并要求客观如实答复。,,,1
positive,请问公司对贵州苗药企业收购是否得到省政府的支持？Y101抗乙肝病毒药是治疗性药物还是疫苗类药物。 您好！苗药产业是贵州省委、省政府制定的十二五规划新兴支柱产业，其发展得到省委、省政府的高度重视和大力支持，推动苗药产业的整合是各级政府大力倡导的一项工作。在公司已实施的收购项目中已得到各级政府的大力帮助和支持。y101是治疗性药物。,请问公司整合苗药的动作在接下来有何实质性进展？并购是否还将继续？8亿超募资金是否被挪用？？,1,disclosure_detail,dep_reason,Q2前两问针对苗药收购话题追问实质性进展与后续并购，属于内容依赖。,请问公司对贵州苗药企业收购是否得到省政府的支持？Y101抗乙肝病毒药是治疗性药物还是疫苗类药物。,您好！苗药产业是贵州省委、省政府制定的十二五规划新兴支柱产业，其发展得到省委、省政府的高度重视和大力支持，推动苗药产业的整合是各级政府大力倡导的一项工作。在公司已实施的收购项目中已得到各级政府的大力帮助和支持。y101是治疗性药物。,请问公司整合苗药的动作在接下来有何实质性进展？并购是否还将继续？8亿超募资金是否被挪用？？,002424_2010,22,25,3,Elaboration,Q2前两问针对苗药收购话题追问实质性进展与后续并购，属于内容依赖。,,,1
positive,公司终级目标是啥..每年给股民的回报大概有多少...希望我没有买错002424.........谢谢 公司将致力于发展成为中成药领域的优秀企业、苗药龙头，对我国民族药的推广及发展出一份力。公司将本着制定的发展战略，通过管理创新，技术创新、制度创新的手段，保障各位投资者的价值回报。,请问公司整合苗药的动作在接下来有何实质性进展？并购是否还将继续？8亿超募资金是否被挪用？？,1,disclosure_detail,dep_reason,Q2针对A1中苗药龙头定位，追问整合苗药实质性进展。,公司终级目标是啥..每年给股民的回报大概有多少...希望我没有买错002424.........谢谢,公司将致力于发展成为中成药领域的优秀企业、苗药龙头，对我国民族药的推广及发展出一份力。公司将本着制定的发展战略，通过管理创新，技术创新、制度创新的手段，保障各位投资者的价值回报。,请问公司整合苗药的动作在接下来有何实质性进展？并购是否还将继续？8亿超募资金是否被挪用？？,002424_2010,24,25,1,Elaboration,Q2针对A1中苗药龙头定位，追问整合苗药实质性进展。,,,1
positive,未来5年的发展目标是什么？为完成目标，公司可能会遇到什么困难？ 本公司的发展战略是：以市场为导向，以产品为基础，以品牌为支撑，以人才为根本，以效率为目标，以技术创新、制度创新、管理创新为手段，打造公司核心竞争力；优化产品结构和技术结构，加快新产品开发和技术开发，强化公司可持续发展能力；充分利用公司产品、市场、营销及人才优势和品牌知名度，强化公司在苗药领域的龙头地位，力争成为中成药领域具有核心竞争优势的企业。公司可能遇到的困难：1、公司的咳速停糖浆及胶囊，VC银翘片要持续快速增长存在一定困难。2、公司的部分产品，特别是医保产品（政府定价）存在降价的风险。3、主要原材料涨价的困难。中药材大价格近年涨幅较快，西药原材料价格波动较大。4、新药研发周期长、环节多，易受一些不可预测因素影响，存在新产品开发和审批的困难。,公司未来三年的营业收入和利润的增长目标是多少,2,strategy_planning,dep_reason,人工复核：Q2针对A1战略目标继续要求量化未来三年收入和利润增长目标。,未来5年的发展目标是什么？为完成目标，公司可能会遇到什么困难？,本公司的发展战略是：以市场为导向，以产品为基础，以品牌为支撑，以人才为根本，以效率为目标，以技术创新、制度创新、管理创新为手段，打造公司核心竞争力；优化产品结构和技术结构，加快新产品开发和技术开发，强化公司可持续发展能力；充分利用公司产品、市场、营销及人才优势和品牌知名度，强化公司在苗药领域的龙头地位，力争成为中成药领域具有核心竞争优势的企业。公司可能遇到的困难：1、公司的咳速停糖浆及胶囊，VC银翘片要持续快速增长存在一定困难。2、公司的部分产品，特别是医保产品（政府定价）存在降价的风险。3、主要原材料涨价的困难。中药材大价格近年涨幅较快，西药原材料价格波动较大。4、新药研发周期长、环节多，易受一些不可预测因素影响，存在新产品开发和审批的困难。,公司未来三年的营业收入和利润的增长目标是多少,002424_2010,30,35,5,Elaboration,人工复核：Q2针对A1战略目标继续要求量化未来三年收入和利润增长目标。,,,1
positive,请介绍一下苗药整合的战略问题。苗药资源在贵州确实很丰富，公司大概分几步走呢？又没有目前中意的公司资源？何谓比较好的苗药整合标的？ 贵州的苗药资源存在资源分散，优势企业没有集中优势资源的现状，拥有苗药产品的企业很多受制于资金、营销、产能等因素制约而不能发挥效应。因此，苗药资源的整合势在必行。贵州百灵上市后具有资金优势，同时具备多年形成的营销、品牌、研发等优势，所以贵州百灵具备整合的条件。我们将围绕丰富公司产品这一指导思想去积极实施这一战略。,黄总您好：请问贵公司对苗药的整合，有什么计划？还有就是，贵公司有没有向生物制药的进军的想法！,2,answer_pressure,dep_reason,Q2要求苗药整合的具体计划，A1未正面回应，是针对回答不充分的催促。,请介绍一下苗药整合的战略问题。苗药资源在贵州确实很丰富，公司大概分几步走呢？又没有目前中意的公司资源？何谓比较好的苗药整合标的？,贵州的苗药资源存在资源分散，优势企业没有集中优势资源的现状，拥有苗药产品的企业很多受制于资金、营销、产能等因素制约而不能发挥效应。因此，苗药资源的整合势在必行。贵州百灵上市后具有资金优势，同时具备多年形成的营销、品牌、研发等优势，所以贵州百灵具备整合的条件。我们将围绕丰富公司产品这一指导思想去积极实施这一战略。,黄总您好：请问贵公司对苗药的整合，有什么计划？还有就是，贵公司有没有向生物制药的进军的想法！,002424_2010,36,39,3,Complaint,Q2要求苗药整合的具体计划，A1未正面回应，是针对回答不充分的催促。,,,1
positive,请介绍一下苗药整合的战略问题。苗药资源在贵州确实很丰富，公司大概分几步走呢？又没有目前中意的公司资源？何谓比较好的苗药整合标的？ 贵州的苗药资源存在资源分散，优势企业没有集中优势资源的现状，拥有苗药产品的企业很多受制于资金、营销、产能等因素制约而不能发挥效应。因此，苗药资源的整合势在必行。贵州百灵上市后具有资金优势，同时具备多年形成的营销、品牌、研发等优势，所以贵州百灵具备整合的条件。我们将围绕丰富公司产品这一指导思想去积极实施这一战略。,1、目前，公司有没有赶超壹佰和神奇的计划，或者说，有收购这两家企业的想法吗,1,disclosure_detail,dep_reason,A1说明苗药资源分散、公司具备整合条件，并表示将围绕丰富产品实施苗药整合战略，但未说明具体标的。Q2追问是否有收购壹佰和神奇的想法，是对A1中苗药整合战略的标的细化。,请介绍一下苗药整合的战略问题。苗药资源在贵州确实很丰富，公司大概分几步走呢？又没有目前中意的公司资源？何谓比较好的苗药整合标的？,贵州的苗药资源存在资源分散，优势企业没有集中优势资源的现状，拥有苗药产品的企业很多受制于资金、营销、产能等因素制约而不能发挥效应。因此，苗药资源的整合势在必行。贵州百灵上市后具有资金优势，同时具备多年形成的营销、品牌、研发等优势，所以贵州百灵具备整合的条件。我们将围绕丰富公司产品这一指导思想去积极实施这一战略。,1、目前，公司有没有赶超壹佰和神奇的计划，或者说，有收购这两家企业的想法吗,002424_2010,36,40,4,Elaboration,A1说明苗药资源分散、公司具备整合条件，并表示将围绕丰富产品实施苗药整合战略，但未说明具体标的。Q2追问是否有收购壹佰和神奇的想法，是对A1中苗药整合战略的标的细化。,,,1
positive,公司现在高速扩张，产生投资回报的时间预期是多久？公司的高速成长性可持续多少年？ 您好！公司致力于发展成为苗药产业龙头企业和中成药领域具有核心竞争优势的企业。为公司将在国家新医改宏观利好政策的支持下，积极发挥资金、营销、研发、品牌等优势，实现快速增长。目前公司投资的主要项目如天台山GMP生产线投资的期约为5年。GAP种植基地约为7年。随着这些项目的建成投产，将会为公司带来持续发展的动力。,黄总您好：请问贵公司对苗药的整合，有什么计划？还有就是，贵公司有没有向生物制药的进军的想法！,2,strategy_planning,dep_reason,A1将公司定位为苗药产业龙头，并描述资金、营销、研发和品牌优势将支持快速增长。Q2继续追问苗药整合计划及是否进军生物制药，是对A1战略定位和增长路径的具体化追问。,公司现在高速扩张，产生投资回报的时间预期是多久？公司的高速成长性可持续多少年？,您好！公司致力于发展成为苗药产业龙头企业和中成药领域具有核心竞争优势的企业。为公司将在国家新医改宏观利好政策的支持下，积极发挥资金、营销、研发、品牌等优势，实现快速增长。目前公司投资的主要项目如天台山GMP生产线投资的期约为5年。GAP种植基地约为7年。随着这些项目的建成投产，将会为公司带来持续发展的动力。,黄总您好：请问贵公司对苗药的整合，有什么计划？还有就是，贵公司有没有向生物制药的进军的想法！,002424_2010,37,39,2,Elaboration,A1将公司定位为苗药产业龙头，并描述资金、营销、研发和品牌优势将支持快速增长。Q2继续追问苗药整合计划及是否进军生物制药，是对A1战略定位和增长路径的具体化追问。,,,1
positive,请问（1）贵公司大股东频繁质押股权，目的是什么?是因为公司缺钱还是别的原因？能给公司带来什么好处？（2）公司的资金会不会被大股东拿到地产中去？有什么措施进行防范？人的精力是有限的，姜伟董事长能否抛弃地产，只从事医药，把百灵做强做大，毕竟现在百灵还没有一个重磅药和独家药，在中国医药行业的竞争力还不是很强的。（3）网页也是宣传公司的一个很好途径，但贵公司的网页迟迟不进行更新，是什么原因导致的？公司对此有什么计划进行改进？谢谢！ 谢谢您的建议和对公司全方位的关心！关于大股东股权质押，公司将及时做好信息披露工作，并将您的建议及时转达给姜伟董事长。我们会一如既往的继续努力，把贵州百灵发展成为具有核心竞争优势的苗药龙头企业。公司严格执行相关制度防范大股东及关联方占用公司资金，不存在公司资金被大股东及关联方占用的情况。关于公司网站，我们现已组成专门人员进行维护，将尽快实现实时信息传递！,请问控股股东是否有挪用上市公司资金？,2,answer_pressure,dep_reason,Q2重复Q1中关于资金占用的质疑，而A1已明确否认，Q2仍继续追问，构成对A1回答可信度的挑战。,请问（1）贵公司大股东频繁质押股权，目的是什么?是因为公司缺钱还是别的原因？能给公司带来什么好处？（2）公司的资金会不会被大股东拿到地产中去？有什么措施进行防范？人的精力是有限的，姜伟董事长能否抛弃地产，只从事医药，把百灵做强做大，毕竟现在百灵还没有一个重磅药和独家药，在中国医药行业的竞争力还不是很强的。（3）网页也是宣传公司的一个很好途径，但贵公司的网页迟迟不进行更新，是什么原因导致的？公司对此有什么计划进行改进？谢谢！,谢谢您的建议和对公司全方位的关心！关于大股东股权质押，公司将及时做好信息披露工作，并将您的建议及时转达给姜伟董事长。我们会一如既往的继续努力，把贵州百灵发展成为具有核心竞争优势的苗药龙头企业。公司严格执行相关制度防范大股东及关联方占用公司资金，不存在公司资金被大股东及关联方占用的情况。关于公司网站，我们现已组成专门人员进行维护，将尽快实现实时信息传递！,请问控股股东是否有挪用上市公司资金？,002424_2010,44,48,4,Challenge,Q2重复Q1中关于资金占用的质疑，而A1已明确否认，Q2仍继续追问，构成对A1回答可信度的挑战。,,,1
positive,请问公司对Ｙ１０１项目进展情况如何？公告说２１２年６月份能完成临床前全部项目，请问这个计划有变吗？到时候研究结果会出公告吗？希望准确回答 到目前为止，公司Y101的研究开发工作进展正常，如果研究工作顺利，预计2012年6月能完成全部临床前研究工作，2012年12月能够向国家食品药品监督管理局提交新药申报材料。详细情况请参看我公司年报相关披露。我公司会根据Y101的进展情况及时进行披露。,请问１０１项目进展如何？今年６月份，临床前研究结果能公示？,2,restructuring,dep_reason,人工复核：Q2围绕A1给出的Y101研发时间表继续确认6月临床前结果能否公示。,请问公司对Ｙ１０１项目进展情况如何？公告说２１２年６月份能完成临床前全部项目，请问这个计划有变吗？到时候研究结果会出公告吗？希望准确回答,到目前为止，公司Y101的研究开发工作进展正常，如果研究工作顺利，预计2012年6月能完成全部临床前研究工作，2012年12月能够向国家食品药品监督管理局提交新药申报材料。详细情况请参看我公司年报相关披露。我公司会根据Y101的进展情况及时进行披露。,请问１０１项目进展如何？今年６月份，临床前研究结果能公示？,002424_2011,3,8,5,Elaboration,人工复核：Q2围绕A1给出的Y101研发时间表继续确认6月临床前结果能否公示。,,,1
positive,能解释一下Y101吗？不太清楚，谢谢 2009年3月，公司与贵州省中国科学院天然产物化学重点实验室、天津药研究所、解放军302医院签定关于“化药一类新药Y101（暂定名）开发”的技术合作开发合同》。Y101是在苗药药材马蹄金提取物马蹄金素的药物原理上合成的新型化学药，医学用途是治疗乙肝。到目前为止，公司Y101的研究开发工作进展正常，如果研究工作顺利，预计2012年6月能完成全部临床前研究工作，2012年12月能够向国家食品药品监督管理局提交新药申报材料。详细情况请参看我公司年报相关披露。,请问１０１项目进展如何？今年６月份，临床前研究结果能公示？,1,disclosure_detail,dep_reason,Q2针对A1中预计2012年6月完成临床前研究的进度继续追问进展和公示情况。,能解释一下Y101吗？不太清楚，谢谢,2009年3月，公司与贵州省中国科学院天然产物化学重点实验室、天津药研究所、解放军302医院签定关于“化药一类新药Y101（暂定名）开发”的技术合作开发合同》。Y101是在苗药药材马蹄金提取物马蹄金素的药物原理上合成的新型化学药，医学用途是治疗乙肝。到目前为止，公司Y101的研究开发工作进展正常，如果研究工作顺利，预计2012年6月能完成全部临床前研究工作，2012年12月能够向国家食品药品监督管理局提交新药申报材料。详细情况请参看我公司年报相关披露。,请问１０１项目进展如何？今年６月份，临床前研究结果能公示？,002424_2011,6,8,2,Elaboration,Q2针对A1中预计2012年6月完成临床前研究的进度继续追问进展和公示情况。,,,1
positive,牛副总您好！请问公司双跨产品经带宁，康妇灵的营业额有多少？同比如何？ 感谢您对公司的关注。公司产品经带宁胶囊，康妇灵胶囊均是销售收入3000万元以下的产品，作为2011年新收购的品种，公司2011年积极完成收购后的整合工作，因需要完成的事项较多，2011年通过收购获得的产品实现的销售收入都较少，公司将在2012年对该类产品的销售大力的进行推广。,公司并购的几个药厂和产品，请问何时能体现业绩释放效益呢？,2,performance_governance,dep_reason,Q2围绕A1中提及的2011年新收购品种继续追问业绩释放时间。,牛副总您好！请问公司双跨产品经带宁，康妇灵的营业额有多少？同比如何？,感谢您对公司的关注。公司产品经带宁胶囊，康妇灵胶囊均是销售收入3000万元以下的产品，作为2011年新收购的品种，公司2011年积极完成收购后的整合工作，因需要完成的事项较多，2011年通过收购获得的产品实现的销售收入都较少，公司将在2012年对该类产品的销售大力的进行推广。,公司并购的几个药厂和产品，请问何时能体现业绩释放效益呢？,002424_2011,11,12,1,Elaboration,Q2围绕A1中提及的2011年新收购品种继续追问业绩释放时间。,,,1
positive,公司股票表现不好，是不是和基金公司等关系不好，还是自身确实存有问题，阻碍公司股票表现。 公司一直以来和基金公司等机构保持着正常和良好的沟通，公司的业绩持续稳步增长，公司全体员工为实现公司的更高价值积极努力工作。,黄总：请问002424为什么走的这么弱，我心欲碎，二级市场都没人关注，贵司能让股民长期持有的信心吗？,2,answer_pressure,dep_reason,Q2继续追问股价走弱原因并要求信心，A1未正面解释股价低迷，Q2针对回答不充分施压。,公司股票表现不好，是不是和基金公司等关系不好，还是自身确实存有问题，阻碍公司股票表现。,公司一直以来和基金公司等机构保持着正常和良好的沟通，公司的业绩持续稳步增长，公司全体员工为实现公司的更高价值积极努力工作。,黄总：请问002424为什么走的这么弱，我心欲碎，二级市场都没人关注，贵司能让股民长期持有的信心吗？,002424_2011,24,27,3,Complaint,Q2继续追问股价走弱原因并要求信心，A1未正面解释股价低迷，Q2针对回答不充分施压。,,,1
positive,黄总：请问002424为什么走的这么弱，我心欲碎，二级市场都没人关注，贵司能让股民长期持有的信心吗？ 公司全体员工时时都在为回报投资者努力工作，董事长将贵州百灵的发展视为自己最高使命。公司近年业绩稳步增长，实力不断增强，我们盼望投资者和我们一起对贵州百灵未来的发展充满希望。,持有百灵，我心欲碎！二级市场表现太糟糕了，深套呀！你还让小散持有信心吗？心焦呀,2,answer_pressure,dep_reason,Q2重复追问信心问题，并抱怨A1笼统回答未能缓解焦虑。,黄总：请问002424为什么走的这么弱，我心欲碎，二级市场都没人关注，贵司能让股民长期持有的信心吗？,公司全体员工时时都在为回报投资者努力工作，董事长将贵州百灵的发展视为自己最高使命。公司近年业绩稳步增长，实力不断增强，我们盼望投资者和我们一起对贵州百灵未来的发展充满希望。,持有百灵，我心欲碎！二级市场表现太糟糕了，深套呀！你还让小散持有信心吗？心焦呀,002424_2011,27,31,4,Complaint,Q2重复追问信心问题，并抱怨A1笼统回答未能缓解焦虑。,,,1
positive,"持有百灵，我心欲碎！二级市场表现太糟糕了，深套呀！你还让小散持有信心吗？心焦呀 公司的发展一直围绕着战略目标积极实施。2011年公司实现净利润2.08亿元，较去年同期增长31.72%。这是在公司面对市场竞争激烈、原材料价格上涨等不利情况下取得的。未来公司将会在市场营销、产品研发等方面持续稳定投入，全面加强企业核心竞争力建设，实施全员参与的""开源节流增收节支""全过程成本精细化控制工作，确保公司盈利能力稳定持续。",张铁军独董：您好！公司2011年的业绩明显好于2010年，且公司的经营现金流也不错，，公司又有很多超募资金，在证监会积极鼓励上市公司封红回报投资者的今天，公司的拟分红10派2元远远低于2010年。这个方案您怎么看？是不是2011年的业绩有些水分？作为独董，您评价一下公司的工作氛围及您对董事长个人的看法。谢谢.,2,shareholder_return,dep_reason,Q2针对A1中2011年业绩增长信息，质疑分红方案与业绩增长不匹配，并怀疑业绩真实性。,持有百灵，我心欲碎！二级市场表现太糟糕了，深套呀！你还让小散持有信心吗？心焦呀,"公司的发展一直围绕着战略目标积极实施。2011年公司实现净利润2.08亿元，较去年同期增长31.72%。这是在公司面对市场竞争激烈、原材料价格上涨等不利情况下取得的。未来公司将会在市场营销、产品研发等方面持续稳定投入，全面加强企业核心竞争力建设，实施全员参与的""开源节流增收节支""全过程成本精细化控制工作，确保公司盈利能力稳定持续。",张铁军独董：您好！公司2011年的业绩明显好于2010年，且公司的经营现金流也不错，，公司又有很多超募资金，在证监会积极鼓励上市公司封红回报投资者的今天，公司的拟分红10派2元远远低于2010年。这个方案您怎么看？是不是2011年的业绩有些水分？作为独董，您评价一下公司的工作氛围及您对董事长个人的看法。谢谢.,002424_2011,31,33,2,Challenge,Q2针对A1中2011年业绩增长信息，质疑分红方案与业绩增长不匹配，并怀疑业绩真实性。,,,1
positive,牛副总您好！请问公司处方药泌淋清，复方岩白菜素片，胆炎康胶囊，姜酚胶丸的营业额是多少？同比如何？ 感谢您对公司的关注。公司的泌淋清胶囊，复方岩白菜素片，胆炎康胶囊，姜酚胶丸均为销售收入3000万元以下的产品，上述产品较去年同期均有增长。,贵公司年报季报能否具体披露各项产品财务相关数据，谢谢,1,disclosure_detail,dep_reason,Q2针对A1模糊回答（仅给出收入范围与增长描述）要求具体披露，属于对回答不充分的催促。,牛副总您好！请问公司处方药泌淋清，复方岩白菜素片，胆炎康胶囊，姜酚胶丸的营业额是多少？同比如何？,感谢您对公司的关注。公司的泌淋清胶囊，复方岩白菜素片，胆炎康胶囊，姜酚胶丸均为销售收入3000万元以下的产品，上述产品较去年同期均有增长。,贵公司年报季报能否具体披露各项产品财务相关数据，谢谢,002424_2011,32,36,4,Complaint,Q2针对A1模糊回答（仅给出收入范围与增长描述）要求具体披露，属于对回答不充分的催促。,,,1
positive,近期网上负面报道有多少是真的 感谢您对公司的关注。公司上市以来一直严格按照深圳证券交易所信息披露的相关规定来实施信息披露工作，公司披露的信息以《中国证券报》、《证券时报》、巨潮资讯网上刊载的为准。,太子参大跌价，贵州百灵“受煎熬”、贵州百灵高价并购和仁堂，后者涉嫌业绩“注水”、贵州百灵生产的爱透饮品发现致癌物等…一句传言，经过网络的转载、传播，从少到几十个页面，多到数百万页面每天被打开、被浏览。一句“某某人爆料”便可以登上某股吧头条并置顶，堂而皇之地将公司所谓的隐私曝光于众。而多数所谓的“隐私”，不过是某些人的“戏言”、“玩笑话”、“恶意攻击”，这些就是我们每天看到的“头条新闻”。公司怎么看,1,disclosure_detail,dep_reason,Q2针对A1回避态度，列举具体负面报道追问公司看法。,近期网上负面报道有多少是真的,感谢您对公司的关注。公司上市以来一直严格按照深圳证券交易所信息披露的相关规定来实施信息披露工作，公司披露的信息以《中国证券报》、《证券时报》、巨潮资讯网上刊载的为准。,太子参大跌价，贵州百灵“受煎熬”、贵州百灵高价并购和仁堂，后者涉嫌业绩“注水”、贵州百灵生产的爱透饮品发现致癌物等…一句传言，经过网络的转载、传播，从少到几十个页面，多到数百万页面每天被打开、被浏览。一句“某某人爆料”便可以登上某股吧头条并置顶，堂而皇之地将公司所谓的隐私曝光于众。而多数所谓的“隐私”，不过是某些人的“戏言”、“玩笑话”、“恶意攻击”，这些就是我们每天看到的“头条新闻”。公司怎么看,002424_2012,8,9,1,Challenge,Q2针对A1回避态度，列举具体负面报道追问公司看法。,,,1
positive,太子参大跌价，贵州百灵“受煎熬”、贵州百灵高价并购和仁堂，后者涉嫌业绩“注水”、贵州百灵生产的爱透饮品发现致癌物等…一句传言，经过网络的转载、传播，从少到几十个页面，多到数百万页面每天被打开、被浏览。一句“某某人爆料”便可以登上某股吧头条并置顶，堂而皇之地将公司所谓的隐私曝光于众。而多数所谓的“隐私”，不过是某些人的“戏言”、“玩笑话”、“恶意攻击”，这些就是我们每天看到的“头条新闻”。公司怎么看 公司将继续按照规定做好信息披露工作，高度重视与投资者、媒体的沟通交流。谢谢！,就像两会上每年都提到军费一样，我看以往也问到过这样的问题：股价！不知道公司有什么办法改善这个问题，另外现在不断的黑笔事件，大多投资者都认是鸡蛋里挑骨头，可不断的黑笔的事件出来后，公司怎么样来解决这样问题呢？,1,disclosure_detail,dep_reason,Q2针对A1回避黑笔事件问题，继续追问股价与事件解决方案，依赖交互状态。,太子参大跌价，贵州百灵“受煎熬”、贵州百灵高价并购和仁堂，后者涉嫌业绩“注水”、贵州百灵生产的爱透饮品发现致癌物等…一句传言，经过网络的转载、传播，从少到几十个页面，多到数百万页面每天被打开、被浏览。一句“某某人爆料”便可以登上某股吧头条并置顶，堂而皇之地将公司所谓的隐私曝光于众。而多数所谓的“隐私”，不过是某些人的“戏言”、“玩笑话”、“恶意攻击”，这些就是我们每天看到的“头条新闻”。公司怎么看,公司将继续按照规定做好信息披露工作，高度重视与投资者、媒体的沟通交流。谢谢！,就像两会上每年都提到军费一样，我看以往也问到过这样的问题：股价！不知道公司有什么办法改善这个问题，另外现在不断的黑笔事件，大多投资者都认是鸡蛋里挑骨头，可不断的黑笔的事件出来后，公司怎么样来解决这样问题呢？,002424_2012,9,12,3,Challenge,Q2针对A1回避黑笔事件问题，继续追问股价与事件解决方案，依赖交互状态。,,,1
positive,替芬泰临床试验大概多久能够批下来？还有一个治疗阿尔默海滋病的药是不是也申请进入临床了？ 感谢您对公司的关注。公司合作研发的替酚泰（原Y101）是化药一类新药，存在研发难度大、研发周期长、风险大等特点，现替酚泰已向国家食品药品监督管理局提交了临床审批，现处于技术审评阶段，公司将会及时的披露项目的进展情况。谢谢。,"请问替芬泰国家药监局的审报,有没有什么进展?",1,disclosure_detail,dep_reason,Q2针对A1未提供具体审批进展的模糊回应进行重复追问，属于对未答状态的催促。,替芬泰临床试验大概多久能够批下来？还有一个治疗阿尔默海滋病的药是不是也申请进入临床了？,感谢您对公司的关注。公司合作研发的替酚泰（原Y101）是化药一类新药，存在研发难度大、研发周期长、风险大等特点，现替酚泰已向国家食品药品监督管理局提交了临床审批，现处于技术审评阶段，公司将会及时的披露项目的进展情况。谢谢。,"请问替芬泰国家药监局的审报,有没有什么进展?",002424_2012,10,13,3,Complaint,Q2针对A1未提供具体审批进展的模糊回应进行重复追问，属于对未答状态的催促。,,,1
positive,今天黄总和牛总回答了很多问题，很好。不过太官方了，对于很多投资者问到的最近1月来的黑嘴没有正面回应。请问独立董事，这是黑嘴说的到底是真，还是假？或者事实是真，但结论是假？请你或者其他老总解答，谢谢！ 您好！公司的信息披露包括年报都已经向广大投资者报告，请大家持续关注公司的法定信息披露平台。,对于近期的相关媒体文章，能给个综合回复吗？不会不知道吧。,1,disclosure_detail,dep_reason,Q2针对A1回避黑嘴问题继续追问并要求综合回复。,今天黄总和牛总回答了很多问题，很好。不过太官方了，对于很多投资者问到的最近1月来的黑嘴没有正面回应。请问独立董事，这是黑嘴说的到底是真，还是假？或者事实是真，但结论是假？请你或者其他老总解答，谢谢！,您好！公司的信息披露包括年报都已经向广大投资者报告，请大家持续关注公司的法定信息披露平台。,对于近期的相关媒体文章，能给个综合回复吗？不会不知道吧。,002424_2012,18,20,2,Complaint,Q2针对A1回避黑嘴问题继续追问并要求综合回复。,,,1
positive,对于近期的相关媒体文章，能给个综合回复吗？不会不知道吧。 我们已就2012年的工作发布了年度报告，请您查阅相关资料。同时我们欢迎来人来电到公司进行调研和交流沟通。谢谢！,自从2月28日晚年报公布后，每天有大量贵公司年报方面的利空报道，贵公司为何一直到现在不回应？,1,disclosure_detail,dep_reason,Q2针对A1未直接回应媒体文章而继续追问年报利空报道，并质疑公司保持沉默。,对于近期的相关媒体文章，能给个综合回复吗？不会不知道吧。,我们已就2012年的工作发布了年度报告，请您查阅相关资料。同时我们欢迎来人来电到公司进行调研和交流沟通。谢谢！,自从2月28日晚年报公布后，每天有大量贵公司年报方面的利空报道，贵公司为何一直到现在不回应？,002424_2012,20,24,4,Challenge,Q2针对A1未直接回应媒体文章而继续追问年报利空报道，并质疑公司保持沉默。,,,1
positive,对上市公司的投资主要看的就是业绩与题材，有时候题材胜过业绩。所以百灵只要努力做好乙肝Y101的研究，就是对投资者最大的回报，之前的重庆啤酒就是一个例子。当然研究的道路是曲折的，所以希望姜董能在这方面多给予关心和支持。我是你的忠实粉丝，相信您有能力做别人做不到的事！ 感谢您对公司的关注和关心。公司的替酚泰（原Y101）经过多年努力，已于2012年12月25日正式向国家食品药品监督管理局提请新药申报。未来，公司将会与三家联合研制单位继续团结协作，做好替酚泰产品今后的研制工作。谢谢！,面对投资者的疑问，你从不直面回答，绕弯子，有何意义。要么就不要出来说话了,1,disclosure_detail,dep_reason,Q2明确针对A1回避式回答进行抱怨，投诉其不直面回答问题。,对上市公司的投资主要看的就是业绩与题材，有时候题材胜过业绩。所以百灵只要努力做好乙肝Y101的研究，就是对投资者最大的回报，之前的重庆啤酒就是一个例子。当然研究的道路是曲折的，所以希望姜董能在这方面多给予关心和支持。我是你的忠实粉丝，相信您有能力做别人做不到的事！,感谢您对公司的关注和关心。公司的替酚泰（原Y101）经过多年努力，已于2012年12月25日正式向国家食品药品监督管理局提请新药申报。未来，公司将会与三家联合研制单位继续团结协作，做好替酚泰产品今后的研制工作。谢谢！,面对投资者的疑问，你从不直面回答，绕弯子，有何意义。要么就不要出来说话了,002424_2012,22,27,5,Complaint,Q2明确针对A1回避式回答进行抱怨，投诉其不直面回答问题。,,,1
positive,时间快到了，感谢各位老总的回答，不知道各位老总被问了这么多问题后，有没有什么想主动对投资者说的，因为近段时间，不断的黑笔事件出来后，各位投资者都很受受伤，我也是其中的一位，我是18.72的全仓，投资亏损十分严重，据我了解还有人是二十多块的成本的。 感谢投资者对公司的支持。我们的工作是以为投资者创造持续良好的业绩回报为重心的，为此我们2013年的工作将深入贯彻落实董事会制定的各项目标，加强管理，开源节流，强化企业核心竞争力建设，我们有信心为广大投资者交上一份满意的答卷。,面对投资者的疑问，你从不直面回答，绕弯子，有何意义。要么就不要出来说话了,1,disclosure_detail,dep_reason,Q2明确指责A1回避问题、绕弯子，针对回答方式表达不满。,时间快到了，感谢各位老总的回答，不知道各位老总被问了这么多问题后，有没有什么想主动对投资者说的，因为近段时间，不断的黑笔事件出来后，各位投资者都很受受伤，我也是其中的一位，我是18.72的全仓，投资亏损十分严重，据我了解还有人是二十多块的成本的。,感谢投资者对公司的支持。我们的工作是以为投资者创造持续良好的业绩回报为重心的，为此我们2013年的工作将深入贯彻落实董事会制定的各项目标，加强管理，开源节流，强化企业核心竞争力建设，我们有信心为广大投资者交上一份满意的答卷。,面对投资者的疑问，你从不直面回答，绕弯子，有何意义。要么就不要出来说话了,002424_2012,23,27,4,Complaint,Q2明确指责A1回避问题、绕弯子，针对回答方式表达不满。,,,1
positive,自从2月28日晚年报公布后，每天有大量贵公司年报方面的利空报道，贵公司为何一直到现在不回应？ 公司高度重视投资者关系管理工作，也高度关注媒体报道。谢谢！,面对投资者的疑问，你从不直面回答，绕弯子，有何意义。要么就不要出来说话了,1,disclosure_detail,dep_reason,Q2针对A1回避回答的态度进行指责和抱怨。,自从2月28日晚年报公布后，每天有大量贵公司年报方面的利空报道，贵公司为何一直到现在不回应？,公司高度重视投资者关系管理工作，也高度关注媒体报道。谢谢！,面对投资者的疑问，你从不直面回答，绕弯子，有何意义。要么就不要出来说话了,002424_2012,24,27,3,Complaint,Q2针对A1回避回答的态度进行指责和抱怨。,,,1
positive,按推断新的生产线2013.06份投产，2013年的产能可以扩大多少比例？为何13的目标只是15亿不到？依目前的爱透的状况，14年投产的饮料线是否会闲置？ 公司的“天台山GMP生产线建设项目”预计将于2013年6月30日前建成，建成后将申请GMP认证，因此2013年产能扩大比例不能准确预计。“爱透”产品目前仍然需要稳步做好市场推广工作，公司还在努力实施中。谢谢!,面对投资者的疑问，你从不直面回答，绕弯子，有何意义。要么就不要出来说话了,2,answer_pressure,dep_reason,Q2针对A1回答不直接、绕弯子的态度进行抱怨和催促。,按推断新的生产线2013.06份投产，2013年的产能可以扩大多少比例？为何13的目标只是15亿不到？依目前的爱透的状况，14年投产的饮料线是否会闲置？,公司的“天台山GMP生产线建设项目”预计将于2013年6月30日前建成，建成后将申请GMP认证，因此2013年产能扩大比例不能准确预计。“爱透”产品目前仍然需要稳步做好市场推广工作，公司还在努力实施中。谢谢!,面对投资者的疑问，你从不直面回答，绕弯子，有何意义。要么就不要出来说话了,002424_2012,25,27,2,Complaint,Q2针对A1回答不直接、绕弯子的态度进行抱怨和催促。,,,1
positive,请问，分红的4元何时兑现？ 您好！公司会根据相关规定，在2012年年度股东大会审议通过后2月内实施利润分配。,面对投资者的疑问，你从不直面回答，绕弯子，有何意义。要么就不要出来说话了,1,disclosure_detail,dep_reason,Q2针对A1回避具体时间、绕弯子的回答方式进行抱怨和催促。,请问，分红的4元何时兑现？,您好！公司会根据相关规定，在2012年年度股东大会审议通过后2月内实施利润分配。,面对投资者的疑问，你从不直面回答，绕弯子，有何意义。要么就不要出来说话了,002424_2012,26,27,1,Complaint,Q2针对A1回避具体时间、绕弯子的回答方式进行抱怨和催促。,,,1
positive,已研发出新的植物凉茶饮料及已上市的爱透胶原蛋白口服液和饮品公司的发展定位？未来的利润预期及对上市公司利润的贡献期望？ 公司的“爱透”胶原蛋白饮料及“火透”凉茶是公司在大健康领域的拓展，公司希望通过这些产品的成功推出进一步增强核心竞争力，目前，“爱透”饮料上市不足一年，“火透”产品试制工作完成，公司将会本着稳步推进的原则去做好以上两个产品的工作。谢谢！,据说贵公司即将推出一款凉茶产品，能够详解一下产品未来的规划、定位及目标？？,1,disclosure_detail,dep_reason,Q2围绕A1中已提及的凉茶产品进一步追问未来规划、定位和目标，索要更多细节。,已研发出新的植物凉茶饮料及已上市的爱透胶原蛋白口服液和饮品公司的发展定位？未来的利润预期及对上市公司利润的贡献期望？,公司的“爱透”胶原蛋白饮料及“火透”凉茶是公司在大健康领域的拓展，公司希望通过这些产品的成功推出进一步增强核心竞争力，目前，“爱透”饮料上市不足一年，“火透”产品试制工作完成，公司将会本着稳步推进的原则去做好以上两个产品的工作。谢谢！,据说贵公司即将推出一款凉茶产品，能够详解一下产品未来的规划、定位及目标？？,002424_2012,31,33,2,Elaboration,Q2围绕A1中已提及的凉茶产品进一步追问未来规划、定位和目标，索要更多细节。,,,1
positive,已研发出新的植物凉茶饮料及已上市的爱透胶原蛋白口服液和饮品公司的发展定位？未来的利润预期及对上市公司利润的贡献期望？ 公司的“爱透”胶原蛋白饮料及“火透”凉茶是公司在大健康领域的拓展，公司希望通过这些产品的成功推出进一步增强核心竞争力，目前，“爱透”饮料上市不足一年，“火透”产品试制工作完成，公司将会本着稳步推进的原则去做好以上两个产品的工作。谢谢！,请问：公司当初考虑做胶原蛋白口服液和饮品的战略思路是什么？公司与东宝生物这类专门做明胶和胶原蛋白的企业相比根本没有产业优势，而与一般的品牌饮品企业相比又没有渠道和品牌优势，不知道公司为什么会考虑投入巨资做这个领域？公司最初的目标不是整合苗药资产吗，为什么不能集中精力从苗药产品中提炼大健康消费品，就如同江中健胃消食片那样的产品，或者相关的饮片类快消品？,2,strategy_planning,dep_reason,Q2 针对 A1 中提到的胶原蛋白饮料和凉茶，追问战略思路并质疑公司在无竞争优势下投入巨资的合理性。,已研发出新的植物凉茶饮料及已上市的爱透胶原蛋白口服液和饮品公司的发展定位？未来的利润预期及对上市公司利润的贡献期望？,公司的“爱透”胶原蛋白饮料及“火透”凉茶是公司在大健康领域的拓展，公司希望通过这些产品的成功推出进一步增强核心竞争力，目前，“爱透”饮料上市不足一年，“火透”产品试制工作完成，公司将会本着稳步推进的原则去做好以上两个产品的工作。谢谢！,请问：公司当初考虑做胶原蛋白口服液和饮品的战略思路是什么？公司与东宝生物这类专门做明胶和胶原蛋白的企业相比根本没有产业优势，而与一般的品牌饮品企业相比又没有渠道和品牌优势，不知道公司为什么会考虑投入巨资做这个领域？公司最初的目标不是整合苗药资产吗，为什么不能集中精力从苗药产品中提炼大健康消费品，就如同江中健胃消食片那样的产品，或者相关的饮片类快消品？,002424_2012,31,36,5,Challenge,Q2 针对 A1 中提到的胶原蛋白饮料和凉茶，追问战略思路并质疑公司在无竞争优势下投入巨资的合理性。,,,1
positive,据说贵公司即将推出一款凉茶产品，能够详解一下产品未来的规划、定位及目标？？ 公司的凉茶产品已完成试制工作，将会在进行充分的市场调研后制定相关工作计划，进而推向市场。谢谢！,据说贵公司即将推出一款凉茶产品，能否针对该凉茶产品的未来规划做一详解？,2,strategy_planning,dep_reason,Q2重复Q1中凉茶产品规划问题，针对A1未给出具体规划继续追问。,据说贵公司即将推出一款凉茶产品，能够详解一下产品未来的规划、定位及目标？？,公司的凉茶产品已完成试制工作，将会在进行充分的市场调研后制定相关工作计划，进而推向市场。谢谢！,据说贵公司即将推出一款凉茶产品，能否针对该凉茶产品的未来规划做一详解？,002424_2012,33,38,5,Complaint,Q2重复Q1中凉茶产品规划问题，针对A1未给出具体规划继续追问。,,,1
positive,请问：公司当初考虑做胶原蛋白口服液和饮品的战略思路是什么？公司与东宝生物这类专门做明胶和胶原蛋白的企业相比根本没有产业优势，而与一般的品牌饮品企业相比又没有渠道和品牌优势，不知道公司为什么会考虑投入巨资做这个领域？公司最初的目标不是整合苗药资产吗，为什么不能集中精力从苗药产品中提炼大健康消费品，就如同江中健胃消食片那样的产品，或者相关的饮片类快消品？ 感谢您对公司提出的建议和意见。公司紧紧围绕“将强化在苗药领域的龙头地位，力争成为中成药领域具有核心竞争优势的企业。公司在继续强化核心中药品种的市场地位、专利保护、技术升级的基础上，积极实施外延性拓展，向上游产业延伸，适时参与中药材GAP种植，并利用现有营销网络拓展公司大健康领域新业务”战略目标从未改变，公司将在2013年加倍努力，做好各项工作，用实际行动和良好业绩回报广大投资者。,贵公司又是做爱透饮料又是做化肥，难道贵公司不能专业研究苗药吗？难道专注研究苗药成长空间小吗？请姜总描述一下十年后的贵公司你心目中的状况？,2,strategy_planning,dep_reason,Q2延续Q1对公司不专注苗药而进行多元化的质疑，并针对A1笼统回应进一步追问专注空间和未来愿景。,请问：公司当初考虑做胶原蛋白口服液和饮品的战略思路是什么？公司与东宝生物这类专门做明胶和胶原蛋白的企业相比根本没有产业优势，而与一般的品牌饮品企业相比又没有渠道和品牌优势，不知道公司为什么会考虑投入巨资做这个领域？公司最初的目标不是整合苗药资产吗，为什么不能集中精力从苗药产品中提炼大健康消费品，就如同江中健胃消食片那样的产品，或者相关的饮片类快消品？,感谢您对公司提出的建议和意见。公司紧紧围绕“将强化在苗药领域的龙头地位，力争成为中成药领域具有核心竞争优势的企业。公司在继续强化核心中药品种的市场地位、专利保护、技术升级的基础上，积极实施外延性拓展，向上游产业延伸，适时参与中药材GAP种植，并利用现有营销网络拓展公司大健康领域新业务”战略目标从未改变，公司将在2013年加倍努力，做好各项工作，用实际行动和良好业绩回报广大投资者。,贵公司又是做爱透饮料又是做化肥，难道贵公司不能专业研究苗药吗？难道专注研究苗药成长空间小吗？请姜总描述一下十年后的贵公司你心目中的状况？,002424_2012,36,39,3,Challenge,Q2延续Q1对公司不专注苗药而进行多元化的质疑，并针对A1笼统回应进一步追问专注空间和未来愿景。,,,1
positive,黄总，您好！最近一个月，我们看到有连续数篇对公司不利的报道出现，其中有爱透饮料、太子参种植、同仁堂收购、年报财务问题等等，大量集中连续不断的出现。我做为一个普通投资者都看出来其中的一些报道是在鸡蛋里挑骨头，对于这些报道，公司貌似表现出深沪2000多家上市公司中少有的懦弱，公司负责相关法律事务的部门在干什么？公司养的这些人在公司信誉被不良媒体质疑时，他们在做什么？公司以后是否还将继续懦弱下去？ 公司的药材种植和贸易业务经过充分调研和论证后实施，公司的药材种植和贸易业务两年来都为公司贡献了赢利，在实施过程中公司高度关注市场变化，通过与合作社、农户确立合理利益关系确保公司风险可控。,牛先生您好！“公司高度重视投资者关系管理工作，也高度关注媒体报道。”面对这么多负面报道，你们是如何具体高度关注的？仅仅高度关注吗？,1,disclosure_detail,dep_reason,Q2针对A1回避媒体应对问题，追问具体关注措施并质疑仅口头关注。,黄总，您好！最近一个月，我们看到有连续数篇对公司不利的报道出现，其中有爱透饮料、太子参种植、同仁堂收购、年报财务问题等等，大量集中连续不断的出现。我做为一个普通投资者都看出来其中的一些报道是在鸡蛋里挑骨头，对于这些报道，公司貌似表现出深沪2000多家上市公司中少有的懦弱，公司负责相关法律事务的部门在干什么？公司养的这些人在公司信誉被不良媒体质疑时，他们在做什么？公司以后是否还将继续懦弱下去？,公司的药材种植和贸易业务经过充分调研和论证后实施，公司的药材种植和贸易业务两年来都为公司贡献了赢利，在实施过程中公司高度关注市场变化，通过与合作社、农户确立合理利益关系确保公司风险可控。,牛先生您好！“公司高度重视投资者关系管理工作，也高度关注媒体报道。”面对这么多负面报道，你们是如何具体高度关注的？仅仅高度关注吗？,002424_2012,40,42,2,Complaint,Q2针对A1回避媒体应对问题，追问具体关注措施并质疑仅口头关注。,,,1
positive,黄总，您好！最近一个月，我们看到有连续数篇对公司不利的报道出现，其中有爱透饮料、太子参种植、同仁堂收购、年报财务问题等等，大量集中连续不断的出现。我做为一个普通投资者都看出来其中的一些报道是在鸡蛋里挑骨头，对于这些报道，公司貌似表现出深沪2000多家上市公司中少有的懦弱，公司负责相关法律事务的部门在干什么？公司养的这些人在公司信誉被不良媒体质疑时，他们在做什么？公司以后是否还将继续懦弱下去？ 公司的药材种植和贸易业务经过充分调研和论证后实施，公司的药材种植和贸易业务两年来都为公司贡献了赢利，在实施过程中公司高度关注市场变化，通过与合作社、农户确立合理利益关系确保公司风险可控。,张董事，您好！最近一个月，我们看到有连续数篇对公司不利的报道出现，其中有爱透饮料、太子参种植、同仁堂收购、年报财务问题等等，大量集中连续不断的出现。我做为一个普通投资者都看出来其中的一些报道是在鸡蛋里挑骨头，对于这些报道，公司貌似表现出深沪2000多家上市公司中少有的懦弱，公司负责相关法律事务的部门在干什么？公司养的这些人在公司信誉被不良媒体质疑时，他们在做什么？公司以后是否还将继续懦弱下？,1,disclosure_detail,dep_reason,Q2重复Q1的质疑，但A1回避了媒体报道和法律事务等问题，属于对未回答状态的投诉性追问。,黄总，您好！最近一个月，我们看到有连续数篇对公司不利的报道出现，其中有爱透饮料、太子参种植、同仁堂收购、年报财务问题等等，大量集中连续不断的出现。我做为一个普通投资者都看出来其中的一些报道是在鸡蛋里挑骨头，对于这些报道，公司貌似表现出深沪2000多家上市公司中少有的懦弱，公司负责相关法律事务的部门在干什么？公司养的这些人在公司信誉被不良媒体质疑时，他们在做什么？公司以后是否还将继续懦弱下去？,公司的药材种植和贸易业务经过充分调研和论证后实施，公司的药材种植和贸易业务两年来都为公司贡献了赢利，在实施过程中公司高度关注市场变化，通过与合作社、农户确立合理利益关系确保公司风险可控。,张董事，您好！最近一个月，我们看到有连续数篇对公司不利的报道出现，其中有爱透饮料、太子参种植、同仁堂收购、年报财务问题等等，大量集中连续不断的出现。我做为一个普通投资者都看出来其中的一些报道是在鸡蛋里挑骨头，对于这些报道，公司貌似表现出深沪2000多家上市公司中少有的懦弱，公司负责相关法律事务的部门在干什么？公司养的这些人在公司信誉被不良媒体质疑时，他们在做什么？公司以后是否还将继续懦弱下？,002424_2012,40,44,4,Complaint,Q2重复Q1的质疑，但A1回避了媒体报道和法律事务等问题，属于对未回答状态的投诉性追问。,,,1
positive,网上传言公司爱透产品收缩战线，前期投入打水漂？另外爱透系列公司估计大概什么时候能够盈利 公司2012年7月“爱透”胶原蛋白系列产品进入正式销售阶段，8月，公司第二届董事会第十九次会议审议通过《关于使用超募资金投资建设胶原蛋白果汁饮品（含中草药草本植物功能饮料）投资项目的议案》，计划投资3.95亿元投资建设胶原蛋白果汁饮品项目。截至2012年12月31日，该项目投入7500万元，用于购买用于建设的267.81亩土地。同时2012年公司投入“爱透”胶原蛋白系列产品的推广费用为2300万元。公司的“爱透”系列产品在2013年还是以稳健推进的节奏为主，立足现有渠道主打口服液，另外兼顾饮料产品的发展。,2012已经过去，而且看起来经营不这么好，负面消息不少，2013有什么计划，主要发展和布局是什么？布局时间点是怎么样?,1,disclosure_detail,dep_reason,A1详细说明爱透产品投入、项目建设和2013年稳健推进节奏。Q2追问2013年的计划、发展布局和时间点，是要求进一步展开A1中“稳健推进”的具体安排。,网上传言公司爱透产品收缩战线，前期投入打水漂？另外爱透系列公司估计大概什么时候能够盈利,公司2012年7月“爱透”胶原蛋白系列产品进入正式销售阶段，8月，公司第二届董事会第十九次会议审议通过《关于使用超募资金投资建设胶原蛋白果汁饮品（含中草药草本植物功能饮料）投资项目的议案》，计划投资3.95亿元投资建设胶原蛋白果汁饮品项目。截至2012年12月31日，该项目投入7500万元，用于购买用于建设的267.81亩土地。同时2012年公司投入“爱透”胶原蛋白系列产品的推广费用为2300万元。公司的“爱透”系列产品在2013年还是以稳健推进的节奏为主，立足现有渠道主打口服液，另外兼顾饮料产品的发展。,2012已经过去，而且看起来经营不这么好，负面消息不少，2013有什么计划，主要发展和布局是什么？布局时间点是怎么样?,002424_2012,54,55,1,Elaboration,A1详细说明爱透产品投入、项目建设和2013年稳健推进节奏。Q2追问2013年的计划、发展布局和时间点，是要求进一步展开A1中“稳健推进”的具体安排。,,,1
positive,请介绍一下目前替芬泰（Y101）临床申请到了什么阶段？能不能拿到临床批件？大概什么时候会有确定消息？ 感谢您对公司的关心。公司合作研发的替酚泰（原Y101）是化药一类新药，其研发过程中存在研发难度大、周期长、风险性大等因素，2012年12月25日公司向国家食品药品监督管理局（SFDA）提请了临床申报，现处于技术审批阶段，公司将会及时的披露该项目的进展情况，请各位投资者关注公司披露的公告。,02月27日，有媒体爆出，贵州百灵乙肝新药已正式报批临床，国家药监局信息显示，贵州百灵（002424.SZ）的一类化药新药替芬泰片临床申请已于上周受理，这意味着该品种已正式进入药品审评中心审评程序。http://cj.gw.com.cn/news/news/2013/0227/200000123081.shtml为何不作信息批露，原因是什么？之后会补发消息吗？,1,disclosure_detail,dep_reason,人工复核：Q2针对A1替芬泰临床申请进展和及时披露承诺，继续质疑未公告新进展。,请介绍一下目前替芬泰（Y101）临床申请到了什么阶段？能不能拿到临床批件？大概什么时候会有确定消息？,感谢您对公司的关心。公司合作研发的替酚泰（原Y101）是化药一类新药，其研发过程中存在研发难度大、周期长、风险性大等因素，2012年12月25日公司向国家食品药品监督管理局（SFDA）提请了临床申报，现处于技术审批阶段，公司将会及时的披露该项目的进展情况，请各位投资者关注公司披露的公告。,02月27日，有媒体爆出，贵州百灵乙肝新药已正式报批临床，国家药监局信息显示，贵州百灵（002424.SZ）的一类化药新药替芬泰片临床申请已于上周受理，这意味着该品种已正式进入药品审评中心审评程序。http://cj.gw.com.cn/news/news/2013/0227/200000123081.shtml为何不作信息批露，原因是什么？之后会补发消息吗？,002424_2012,59,63,4,Challenge,人工复核：Q2针对A1替芬泰临床申请进展和及时披露承诺，继续质疑未公告新进展。,,,1
positive,请问公司近2个月内是否有利好消息?或者澄清负面消息？ 感谢您对公司的关注。公司的信息披露有指定的媒体和平台，请广大投资者关注《中国证券报》、《证券时报》、巨潮资讯网发布的公司公告。公司信息披露工作一直严格按照深圳证券交易所关于信息披露的相关规定执行。,02月27日，有媒体爆出，贵州百灵乙肝新药已正式报批临床，国家药监局信息显示，贵州百灵（002424.SZ）的一类化药新药替芬泰片临床申请已于上周受理，这意味着该品种已正式进入药品审评中心审评程序。http://cj.gw.com.cn/news/news/2013/0227/200000123081.shtml为何不作信息批露，原因是什么？之后会补发消息吗？,1,disclosure_detail,dep_reason,Q2针对A1回避性回复，用具体媒体爆料质问公司信息披露缺失。,请问公司近2个月内是否有利好消息?或者澄清负面消息？,感谢您对公司的关注。公司的信息披露有指定的媒体和平台，请广大投资者关注《中国证券报》、《证券时报》、巨潮资讯网发布的公司公告。公司信息披露工作一直严格按照深圳证券交易所关于信息披露的相关规定执行。,02月27日，有媒体爆出，贵州百灵乙肝新药已正式报批临床，国家药监局信息显示，贵州百灵（002424.SZ）的一类化药新药替芬泰片临床申请已于上周受理，这意味着该品种已正式进入药品审评中心审评程序。http://cj.gw.com.cn/news/news/2013/0227/200000123081.shtml为何不作信息批露，原因是什么？之后会补发消息吗？,002424_2012,62,63,1,Challenge,Q2针对A1回避性回复，用具体媒体爆料质问公司信息披露缺失。,,,1
positive,"请问今年的营销额，公司给的任务是多少？去年的有没有完成？ 感谢您对公司的关注。公司披露的2014年财务预算中营业收入预计达到154,235.00万元，2012年公司预计的2013年净利润指标公司已顺利完成。谢谢！",请问公司明年净利润能做到多少？,2,performance_governance,dep_reason,Q2围绕A1中提到的净利润指标，继续追问明年净利润预测。,请问今年的营销额，公司给的任务是多少？去年的有没有完成？,"感谢您对公司的关注。公司披露的2014年财务预算中营业收入预计达到154,235.00万元，2012年公司预计的2013年净利润指标公司已顺利完成。谢谢！",请问公司明年净利润能做到多少？,002424_2013,4,7,3,Elaboration,Q2围绕A1中提到的净利润指标，继续追问明年净利润预测。,,,1
positive,请问截至到目前公司的营销有没有什么新进展，有看点吗？ 谢谢您对公司营销工作的关注。2014年公司将会在营销资源配置上向“银丹心脑通软胶囊”的基药招标、配送工作倾斜，让这一明星产品力争上一个台阶。与此同时，公司也会做好其他产品的营销推广工作，充分利用成熟的品牌优势，丰富产能优势发展多品种营销，不断做大做强公司产品规模。谢谢！,请问牛董，2012年银丹心脑通销售2.7亿，2013年百灵公司对银丹心脑通制订的销售目标是多少亿？2014年公司制定的销售目标是多少亿？,2,strategy_planning,dep_reason,Q2围绕A1中提及的明星产品银丹心脑通，要求补充具体销售目标数据。,请问截至到目前公司的营销有没有什么新进展，有看点吗？,谢谢您对公司营销工作的关注。2014年公司将会在营销资源配置上向“银丹心脑通软胶囊”的基药招标、配送工作倾斜，让这一明星产品力争上一个台阶。与此同时，公司也会做好其他产品的营销推广工作，充分利用成熟的品牌优势，丰富产能优势发展多品种营销，不断做大做强公司产品规模。谢谢！,请问牛董，2012年银丹心脑通销售2.7亿，2013年百灵公司对银丹心脑通制订的销售目标是多少亿？2014年公司制定的销售目标是多少亿？,002424_2013,8,11,3,Elaboration,Q2围绕A1中提及的明星产品银丹心脑通，要求补充具体销售目标数据。,,,1
positive,大股东减持套现直接影响二级市场持股信心，如2013年12月的减持引发股价暴跌。公司三大股东一致行动人合计持股现仍高达73%，如果大股东为贵州百灵引进战略投资者的方式协议转让减持，则必然给二级市场带来正能量，请问姜董事长有没有考虑过？ 感谢您对公司的关注。您的建议我们会认真研究。谢谢！,今后减持股份能否转让在战略投资者。上次减持对股价打击不小。希望董事長三思而行！,2,shareholder_return,dep_reason,Q2紧接Q1的建议，再次强调协议转让给战略投资者，并提及上次减持对股价的打击，推动董事长三思。,大股东减持套现直接影响二级市场持股信心，如2013年12月的减持引发股价暴跌。公司三大股东一致行动人合计持股现仍高达73%，如果大股东为贵州百灵引进战略投资者的方式协议转让减持，则必然给二级市场带来正能量，请问姜董事长有没有考虑过？,感谢您对公司的关注。您的建议我们会认真研究。谢谢！,今后减持股份能否转让在战略投资者。上次减持对股价打击不小。希望董事長三思而行！,002424_2013,12,14,2,Elaboration,Q2紧接Q1的建议，再次强调协议转让给战略投资者，并提及上次减持对股价的打击，推动董事长三思。,,,1
positive,大股东减持套现直接影响二级市场持股信心，如2013年12月的减持引发股价暴跌。公司三大股东一致行动人合计持股现仍高达73%，如果大股东为贵州百灵引进战略投资者的方式协议转让减持，则必然给二级市场带来正能量，请问姜董事长有没有考虑过？ 感谢您对公司的关注。您的建议我们会认真研究。谢谢！,我是公司长期股东，请问公司对优化股权结构有何考虑？是否考虑引进战略投资者？另外对于糖宁通的市场宣传推广和新药注册有何计划（希望分时间段简单说明），谢谢姜董！,2,strategy_planning,dep_reason,Q2重复Q1建议，针对A1敷衍回应继续追问股权优化和战略投资者，且Q1未获正面回答。,大股东减持套现直接影响二级市场持股信心，如2013年12月的减持引发股价暴跌。公司三大股东一致行动人合计持股现仍高达73%，如果大股东为贵州百灵引进战略投资者的方式协议转让减持，则必然给二级市场带来正能量，请问姜董事长有没有考虑过？,感谢您对公司的关注。您的建议我们会认真研究。谢谢！,我是公司长期股东，请问公司对优化股权结构有何考虑？是否考虑引进战略投资者？另外对于糖宁通的市场宣传推广和新药注册有何计划（希望分时间段简单说明），谢谢姜董！,002424_2013,12,17,5,Complaint,Q2重复Q1建议，针对A1敷衍回应继续追问股权优化和战略投资者，且Q1未获正面回答。,,,1
positive,百灵未来的机遇在哪里？ 感谢您对公司的关心和关注。1、公司发展战略公司将强化在苗药领域的龙头地位，力争成为中成药领域具有核心竞争优势的企业。公司在继续强化核心中药品种的市场地位、专利保护、技术升级的基础上，加快中药材GAP种植项目的建设，同时集中优势资源积极开展基药市场相关工作和公司重点研发项目的研发工作，完善营销网络建设，以保障公司战略、经营目标的实现。2、2014年经营目标根据产业发展态势以及医药市场的变化，公司董事会按照持续稳步发展的思路，制定2014年经营目标及计划。（1）积极开展基药市场相关工作公司将紧紧抓住独家产品独家剂型“银丹心脑通软胶囊”入选2012年版基药的重大历史机遇，积极参与各地招标工作，抢抓基层医疗药品市场，加强销售团队建设和培训，提高销售队伍专业化水平，根据不同的市场区域出台针对性的专业化推广措施，加大与经销商合作力度，迅速抢占市场，保持公司主打产品稳步增长。（2）提升营销队伍能力以保增长为基础，综合实现产品增长、营销模式创新以及营销队伍建设。持续优化营销组织机构，完善各部门体系建设和盈利模式，完善营销人才激励体系建设，完善营销职能部门建设和对于市场支持能力的建设。2014年公司将继续保持行业增长速度，继续完善营销网络建设；合理资源配置，加大投入公司二线产品的培育；继续强化基础医疗市场的队伍建设和市场覆盖，促进学术推广方式创新；完善区域代理的体系管理，力争做到区域市场的无缝隙覆盖。（3）深入盈利能力建设基础工作在优化公司现有管理体系的基础上进一步细化管理流程，持续全方面开展以“开源节流、增收节支”为重点的精细化成本控制工作，提高公司盈利能力。以更好的业绩、更优的盈利回报广大投资者。（4）发展公司重点研发项目公司将继续强化研发投入和研发管理，完善公司研发管理体系建设，做好化药一类新药替芬泰项目一期临床研究工作和糖尿病秘方糖宁通络胶囊的新药研发及医疗机构制剂研发工作，加快公司糖尿病专科医院的建设进度。谢谢！,我是公司长期股东，请问公司对优化股权结构有何考虑？是否考虑引进战略投资者？另外对于糖宁通的市场宣传推广和新药注册有何计划（希望分时间段简单说明），谢谢姜董！,1,disclosure_detail,dep_reason,Q2针对A1中提到的糖宁通项目要求说明宣传推广和注册时间计划。,百灵未来的机遇在哪里？,感谢您对公司的关心和关注。1、公司发展战略公司将强化在苗药领域的龙头地位，力争成为中成药领域具有核心竞争优势的企业。公司在继续强化核心中药品种的市场地位、专利保护、技术升级的基础上，加快中药材GAP种植项目的建设，同时集中优势资源积极开展基药市场相关工作和公司重点研发项目的研发工作，完善营销网络建设，以保障公司战略、经营目标的实现。2、2014年经营目标根据产业发展态势以及医药市场的变化，公司董事会按照持续稳步发展的思路，制定2014年经营目标及计划。（1）积极开展基药市场相关工作公司将紧紧抓住独家产品独家剂型“银丹心脑通软胶囊”入选2012年版基药的重大历史机遇，积极参与各地招标工作，抢抓基层医疗药品市场，加强销售团队建设和培训，提高销售队伍专业化水平，根据不同的市场区域出台针对性的专业化推广措施，加大与经销商合作力度，迅速抢占市场，保持公司主打产品稳步增长。（2）提升营销队伍能力以保增长为基础，综合实现产品增长、营销模式创新以及营销队伍建设。持续优化营销组织机构，完善各部门体系建设和盈利模式，完善营销人才激励体系建设，完善营销职能部门建设和对于市场支持能力的建设。2014年公司将继续保持行业增长速度，继续完善营销网络建设；合理资源配置，加大投入公司二线产品的培育；继续强化基础医疗市场的队伍建设和市场覆盖，促进学术推广方式创新；完善区域代理的体系管理，力争做到区域市场的无缝隙覆盖。（3）深入盈利能力建设基础工作在优化公司现有管理体系的基础上进一步细化管理流程，持续全方面开展以“开源节流、增收节支”为重点的精细化成本控制工作，提高公司盈利能力。以更好的业绩、更优的盈利回报广大投资者。（4）发展公司重点研发项目公司将继续强化研发投入和研发管理，完善公司研发管理体系建设，做好化药一类新药替芬泰项目一期临床研究工作和糖尿病秘方糖宁通络胶囊的新药研发及医疗机构制剂研发工作，加快公司糖尿病专科医院的建设进度。谢谢！,我是公司长期股东，请问公司对优化股权结构有何考虑？是否考虑引进战略投资者？另外对于糖宁通的市场宣传推广和新药注册有何计划（希望分时间段简单说明），谢谢姜董！,002424_2013,16,17,1,Elaboration,Q2针对A1中提到的糖宁通项目要求说明宣传推广和注册时间计划。,,,1
positive,我是公司长期股东，请问公司对优化股权结构有何考虑？是否考虑引进战略投资者？另外对于糖宁通的市场宣传推广和新药注册有何计划（希望分时间段简单说明），谢谢姜董！ 感谢您对公司股权结构和产品研发推广的关心。1、关于引进战略投资者的事项公司董事会会认真进行考虑。2、关于糖宁通络胶囊的研发推广公司将会在完成医疗机构制剂临床试验后进行开展，相关重大事项公司会及时、准确、完整的进行信息披露。谢谢！,公司在平台上回答投资者者的问题，为什么总是用套话来回答,2,answer_pressure,dep_reason,Q2明确针对A1回答方式，批评其使用套话，属于对回答状态的投诉。,我是公司长期股东，请问公司对优化股权结构有何考虑？是否考虑引进战略投资者？另外对于糖宁通的市场宣传推广和新药注册有何计划（希望分时间段简单说明），谢谢姜董！,感谢您对公司股权结构和产品研发推广的关心。1、关于引进战略投资者的事项公司董事会会认真进行考虑。2、关于糖宁通络胶囊的研发推广公司将会在完成医疗机构制剂临床试验后进行开展，相关重大事项公司会及时、准确、完整的进行信息披露。谢谢！,公司在平台上回答投资者者的问题，为什么总是用套话来回答,002424_2013,17,20,3,Complaint,Q2明确针对A1回答方式，批评其使用套话，属于对回答状态的投诉。,,,1
positive,你好，请问公司对今年发展如何规划？ 1、公司发展战略公司将强化在苗药领域的龙头地位，力争成为中成药领域具有核心竞争优势的企业。公司在继续强化核心中药品种的市场地位、专利保护、技术升级的基础上，加快中药材GAP种植项目的建设，同时集中优势资源积极开展基药市场相关工作和公司重点研发项目的研发工作，完善营销网络建设，以保障公司战略、经营目标的实现。2、2014年经营目标根据产业发展态势以及医药市场的变化，公司董事会按照持续稳步发展的思路，制定2014年经营目标及计划。（1）积极开展基药市场相关工作公司将紧紧抓住独家产品独家剂型“银丹心脑通软胶囊”入选2012年版基药的重大历史机遇，积极参与各地招标工作，抢抓基层医疗药品市场，加强销售团队建设和培训，提高销售队伍专业化水平，根据不同的市场区域出台针对性的专业化推广措施，加大与经销商合作力度，迅速抢占市场，保持公司主打产品稳步增长。（2）提升营销队伍能力以保增长为基础，综合实现产品增长、营销模式创新以及营销队伍建设。持续优化营销组织机构，完善各部门体系建设和盈利模式，完善营销人才激励体系建设，完善营销职能部门建设和对于市场支持能力的建设。2014年公司将继续保持行业增长速度，继续完善营销网络建设；合理资源配置，加大投入公司二线产品的培育；继续强化基础医疗市场的队伍建设和市场覆盖，促进学术推广方式创新；完善区域代理的体系管理，力争做到区域市场的无缝隙覆盖。（3）深入盈利能力建设基础工作在优化公司现有管理体系的基础上进一步细化管理流程，持续全方面开展以“开源节流、增收节支”为重点的精细化成本控制工作，提高公司盈利能力。以更好的业绩、更优的盈利回报广大投资者。（4）发展公司重点研发项目公司将继续强化研发投入和研发管理，完善公司研发管理体系建设，做好化药一类新药替芬泰项目一期临床研究工作和糖尿病秘方糖宁通络胶囊的新药研发及医疗机构制剂研发工作，加快公司糖尿病专科医院的建设进度。（5）完善生产管理系统加强质量控制，提高GMP管理水平。健全细化并严格执行生产系统各项规则制度，强化各部门和车间的定量定位管理，以提高生产效率和保证生产质量；制定有效可行的质量目标及评估标准，全面执行新版GMP文件，实现新版GMP管理常态化，同时创新培训方式，强调实际培训效果，提高相关工作人员的GMP意识，认真做好通过新版GMP认证的各项准备工作。（6）完善管理制度的建设按照中国证监会、贵州省证监局、深交所等上级监管部门的要求和有关法律法规，规范公司运作。公司将进一步完善治理结构，加强内审与内控制度建设，杜绝违法违规行为的发生，确保在信息披露工作上做到公正、公平、及时，切实维护投资者的合法权益。（7）抓人才建设，积蓄发展活力加强人力资源管理，建立完善的、高效的、灵活的人才培养和管理机制，通过培养、引进和外聘三种方式，扩充公司发展所需的技术开发人员和市场营销人员。完善岗位竞聘、业绩考核、薪酬福利、人才评估等体系，继续加强公司中层领导和后备干部的管理技能培训，进一步提高员工的整体素质。注重企业文化建设，弘扬正气，培养员工的团结协作、爱岗敬业的高尚情操，提高员工的整体素质。谢谢！,请问主打产品2014年公司销售目标多少？毛利率波动大吗,2,strategy_planning,dep_reason,Q2就A1中主打产品继续追问具体销售目标和毛利率波动。,你好，请问公司对今年发展如何规划？,1、公司发展战略公司将强化在苗药领域的龙头地位，力争成为中成药领域具有核心竞争优势的企业。公司在继续强化核心中药品种的市场地位、专利保护、技术升级的基础上，加快中药材GAP种植项目的建设，同时集中优势资源积极开展基药市场相关工作和公司重点研发项目的研发工作，完善营销网络建设，以保障公司战略、经营目标的实现。2、2014年经营目标根据产业发展态势以及医药市场的变化，公司董事会按照持续稳步发展的思路，制定2014年经营目标及计划。（1）积极开展基药市场相关工作公司将紧紧抓住独家产品独家剂型“银丹心脑通软胶囊”入选2012年版基药的重大历史机遇，积极参与各地招标工作，抢抓基层医疗药品市场，加强销售团队建设和培训，提高销售队伍专业化水平，根据不同的市场区域出台针对性的专业化推广措施，加大与经销商合作力度，迅速抢占市场，保持公司主打产品稳步增长。（2）提升营销队伍能力以保增长为基础，综合实现产品增长、营销模式创新以及营销队伍建设。持续优化营销组织机构，完善各部门体系建设和盈利模式，完善营销人才激励体系建设，完善营销职能部门建设和对于市场支持能力的建设。2014年公司将继续保持行业增长速度，继续完善营销网络建设；合理资源配置，加大投入公司二线产品的培育；继续强化基础医疗市场的队伍建设和市场覆盖，促进学术推广方式创新；完善区域代理的体系管理，力争做到区域市场的无缝隙覆盖。（3）深入盈利能力建设基础工作在优化公司现有管理体系的基础上进一步细化管理流程，持续全方面开展以“开源节流、增收节支”为重点的精细化成本控制工作，提高公司盈利能力。以更好的业绩、更优的盈利回报广大投资者。（4）发展公司重点研发项目公司将继续强化研发投入和研发管理，完善公司研发管理体系建设，做好化药一类新药替芬泰项目一期临床研究工作和糖尿病秘方糖宁通络胶囊的新药研发及医疗机构制剂研发工作，加快公司糖尿病专科医院的建设进度。（5）完善生产管理系统加强质量控制，提高GMP管理水平。健全细化并严格执行生产系统各项规则制度，强化各部门和车间的定量定位管理，以提高生产效率和保证生产质量；制定有效可行的质量目标及评估标准，全面执行新版GMP文件，实现新版GMP管理常态化，同时创新培训方式，强调实际培训效果，提高相关工作人员的GMP意识，认真做好通过新版GMP认证的各项准备工作。（6）完善管理制度的建设按照中国证监会、贵州省证监局、深交所等上级监管部门的要求和有关法律法规，规范公司运作。公司将进一步完善治理结构，加强内审与内控制度建设，杜绝违法违规行为的发生，确保在信息披露工作上做到公正、公平、及时，切实维护投资者的合法权益。（7）抓人才建设，积蓄发展活力加强人力资源管理，建立完善的、高效的、灵活的人才培养和管理机制，通过培养、引进和外聘三种方式，扩充公司发展所需的技术开发人员和市场营销人员。完善岗位竞聘、业绩考核、薪酬福利、人才评估等体系，继续加强公司中层领导和后备干部的管理技能培训，进一步提高员工的整体素质。注重企业文化建设，弘扬正气，培养员工的团结协作、爱岗敬业的高尚情操，提高员工的整体素质。谢谢！,请问主打产品2014年公司销售目标多少？毛利率波动大吗,002424_2013,23,25,2,Elaboration,Q2就A1中主打产品继续追问具体销售目标和毛利率波动。,,,1
positive,你好，请问公司对今年发展如何规划？ 1、公司发展战略公司将强化在苗药领域的龙头地位，力争成为中成药领域具有核心竞争优势的企业。公司在继续强化核心中药品种的市场地位、专利保护、技术升级的基础上，加快中药材GAP种植项目的建设，同时集中优势资源积极开展基药市场相关工作和公司重点研发项目的研发工作，完善营销网络建设，以保障公司战略、经营目标的实现。2、2014年经营目标根据产业发展态势以及医药市场的变化，公司董事会按照持续稳步发展的思路，制定2014年经营目标及计划。（1）积极开展基药市场相关工作公司将紧紧抓住独家产品独家剂型“银丹心脑通软胶囊”入选2012年版基药的重大历史机遇，积极参与各地招标工作，抢抓基层医疗药品市场，加强销售团队建设和培训，提高销售队伍专业化水平，根据不同的市场区域出台针对性的专业化推广措施，加大与经销商合作力度，迅速抢占市场，保持公司主打产品稳步增长。（2）提升营销队伍能力以保增长为基础，综合实现产品增长、营销模式创新以及营销队伍建设。持续优化营销组织机构，完善各部门体系建设和盈利模式，完善营销人才激励体系建设，完善营销职能部门建设和对于市场支持能力的建设。2014年公司将继续保持行业增长速度，继续完善营销网络建设；合理资源配置，加大投入公司二线产品的培育；继续强化基础医疗市场的队伍建设和市场覆盖，促进学术推广方式创新；完善区域代理的体系管理，力争做到区域市场的无缝隙覆盖。（3）深入盈利能力建设基础工作在优化公司现有管理体系的基础上进一步细化管理流程，持续全方面开展以“开源节流、增收节支”为重点的精细化成本控制工作，提高公司盈利能力。以更好的业绩、更优的盈利回报广大投资者。（4）发展公司重点研发项目公司将继续强化研发投入和研发管理，完善公司研发管理体系建设，做好化药一类新药替芬泰项目一期临床研究工作和糖尿病秘方糖宁通络胶囊的新药研发及医疗机构制剂研发工作，加快公司糖尿病专科医院的建设进度。（5）完善生产管理系统加强质量控制，提高GMP管理水平。健全细化并严格执行生产系统各项规则制度，强化各部门和车间的定量定位管理，以提高生产效率和保证生产质量；制定有效可行的质量目标及评估标准，全面执行新版GMP文件，实现新版GMP管理常态化，同时创新培训方式，强调实际培训效果，提高相关工作人员的GMP意识，认真做好通过新版GMP认证的各项准备工作。（6）完善管理制度的建设按照中国证监会、贵州省证监局、深交所等上级监管部门的要求和有关法律法规，规范公司运作。公司将进一步完善治理结构，加强内审与内控制度建设，杜绝违法违规行为的发生，确保在信息披露工作上做到公正、公平、及时，切实维护投资者的合法权益。（7）抓人才建设，积蓄发展活力加强人力资源管理，建立完善的、高效的、灵活的人才培养和管理机制，通过培养、引进和外聘三种方式，扩充公司发展所需的技术开发人员和市场营销人员。完善岗位竞聘、业绩考核、薪酬福利、人才评估等体系，继续加强公司中层领导和后备干部的管理技能培训，进一步提高员工的整体素质。注重企业文化建设，弘扬正气，培养员工的团结协作、爱岗敬业的高尚情操，提高员工的整体素质。谢谢！,替酚泰的临床现进入一期，我想问下一共有几期临床才能完成？,1,disclosure_detail,dep_reason,Q2针对A1中提及的替芬泰临床进展，进一步追问临床总期数。,你好，请问公司对今年发展如何规划？,1、公司发展战略公司将强化在苗药领域的龙头地位，力争成为中成药领域具有核心竞争优势的企业。公司在继续强化核心中药品种的市场地位、专利保护、技术升级的基础上，加快中药材GAP种植项目的建设，同时集中优势资源积极开展基药市场相关工作和公司重点研发项目的研发工作，完善营销网络建设，以保障公司战略、经营目标的实现。2、2014年经营目标根据产业发展态势以及医药市场的变化，公司董事会按照持续稳步发展的思路，制定2014年经营目标及计划。（1）积极开展基药市场相关工作公司将紧紧抓住独家产品独家剂型“银丹心脑通软胶囊”入选2012年版基药的重大历史机遇，积极参与各地招标工作，抢抓基层医疗药品市场，加强销售团队建设和培训，提高销售队伍专业化水平，根据不同的市场区域出台针对性的专业化推广措施，加大与经销商合作力度，迅速抢占市场，保持公司主打产品稳步增长。（2）提升营销队伍能力以保增长为基础，综合实现产品增长、营销模式创新以及营销队伍建设。持续优化营销组织机构，完善各部门体系建设和盈利模式，完善营销人才激励体系建设，完善营销职能部门建设和对于市场支持能力的建设。2014年公司将继续保持行业增长速度，继续完善营销网络建设；合理资源配置，加大投入公司二线产品的培育；继续强化基础医疗市场的队伍建设和市场覆盖，促进学术推广方式创新；完善区域代理的体系管理，力争做到区域市场的无缝隙覆盖。（3）深入盈利能力建设基础工作在优化公司现有管理体系的基础上进一步细化管理流程，持续全方面开展以“开源节流、增收节支”为重点的精细化成本控制工作，提高公司盈利能力。以更好的业绩、更优的盈利回报广大投资者。（4）发展公司重点研发项目公司将继续强化研发投入和研发管理，完善公司研发管理体系建设，做好化药一类新药替芬泰项目一期临床研究工作和糖尿病秘方糖宁通络胶囊的新药研发及医疗机构制剂研发工作，加快公司糖尿病专科医院的建设进度。（5）完善生产管理系统加强质量控制，提高GMP管理水平。健全细化并严格执行生产系统各项规则制度，强化各部门和车间的定量定位管理，以提高生产效率和保证生产质量；制定有效可行的质量目标及评估标准，全面执行新版GMP文件，实现新版GMP管理常态化，同时创新培训方式，强调实际培训效果，提高相关工作人员的GMP意识，认真做好通过新版GMP认证的各项准备工作。（6）完善管理制度的建设按照中国证监会、贵州省证监局、深交所等上级监管部门的要求和有关法律法规，规范公司运作。公司将进一步完善治理结构，加强内审与内控制度建设，杜绝违法违规行为的发生，确保在信息披露工作上做到公正、公平、及时，切实维护投资者的合法权益。（7）抓人才建设，积蓄发展活力加强人力资源管理，建立完善的、高效的、灵活的人才培养和管理机制，通过培养、引进和外聘三种方式，扩充公司发展所需的技术开发人员和市场营销人员。完善岗位竞聘、业绩考核、薪酬福利、人才评估等体系，继续加强公司中层领导和后备干部的管理技能培训，进一步提高员工的整体素质。注重企业文化建设，弘扬正气，培养员工的团结协作、爱岗敬业的高尚情操，提高员工的整体素质。谢谢！,替酚泰的临床现进入一期，我想问下一共有几期临床才能完成？,002424_2013,23,27,4,Elaboration,Q2针对A1中提及的替芬泰临床进展，进一步追问临床总期数。,,,1
positive,请问贵司13年，银丹心脑通软胶囊，金感胶囊，咳速停糖浆，咳速停胶囊，维C银翘片，康妇灵胶囊，经带宁胶囊，泌淋清胶囊，胆炎康胶囊，爱透的全年销售金额分别是多少？谢谢了。 感谢您对公司的关注。公司产品银丹心脑通软胶囊2013年实现销售收入4.45亿元；维C银翘片2013年实现销售收入2.19亿元；金感胶囊2013年实现销售收入6857万元；咳速停糖浆2013年实现销售收入1.43亿元；咳速停胶囊2013年实现销售收入3484万元；康妇灵胶囊2013年实现销售收入6158万元；泌淋清胶囊2013年实现销售收入5360万元；经带宁胶囊2013年实现销售收入5066万元。谢谢！,请问银丹二次开发进展情况如何，是否顺利？,1,disclosure_detail,dep_reason,Q2针对Q1/A1中提到的银丹心脑通软胶囊，继续追问二次开发进展。,请问贵司13年，银丹心脑通软胶囊，金感胶囊，咳速停糖浆，咳速停胶囊，维C银翘片，康妇灵胶囊，经带宁胶囊，泌淋清胶囊，胆炎康胶囊，爱透的全年销售金额分别是多少？谢谢了。,感谢您对公司的关注。公司产品银丹心脑通软胶囊2013年实现销售收入4.45亿元；维C银翘片2013年实现销售收入2.19亿元；金感胶囊2013年实现销售收入6857万元；咳速停糖浆2013年实现销售收入1.43亿元；咳速停胶囊2013年实现销售收入3484万元；康妇灵胶囊2013年实现销售收入6158万元；泌淋清胶囊2013年实现销售收入5360万元；经带宁胶囊2013年实现销售收入5066万元。谢谢！,请问银丹二次开发进展情况如何，是否顺利？,002424_2013,33,34,1,Elaboration,Q2针对Q1/A1中提到的银丹心脑通软胶囊，继续追问二次开发进展。,,,1
positive,您好，请预计一下银丹心脑通软胶囊今年比去年增长多少 感谢您对公司的关注。今年新版基药招标配送工作将在全国范围内全面展开，公司将会积极抢抓机遇，做好此项工作以确保银丹心脑通软胶囊的持续快速增长，但是由于各省、区、市实施进度的不统一，其增长幅度存在不确定性，我们会在后续的定期报告中做好银丹心脑通软胶囊销售情况的披露。谢谢！,请问姜董：1、贵公司2014年的销售目标是多少？净利润增长目标是多少？对此您有没有信心完成目标？2、2013年公司银丹心脑通完成了60%以上的增长，对该产品的销售公司的中短期（1年、5年）目标分别是多少？,1,disclosure_detail,dep_reason,Q2针对A1回避具体增长数，继续追问银丹心脑通的中短期销售目标。,您好，请预计一下银丹心脑通软胶囊今年比去年增长多少,感谢您对公司的关注。今年新版基药招标配送工作将在全国范围内全面展开，公司将会积极抢抓机遇，做好此项工作以确保银丹心脑通软胶囊的持续快速增长，但是由于各省、区、市实施进度的不统一，其增长幅度存在不确定性，我们会在后续的定期报告中做好银丹心脑通软胶囊销售情况的披露。谢谢！,请问姜董：1、贵公司2014年的销售目标是多少？净利润增长目标是多少？对此您有没有信心完成目标？2、2013年公司银丹心脑通完成了60%以上的增长，对该产品的销售公司的中短期（1年、5年）目标分别是多少？,002424_2013,39,42,3,Elaboration,Q2针对A1回避具体增长数，继续追问银丹心脑通的中短期销售目标。,,,1
positive,请问姜总，如何看待近期公司股票的市场表现，一直在震荡下跌。 谢谢您对公司股价的关注，我个人在兼任总经理更加深感做好本职工作，回报广大投资者的工作重要性，目前公司生产经营正常，我个人对百灵的发展充满信心，去年一年公司股价的表现已经说明只要我们围绕公司战略发展目标不懈努力工作，不断提升盈利能力，一定会为广大投资者创造更多的投资回报。谢谢！,公司经营以及业绩体现为股票价格，公司预期发展也会体现在价格，希望公司不要回答说不关心股价情况，不要说那是市场波动起伏，稍微正常的人都会奇怪百灵接二连三的无视各种利好，这些正常吗？要不是公司有问题，就是经营者有问题，对资本市场的无视。,2,performance_governance,dep_reason,人工复核：Q2针对A1以经营正常和信心回应股价问题，继续质疑股价异常和公司应对。,请问姜总，如何看待近期公司股票的市场表现，一直在震荡下跌。,谢谢您对公司股价的关注，我个人在兼任总经理更加深感做好本职工作，回报广大投资者的工作重要性，目前公司生产经营正常，我个人对百灵的发展充满信心，去年一年公司股价的表现已经说明只要我们围绕公司战略发展目标不懈努力工作，不断提升盈利能力，一定会为广大投资者创造更多的投资回报。谢谢！,公司经营以及业绩体现为股票价格，公司预期发展也会体现在价格，希望公司不要回答说不关心股价情况，不要说那是市场波动起伏，稍微正常的人都会奇怪百灵接二连三的无视各种利好，这些正常吗？要不是公司有问题，就是经营者有问题，对资本市场的无视。,002424_2013,47,49,2,Challenge,人工复核：Q2针对A1以经营正常和信心回应股价问题，继续质疑股价异常和公司应对。,,,1
positive,请问糖宁通络胶囊如果研制成功，预计何时可在药店买到？另外公司有研制苗药贴膏的计划吗？谢谢！ 感谢您对公司新药研发的关注。新药研发具有周期长、高投入、高风险等特点，在一系列的不确定性面前做时间表预测是不客观的，我们在前期研究进展的基础上会持续推进相关工作，同时做好各阶段的信息披露工作。目前公司没有研发苗药贴膏的计划。谢谢！,请问糖宁通络临床试验需要多长时间或者要达到什么程度可以申请正式上市销售，谢谢,2,restructuring,dep_reason,Q2针对A1拒绝预测时间表，继续追问临床试验时长及上市条件。,请问糖宁通络胶囊如果研制成功，预计何时可在药店买到？另外公司有研制苗药贴膏的计划吗？谢谢！,感谢您对公司新药研发的关注。新药研发具有周期长、高投入、高风险等特点，在一系列的不确定性面前做时间表预测是不客观的，我们在前期研究进展的基础上会持续推进相关工作，同时做好各阶段的信息披露工作。目前公司没有研发苗药贴膏的计划。谢谢！,请问糖宁通络临床试验需要多长时间或者要达到什么程度可以申请正式上市销售，谢谢,002424_2013,60,61,1,Challenge,Q2针对A1拒绝预测时间表，继续追问临床试验时长及上市条件。,,,1
positive,请问贵公司有无放弃X002研发项目的打算？ 感谢您对公司的关注。公司合作开发的X002项目，目前该项目遇到技术难题，研发人员正在对相关问题进行攻关，暂无相关进展。截至发报期，该项目公司未实际投入资金。谢谢！,贵公司的X002项目遇到技术难题，是否有放弃该项目的打算?,1,disclosure_detail,dep_reason,人工复核：Q2针对A1提到X002技术难题和暂无进展，继续确认是否放弃该项目。,请问贵公司有无放弃X002研发项目的打算？,感谢您对公司的关注。公司合作开发的X002项目，目前该项目遇到技术难题，研发人员正在对相关问题进行攻关，暂无相关进展。截至发报期，该项目公司未实际投入资金。谢谢！,贵公司的X002项目遇到技术难题，是否有放弃该项目的打算?,002424_2013,66,68,2,Elaboration,人工复核：Q2针对A1提到X002技术难题和暂无进展，继续确认是否放弃该项目。,,,1
positive,请问医院还要多久试营业？ 医院在社保医保等政策到位后仍需要一定时间的磨合，我们会及时评价试营业效果，调整和完善医院相关工作，早日实现医院的正式运营。谢谢！,为什么不回答网民的问题？一个医院一拖再拖，总说出一个不成立的理由？请给一个确切的回答为什医院不能正式营业。,1,disclosure_detail,dep_reason,Q2针对A1回避试营业时间、理由不成立进行投诉并追问确切回答。,请问医院还要多久试营业？,医院在社保医保等政策到位后仍需要一定时间的磨合，我们会及时评价试营业效果，调整和完善医院相关工作，早日实现医院的正式运营。谢谢！,为什么不回答网民的问题？一个医院一拖再拖，总说出一个不成立的理由？请给一个确切的回答为什医院不能正式营业。,002424_2014,2,3,1,Complaint,Q2针对A1回避试营业时间、理由不成立进行投诉并追问确切回答。,,,1
positive,牛董，您好。您升为总经理后主抓哪项工作？对于唐宁和替芬泰您准备做哪些工作？ 感谢您对百灵及我本人的关心。作为公司总经理其职责是全面负责公司的生产经营工作，我本人深感责任重大，同时作为董秘仍将继续与投资者沟通交流的工作，盼望得到您及广大投资者的大力支持。目前糖宁通络和替芬泰的进展公司已有及时发布的相关公告，我认为糖宁通络在医院的加大样本临床运用是现阶段的重要工作。替芬泰项目一期临床进展顺利，公司要紧密跟踪临床试验工作，适时推进相关配套工作。谢谢！,请问替芬泰一期临床进展到那一步？是否有病人参与一期临床？有几个病人参与？,1,disclosure_detail,dep_reason,Q2针对A1中'替芬泰项目一期临床进展顺利'继续追问具体进展和病人参与情况。,牛董，您好。您升为总经理后主抓哪项工作？对于唐宁和替芬泰您准备做哪些工作？,感谢您对百灵及我本人的关心。作为公司总经理其职责是全面负责公司的生产经营工作，我本人深感责任重大，同时作为董秘仍将继续与投资者沟通交流的工作，盼望得到您及广大投资者的大力支持。目前糖宁通络和替芬泰的进展公司已有及时发布的相关公告，我认为糖宁通络在医院的加大样本临床运用是现阶段的重要工作。替芬泰项目一期临床进展顺利，公司要紧密跟踪临床试验工作，适时推进相关配套工作。谢谢！,请问替芬泰一期临床进展到那一步？是否有病人参与一期临床？有几个病人参与？,002424_2014,20,23,3,Elaboration,Q2针对A1中'替芬泰项目一期临床进展顺利'继续追问具体进展和病人参与情况。,,,1
positive,您好，公司在贵阳的中医糖尿病医院已于2015年2月开始进行试营业以来，住院病人有多少，平均每天门诊就诊病例有多少？最多一天有多少门诊病例？谢谢！ 贵州百灵中医糖尿病医院在运营一定阶段后，我们将会对相关的情况进行披露。谢谢！,姜总，辛苦了！糖宁疗效、目前医院的营业情况是我们最关心的，一个月了，总有大概的人数统计吧，请不要在核心问题耍太极。疗效反馈的有效比例是多少？目前每天有多少病人到医院就诊？谢谢,1,disclosure_detail,dep_reason,Q2明确不满A1回避，重复追问营业数据。,您好，公司在贵阳的中医糖尿病医院已于2015年2月开始进行试营业以来，住院病人有多少，平均每天门诊就诊病例有多少？最多一天有多少门诊病例？谢谢！,贵州百灵中医糖尿病医院在运营一定阶段后，我们将会对相关的情况进行披露。谢谢！,姜总，辛苦了！糖宁疗效、目前医院的营业情况是我们最关心的，一个月了，总有大概的人数统计吧，请不要在核心问题耍太极。疗效反馈的有效比例是多少？目前每天有多少病人到医院就诊？谢谢,002424_2014,25,27,2,Complaint,Q2明确不满A1回避，重复追问营业数据。,,,1
positive,请问公司对远程医院有专人负责研究相关政策及有对远程（网络）销售成立专门机构吗？ 感谢您对公司的关注。目前公司已有相关人员研究“互联网+”项目。谢谢！,现在很多医药企业都在做“互联网+”，请问贵公司在这方面有什么规划？,2,strategy_planning,dep_reason,"Q2承接A1中""互联网+""项目继续追问规划，属内容依赖。",请问公司对远程医院有专人负责研究相关政策及有对远程（网络）销售成立专门机构吗？,感谢您对公司的关注。目前公司已有相关人员研究“互联网+”项目。谢谢！,现在很多医药企业都在做“互联网+”，请问贵公司在这方面有什么规划？,002424_2014,34,36,2,Elaboration,"Q2承接A1中""互联网+""项目继续追问规划，属内容依赖。",,,1
positive,姜伟董事长：您好！首先祝贺贵公司股票创历史新高！您能辞去总经理的职务腾出时间来抓公司发展的空间，这说明您有很大的胸襟。贵公司是个很优秀的企业，作为贵州人，我为之自豪。我提几个问题，希望您能给于答复。第一，针对2014年贵州省出台的医药行业发展纲要的内容，贵公司要在三年内（在2017年）总产量达到50个亿，有些什么思路和措施？ 感谢您对公司的关注。对于公司未来的发展，一方面我们要做好现有产品的推广，稳当发展一线产品，加快开展二、三线品种的培育，银丹心脑通软胶囊进入基药目录、低价药政策的调整对公司未来都有积极作用，二是会加快研发项目产业化的进度，包括重点研发项目“替芬泰”、“糖宁通络”等，中医糖尿病医院也是公司新的盈利点。谢谢！,请问替芬泰一期临床进展顺利吗?,1,disclosure_detail,dep_reason,Q2针对A1中提到的替芬泰项目追问临床进展，要求更多细节。,姜伟董事长：您好！首先祝贺贵公司股票创历史新高！您能辞去总经理的职务腾出时间来抓公司发展的空间，这说明您有很大的胸襟。贵公司是个很优秀的企业，作为贵州人，我为之自豪。我提几个问题，希望您能给于答复。第一，针对2014年贵州省出台的医药行业发展纲要的内容，贵公司要在三年内（在2017年）总产量达到50个亿，有些什么思路和措施？,感谢您对公司的关注。对于公司未来的发展，一方面我们要做好现有产品的推广，稳当发展一线产品，加快开展二、三线品种的培育，银丹心脑通软胶囊进入基药目录、低价药政策的调整对公司未来都有积极作用，二是会加快研发项目产业化的进度，包括重点研发项目“替芬泰”、“糖宁通络”等，中医糖尿病医院也是公司新的盈利点。谢谢！,请问替芬泰一期临床进展顺利吗?,002424_2014,46,48,2,Elaboration,Q2针对A1中提到的替芬泰项目追问临床进展，要求更多细节。,,,1
positive,姜董事长，您好，您经常质押股票融资，而不是选择减持百灵股份。请问，您是否不认可现在的股价，您认为百灵股价多少比较正常？ 公司上市以来，生产经营持续增长，在广大投资者的支持下，努力实现公司的发展战略，目前公司科技研发、产能建设、营销推广、内部管理都发展到一个新的阶段，我们对公司未来的发展充满信心，对回报广大投资者充满信心。谢谢！,"姜总,您把百灵鸟当成自己的孩子，爱护有加，既然宁愿借钱，也不减持，不如承诺1、2年内不减持以及减持的价格，这样股价高了，交易活跃了，调研报告也多了，可以引起股民以及患者的关注，对糖宁的推广也有帮助呀。",2,shareholder_return,dep_reason,Q2承接Q1中质押融资不减持的行为，进一步提出承诺不减持等建议。,姜董事长，您好，您经常质押股票融资，而不是选择减持百灵股份。请问，您是否不认可现在的股价，您认为百灵股价多少比较正常？,公司上市以来，生产经营持续增长，在广大投资者的支持下，努力实现公司的发展战略，目前公司科技研发、产能建设、营销推广、内部管理都发展到一个新的阶段，我们对公司未来的发展充满信心，对回报广大投资者充满信心。谢谢！,"姜总,您把百灵鸟当成自己的孩子，爱护有加，既然宁愿借钱，也不减持，不如承诺1、2年内不减持以及减持的价格，这样股价高了，交易活跃了，调研报告也多了，可以引起股民以及患者的关注，对糖宁的推广也有帮助呀。",002424_2014,50,54,4,Elaboration,Q2承接Q1中质押融资不减持的行为，进一步提出承诺不减持等建议。,,,1
positive,牛总您好，作为中小投资者想向牛董请教一下，在2015年度，公司的发展思路和策略有哪些，谢谢。 1、公司发展战略公司将强化在苗药领域的龙头地位，力争成为中成药领域具有核心竞争优势的企业。公司在继续强化核心中成药品种的市场地位、专利保护、技术升级的基础上，加快重点研发项目和中医糖尿病医院的建设，同时集中优势资源积极开展基药市场相关工作和公司重点研发项目的研发工作，完善营销网络建设，以保障公司战略、经营目标的实现。2、2015年经营目标2015年公司将立足新起点、适应新形势、顺应新期待，努力做到理念先进、价值和谐、制度完备、机制健全，为维护公众健康服务。面对新常态下的医药行业，公司将通过以下几项措施进行应对：①高度重视盈利能力建设，实现“供、研、产、销”统筹发展；②更加明确苗药龙头企业的定位和“科技苗药”、“文化苗药”、“生态苗药”工程的建设；③积极投入力量研究移动互联网时代的医药产业发展。根据产业发展态势以及医药市场的变化，公司董事会制定了2015年经营目标及计划。（1）完善市场开发与加强产品推介力度2015年公司将继续坚持以成熟品牌为依托，以优势品种为核心，以企业效益为目标的经营战略，在保证产品质量、安全生产的前提下，大力开拓市场，强化品牌意识。同时继续筛选市场前景广阔、疗效确切、适应公司营销模式的独家产品，不断优化产品结构。继续做好各项招投标工作，对市场进行深耕和布局，深入培育与拓展销售终端，扩大主要品种的市场占有率。（2）提升营销队伍能力以保增长为基础，综合实现产品增长、营销模式创新以及营销队伍建设。持续优化营销组织机构，完善各部门体系建设和盈利模式，完善营销人才激励体系建设，完善营销职能部门建设和对于市场支持能力的建设。2015年公司将继续保持行业增长速度，继续完善营销网络建设；合理资源配置，加大投入公司二、三线产品的培育；继续强化基层医疗市场的队伍建设和市场覆盖，促进学术推广方式创新；完善区域代理的体系管理，力争做到区域市场的无缝隙覆盖。（3）深入盈利能力建设基础工作在优化公司现有管理体系的基础上进一步加强费用控制，降低生产成本，持续全方面开展以“开源节流、增收节支”为重点的精细化成本控制工作。进一步增强成本控制意识，通过改进工艺、优化质量管理、控制采购成本、丰富管控指标、加强准时、精益生产等方式，消除各个环节的浪费，强化细节成本管理，通过岗位分析，设备能力评估和改造，完善统一的精益生产、节能降耗模式和验收标准，提升运行效率，节省能源消耗。确保成本优势，在保证产品质量的前提下降低成本，提升效率。（4）发展公司重点研发项目和投资项目公司将继续加强研发创新体系的建设与研发投入，提升技术创新水平。一方面公司将通过现有的研究开发平台，继续加强与高等院校、科研院所在“产、学、研”方面的合作交流，围绕新产品、新标准、新工艺的研发战略规划，加大研发投入力度，培养更多的自主研发人才。另一方面，加快做好现有研发项目的研究工作，包括化药一类新药替芬泰项目、糖宁通络项目和表柔比星脂质体项目的新药研发工作，快加研发项目产业化的进度，增强公司在医药行业的核心竞争力，为实现公司发展战略和可持续发展奠定基础。加大力度、加快进度实施中医糖尿病医院建设项目，尽快掌握医疗服务市场的规律，积聚和培养中医糖尿病医院专业人才队伍，形成贵阳、长沙两个基地，并适时进行复制推广。（5）完善生产管理系统加强质量控制，提高GMP管理水平。健全细化并严格执行生产系统各项规则制度，强化各部门和车间的定量定位管理，提高生产效率和保证生产质量；制定有效可行的质量目标及评估标准，全面执行新版GMP文件，实现新版GMP管理常态化，同时创新培训方式，强调实际培训效果，提高相关工作人员的GMP意识，2015年公司将通过针对性做好产能协调利用，通过技术改造，提高效益，认真做好全面通过新版GMP认证的各项准备工作。（6）完善管理制度的建设按照中国证监会、贵州省证监局、深交所等上级监管部门的要求和有关法律法规的规定，规范公司运作。公司将进一步完善治理结构，加强内审与内控制度建设，杜绝违法违规行为的发生，确保在信息披露工作上做到及时、公正和准确，切实维护投资者的合法权益。（7）抓人才建设，积蓄发展活力加强人力资源管理，建立完善的、高效的、灵活的人才培养和管理机制，通过培养、引进和外聘三种方式，扩充公司发展所需的技术开发人员和市场营销人员。完善岗位竞聘、业绩考核、薪酬福利、人才评估等体系，继续加强公司中层领导和后备干部的管理技能培训，进一步提高员工的整体素质。注重企业文化建设，弘扬正气，培养员工的团结协作、爱岗敬业的高尚情操，提高员工的整体素质。,请问姜董：替酚肽一期临床进展如何,1,disclosure_detail,dep_reason,Q2针对A1中提到的替芬泰项目继续追问一期临床进展。,牛总您好，作为中小投资者想向牛董请教一下，在2015年度，公司的发展思路和策略有哪些，谢谢。,1、公司发展战略公司将强化在苗药领域的龙头地位，力争成为中成药领域具有核心竞争优势的企业。公司在继续强化核心中成药品种的市场地位、专利保护、技术升级的基础上，加快重点研发项目和中医糖尿病医院的建设，同时集中优势资源积极开展基药市场相关工作和公司重点研发项目的研发工作，完善营销网络建设，以保障公司战略、经营目标的实现。2、2015年经营目标2015年公司将立足新起点、适应新形势、顺应新期待，努力做到理念先进、价值和谐、制度完备、机制健全，为维护公众健康服务。面对新常态下的医药行业，公司将通过以下几项措施进行应对：①高度重视盈利能力建设，实现“供、研、产、销”统筹发展；②更加明确苗药龙头企业的定位和“科技苗药”、“文化苗药”、“生态苗药”工程的建设；③积极投入力量研究移动互联网时代的医药产业发展。根据产业发展态势以及医药市场的变化，公司董事会制定了2015年经营目标及计划。（1）完善市场开发与加强产品推介力度2015年公司将继续坚持以成熟品牌为依托，以优势品种为核心，以企业效益为目标的经营战略，在保证产品质量、安全生产的前提下，大力开拓市场，强化品牌意识。同时继续筛选市场前景广阔、疗效确切、适应公司营销模式的独家产品，不断优化产品结构。继续做好各项招投标工作，对市场进行深耕和布局，深入培育与拓展销售终端，扩大主要品种的市场占有率。（2）提升营销队伍能力以保增长为基础，综合实现产品增长、营销模式创新以及营销队伍建设。持续优化营销组织机构，完善各部门体系建设和盈利模式，完善营销人才激励体系建设，完善营销职能部门建设和对于市场支持能力的建设。2015年公司将继续保持行业增长速度，继续完善营销网络建设；合理资源配置，加大投入公司二、三线产品的培育；继续强化基层医疗市场的队伍建设和市场覆盖，促进学术推广方式创新；完善区域代理的体系管理，力争做到区域市场的无缝隙覆盖。（3）深入盈利能力建设基础工作在优化公司现有管理体系的基础上进一步加强费用控制，降低生产成本，持续全方面开展以“开源节流、增收节支”为重点的精细化成本控制工作。进一步增强成本控制意识，通过改进工艺、优化质量管理、控制采购成本、丰富管控指标、加强准时、精益生产等方式，消除各个环节的浪费，强化细节成本管理，通过岗位分析，设备能力评估和改造，完善统一的精益生产、节能降耗模式和验收标准，提升运行效率，节省能源消耗。确保成本优势，在保证产品质量的前提下降低成本，提升效率。（4）发展公司重点研发项目和投资项目公司将继续加强研发创新体系的建设与研发投入，提升技术创新水平。一方面公司将通过现有的研究开发平台，继续加强与高等院校、科研院所在“产、学、研”方面的合作交流，围绕新产品、新标准、新工艺的研发战略规划，加大研发投入力度，培养更多的自主研发人才。另一方面，加快做好现有研发项目的研究工作，包括化药一类新药替芬泰项目、糖宁通络项目和表柔比星脂质体项目的新药研发工作，快加研发项目产业化的进度，增强公司在医药行业的核心竞争力，为实现公司发展战略和可持续发展奠定基础。加大力度、加快进度实施中医糖尿病医院建设项目，尽快掌握医疗服务市场的规律，积聚和培养中医糖尿病医院专业人才队伍，形成贵阳、长沙两个基地，并适时进行复制推广。（5）完善生产管理系统加强质量控制，提高GMP管理水平。健全细化并严格执行生产系统各项规则制度，强化各部门和车间的定量定位管理，提高生产效率和保证生产质量；制定有效可行的质量目标及评估标准，全面执行新版GMP文件，实现新版GMP管理常态化，同时创新培训方式，强调实际培训效果，提高相关工作人员的GMP意识，2015年公司将通过针对性做好产能协调利用，通过技术改造，提高效益，认真做好全面通过新版GMP认证的各项准备工作。（6）完善管理制度的建设按照中国证监会、贵州省证监局、深交所等上级监管部门的要求和有关法律法规的规定，规范公司运作。公司将进一步完善治理结构，加强内审与内控制度建设，杜绝违法违规行为的发生，确保在信息披露工作上做到及时、公正和准确，切实维护投资者的合法权益。（7）抓人才建设，积蓄发展活力加强人力资源管理，建立完善的、高效的、灵活的人才培养和管理机制，通过培养、引进和外聘三种方式，扩充公司发展所需的技术开发人员和市场营销人员。完善岗位竞聘、业绩考核、薪酬福利、人才评估等体系，继续加强公司中层领导和后备干部的管理技能培训，进一步提高员工的整体素质。注重企业文化建设，弘扬正气，培养员工的团结协作、爱岗敬业的高尚情操，提高员工的整体素质。,请问姜董：替酚肽一期临床进展如何,002424_2014,77,79,2,Elaboration,Q2针对A1中提到的替芬泰项目继续追问一期临床进展。,,,1
positive,姜董，我有2个家人在服用糖宁通络，血糖、血压双降到正常水平并保持平稳，眼睛明亮了，腿脚走路有力了，面色转好，精神状态好，身体感觉明显好于以前服用二甲双胍+阿卡波糖期间，确是好药，谢谢姜董和贵州百灵公司！如此好药，外界看不到任何的糖尿病医院和糖宁通络的宣传推广，知者极少，非常可惜，好的民族药要让全国糖尿病患者都知道受益！请问公司最近有什么有关医院和糖宁的宣传推广计划？谢谢！ 谢谢您及家人对糖宁通络胶囊的良效评价，我们会及时研究医院及糖宁通络的进展情况，适时推出合理的宣传推广计划，目前医院的网站、官方微信等平台已逐步开通，今后还将在更多更广的平台上积极推广。再次感谢您的建议，祝您和家人身体健康！,请问董事长，糖宁通的推广很缓慢，医院迟迟不开业，它能为今年贡献多少业绩？试营业就医情况如何？,2,performance_governance,dep_reason,Q2批评A1推广计划缓慢、医院不开业，针对回答空泛施压追问业绩和试营业。,姜董，我有2个家人在服用糖宁通络，血糖、血压双降到正常水平并保持平稳，眼睛明亮了，腿脚走路有力了，面色转好，精神状态好，身体感觉明显好于以前服用二甲双胍+阿卡波糖期间，确是好药，谢谢姜董和贵州百灵公司！如此好药，外界看不到任何的糖尿病医院和糖宁通络的宣传推广，知者极少，非常可惜，好的民族药要让全国糖尿病患者都知道受益！请问公司最近有什么有关医院和糖宁的宣传推广计划？谢谢！,谢谢您及家人对糖宁通络胶囊的良效评价，我们会及时研究医院及糖宁通络的进展情况，适时推出合理的宣传推广计划，目前医院的网站、官方微信等平台已逐步开通，今后还将在更多更广的平台上积极推广。再次感谢您的建议，祝您和家人身体健康！,请问董事长，糖宁通的推广很缓慢，医院迟迟不开业，它能为今年贡献多少业绩？试营业就医情况如何？,002424_2014,81,85,4,Challenge,Q2批评A1推广计划缓慢、医院不开业，针对回答空泛施压追问业绩和试营业。,,,1
positive,请问董事长，糖宁通的推广很缓慢，医院迟迟不开业，它能为今年贡献多少业绩？试营业就医情况如何？ 目前公司在贵阳的中医糖尿病医院试营业情况正常，医院本年度实现的业绩情况我们将会在定期报告中进行披露。谢谢！,请问什么时候能公开糖尿病专科医院试营业期间的财务收支状况,1,disclosure_detail,dep_reason,Q2针对A1中定期报告披露业绩的承诺，追问具体公开时间。,请问董事长，糖宁通的推广很缓慢，医院迟迟不开业，它能为今年贡献多少业绩？试营业就医情况如何？,目前公司在贵阳的中医糖尿病医院试营业情况正常，医院本年度实现的业绩情况我们将会在定期报告中进行披露。谢谢！,请问什么时候能公开糖尿病专科医院试营业期间的财务收支状况,002424_2014,85,86,1,Elaboration,Q2针对A1中定期报告披露业绩的承诺，追问具体公开时间。,,,1
positive,请问董事长，糖宁通的推广很缓慢，医院迟迟不开业，它能为今年贡献多少业绩？试营业就医情况如何？ 目前公司在贵阳的中医糖尿病医院试营业情况正常，医院本年度实现的业绩情况我们将会在定期报告中进行披露。谢谢！,牛董您好，医院试营业后有没有继续24周的对比实验？哪些来医院看病的后续公司有没有进一步跟进？,1,disclosure_detail,dep_reason,Q2基于A1试营业情况，追问对比实验和患者跟进细节。,请问董事长，糖宁通的推广很缓慢，医院迟迟不开业，它能为今年贡献多少业绩？试营业就医情况如何？,目前公司在贵阳的中医糖尿病医院试营业情况正常，医院本年度实现的业绩情况我们将会在定期报告中进行披露。谢谢！,牛董您好，医院试营业后有没有继续24周的对比实验？哪些来医院看病的后续公司有没有进一步跟进？,002424_2014,85,90,5,Elaboration,Q2基于A1试营业情况，追问对比实验和患者跟进细节。,,,1
positive,下午好，公司地处贵州，贵州百灵除了维C银翘片以外，还有哪些产品？谢谢叔叔。有哪些优势呢？ 目前公司主要的产品有：银丹心脑通软胶囊、维C银翘片、咳速停糖浆及胶囊、金感胶囊等，您可以查阅公司于4月3日披露的2014年年度报告，其中董事会报告中有公司核心竞争力的详细描述。谢谢！,姜董，我有家人心脑血管病及脂肪肝，服用公司的银丹心脑通半年后，身体感觉很好，体检B超显示脂肪肝好了，真是好药！请问，公司就银丹心脑通增加脂肪肝治疗功效的二次开发还在进行中吗，如有，进展如何？最近2年的年报不见相关跟踪表述。,1,disclosure_detail,dep_reason,Q2 基于 A1 中提到的银丹心脑通产品，追问其脂肪肝治疗功效的二次开发进展。,下午好，公司地处贵州，贵州百灵除了维C银翘片以外，还有哪些产品？谢谢叔叔。有哪些优势呢？,目前公司主要的产品有：银丹心脑通软胶囊、维C银翘片、咳速停糖浆及胶囊、金感胶囊等，您可以查阅公司于4月3日披露的2014年年度报告，其中董事会报告中有公司核心竞争力的详细描述。谢谢！,姜董，我有家人心脑血管病及脂肪肝，服用公司的银丹心脑通半年后，身体感觉很好，体检B超显示脂肪肝好了，真是好药！请问，公司就银丹心脑通增加脂肪肝治疗功效的二次开发还在进行中吗，如有，进展如何？最近2年的年报不见相关跟踪表述。,002424_2014,87,91,4,Elaboration,Q2 基于 A1 中提到的银丹心脑通产品，追问其脂肪肝治疗功效的二次开发进展。,,,1
positive,姜总，牛总，您们好。现在大多数人还对中药治疗糖尿病持有怀疑态度，包括许多医生和病人。而糖宁作为中医苗药新药，如何引起医生病人的关注和赢取信任很关键。请问贵公司除了和腾讯合作的腾爱.糖大夫之外，还有别的措施来推广唐宁通络胶囊吗？新媒体宣传方面有什么新活动？ 谢谢您的关注及建议！我们会继续做好相关的研发工作并进行学术推广工作，同时公司将会在新媒体传播方面加大力度，2015年公司及糖尿病专科医院的微信公众号推出后已取得良好效果，我们会总结经验加以提高。谢谢！,在贵州百灵微信公众号及贵州百灵中医糖尿病医院网站看到《全新糖尿病管理模式——百灵专家支持模式正式上线》，“介于贵州百灵中医糖尿病医院是贵州首批互联网医院，具备异地远程诊疗条件。院方将在当日参会的诊所中选100家作为贵州百灵中医糖尿病医院在河南当地首批远程诊疗点……此模式已在河南、云南开始尝试，试点成功后将即刻推向全国。“，请问，河南、云南的尝试进展如何？该远程医疗拓展模式是否有政策障碍？,1,disclosure_detail,dep_reason,Q2针对A1提到的微信公众号和新媒体宣传，追问具体远程诊疗试点的进展和政策障碍。,姜总，牛总，您们好。现在大多数人还对中药治疗糖尿病持有怀疑态度，包括许多医生和病人。而糖宁作为中医苗药新药，如何引起医生病人的关注和赢取信任很关键。请问贵公司除了和腾讯合作的腾爱.糖大夫之外，还有别的措施来推广唐宁通络胶囊吗？新媒体宣传方面有什么新活动？,谢谢您的关注及建议！我们会继续做好相关的研发工作并进行学术推广工作，同时公司将会在新媒体传播方面加大力度，2015年公司及糖尿病专科医院的微信公众号推出后已取得良好效果，我们会总结经验加以提高。谢谢！,在贵州百灵微信公众号及贵州百灵中医糖尿病医院网站看到《全新糖尿病管理模式——百灵专家支持模式正式上线》，“介于贵州百灵中医糖尿病医院是贵州首批互联网医院，具备异地远程诊疗条件。院方将在当日参会的诊所中选100家作为贵州百灵中医糖尿病医院在河南当地首批远程诊疗点……此模式已在河南、云南开始尝试，试点成功后将即刻推向全国。“，请问，河南、云南的尝试进展如何？该远程医疗拓展模式是否有政策障碍？,002424_2015,2,3,1,Elaboration,Q2针对A1提到的微信公众号和新媒体宣传，追问具体远程诊疗试点的进展和政策障碍。,,,1
positive,在贵州百灵微信公众号及贵州百灵中医糖尿病医院网站看到《全新糖尿病管理模式——百灵专家支持模式正式上线》，2016年3月中旬由贵州百灵企业集团制药股份有限公司河南办事处主办的“苗医药学术交流会”在郑州举行，来自河南各地医疗机构的医生到场参加活动，“介于贵州百灵中医糖尿病医院是贵州首批互联网医院，具备异地远程诊疗条件。院方将在当日参会的诊所中选100家作为贵州百灵中医糖尿病医院在河南当地首批远程诊疗点，获选诊所将得到院方在糖尿病诊疗技术和服务方面的帮助；同时院方还为来该诊所就诊的糖尿病病人发放“糖大夫”，将患者、诊所、贵州省糖尿病防控信息中心、百灵医院有效连接，让患者的病情得到实时管控和有效治疗，从而增加患者对诊所的信任与依从，更增加对“糖宁通络”的了解和认知。此模式已在河南、云南开始尝试，试点成功后将即刻推向全国。“，请问，河南、云南的尝试进展如何？该远程医疗拓展模式是否有政策障碍？ 谢谢您对公司的关注！公司基于糖尿病专科医院获批的贵州省远程医疗机构试点单位平台，与远程地区的基层医疗机构合作，通过远程医疗相关设施对患者进行诊疗，相关详细情况请向公司专科医院咨询。谢谢！,请问姜总:请简单介绍一下河南和云南远程诊疗点?,1,disclosure_detail,dep_reason,Q2针对A1未介绍远程诊疗点，继续追问Q1中的河南云南尝试进展，要求具体介绍。,在贵州百灵微信公众号及贵州百灵中医糖尿病医院网站看到《全新糖尿病管理模式——百灵专家支持模式正式上线》，2016年3月中旬由贵州百灵企业集团制药股份有限公司河南办事处主办的“苗医药学术交流会”在郑州举行，来自河南各地医疗机构的医生到场参加活动，“介于贵州百灵中医糖尿病医院是贵州首批互联网医院，具备异地远程诊疗条件。院方将在当日参会的诊所中选100家作为贵州百灵中医糖尿病医院在河南当地首批远程诊疗点，获选诊所将得到院方在糖尿病诊疗技术和服务方面的帮助；同时院方还为来该诊所就诊的糖尿病病人发放“糖大夫”，将患者、诊所、贵州省糖尿病防控信息中心、百灵医院有效连接，让患者的病情得到实时管控和有效治疗，从而增加患者对诊所的信任与依从，更增加对“糖宁通络”的了解和认知。此模式已在河南、云南开始尝试，试点成功后将即刻推向全国。“，请问，河南、云南的尝试进展如何？该远程医疗拓展模式是否有政策障碍？,谢谢您对公司的关注！公司基于糖尿病专科医院获批的贵州省远程医疗机构试点单位平台，与远程地区的基层医疗机构合作，通过远程医疗相关设施对患者进行诊疗，相关详细情况请向公司专科医院咨询。谢谢！,请问姜总:请简单介绍一下河南和云南远程诊疗点?,002424_2015,32,35,3,Elaboration,Q2针对A1未介绍远程诊疗点，继续追问Q1中的河南云南尝试进展，要求具体介绍。,,,1
positive,请问姜总:请简单介绍一下河南和云南远程诊疗点? 谢谢您对公司的关注！公司基于糖尿病专科医院获批的贵州省远程医疗机构试点单位平台，与远程地区的基层医疗机构合作，通过远程医疗相关设施对患者进行诊疗，相关详细情况请向公司专科医院咨询。谢谢！,今年预计有多少合同金额？预计能确认多少营业收入呢？,1,disclosure_detail,dep_reason,A1介绍远程医疗试点平台及与基层医疗机构合作开展诊疗，但未说明商业合同和收入确认情况。Q2追问合同金额和预计营业收入，是对A1所述远程医疗合作业务的经营结果细化。,请问姜总:请简单介绍一下河南和云南远程诊疗点?,谢谢您对公司的关注！公司基于糖尿病专科医院获批的贵州省远程医疗机构试点单位平台，与远程地区的基层医疗机构合作，通过远程医疗相关设施对患者进行诊疗，相关详细情况请向公司专科医院咨询。谢谢！,今年预计有多少合同金额？预计能确认多少营业收入呢？,002424_2015,35,36,1,Elaboration,A1介绍远程医疗试点平台及与基层医疗机构合作开展诊疗，但未说明商业合同和收入确认情况。Q2追问合同金额和预计营业收入，是对A1所述远程医疗合作业务的经营结果细化。,,,1
positive,近期经济形势严峻，如何看待公司未来几年的发展？公司是如何应对未来几年的市场机遇？ 医药产业是支撑发展医疗卫生事业和健康服务业的重要基础，是具有较强成长性、关联性和带动性的朝阳产业，在惠民生、稳增长方面发挥了积极作用。随着我国公共卫生体系建设提速、疾病预防控制体系不断完善、城乡居民消费结构改善、人口老龄化进程加快，医药需求在全民医保的推动下持续释放。2015年，在公立医院改革、控药占比、以及医保支出收紧等大背景下，大部分企业都面临招标降价的压力，医药行业整体进入一个新的较低的增长区间；但内需的刚性增长以及国家对于产业规范、产业提升的政策导向都将有利于行业的整合发展，为公司发展带来机遇和挑战，市场竞争更加激烈。公司明确围绕“强化公司在苗药领域的龙头地位，力争成为中成药领域具有核心竞争优势的企业”这一战略目标继续扎实进行全方位的竞争力建设，以实施“科技苗药、文化苗药、生态苗药”为抓手，对既有的优质苗药资源提升规模和效益，同时深耕苗药的宝库，加快苗医药一体化项目（中医糖尿病医院）开发，持续加大科技投入，管理团队的建设逐步加强，营销队伍能力积极增长，药品生产、质量管理更加规范合理，成本控制工作有效推进，公司治理结构不断完善，风险管控能力得到加强，企业盈利能力提升明显。,百灵长沙中医糖尿病医院获得执业许可证已有2个多月时间了，到现在还未见正式开业，是遇到什么困难了？长沙医院使用的糖宁通络医院制剂申请进到什么程序了？,1,disclosure_detail,dep_reason,A1提到公司将加快苗医药一体化项目和中医糖尿病医院开发。Q2追问长沙中医糖尿病医院开业进度及糖宁通络制剂申请程序，是对A1中糖尿病医院项目进展的具体追问。,近期经济形势严峻，如何看待公司未来几年的发展？公司是如何应对未来几年的市场机遇？,医药产业是支撑发展医疗卫生事业和健康服务业的重要基础，是具有较强成长性、关联性和带动性的朝阳产业，在惠民生、稳增长方面发挥了积极作用。随着我国公共卫生体系建设提速、疾病预防控制体系不断完善、城乡居民消费结构改善、人口老龄化进程加快，医药需求在全民医保的推动下持续释放。2015年，在公立医院改革、控药占比、以及医保支出收紧等大背景下，大部分企业都面临招标降价的压力，医药行业整体进入一个新的较低的增长区间；但内需的刚性增长以及国家对于产业规范、产业提升的政策导向都将有利于行业的整合发展，为公司发展带来机遇和挑战，市场竞争更加激烈。公司明确围绕“强化公司在苗药领域的龙头地位，力争成为中成药领域具有核心竞争优势的企业”这一战略目标继续扎实进行全方位的竞争力建设，以实施“科技苗药、文化苗药、生态苗药”为抓手，对既有的优质苗药资源提升规模和效益，同时深耕苗药的宝库，加快苗医药一体化项目（中医糖尿病医院）开发，持续加大科技投入，管理团队的建设逐步加强，营销队伍能力积极增长，药品生产、质量管理更加规范合理，成本控制工作有效推进，公司治理结构不断完善，风险管控能力得到加强，企业盈利能力提升明显。,百灵长沙中医糖尿病医院获得执业许可证已有2个多月时间了，到现在还未见正式开业，是遇到什么困难了？长沙医院使用的糖宁通络医院制剂申请进到什么程序了？,002424_2015,37,38,1,Elaboration,A1提到公司将加快苗医药一体化项目和中医糖尿病医院开发。Q2追问长沙中医糖尿病医院开业进度及糖宁通络制剂申请程序，是对A1中糖尿病医院项目进展的具体追问。,,,1
positive,近期经济形势严峻，如何看待公司未来几年的发展？公司是如何应对未来几年的市场机遇？ 医药产业是支撑发展医疗卫生事业和健康服务业的重要基础，是具有较强成长性、关联性和带动性的朝阳产业，在惠民生、稳增长方面发挥了积极作用。随着我国公共卫生体系建设提速、疾病预防控制体系不断完善、城乡居民消费结构改善、人口老龄化进程加快，医药需求在全民医保的推动下持续释放。2015年，在公立医院改革、控药占比、以及医保支出收紧等大背景下，大部分企业都面临招标降价的压力，医药行业整体进入一个新的较低的增长区间；但内需的刚性增长以及国家对于产业规范、产业提升的政策导向都将有利于行业的整合发展，为公司发展带来机遇和挑战，市场竞争更加激烈。公司明确围绕“强化公司在苗药领域的龙头地位，力争成为中成药领域具有核心竞争优势的企业”这一战略目标继续扎实进行全方位的竞争力建设，以实施“科技苗药、文化苗药、生态苗药”为抓手，对既有的优质苗药资源提升规模和效益，同时深耕苗药的宝库，加快苗医药一体化项目（中医糖尿病医院）开发，持续加大科技投入，管理团队的建设逐步加强，营销队伍能力积极增长，药品生产、质量管理更加规范合理，成本控制工作有效推进，公司治理结构不断完善，风险管控能力得到加强，企业盈利能力提升明显。,苗药已解决糖尿病发展,2,strategy_planning,dep_reason,A1将苗医药一体化项目和中医糖尿病医院作为公司未来发展的重点之一。Q2虽然表述不完整，但语义上是在追问苗药治疗糖尿病相关项目的发展和效果，承接A1中的糖尿病医院/苗医药一体化锚点；建议后续人工复核该问句原文是否需要规范化。,近期经济形势严峻，如何看待公司未来几年的发展？公司是如何应对未来几年的市场机遇？,医药产业是支撑发展医疗卫生事业和健康服务业的重要基础，是具有较强成长性、关联性和带动性的朝阳产业，在惠民生、稳增长方面发挥了积极作用。随着我国公共卫生体系建设提速、疾病预防控制体系不断完善、城乡居民消费结构改善、人口老龄化进程加快，医药需求在全民医保的推动下持续释放。2015年，在公立医院改革、控药占比、以及医保支出收紧等大背景下，大部分企业都面临招标降价的压力，医药行业整体进入一个新的较低的增长区间；但内需的刚性增长以及国家对于产业规范、产业提升的政策导向都将有利于行业的整合发展，为公司发展带来机遇和挑战，市场竞争更加激烈。公司明确围绕“强化公司在苗药领域的龙头地位，力争成为中成药领域具有核心竞争优势的企业”这一战略目标继续扎实进行全方位的竞争力建设，以实施“科技苗药、文化苗药、生态苗药”为抓手，对既有的优质苗药资源提升规模和效益，同时深耕苗药的宝库，加快苗医药一体化项目（中医糖尿病医院）开发，持续加大科技投入，管理团队的建设逐步加强，营销队伍能力积极增长，药品生产、质量管理更加规范合理，成本控制工作有效推进，公司治理结构不断完善，风险管控能力得到加强，企业盈利能力提升明显。,苗药已解决糖尿病发展,002424_2015,37,39,2,Clarification,A1将苗医药一体化项目和中医糖尿病医院作为公司未来发展的重点之一。Q2虽然表述不完整，但语义上是在追问苗药治疗糖尿病相关项目的发展和效果，承接A1中的糖尿病医院/苗医药一体化锚点；建议后续人工复核该问句原文是否需要规范化。,,,1
positive,1.公司同解放军总院的合作处于什么阶段了？2.同云南白药子公司的合作意向有推进吗？3.糖宁通目前还卖不过象脑白金类的保健品，贵公司的宣传推广思路，营销策略是否落伍？ 谢谢您对公司的关心！1、关于与解放军总医院的合作目前正常推进；2、关于与云南白药方的合作，中药材种植及贸易已经启动，专科医院建设双方在深入研讨。请及时关注公司发布的相关公告。谢谢！,牛总好，去年5月公司和云南白药集团中药资源有限公司签订了《集团战略合作协议书》，其中在适时阶段，双方在云南合作建立糖尿病专科医院，请问最近是否有新的进展，如果没有，双方分歧主要集中在哪方面，谢谢,1,disclosure_detail,dep_reason,Q2针对A1中专科医院建设‘深入研讨’继续追问进展和分歧。,1.公司同解放军总院的合作处于什么阶段了？2.同云南白药子公司的合作意向有推进吗？3.糖宁通目前还卖不过象脑白金类的保健品，贵公司的宣传推广思路，营销策略是否落伍？,谢谢您对公司的关心！1、关于与解放军总医院的合作目前正常推进；2、关于与云南白药方的合作，中药材种植及贸易已经启动，专科医院建设双方在深入研讨。请及时关注公司发布的相关公告。谢谢！,牛总好，去年5月公司和云南白药集团中药资源有限公司签订了《集团战略合作协议书》，其中在适时阶段，双方在云南合作建立糖尿病专科医院，请问最近是否有新的进展，如果没有，双方分歧主要集中在哪方面，谢谢,002424_2015,43,44,1,Elaboration,Q2针对A1中专科医院建设‘深入研讨’继续追问进展和分歧。,,,1
positive,长沙百灵中医糖尿病医院已获得执业许可证，还需要办理糖宁通络医疗制剂，预计大约什么时间可以开业？ 您好，感谢对公司的关心。长沙糖尿病医院的相关工作一直都在积极推进，相关信息会及时进行披露。谢谢,公司各项工作推进都显得严重慢于预期，比如：替芬泰临床批件获得、替芬泰一期临床、虎耳草种植项目、山银花种植项目、银丹二次开发、银丹基药招标、糖尿病长沙医院、云南白药合作项目、301医院合作项目等等等，如果一个两个尚可以说是客观原因，这么多甚至没有一个项目不拖延，而且是严重拖延，公司管理层难道都不从自身找原因吗？是态度问题还是管理能力问题还是公关能力问题？作为百灵近6年的长期投资者恳请姜董认真回答，谢,1,disclosure_detail,dep_reason,Q2将Q1中的医院列为拖延案例，针对A1回避性回答及项目拖延，质问管理层态度与能力。,长沙百灵中医糖尿病医院已获得执业许可证，还需要办理糖宁通络医疗制剂，预计大约什么时间可以开业？,您好，感谢对公司的关心。长沙糖尿病医院的相关工作一直都在积极推进，相关信息会及时进行披露。谢谢,公司各项工作推进都显得严重慢于预期，比如：替芬泰临床批件获得、替芬泰一期临床、虎耳草种植项目、山银花种植项目、银丹二次开发、银丹基药招标、糖尿病长沙医院、云南白药合作项目、301医院合作项目等等等，如果一个两个尚可以说是客观原因，这么多甚至没有一个项目不拖延，而且是严重拖延，公司管理层难道都不从自身找原因吗？是态度问题还是管理能力问题还是公关能力问题？作为百灵近6年的长期投资者恳请姜董认真回答，谢,002424_2015,69,72,3,Challenge,Q2将Q1中的医院列为拖延案例，针对A1回避性回答及项目拖延，质问管理层态度与能力。,,,1
positive,牛总，1.请问一季报什么时间岀？2.河南模式和长沙模式会在全国同步铺开吗？3.截止3月底股东人数是多少？4.替芬泰最快什么时候可岀一期试验报告？5.感觉公司的运作，宣传有些跟不上市场节奏，没有跳跃式和弯道超车的思维。江浙地区的企业发展思路应借鉴，别抱着金娃娃不知么样办。 谢谢您的关注。1、公司2016年一季报将于4月27日发布；2、公司将会在长沙医院的基础上积极向全国推广；3、截止3月31日公司股东人数为83230；4、替芬泰项目目前进展正常，初步预计2016年5月完成I期临床工作；5、您的相关建议我们会认真对待和研究，只有广大投资者的支持，才会促进公司各项工作的全面推进，谢谢！,牛总您好，请问公司长沙糖尿病医院的进展是否一切顺利，谢谢,1,disclosure_detail,dep_reason,A1说明公司将以长沙医院为基础向全国推广，并列出替芬泰项目等进展。Q2追问长沙糖尿病医院进展是否顺利，是对A1中“长沙医院基础”这一推广前提的进度确认。,牛总，1.请问一季报什么时间岀？2.河南模式和长沙模式会在全国同步铺开吗？3.截止3月底股东人数是多少？4.替芬泰最快什么时候可岀一期试验报告？5.感觉公司的运作，宣传有些跟不上市场节奏，没有跳跃式和弯道超车的思维。江浙地区的企业发展思路应借鉴，别抱着金娃娃不知么样办。,谢谢您的关注。1、公司2016年一季报将于4月27日发布；2、公司将会在长沙医院的基础上积极向全国推广；3、截止3月31日公司股东人数为83230；4、替芬泰项目目前进展正常，初步预计2016年5月完成I期临床工作；5、您的相关建议我们会认真对待和研究，只有广大投资者的支持，才会促进公司各项工作的全面推进，谢谢！,牛总您好，请问公司长沙糖尿病医院的进展是否一切顺利，谢谢,002424_2015,130,132,2,Elaboration,A1说明公司将以长沙医院为基础向全国推广，并列出替芬泰项目等进展。Q2追问长沙糖尿病医院进展是否顺利，是对A1中“长沙医院基础”这一推广前提的进度确认。,,,1
positive,请问姜总，请明确301医院糖宁通络院内制剂的进度？301已经申报了，还是仍在准备文字资料还是已经进行了临床试验？谢谢 谢谢您对公司的关注！我们会及时、准确、完整的做好包括与301医院合作项目在内的信息披露工作，目前与301医院的合作项目进展正常，没有受其他因素影响。谢谢！,2015年9月15日贵州百灵与中国人民解放军总医院签订糖宁通络《非标制剂合作协议书》，时间已过去半年，请问是否需要进行临床试验？如需要，现在进展到什么程度？或者说非标制剂申请需要哪些程序，现在进行到哪一步了？谢谢！,1,disclosure_detail,dep_reason,人工复核：Q2针对A1称301合作进展正常但未披露细节，继续追问临床试验和申请程序进度。,请问姜总，请明确301医院糖宁通络院内制剂的进度？301已经申报了，还是仍在准备文字资料还是已经进行了临床试验？谢谢,谢谢您对公司的关注！我们会及时、准确、完整的做好包括与301医院合作项目在内的信息披露工作，目前与301医院的合作项目进展正常，没有受其他因素影响。谢谢！,2015年9月15日贵州百灵与中国人民解放军总医院签订糖宁通络《非标制剂合作协议书》，时间已过去半年，请问是否需要进行临床试验？如需要，现在进展到什么程度？或者说非标制剂申请需要哪些程序，现在进行到哪一步了？谢谢！,002424_2015,131,133,2,Elaboration,人工复核：Q2针对A1称301合作进展正常但未披露细节，继续追问临床试验和申请程序进度。,,,1
positive,请问姜总，请明确301医院糖宁通络院内制剂的进度？301已经申报了，还是仍在准备文字资料还是已经进行了临床试验？谢谢 谢谢您对公司的关注！我们会及时、准确、完整的做好包括与301医院合作项目在内的信息披露工作，目前与301医院的合作项目进展正常，没有受其他因素影响。谢谢！,姜总，现在百灵的股价刚刚走好，请积极信息披露维护好这来之不易的走势。请问详细披露下301医院院内制剂的进度。谢谢,1,disclosure_detail,dep_reason,人工复核：Q2针对A1未提供301院内制剂具体进度，继续要求详细披露。,请问姜总，请明确301医院糖宁通络院内制剂的进度？301已经申报了，还是仍在准备文字资料还是已经进行了临床试验？谢谢,谢谢您对公司的关注！我们会及时、准确、完整的做好包括与301医院合作项目在内的信息披露工作，目前与301医院的合作项目进展正常，没有受其他因素影响。谢谢！,姜总，现在百灵的股价刚刚走好，请积极信息披露维护好这来之不易的走势。请问详细披露下301医院院内制剂的进度。谢谢,002424_2015,131,135,4,Elaboration,人工复核：Q2针对A1未提供301院内制剂具体进度，继续要求详细披露。,,,1
positive,2015年9月15日贵州百灵与中国人民解放军总医院签订糖宁通络《非标制剂合作协议书》，时间已过去半年，请问是否需要进行临床试验？如需要，现在进展到什么程度？或者说非标制剂申请需要哪些程序，现在进行到哪一步了？谢谢！ 谢谢您对公司的关注！公司基于糖尿病专科医院获批的贵州省远程医疗机构试点单位平台，与远程地区的基层医疗机构合作，通过远程医疗相关设施对患者进行诊疗，相关详细情况请向公司专科医院咨询。谢谢！,姜总，现在百灵的股价刚刚走好，请积极信息披露维护好这来之不易的走势。请问详细披露下301医院院内制剂的进度。谢谢,1,disclosure_detail,dep_reason,Q2重复追问Q1中关于301医院制剂进度的核心问题，A1回避未正面回答，Q2催促披露。,2015年9月15日贵州百灵与中国人民解放军总医院签订糖宁通络《非标制剂合作协议书》，时间已过去半年，请问是否需要进行临床试验？如需要，现在进展到什么程度？或者说非标制剂申请需要哪些程序，现在进行到哪一步了？谢谢！,谢谢您对公司的关注！公司基于糖尿病专科医院获批的贵州省远程医疗机构试点单位平台，与远程地区的基层医疗机构合作，通过远程医疗相关设施对患者进行诊疗，相关详细情况请向公司专科医院咨询。谢谢！,姜总，现在百灵的股价刚刚走好，请积极信息披露维护好这来之不易的走势。请问详细披露下301医院院内制剂的进度。谢谢,002424_2015,133,135,2,Complaint,Q2重复追问Q1中关于301医院制剂进度的核心问题，A1回避未正面回答，Q2催促披露。,,,1
positive,我母亲心脑血管病及中度脂肪肝，曾经中风，服用银丹心脑通一年后，B超检查没有脂肪肝了，身体综合感觉非常好，银丹很棒！我曾在广东省人民医院、广东省中医院、天河区中医院开银丹，医生均表示，这药不错，但现在医院没有！非常遗憾，是银丹供应不足还是营销问题？银丹2015年销售已达5.7亿元，在象广东这样的医药大省覆盖率还很低，让我觉得银丹的潜在可拓展市场空间仍然很大，不知道公司是否有针对性的积极营销方案？ 您好，感谢使用糖宁产品，能帮助你母亲恢复身体健康很是高兴。医院建设，公司将根据发展规划和市场条件情况积极推进，我们会及时的将进展情况进行披露。,"既然糖宁通络效果良好,糖尿病专科医院也已经建立,采用一系列的广告推广才能快速积累用户,公司没有这方面的规划吗?我认为应该请有能力的咨询公司,在合法合规的前提下,策划一整套广告推广计划,才能做大做强。",2,strategy_planning,dep_reason,"Q2针对A1中提到的糖宁通络效果和医院建立,继续追问广告推广规划。",我母亲心脑血管病及中度脂肪肝，曾经中风，服用银丹心脑通一年后，B超检查没有脂肪肝了，身体综合感觉非常好，银丹很棒！我曾在广东省人民医院、广东省中医院、天河区中医院开银丹，医生均表示，这药不错，但现在医院没有！非常遗憾，是银丹供应不足还是营销问题？银丹2015年销售已达5.7亿元，在象广东这样的医药大省覆盖率还很低，让我觉得银丹的潜在可拓展市场空间仍然很大，不知道公司是否有针对性的积极营销方案？,您好，感谢使用糖宁产品，能帮助你母亲恢复身体健康很是高兴。医院建设，公司将根据发展规划和市场条件情况积极推进，我们会及时的将进展情况进行披露。,"既然糖宁通络效果良好,糖尿病专科医院也已经建立,采用一系列的广告推广才能快速积累用户,公司没有这方面的规划吗?我认为应该请有能力的咨询公司,在合法合规的前提下,策划一整套广告推广计划,才能做大做强。",002424_2015,138,140,2,Elaboration,"Q2针对A1中提到的糖宁通络效果和医院建立,继续追问广告推广规划。",,,1
positive,贵司与腾讯的合作看到更多的是利于腾讯的效果，百灵的宣传推广好象没因此得到级数式变化，什么原因？ 谢谢您对公司的建议和关注！公司致力于苗药研发、推广，在实施糖尿病专科医院远程项目中能够与腾讯公司合作，并展开糖尿病防控计划工作，我们会总结好前一阶段的工作，通过数据反馈反哺药物研发，并利用“互联网+”平台加强患者沟通，实现公司在专科医院建设和新药研发推广的工作，相信经过一定时期的积累，我们将收获更多的用户体验，实现公司借助“互联网+”加快发展的目标。谢谢！,姜总，您好！慢性病中心，既然是卫计委和公司、腾信一起打造的项目，请问政府是否有相应的资金投入？或者以补贴的形式投入到中心？谢谢！,1,disclosure_detail,dep_reason,A1说明公司在糖尿病专科医院远程项目中与腾讯合作，并开展糖尿病防控计划。Q2追问慢性病中心是否有政府资金投入或补贴，是对A1所述远程医疗/专科医院合作项目的资金来源细化。,贵司与腾讯的合作看到更多的是利于腾讯的效果，百灵的宣传推广好象没因此得到级数式变化，什么原因？,谢谢您对公司的建议和关注！公司致力于苗药研发、推广，在实施糖尿病专科医院远程项目中能够与腾讯公司合作，并展开糖尿病防控计划工作，我们会总结好前一阶段的工作，通过数据反馈反哺药物研发，并利用“互联网+”平台加强患者沟通，实现公司在专科医院建设和新药研发推广的工作，相信经过一定时期的积累，我们将收获更多的用户体验，实现公司借助“互联网+”加快发展的目标。谢谢！,姜总，您好！慢性病中心，既然是卫计委和公司、腾信一起打造的项目，请问政府是否有相应的资金投入？或者以补贴的形式投入到中心？谢谢！,002424_2015,141,144,3,Elaboration,A1说明公司在糖尿病专科医院远程项目中与腾讯合作，并开展糖尿病防控计划。Q2追问慢性病中心是否有政府资金投入或补贴，是对A1所述远程医疗/专科医院合作项目的资金来源细化。,,,1
positive,中草药种植项目能否介绍一下，能否满足企业自足的情况下还能对外销售，如何保证中药的质量于品质 感谢对公司的关注，公司目前中药材种植项目主要是山银花、虎耳草等，目前的种植情况暂时不能满足自身产品所用。专业技术人员，优质苗种，农业合作化管理方式。,公司虎耳草GAP种植项目进展如何？山银花项目进展如何？太子参项目目前还做吗？,1,disclosure_detail,dep_reason,Q2针对A1中提到的虎耳草和山银花继续追问项目进展。,中草药种植项目能否介绍一下，能否满足企业自足的情况下还能对外销售，如何保证中药的质量于品质,感谢对公司的关注，公司目前中药材种植项目主要是山银花、虎耳草等，目前的种植情况暂时不能满足自身产品所用。专业技术人员，优质苗种，农业合作化管理方式。,公司虎耳草GAP种植项目进展如何？山银花项目进展如何？太子参项目目前还做吗？,002424_2016,5,9,4,Elaboration,Q2针对A1中提到的虎耳草和山银花继续追问项目进展。,,,1
positive,姜董事长你持有的股票是不是太多了，为了公司发展，是否可以减少股份引进战略投资者 谢谢您的回复，我也一直在积极思考。,1，大股东有减持计划吗，上次高位减持，投资者心有余悸啊。2有管理层持股计划吗,1,disclosure_detail,dep_reason,Q2针对A1回避回答继续追问大股东减持计划，并提及上次高位减持施压。,姜董事长你持有的股票是不是太多了，为了公司发展，是否可以减少股份引进战略投资者,谢谢您的回复，我也一直在积极思考。,1，大股东有减持计划吗，上次高位减持，投资者心有余悸啊。2有管理层持股计划吗,002424_2016,17,21,4,Complaint,Q2针对A1回避回答继续追问大股东减持计划，并提及上次高位减持施压。,,,1
positive,1，大股东有减持计划吗，上次高位减持，投资者心有余悸啊。2有管理层持股计划吗 感谢您对公司的关注。公司大股东目前没有减持计划，公司管理层暂无增持计划。谢谢！,请问牛总，你作为公司总经理对公司发展是否有信心？很多公司包括贵州益佰的高管团队都以实际行动在二级市场购买股票，支持公司发展，您是否也能有所表示？哪怕是100股也好，至少显示了对公司发展的信心，在百灵半年多来大幅度下跌40%的情况下，正是一个表现管理层气魄、胆识和信心的大好机会，100股2000块不到，请一定采纳！最好能与姜董沟通，制定管理层激励计划或员工持股计划，更大地发挥全体员工的主观能动性，谢谢,2,answer_pressure,dep_reason,Q2针对A1中“管理层暂无增持计划”进行施压，要求牛总个人购买股票表示信心。,1，大股东有减持计划吗，上次高位减持，投资者心有余悸啊。2有管理层持股计划吗,感谢您对公司的关注。公司大股东目前没有减持计划，公司管理层暂无增持计划。谢谢！,请问牛总，你作为公司总经理对公司发展是否有信心？很多公司包括贵州益佰的高管团队都以实际行动在二级市场购买股票，支持公司发展，您是否也能有所表示？哪怕是100股也好，至少显示了对公司发展的信心，在百灵半年多来大幅度下跌40%的情况下，正是一个表现管理层气魄、胆识和信心的大好机会，100股2000块不到，请一定采纳！最好能与姜董沟通，制定管理层激励计划或员工持股计划，更大地发挥全体员工的主观能动性，谢谢,002424_2016,21,26,5,Challenge,Q2针对A1中“管理层暂无增持计划”进行施压，要求牛总个人购买股票表示信心。,,,1
positive,长沙中医院预计什么时候不亏损？ 感谢您对公司的关注。长沙医院目前尚未正式营业，医院经营情况在后续的定期报告中我们将会详细披露。谢谢！,请问年报上医院是怎么还是亏损千万的？,1,disclosure_detail,dep_reason,Q2针对A1中“尚未正式营业”与年报亏损矛盾追问原因，依赖A1内容。,长沙中医院预计什么时候不亏损？,感谢您对公司的关注。长沙医院目前尚未正式营业，医院经营情况在后续的定期报告中我们将会详细披露。谢谢！,请问年报上医院是怎么还是亏损千万的？,002424_2016,50,54,4,Elaboration,Q2针对A1中“尚未正式营业”与年报亏损矛盾追问原因，依赖A1内容。,,,1
positive,公司与解放军总医院的合作签署已经过去一年半了，期间没有任何进展公告，公司互动平台回复永远是还需要有关部门审批，那么问题来了，既然双方达成合作协议，审批的事情应该早做打算，到底是什么部门的审批要批1年半？公司模糊化处理只会让市场猜测，引起对公司的不信任，强烈建议姜董实事求是公开透明，详细说明是要做什么审批？哪个部门审批？根据什么法律法规审批？审批下来后后续要做什么？合作双方要通过怎样的步骤安排可以达到原合作协议签署的糖宁在301医院临床使用。请给一个时间表至少路线图，谢谢！ 感谢您对公司的关心，关于和解放军总医院的合作，项目推进一直在持续中，我们的研发部门多次与对方进行沟通交流，目前仍处于相关部门审批状态，努力推进成功是我们的目标，请持续关注公司的信息披露。,姜董事长好！我持有百灵3年多了，看好糖宁通络，请问和301的合作究竟什么时候有下文,1,disclosure_detail,dep_reason,Q2针对A1未给出具体时间的回避回答继续追问合作下文，表达不满和催促。,公司与解放军总医院的合作签署已经过去一年半了，期间没有任何进展公告，公司互动平台回复永远是还需要有关部门审批，那么问题来了，既然双方达成合作协议，审批的事情应该早做打算，到底是什么部门的审批要批1年半？公司模糊化处理只会让市场猜测，引起对公司的不信任，强烈建议姜董实事求是公开透明，详细说明是要做什么审批？哪个部门审批？根据什么法律法规审批？审批下来后后续要做什么？合作双方要通过怎样的步骤安排可以达到原合作协议签署的糖宁在301医院临床使用。请给一个时间表至少路线图，谢谢！,感谢您对公司的关心，关于和解放军总医院的合作，项目推进一直在持续中，我们的研发部门多次与对方进行沟通交流，目前仍处于相关部门审批状态，努力推进成功是我们的目标，请持续关注公司的信息披露。,姜董事长好！我持有百灵3年多了，看好糖宁通络，请问和301的合作究竟什么时候有下文,002424_2016,52,55,3,Complaint,Q2针对A1未给出具体时间的回避回答继续追问合作下文，表达不满和催促。,,,1
positive,姜董事长好！我持有百灵3年多了，看好糖宁通络，请问和301的合作究竟什么时候有下文 公司与解放军总院合作开展非标制剂的事项，公司一直在积极促进该项目的推进，目前暂无新进展，相关进展情况请您关注公司在指定披露媒体发布的相关公告。谢谢！,"老牛,请问:1、医院，什么时候可以赚钱？亏了3000万的医院，承担了政府工程，没有补贴？2、医院的制剂是否继续调拨给其他医院？3、年报、公告没有说301的合作进展，是不是隐瞒了？这样涉嫌信息披露的大问题！贵州百灵：感谢对本公司的关注。1、公司贵阳中医糖尿病医院运营两年来，经营业绩稳步提升，2016年度，公司贵阳中医糖尿病医院共接待患者2.5万余人次，医院实现收入5,224万元，医疗服务中心患者数达到1.7万人，糖尿病医院得到了广大患者的认可和肯定。未来我们将会继续推进苗医药一体化项目（中医糖尿病项目）的不断发展，为更多的患者提供优质的服务，为公司带来新的盈利增长点。2、按贵州省药监局对医疗机构制剂调剂证的管理规定，糖宁通络胶囊的调剂证有效期为半年，到期前公司中医糖尿病医院均按规定提交办理了续签手续，目前获批调剂的大部分医疗机构已经完成了延期手续，少部分已到期的医疗机构续签手续已提交到相关部门办理，糖宁通络胶囊调剂使用的医疗机构均在正常使用。3、公司与解放军总院合作开展非标制剂的事项，公司一直在积极促进该项目的推进，目前暂无最新进展，相关进展情况请您关注公司在指定披露媒体发布的相关公告。谢谢！",1,disclosure_detail,dep_reason,Q2第3问针对A1未披露301进展直接质疑隐瞒和信息披露问题。,姜董事长好！我持有百灵3年多了，看好糖宁通络，请问和301的合作究竟什么时候有下文,公司与解放军总院合作开展非标制剂的事项，公司一直在积极促进该项目的推进，目前暂无新进展，相关进展情况请您关注公司在指定披露媒体发布的相关公告。谢谢！,"老牛,请问:1、医院，什么时候可以赚钱？亏了3000万的医院，承担了政府工程，没有补贴？2、医院的制剂是否继续调拨给其他医院？3、年报、公告没有说301的合作进展，是不是隐瞒了？这样涉嫌信息披露的大问题！贵州百灵：感谢对本公司的关注。1、公司贵阳中医糖尿病医院运营两年来，经营业绩稳步提升，2016年度，公司贵阳中医糖尿病医院共接待患者2.5万余人次，医院实现收入5,224万元，医疗服务中心患者数达到1.7万人，糖尿病医院得到了广大患者的认可和肯定。未来我们将会继续推进苗医药一体化项目（中医糖尿病项目）的不断发展，为更多的患者提供优质的服务，为公司带来新的盈利增长点。2、按贵州省药监局对医疗机构制剂调剂证的管理规定，糖宁通络胶囊的调剂证有效期为半年，到期前公司中医糖尿病医院均按规定提交办理了续签手续，目前获批调剂的大部分医疗机构已经完成了延期手续，少部分已到期的医疗机构续签手续已提交到相关部门办理，糖宁通络胶囊调剂使用的医疗机构均在正常使用。3、公司与解放军总院合作开展非标制剂的事项，公司一直在积极促进该项目的推进，目前暂无最新进展，相关进展情况请您关注公司在指定披露媒体发布的相关公告。谢谢！",002424_2016,55,59,4,Challenge,Q2第3问针对A1未披露301进展直接质疑隐瞒和信息披露问题。,,,1
positive,相当比例的股东投资百灵是冲着银丹、糖宁和替芬泰的，现在银丹销售放缓，替芬泰迟迟没有开展二期，作为寄托糖宁爆发性销售梦想的医院无法盈利，香港大学、301医院不见踪影，希望管理层群策群力，及时将经营情况如实公告！ 谢谢您的建议我们一定会在董事会的领导下勤勉尽责，不负股东重托，实现公司各项既定目标，并及时履行信息披露义务。,请问1、近期公司发布以有限合伙人身份参与PE，被深交所发关注函，请问公司是否存在严重失职？为何没有对关注函做任何正式说明？2、市场上已经有越来越多的声音反应贵公司只注重签合作协议，几乎都没有后续，好像公司的工作完全流于形式，偏重于制造概念，例如跟云南白药、301医院、川大医学院等战略合作，请公司郑重说明，谢谢！,1,disclosure_detail,dep_reason,Q2承接Q1中'301医院不见踪影'等合作无后续的抱怨，进一步质疑公司流于形式、制造概念，要求说明。,相当比例的股东投资百灵是冲着银丹、糖宁和替芬泰的，现在银丹销售放缓，替芬泰迟迟没有开展二期，作为寄托糖宁爆发性销售梦想的医院无法盈利，香港大学、301医院不见踪影，希望管理层群策群力，及时将经营情况如实公告！,谢谢您的建议我们一定会在董事会的领导下勤勉尽责，不负股东重托，实现公司各项既定目标，并及时履行信息披露义务。,请问1、近期公司发布以有限合伙人身份参与PE，被深交所发关注函，请问公司是否存在严重失职？为何没有对关注函做任何正式说明？2、市场上已经有越来越多的声音反应贵公司只注重签合作协议，几乎都没有后续，好像公司的工作完全流于形式，偏重于制造概念，例如跟云南白药、301医院、川大医学院等战略合作，请公司郑重说明，谢谢！,002424_2016,65,69,4,Challenge,Q2承接Q1中'301医院不见踪影'等合作无后续的抱怨，进一步质疑公司流于形式、制造概念，要求说明。,,,1
positive,公司收购了贵州民间治疗糖尿病苗药秘方并制成糖宁通络胶囊之后，在糖尿病研发上有哪些成就？ 公司糖宁通络项目开展以来，相关研发进展情况均以公告的信息进行了披露，您可以查阅相关公告。谢谢！,怎么没回话呢,2,answer_pressure,dep_reason,Q2针对A1未提供具体信息、回答不充分进行催促和抱怨。,公司收购了贵州民间治疗糖尿病苗药秘方并制成糖宁通络胶囊之后，在糖尿病研发上有哪些成就？,公司糖宁通络项目开展以来，相关研发进展情况均以公告的信息进行了披露，您可以查阅相关公告。谢谢！,怎么没回话呢,002424_2017,8,13,5,Complaint,Q2针对A1未提供具体信息、回答不充分进行催促和抱怨。,,,1
positive,公司产品的优势在同行业中占据什么位置？ 公司是贵州省新医药产业骨干企业和全国最大的苗药研制生产企业，公司拥有17个具有发明专利的苗药品种，据中国非处方药物协会统计，2017年度中国非处方药生产企业综合统计排名中公司位列第27名，2017年度中国非处方药产品综合统计排名（中成药）中，公司产品维C银翘片在感冒咳嗽类药品中排名第3，咳速停糖浆及胶囊在止咳化痰平喘类药品中排名第5，黄连上清片在清热解毒类药品中排名第9，复方一枝黄花喷雾剂和双羊喉痹通颗粒在咽喉类药品中分别排名第8、9。谢谢！,怎么没回话呢,2,answer_pressure,dep_reason,Q2针对A1的回答状态进行催促，认为对方没有回话。,公司产品的优势在同行业中占据什么位置？,公司是贵州省新医药产业骨干企业和全国最大的苗药研制生产企业，公司拥有17个具有发明专利的苗药品种，据中国非处方药物协会统计，2017年度中国非处方药生产企业综合统计排名中公司位列第27名，2017年度中国非处方药产品综合统计排名（中成药）中，公司产品维C银翘片在感冒咳嗽类药品中排名第3，咳速停糖浆及胶囊在止咳化痰平喘类药品中排名第5，黄连上清片在清热解毒类药品中排名第9，复方一枝黄花喷雾剂和双羊喉痹通颗粒在咽喉类药品中分别排名第8、9。谢谢！,怎么没回话呢,002424_2017,9,13,4,Complaint,Q2针对A1的回答状态进行催促，认为对方没有回话。,,,1
positive,请问董秘，银丹增长明显放缓，是行业的原因还是公司的原因（产能还是竞争力？） 众所周知，“两票制”对包括银丹心脑通软胶囊在内的处方药产品造成一定影响，为此公司积极应对，克服困难，2017年度银丹心脑通软胶囊实现销售收入6.5亿元。作为国家基本药物目录、医保目录的独家产品，其在心脑血管疾病领域竞争力是突出的，我们会充分利用好已建成的软胶囊生产线，加快发展实现突破。谢谢！,怎么没回话呢,2,answer_pressure,dep_reason,Q2明确针对A1未直接回答Q1问题而进行催促。,请问董秘，银丹增长明显放缓，是行业的原因还是公司的原因（产能还是竞争力？）,众所周知，“两票制”对包括银丹心脑通软胶囊在内的处方药产品造成一定影响，为此公司积极应对，克服困难，2017年度银丹心脑通软胶囊实现销售收入6.5亿元。作为国家基本药物目录、医保目录的独家产品，其在心脑血管疾病领域竞争力是突出的，我们会充分利用好已建成的软胶囊生产线，加快发展实现突破。谢谢！,怎么没回话呢,002424_2017,10,13,3,Complaint,Q2明确针对A1未直接回答Q1问题而进行催促。,,,1
positive,公司2017年5月发布公告，与云南工投集团战略合作，入股云南植物药业公司并对其进行股份制改造，引入战略投资者，近一年过去了，目前该项目进展到什么程度？植物药业公司股份制改造和引入战略投资完成了吗？ 相关进展公司已于2018年2月14日发布了相关公告，同时公司也会持续就进展情况进行信息披露！,怎么没回话呢,2,answer_pressure,dep_reason,Q2针对A1回答不充分进行抱怨和催促。,公司2017年5月发布公告，与云南工投集团战略合作，入股云南植物药业公司并对其进行股份制改造，引入战略投资者，近一年过去了，目前该项目进展到什么程度？植物药业公司股份制改造和引入战略投资完成了吗？,相关进展公司已于2018年2月14日发布了相关公告，同时公司也会持续就进展情况进行信息披露！,怎么没回话呢,002424_2017,12,13,1,Complaint,Q2针对A1回答不充分进行抱怨和催促。,,,1
positive,安全第一路阳光问贵州百灵(002424)公司微信平台曾在发布况勋华董事的讲话，提到将在3-5年内在全国省会城市开板糖尿病专科医院的规划，请问上述规划目前进展到什么程度？为何在公司年报中没有披露？ 公司苗医药一体化项目（中医糖尿病医院）会根据公司战略规划的发展需要，适时进行推广复制，但需要结合公司整体发展布局、投资项目规划、人才队伍储备等方面的因素，择机逐步实施。目前公司也通过与解放军总医院、广东省中医院、广西中医药大学附属瑞康医院开展糖宁通络项目的方式，有效的扩大的糖宁通络产品的使用范围。关于公司后续的投资项目情况请广大投资者关注公司在指定披露媒体发布的相关公告。谢谢！,是否考虑过制定以唐宁为核心的治疗糖尿病新标准。谢谢！,1,disclosure_detail,dep_reason,Q2围绕A1中提到的糖宁通络产品，进一步追问是否制定以该产品为核心的治疗新标准。,安全第一路阳光问贵州百灵(002424)公司微信平台曾在发布况勋华董事的讲话，提到将在3-5年内在全国省会城市开板糖尿病专科医院的规划，请问上述规划目前进展到什么程度？为何在公司年报中没有披露？,公司苗医药一体化项目（中医糖尿病医院）会根据公司战略规划的发展需要，适时进行推广复制，但需要结合公司整体发展布局、投资项目规划、人才队伍储备等方面的因素，择机逐步实施。目前公司也通过与解放军总医院、广东省中医院、广西中医药大学附属瑞康医院开展糖宁通络项目的方式，有效的扩大的糖宁通络产品的使用范围。关于公司后续的投资项目情况请广大投资者关注公司在指定披露媒体发布的相关公告。谢谢！,是否考虑过制定以唐宁为核心的治疗糖尿病新标准。谢谢！,002424_2017,14,15,1,Elaboration,Q2围绕A1中提到的糖宁通络产品，进一步追问是否制定以该产品为核心的治疗新标准。,,,1
positive,安全第一路阳光问贵州百灵(002424)公司微信平台曾在发布况勋华董事的讲话，提到将在3-5年内在全国省会城市开板糖尿病专科医院的规划，请问上述规划目前进展到什么程度？为何在公司年报中没有披露？ 公司苗医药一体化项目（中医糖尿病医院）会根据公司战略规划的发展需要，适时进行推广复制，但需要结合公司整体发展布局、投资项目规划、人才队伍储备等方面的因素，择机逐步实施。目前公司也通过与解放军总医院、广东省中医院、广西中医药大学附属瑞康医院开展糖宁通络项目的方式，有效的扩大的糖宁通络产品的使用范围。关于公司后续的投资项目情况请广大投资者关注公司在指定披露媒体发布的相关公告。谢谢！,公司微信平台曾在发布况勋华董事的讲话，提到将在3-5年内在全国省会城市开板糖尿病专科医院的规划，请问上述规划目前进展到什么程度？为何在公司年报中没有披露？,1,disclosure_detail,dep_reason,人工复核：Q2针对A1关于糖尿病医院适时推广的笼统表述，继续追问规划进展和年报披露原因。,安全第一路阳光问贵州百灵(002424)公司微信平台曾在发布况勋华董事的讲话，提到将在3-5年内在全国省会城市开板糖尿病专科医院的规划，请问上述规划目前进展到什么程度？为何在公司年报中没有披露？,公司苗医药一体化项目（中医糖尿病医院）会根据公司战略规划的发展需要，适时进行推广复制，但需要结合公司整体发展布局、投资项目规划、人才队伍储备等方面的因素，择机逐步实施。目前公司也通过与解放军总医院、广东省中医院、广西中医药大学附属瑞康医院开展糖宁通络项目的方式，有效的扩大的糖宁通络产品的使用范围。关于公司后续的投资项目情况请广大投资者关注公司在指定披露媒体发布的相关公告。谢谢！,公司微信平台曾在发布况勋华董事的讲话，提到将在3-5年内在全国省会城市开板糖尿病专科医院的规划，请问上述规划目前进展到什么程度？为何在公司年报中没有披露？,002424_2017,14,17,3,Elaboration,人工复核：Q2针对A1关于糖尿病医院适时推广的笼统表述，继续追问规划进展和年报披露原因。,,,1
positive,请问姜董，银丹增长明显放缓，是行业的原因还是公司的原因（产能还是竞争力？） 众所周知，“两票制”对包括银丹心脑通软胶囊在内的处方药产品造成一定影响，为此公司积极应对，克服困难，2017年度银丹心脑通软胶囊实现销售收入6.5亿元。作为国家基本药物目录、医保目录的独家产品，其在心脑血管疾病领域竞争力是突出的，我们会充分利用好已建成的软胶囊生产线，加快发展实现突破。谢谢！,为什么不回答我的问题呢？,2,answer_pressure,dep_reason,Q2明确针对A1未正面回答Q1的问题进行催促和抱怨。,请问姜董，银丹增长明显放缓，是行业的原因还是公司的原因（产能还是竞争力？）,众所周知，“两票制”对包括银丹心脑通软胶囊在内的处方药产品造成一定影响，为此公司积极应对，克服困难，2017年度银丹心脑通软胶囊实现销售收入6.5亿元。作为国家基本药物目录、医保目录的独家产品，其在心脑血管疾病领域竞争力是突出的，我们会充分利用好已建成的软胶囊生产线，加快发展实现突破。谢谢！,为什么不回答我的问题呢？,002424_2017,20,25,5,Complaint,Q2明确针对A1未正面回答Q1的问题进行催促和抱怨。,,,1
positive,各大证券网站上清清楚楚显示2017年11月份姜伟减持6千多万股，你们为什么不敢承认呢？ 感谢您对公司的关注，公司姜伟董事长未在2017年度期间进行过减持。谢谢！,为什么不回答我的问题呢？,2,shareholder_return,dep_reason,Q2明确针对A1未直接回应减持质疑进行催促，属于交互依赖。,各大证券网站上清清楚楚显示2017年11月份姜伟减持6千多万股，你们为什么不敢承认呢？,感谢您对公司的关注，公司姜伟董事长未在2017年度期间进行过减持。谢谢！,为什么不回答我的问题呢？,002424_2017,21,25,4,Complaint,Q2明确针对A1未直接回应减持质疑进行催促，属于交互依赖。,,,1
positive,"请问姜董，贵阳糖尿病医院预计今年可以实现盈利吗？长沙糖尿病医院进展情况怎么样？感谢回答 贵州百灵中医糖尿病医院2015年营业以来，营业收入实现了稳步增长，2015年实现营业收入1,542万元，2016年实现营业收入5,224万元，2017年实现营业收入7,188.68万元。糖尿病医院运营三年多以来，取得了稳步的发展：1、营业收入稳步增长，盈利能力持续提高，2017年营业收入已突破7,000万元。2、积累了一定的行业基础，在医院经营管理、人才搭建等方面积累了丰富的经验，医院整体诊疗水平得到不断提升。3、受众群体不断扩大，2017年度糖尿病医院共接待患者3.6万余人次，并获得了广大患者的认可和肯定。由于糖尿病医院前期投入较高，同时糖尿病防控信息中心运行费用由医院承担，对医院的盈利有一定影响。医院的运营成本中包括母公司收取的加工费、无形资产使用费等费用，该部分收益已计入公司合并报表。未来随着医院规模的不断扩大，医院将以糖尿病治疗为核心，并针对糖尿病所涉及的各类并发症，配套设立相关专业科室，持续提升装备水平，使医院诊疗水平进一步提升，逐步打造成为一家具有专科优势的高品质的糖尿病医院，为更多的患者提供优质的医疗服务，同时也为公司带来优异的业绩表现。长沙医院在股权收购完成后各项工作正常推进，我们将在队伍能力建设、糖宁通络推广使用、突出中医特色等方面加强推动，力争早日实现良好发展。谢谢",为什么不回答我的问题呢？,2,performance_governance,dep_reason,Q2明确针对A1未正面回答盈利预测问题进行催促。,请问姜董，贵阳糖尿病医院预计今年可以实现盈利吗？长沙糖尿病医院进展情况怎么样？感谢回答,"贵州百灵中医糖尿病医院2015年营业以来，营业收入实现了稳步增长，2015年实现营业收入1,542万元，2016年实现营业收入5,224万元，2017年实现营业收入7,188.68万元。糖尿病医院运营三年多以来，取得了稳步的发展：1、营业收入稳步增长，盈利能力持续提高，2017年营业收入已突破7,000万元。2、积累了一定的行业基础，在医院经营管理、人才搭建等方面积累了丰富的经验，医院整体诊疗水平得到不断提升。3、受众群体不断扩大，2017年度糖尿病医院共接待患者3.6万余人次，并获得了广大患者的认可和肯定。由于糖尿病医院前期投入较高，同时糖尿病防控信息中心运行费用由医院承担，对医院的盈利有一定影响。医院的运营成本中包括母公司收取的加工费、无形资产使用费等费用，该部分收益已计入公司合并报表。未来随着医院规模的不断扩大，医院将以糖尿病治疗为核心，并针对糖尿病所涉及的各类并发症，配套设立相关专业科室，持续提升装备水平，使医院诊疗水平进一步提升，逐步打造成为一家具有专科优势的高品质的糖尿病医院，为更多的患者提供优质的医疗服务，同时也为公司带来优异的业绩表现。长沙医院在股权收购完成后各项工作正常推进，我们将在队伍能力建设、糖宁通络推广使用、突出中医特色等方面加强推动，力争早日实现良好发展。谢谢",为什么不回答我的问题呢？,002424_2017,22,25,3,Complaint,Q2明确针对A1未正面回答盈利预测问题进行催促。,,,1
positive,请问贵公司糖宁通络研究项目有无和大医院合作？ 目前公司正在和广东省中医院、广西中医药大学附属瑞康医院、解放军总医院开展糖宁通络项目的合作，相关事项已披露的公告，详细情况您可以查阅公告内容。谢谢！,与广东中医院合作在广东地区征集100名糖足患者免费提供诊疗服务，请问目前该项目实施进展如何？,1,disclosure_detail,dep_reason,Q2针对A1中广东省中医院合作，追问其具体项目的实施进展。,请问贵公司糖宁通络研究项目有无和大医院合作？,目前公司正在和广东省中医院、广西中医药大学附属瑞康医院、解放军总医院开展糖宁通络项目的合作，相关事项已披露的公告，详细情况您可以查阅公告内容。谢谢！,与广东中医院合作在广东地区征集100名糖足患者免费提供诊疗服务，请问目前该项目实施进展如何？,002424_2017,23,26,3,Elaboration,Q2针对A1中广东省中医院合作，追问其具体项目的实施进展。,,,1
positive,网上看到华测检测机构对糖宁通络的检测报告，明确表明糖宁未添加任何西药降糖药，这是预料之中的，堵上了市面上大量中药黑和糖宁黑的嘴！同时也是必要的，据可靠信息来源这是公司前十大股东北京神州牧委托的，请问公司对此有何评价？ 谢谢关注！公司在包括糖宁通络在内的新药研发上一直本着科学严谨、客观的原则，同时，糖宁通络在临床使用中已表现出良好的降糖及治疗并发症功效，我们欢迎更多各界人士参与对该产品研究推广，更多的造福广大糖尿病患者，姜伟董事长曾经说过：“糖宁通络是大自然献给广大糖尿病患者最珍贵的礼物”，我们乐于分享！,为什么不回答我的问题呢？,1,disclosure_detail,dep_reason,Q2针对A1回避未正面回答进行催促和质疑。,网上看到华测检测机构对糖宁通络的检测报告，明确表明糖宁未添加任何西药降糖药，这是预料之中的，堵上了市面上大量中药黑和糖宁黑的嘴！同时也是必要的，据可靠信息来源这是公司前十大股东北京神州牧委托的，请问公司对此有何评价？,谢谢关注！公司在包括糖宁通络在内的新药研发上一直本着科学严谨、客观的原则，同时，糖宁通络在临床使用中已表现出良好的降糖及治疗并发症功效，我们欢迎更多各界人士参与对该产品研究推广，更多的造福广大糖尿病患者，姜伟董事长曾经说过：“糖宁通络是大自然献给广大糖尿病患者最珍贵的礼物”，我们乐于分享！,为什么不回答我的问题呢？,002424_2017,24,25,1,Complaint,Q2针对A1回避未正面回答进行催促和质疑。,,,1
positive,与广东中医院合作在广东地区征集100名糖足患者免费提供诊疗服务，请问目前该项目实施进展如何？ 关于糖足患者的治疗工作正在进行中，相关情况公司会在阶段工作完成后及时披露。谢谢！,安全第一路阳光问贵州百灵(002424)去年公司曾高调宣布与广东中医院合作在广东地区征集100名糖足患者免费提供诊疗服务，请问目前该项目实施进展如何？,1,disclosure_detail,dep_reason,人工复核：Q2围绕A1所称糖足患者治疗正在进行中，继续追问广东中医院项目实施进展。,与广东中医院合作在广东地区征集100名糖足患者免费提供诊疗服务，请问目前该项目实施进展如何？,关于糖足患者的治疗工作正在进行中，相关情况公司会在阶段工作完成后及时披露。谢谢！,安全第一路阳光问贵州百灵(002424)去年公司曾高调宣布与广东中医院合作在广东地区征集100名糖足患者免费提供诊疗服务，请问目前该项目实施进展如何？,002424_2017,26,30,4,Elaboration,人工复核：Q2围绕A1所称糖足患者治疗正在进行中，继续追问广东中医院项目实施进展。,,,1
positive,安全第一路阳光问贵州百灵(002424)去年公司曾高调宣布与广东中医院合作在广东地区征集100名糖足患者免费提供诊疗服务，请问目前该项目实施进展如何？ 关于糖足患者的治疗工作正在进行中，相关情况公司会在阶段工作完成后及时披露。谢谢！,安全第一路阳光问贵州百灵(002424)去年公司曾高调宣布与广东中医院合作在广东地区征集100名糖足患者免费提供诊疗服务，请问目前该项目实施进展如何？,1,disclosure_detail,dep_reason,人工复核：Q2围绕A1所称糖足患者治疗正在进行中，重复追问项目实施进展。,安全第一路阳光问贵州百灵(002424)去年公司曾高调宣布与广东中医院合作在广东地区征集100名糖足患者免费提供诊疗服务，请问目前该项目实施进展如何？,关于糖足患者的治疗工作正在进行中，相关情况公司会在阶段工作完成后及时披露。谢谢！,安全第一路阳光问贵州百灵(002424)去年公司曾高调宣布与广东中医院合作在广东地区征集100名糖足患者免费提供诊疗服务，请问目前该项目实施进展如何？,002424_2017,30,32,2,Elaboration,人工复核：Q2围绕A1所称糖足患者治疗正在进行中，重复追问项目实施进展。,,,1
positive,请问何时能在301医院配置和销售糖宁通络胶囊？ 目前该项目已召开临床试验启动会，正在进行患者的招募工作。相关进展情况我们后续将会及时的履行信息披露义务。谢谢！,公司2017年8月公告已收到解放军301医院非标制剂临床批件，请问临床试验进展到什么程度？,1,disclosure_detail,dep_reason,Q2针对A1中临床试验启动和招募进展进一步追问临床试验程度。,请问何时能在301医院配置和销售糖宁通络胶囊？,目前该项目已召开临床试验启动会，正在进行患者的招募工作。相关进展情况我们后续将会及时的履行信息披露义务。谢谢！,公司2017年8月公告已收到解放军301医院非标制剂临床批件，请问临床试验进展到什么程度？,002424_2017,31,35,4,Elaboration,Q2针对A1中临床试验启动和招募进展进一步追问临床试验程度。,,,1
positive,安全第一路阳光问贵州百灵(002424)去年公司曾高调宣布与广东中医院合作在广东地区征集100名糖足患者免费提供诊疗服务，请问目前该项目实施进展如何？ 感谢您对公司的关注！该项目工作在正常展开中，相关进展公司将会在阶段工作完成后及时进行信息披露。,怎么没回话呢,2,answer_pressure,dep_reason,Q2针对上一轮回答不充分进行催促，直接针对A1的未具体回答状态。,安全第一路阳光问贵州百灵(002424)去年公司曾高调宣布与广东中医院合作在广东地区征集100名糖足患者免费提供诊疗服务，请问目前该项目实施进展如何？,感谢您对公司的关注！该项目工作在正常展开中，相关进展公司将会在阶段工作完成后及时进行信息披露。,怎么没回话呢,002424_2017,32,37,5,Complaint,Q2针对上一轮回答不充分进行催促，直接针对A1的未具体回答状态。,,,1
positive,公司的主要客户有哪些? 公司主要客户有医院、药品经销商和各大药店。谢谢！,怎么没回话呢,2,answer_pressure,dep_reason,Q2明确针对A1的回答状态（认为未回答）进行催促。,公司的主要客户有哪些?,公司主要客户有医院、药品经销商和各大药店。谢谢！,怎么没回话呢,002424_2017,33,37,4,Complaint,Q2明确针对A1的回答状态（认为未回答）进行催促。,,,1
positive,公司在药品研发上，每年的投放费用约多少？ 感谢您对公司的关注。2017年度公司研发投入金额为7385万元。谢谢！,怎么没回话呢,2,answer_pressure,dep_reason,Q2针对A1的回答状态进行催促，抱怨未获得有效回应。,公司在药品研发上，每年的投放费用约多少？,感谢您对公司的关注。2017年度公司研发投入金额为7385万元。谢谢！,怎么没回话呢,002424_2017,34,37,3,Complaint,Q2针对A1的回答状态进行催促，抱怨未获得有效回应。,,,1
positive,请问董秘，替芬泰II期和III期临床申请进度怎么样了？解放军302医院审核完了麽？ 由于军改对部队医院的影响，解放军302医院已就替芬泰相关的合作进行讨论和审批，但不构成对该项目二期临床试验的影响，相关工作正常进行，公司将及时进行项目后续进展的信息披露工作。,怎么没回话呢,2,answer_pressure,dep_reason,Q2 直接针对 A1 的回答进行抱怨，认为 A1 没有正面回答或回应不充分，催促回答。,请问董秘，替芬泰II期和III期临床申请进度怎么样了？解放军302医院审核完了麽？,由于军改对部队医院的影响，解放军302医院已就替芬泰相关的合作进行讨论和审批，但不构成对该项目二期临床试验的影响，相关工作正常进行，公司将及时进行项目后续进展的信息披露工作。,怎么没回话呢,002424_2017,36,37,1,Complaint,Q2 直接针对 A1 的回答进行抱怨，认为 A1 没有正面回答或回应不充分，催促回答。,,,1
positive,公司明星产品银丹心脑通软胶囊每年的销量约多大？ 公司产品银丹心脑通软胶囊实现销售收入6.5亿元，谢谢！,姜总怎么没有回答问题了？,2,answer_pressure,dep_reason,Q2明确针对A1未正面回答销量问题进行抱怨催促。,公司明星产品银丹心脑通软胶囊每年的销量约多大？,公司产品银丹心脑通软胶囊实现销售收入6.5亿元，谢谢！,姜总怎么没有回答问题了？,002424_2017,38,43,5,Complaint,Q2明确针对A1未正面回答销量问题进行抱怨催促。,,,1
positive,公司近年业绩持续增长，可股价两年内暴跌百分之60左右，请问姜伟董事长有何感想？对坚定持有百灵股票的投资者朋友的巨大亏损是否愧疚？ 感谢您的关注！您作为投资者的心情我充分理解，贵州百灵上市以来按照既定的战略发展规划稳步迈进，经营业绩持续增长、科技研发有序推进，市场推广不断延伸，产能建设有效提高。我个人及公司5000余名员工为此不断努力，希望通过我们的努力工作，给予投资者良好回报，这是我们的初心，也是我们不断奋进的目标动力。我们也盼望广大投资者与公司同心同向，为公司的发展建言献策。,公司近年业绩持续增长，可股价两年内暴跌百分之60左右，请问姜伟董事长有何感想？对因此给坚定持有百灵股票的投资者朋友造成的巨大亏损是否愧疚？公司为追求短期利益而如此不顾及企业形象去伤害股民，这样的公司何谈发展？公司董事长秘密减持股份，造成股价短短两个月暴跌百分之三十五，如此不耻行为，请问姜先生有何脸面出席会议？！！！,1,disclosure_detail,dep_reason,Q2重复Q1问题，A1回避未正面回答，Q2继续抱怨并追责。,公司近年业绩持续增长，可股价两年内暴跌百分之60左右，请问姜伟董事长有何感想？对坚定持有百灵股票的投资者朋友的巨大亏损是否愧疚？,感谢您的关注！您作为投资者的心情我充分理解，贵州百灵上市以来按照既定的战略发展规划稳步迈进，经营业绩持续增长、科技研发有序推进，市场推广不断延伸，产能建设有效提高。我个人及公司5000余名员工为此不断努力，希望通过我们的努力工作，给予投资者良好回报，这是我们的初心，也是我们不断奋进的目标动力。我们也盼望广大投资者与公司同心同向，为公司的发展建言献策。,公司近年业绩持续增长，可股价两年内暴跌百分之60左右，请问姜伟董事长有何感想？对因此给坚定持有百灵股票的投资者朋友造成的巨大亏损是否愧疚？公司为追求短期利益而如此不顾及企业形象去伤害股民，这样的公司何谈发展？公司董事长秘密减持股份，造成股价短短两个月暴跌百分之三十五，如此不耻行为，请问姜先生有何脸面出席会议？！！！,002424_2017,39,40,1,Complaint,Q2重复Q1问题，A1回避未正面回答，Q2继续抱怨并追责。,,,1
positive,公司近年业绩持续增长，可股价两年内暴跌百分之60左右，请问姜伟董事长有何感想？对坚定持有百灵股票的投资者朋友的巨大亏损是否愧疚？ 感谢您的关注！您作为投资者的心情我充分理解，贵州百灵上市以来按照既定的战略发展规划稳步迈进，经营业绩持续增长、科技研发有序推进，市场推广不断延伸，产能建设有效提高。我个人及公司5000余名员工为此不断努力，希望通过我们的努力工作，给予投资者良好回报，这是我们的初心，也是我们不断奋进的目标动力。我们也盼望广大投资者与公司同心同向，为公司的发展建言献策。,姜总怎么没有回答问题了？,2,answer_pressure,dep_reason,Q2直接抱怨姜总未回答前次问题，针对回答状态进行催促。,公司近年业绩持续增长，可股价两年内暴跌百分之60左右，请问姜伟董事长有何感想？对坚定持有百灵股票的投资者朋友的巨大亏损是否愧疚？,感谢您的关注！您作为投资者的心情我充分理解，贵州百灵上市以来按照既定的战略发展规划稳步迈进，经营业绩持续增长、科技研发有序推进，市场推广不断延伸，产能建设有效提高。我个人及公司5000余名员工为此不断努力，希望通过我们的努力工作，给予投资者良好回报，这是我们的初心，也是我们不断奋进的目标动力。我们也盼望广大投资者与公司同心同向，为公司的发展建言献策。,姜总怎么没有回答问题了？,002424_2017,39,43,4,Complaint,Q2直接抱怨姜总未回答前次问题，针对回答状态进行催促。,,,1
positive,公司近年业绩持续增长，可股价两年内暴跌百分之60左右，请问姜伟董事长有何感想？对因此给坚定持有百灵股票的投资者朋友造成的巨大亏损是否愧疚？公司为追求短期利益而如此不顾及企业形象去伤害股民，这样的公司何谈发展？公司董事长秘密减持股份，造成股价短短两个月暴跌百分之三十五，如此不耻行为，请问姜先生有何脸面出席会议？！！！ 感谢您的关注！您作为投资者的心情我充分理解，贵州百灵上市以来按照既定的战略发展规划稳步迈进，经营业绩持续增长、科技研发有序推进，市场推广不断延伸，产能建设有效提高。我个人及公司5000余名员工为此不断努力，希望通过我们的努力工作，给予投资者良好回报，这是我们的初心，也是我们不断奋进的目标动力。我们也盼望广大投资者与公司同心同向，为公司的发展建言献策。关于减持，一不存在秘密，二不存在不耻，本人未对公司股票进行减持,姜总怎么没有回答问题了？,2,answer_pressure,dep_reason,Q2针对A1未正面回答多个尖锐问题进行抱怨。,公司近年业绩持续增长，可股价两年内暴跌百分之60左右，请问姜伟董事长有何感想？对因此给坚定持有百灵股票的投资者朋友造成的巨大亏损是否愧疚？公司为追求短期利益而如此不顾及企业形象去伤害股民，这样的公司何谈发展？公司董事长秘密减持股份，造成股价短短两个月暴跌百分之三十五，如此不耻行为，请问姜先生有何脸面出席会议？！！！,感谢您的关注！您作为投资者的心情我充分理解，贵州百灵上市以来按照既定的战略发展规划稳步迈进，经营业绩持续增长、科技研发有序推进，市场推广不断延伸，产能建设有效提高。我个人及公司5000余名员工为此不断努力，希望通过我们的努力工作，给予投资者良好回报，这是我们的初心，也是我们不断奋进的目标动力。我们也盼望广大投资者与公司同心同向，为公司的发展建言献策。关于减持，一不存在秘密，二不存在不耻，本人未对公司股票进行减持,姜总怎么没有回答问题了？,002424_2017,40,43,3,Complaint,Q2针对A1未正面回答多个尖锐问题进行抱怨。,,,1
positive,请问姜伟董事长，你的房地产项目发展如何?扩建糖尿病医院在自己的房开产业上是否存在利益输送？爱透饮料是否完全退出市场竞争？100广东糖足病人是否凑足，治疗效果如何？有劳董事长姜伟先生一个个回答，谢谢！ 谢谢您的关注！1、我在贵阳的房地产项目已经收尾；2、糖尿病医院不存在与我的房开项目利益输送，相关事项已有信息披露；3、爱透饮料已经于2015年完全退出市场；4、100例糖足项目入组病例在正常实施中，这个项目是公司在总结临床治疗病例的基础上实施的，我们有基础、有信心把项目落实好。,姜总怎么没有回答问题了？,2,answer_pressure,dep_reason,Q2针对A1回答状态进行抱怨，认为姜伟没有回答问题，属于对回答方式的互动催促。,请问姜伟董事长，你的房地产项目发展如何?扩建糖尿病医院在自己的房开产业上是否存在利益输送？爱透饮料是否完全退出市场竞争？100广东糖足病人是否凑足，治疗效果如何？有劳董事长姜伟先生一个个回答，谢谢！,谢谢您的关注！1、我在贵阳的房地产项目已经收尾；2、糖尿病医院不存在与我的房开项目利益输送，相关事项已有信息披露；3、爱透饮料已经于2015年完全退出市场；4、100例糖足项目入组病例在正常实施中，这个项目是公司在总结临床治疗病例的基础上实施的，我们有基础、有信心把项目落实好。,姜总怎么没有回答问题了？,002424_2017,41,43,2,Complaint,Q2针对A1回答状态进行抱怨，认为姜伟没有回答问题，属于对回答方式的互动催促。,,,1
positive,公司在儿童用药产品上，目前有哪些新品推出？ 目前公司小儿用药类药品主要有小儿柴桂退热颗粒、小儿氨酚烷胺颗粒。谢谢！,姜总怎么没有回答问题了？,2,answer_pressure,dep_reason,Q2针对上一轮回答不充分或未回答进行催促和质疑。,公司在儿童用药产品上，目前有哪些新品推出？,目前公司小儿用药类药品主要有小儿柴桂退热颗粒、小儿氨酚烷胺颗粒。谢谢！,姜总怎么没有回答问题了？,002424_2017,42,43,1,Complaint,Q2针对上一轮回答不充分或未回答进行催促和质疑。,,,1
positive,近期姜董发布增持计划是一次稳定股价的良好举动，但市场最忌惮的是接近50%的质押股权风险，在这样的非常时期，建议采取多管齐下的战略，1、公司发起回购计划2、高管发起增持、成立员工持股计划3、发布日本、301医院、广东中医院等糖宁临床进展4、发布替芬泰二三期联合临床申请进展及其他新药研发进展5、归还资金降低质押率稳定市场预期6、公布全国省会城市专科医院进军战略并落实7、引入港大、日本等战略投资者 您的7点建议反映了投资者对公司发展的真诚关心，我们及姜伟董事长会认真考虑。公司层面的研发项目在未来求着科学严谨的前提下加快推进，股东层面的一定会加强风险控制。谢谢！,请回答我的问题，已经半个多小时了！,2,answer_pressure,dep_reason,Q2针对A1未及时回答进行催促，属于交互依赖。,近期姜董发布增持计划是一次稳定股价的良好举动，但市场最忌惮的是接近50%的质押股权风险，在这样的非常时期，建议采取多管齐下的战略，1、公司发起回购计划2、高管发起增持、成立员工持股计划3、发布日本、301医院、广东中医院等糖宁临床进展4、发布替芬泰二三期联合临床申请进展及其他新药研发进展5、归还资金降低质押率稳定市场预期6、公布全国省会城市专科医院进军战略并落实7、引入港大、日本等战略投资者,您的7点建议反映了投资者对公司发展的真诚关心，我们及姜伟董事长会认真考虑。公司层面的研发项目在未来求着科学严谨的前提下加快推进，股东层面的一定会加强风险控制。谢谢！,请回答我的问题，已经半个多小时了！,002424_2017,46,51,5,Complaint,Q2针对A1未及时回答进行催促，属于交互依赖。,,,1
positive,请问公司对现在的股价满意吗 感谢您的关注！公司理解投资者对公司市值不满意的心情。我们也希望公司市值能够不断增长，为投资者创造更多的投资回报。为此我们将继续在研发、销售、产能建设、盈利能力等方面持续努力，用良好的业绩表现来推动公司价值提升，进而回报广大投资者,请回答我的问题，已经半个多小时了！,2,answer_pressure,dep_reason,Q2明确针对A1未直接回答问题且耗时过长进行催促和投诉。,请问公司对现在的股价满意吗,感谢您的关注！公司理解投资者对公司市值不满意的心情。我们也希望公司市值能够不断增长，为投资者创造更多的投资回报。为此我们将继续在研发、销售、产能建设、盈利能力等方面持续努力，用良好的业绩表现来推动公司价值提升，进而回报广大投资者,请回答我的问题，已经半个多小时了！,002424_2017,47,51,4,Complaint,Q2明确针对A1未直接回答问题且耗时过长进行催促和投诉。,,,1
positive,请问公司对现在的股价满意吗 感谢您的关注！公司理解投资者对公司市值不满意的心情。我们也希望公司市值能够不断增长，为投资者创造更多的投资回报。为此我们将继续在研发、销售、产能建设、盈利能力等方面持续努力，用良好的业绩表现来推动公司价值提升，进而回报广大投资者,说话啊,2,answer_pressure,dep_reason,Q2针对A1回答不充分或未正面回应进行催促。,请问公司对现在的股价满意吗,感谢您的关注！公司理解投资者对公司市值不满意的心情。我们也希望公司市值能够不断增长，为投资者创造更多的投资回报。为此我们将继续在研发、销售、产能建设、盈利能力等方面持续努力，用良好的业绩表现来推动公司价值提升，进而回报广大投资者,说话啊,002424_2017,47,52,5,Complaint,Q2针对A1回答不充分或未正面回应进行催促。,,,1
positive,请问夏总银丹美国验证公司认为通过的概率有多大？谢谢！ 银丹心脑通软胶囊已经过多年临床验证，我们对该项目充满信心。信心！,请回答我的问题，已经半个多小时了！,2,answer_pressure,dep_reason,Q2抱怨A1未正面回答Q1关于概率的问题，催促回答。,请问夏总银丹美国验证公司认为通过的概率有多大？谢谢！,银丹心脑通软胶囊已经过多年临床验证，我们对该项目充满信心。信心！,请回答我的问题，已经半个多小时了！,002424_2017,48,51,3,Complaint,Q2抱怨A1未正面回答Q1关于概率的问题，催促回答。,,,1
positive,请问夏总银丹美国验证公司认为通过的概率有多大？谢谢！ 银丹心脑通软胶囊已经过多年临床验证，我们对该项目充满信心。信心！,说话啊,2,answer_pressure,dep_reason,Q2针对A1未直接回答问题进行催促和抱怨。,请问夏总银丹美国验证公司认为通过的概率有多大？谢谢！,银丹心脑通软胶囊已经过多年临床验证，我们对该项目充满信心。信心！,说话啊,002424_2017,48,52,4,Complaint,Q2针对A1未直接回答问题进行催促和抱怨。,,,1
positive,姜董您好，公司自上市以来业绩保持持续稳定增长。作为长期持有公司股票的小股东深感欣慰。贵州省“十三五”新兴产业发展规划中提出到2020年，全省民族药总产值力争突破1000亿元。公司对于2020年公司的营收是否有目标，比如营收五十亿？ 谢谢您对公司的肯定与认可！我们作为贵州省新医药大健康产业发展的骨干企业，责无旁贷的承担起产业发展的主力军作用，省政府规划公司在“十三五”未来发展成为50亿元的企业，我们既信心满怀又倍感压力，我们一定会加强企业发展的核心竞争力建设，在供、研、产、销上着力、充分利用资本市场力量加快发展。实现贵州百灵为广大投资者提供良好回报的愿望。,请回答我的问题，已经半个多小时了！,2,answer_pressure,dep_reason,Q2抱怨等待时间过长，针对A1回答不及时或未响应，属于交互催促。,姜董您好，公司自上市以来业绩保持持续稳定增长。作为长期持有公司股票的小股东深感欣慰。贵州省“十三五”新兴产业发展规划中提出到2020年，全省民族药总产值力争突破1000亿元。公司对于2020年公司的营收是否有目标，比如营收五十亿？,谢谢您对公司的肯定与认可！我们作为贵州省新医药大健康产业发展的骨干企业，责无旁贷的承担起产业发展的主力军作用，省政府规划公司在“十三五”未来发展成为50亿元的企业，我们既信心满怀又倍感压力，我们一定会加强企业发展的核心竞争力建设，在供、研、产、销上着力、充分利用资本市场力量加快发展。实现贵州百灵为广大投资者提供良好回报的愿望。,请回答我的问题，已经半个多小时了！,002424_2017,49,51,2,Complaint,Q2抱怨等待时间过长，针对A1回答不及时或未响应，属于交互催促。,,,1
positive,姜董您好，公司自上市以来业绩保持持续稳定增长。作为长期持有公司股票的小股东深感欣慰。贵州省“十三五”新兴产业发展规划中提出到2020年，全省民族药总产值力争突破1000亿元。公司对于2020年公司的营收是否有目标，比如营收五十亿？ 谢谢您对公司的肯定与认可！我们作为贵州省新医药大健康产业发展的骨干企业，责无旁贷的承担起产业发展的主力军作用，省政府规划公司在“十三五”未来发展成为50亿元的企业，我们既信心满怀又倍感压力，我们一定会加强企业发展的核心竞争力建设，在供、研、产、销上着力、充分利用资本市场力量加快发展。实现贵州百灵为广大投资者提供良好回报的愿望。,说话啊,2,answer_pressure,dep_reason,Q2直接催促对方回应，认为A1的答复不充分或未直接回答，属于对回答状态的交互依赖。,姜董您好，公司自上市以来业绩保持持续稳定增长。作为长期持有公司股票的小股东深感欣慰。贵州省“十三五”新兴产业发展规划中提出到2020年，全省民族药总产值力争突破1000亿元。公司对于2020年公司的营收是否有目标，比如营收五十亿？,谢谢您对公司的肯定与认可！我们作为贵州省新医药大健康产业发展的骨干企业，责无旁贷的承担起产业发展的主力军作用，省政府规划公司在“十三五”未来发展成为50亿元的企业，我们既信心满怀又倍感压力，我们一定会加强企业发展的核心竞争力建设，在供、研、产、销上着力、充分利用资本市场力量加快发展。实现贵州百灵为广大投资者提供良好回报的愿望。,说话啊,002424_2017,49,52,3,Complaint,Q2直接催促对方回应，认为A1的答复不充分或未直接回答，属于对回答状态的交互依赖。,,,1
positive,公司是否考虑对员工进行股权激励或者公司有没有员工持股计划！ 公司暂无股权激励和员工持股计划。谢谢！,请回答我的问题，已经半个多小时了！,2,answer_pressure,dep_reason,Q2抱怨等待时间过长或未得到回答，针对A1回答状态进行催促。,公司是否考虑对员工进行股权激励或者公司有没有员工持股计划！,公司暂无股权激励和员工持股计划。谢谢！,请回答我的问题，已经半个多小时了！,002424_2017,50,51,1,Complaint,Q2抱怨等待时间过长或未得到回答，针对A1回答状态进行催促。,,,1
positive,请回答我的问题，已经半个多小时了！ 我们正在处理投资者提问，谢谢！,说话啊,2,answer_pressure,dep_reason,Q2针对A1未给出实际回答进行催促。,请回答我的问题，已经半个多小时了！,我们正在处理投资者提问，谢谢！,说话啊,002424_2017,51,52,1,Complaint,Q2针对A1未给出实际回答进行催促。,,,1
positive,说话啊 感谢您对公司的关注。我们正在对相关提问进行处理，谢谢！,姜总！你好！你是不是在讲故事！1）替芬泰2-3期这么久了还在302医院批，正常吗？糖宁100名糖足没有下文了！香港港大的认文也没有了下文？糖宁这么好为什么不申请新药批文？,1,disclosure_detail,dep_reason,人工复核：Q2直接指责A1回避并以多个项目进展问题施压，语气为质疑追责。,说话啊,感谢您对公司的关注。我们正在对相关提问进行处理，谢谢！,姜总！你好！你是不是在讲故事！1）替芬泰2-3期这么久了还在302医院批，正常吗？糖宁100名糖足没有下文了！香港港大的认文也没有了下文？糖宁这么好为什么不申请新药批文？,002424_2017,52,55,3,Challenge,人工复核：Q2直接指责A1回避并以多个项目进展问题施压，语气为质疑追责。,,,1
positive,最近网上出现糖宁通络牙膏，糖宁通络是贵州百灵所有的产权，请解释为什么不是贵州百灵委托生产？ 感谢您对公司的关注。目前糖宁通络牙膏为试制产品，用于研发和市场调研工作，尚未正式进行销售。谢谢！,我的问题为什么一个都不回答？,2,answer_pressure,dep_reason,Q2明确针对A1未正面回答Q1的问题进行抱怨和催促。,最近网上出现糖宁通络牙膏，糖宁通络是贵州百灵所有的产权，请解释为什么不是贵州百灵委托生产？,感谢您对公司的关注。目前糖宁通络牙膏为试制产品，用于研发和市场调研工作，尚未正式进行销售。谢谢！,我的问题为什么一个都不回答？,002424_2018,0,4,4,Complaint,Q2明确针对A1未正面回答Q1的问题进行抱怨和催促。,,,1
positive,前期公司说姜伟董事长股权质押获得的资金用于非上市公司的项目运营发展，能具体说说是哪些业务吗？ 公司姜伟董事长及一致行动人通过股权质押业务所获得的资金均用于其他非上市公司业务的发展需要。谢谢！,我的问题为什么一个都不回答？,2,answer_pressure,dep_reason,Q2明确针对A1未具体回答Q1的问题进行抱怨和催促。,前期公司说姜伟董事长股权质押获得的资金用于非上市公司的项目运营发展，能具体说说是哪些业务吗？,公司姜伟董事长及一致行动人通过股权质押业务所获得的资金均用于其他非上市公司业务的发展需要。谢谢！,我的问题为什么一个都不回答？,002424_2018,1,4,3,Complaint,Q2明确针对A1未具体回答Q1的问题进行抱怨和催促。,,,1
positive,请问姜伟董事长对百灵近四年业绩持续稳定增长但股价却持续暴跌这种现象怎么看？2019年股价刚刚略有起色，这几日又持续暴跌30%左右，目前距离前几年的高点累计跌幅依然高达近60%，并且百灵一直与医药板块跟跌不跟涨，这几年中医药板块的几次大涨百灵均是不涨反跌，是什么原因造成百灵股价如此异常呢？ 感谢您对公司的关注。贵州百灵的经营业绩一直保持稳定增长，公司也一直对投资者关心深表感谢，并期待给予投资者良好的回报。面对目前您所提及的情况，我们仍将继续努力工作，包括收入增长、盈利提升、研发突破等等方面，实现对包括您在内的广大投资者良好回报。谢谢！,我的问题为什么一个都不回答？,2,answer_pressure,dep_reason,Q2直接针对A1未回答Q1的具体问题表示抱怨和催促。,请问姜伟董事长对百灵近四年业绩持续稳定增长但股价却持续暴跌这种现象怎么看？2019年股价刚刚略有起色，这几日又持续暴跌30%左右，目前距离前几年的高点累计跌幅依然高达近60%，并且百灵一直与医药板块跟跌不跟涨，这几年中医药板块的几次大涨百灵均是不涨反跌，是什么原因造成百灵股价如此异常呢？,感谢您对公司的关注。贵州百灵的经营业绩一直保持稳定增长，公司也一直对投资者关心深表感谢，并期待给予投资者良好的回报。面对目前您所提及的情况，我们仍将继续努力工作，包括收入增长、盈利提升、研发突破等等方面，实现对包括您在内的广大投资者良好回报。谢谢！,我的问题为什么一个都不回答？,002424_2018,2,4,2,Complaint,Q2直接针对A1未回答Q1的具体问题表示抱怨和催促。,,,1
positive,请问姜伟董事长对百灵近四年业绩持续稳定增长但股价却持续暴跌这种现象怎么看？2019年股价刚刚略有起色，这几日又持续暴跌30%左右，目前距离前几年的高点累计跌幅依然高达近60%，并且百灵一直与医药板块跟跌不跟涨，这几年中医药板块的几次大涨百灵均是不涨反跌，是什么原因造成百灵股价如此异常呢？ 感谢您对公司的关注。贵州百灵的经营业绩一直保持稳定增长，公司也一直对投资者关心深表感谢，并期待给予投资者良好的回报。面对目前您所提及的情况，我们仍将继续努力工作，包括收入增长、盈利提升、研发突破等等方面，实现对包括您在内的广大投资者良好回报。谢谢！,如果公司业绩不好，股价下跌大家都可以理解，投资者也会因此而选择别的股票，正是因为百灵业绩持续增长，大家才一直坚定持有，可公司却一直在伤害广大投资者，给投资者造成严重亏损，简直就是在伤天害理的事情,1,disclosure_detail,dep_reason,Q2针对A1回避股价异常原因继续表达不满和抱怨，属于交互依赖。,请问姜伟董事长对百灵近四年业绩持续稳定增长但股价却持续暴跌这种现象怎么看？2019年股价刚刚略有起色，这几日又持续暴跌30%左右，目前距离前几年的高点累计跌幅依然高达近60%，并且百灵一直与医药板块跟跌不跟涨，这几年中医药板块的几次大涨百灵均是不涨反跌，是什么原因造成百灵股价如此异常呢？,感谢您对公司的关注。贵州百灵的经营业绩一直保持稳定增长，公司也一直对投资者关心深表感谢，并期待给予投资者良好的回报。面对目前您所提及的情况，我们仍将继续努力工作，包括收入增长、盈利提升、研发突破等等方面，实现对包括您在内的广大投资者良好回报。谢谢！,如果公司业绩不好，股价下跌大家都可以理解，投资者也会因此而选择别的股票，正是因为百灵业绩持续增长，大家才一直坚定持有，可公司却一直在伤害广大投资者，给投资者造成严重亏损，简直就是在伤天害理的事情,002424_2018,2,7,5,Complaint,Q2针对A1回避股价异常原因继续表达不满和抱怨，属于交互依赖。,,,1
positive,牛总至今不按规定兑现增持是何原因？目前公司年报披露期已过，但总经理牛民依然没有按照公司规定进行增持，自家的高管都不认可，诚信何在？ 谢谢您的关注！牛总会按照有关规定兑现增持计划，相关情况公司将会及时进行信息披露。,别的公司高管都已增持，只有牛不增，请回答具体何时买，现在股价已经为你一个人跌了这么多，你应该知足了吧,2,answer_pressure,dep_reason,人工复核：Q2针对A1“会兑现增持计划”的模糊承诺，追问具体时间并施压质疑。,牛总至今不按规定兑现增持是何原因？目前公司年报披露期已过，但总经理牛民依然没有按照公司规定进行增持，自家的高管都不认可，诚信何在？,谢谢您的关注！牛总会按照有关规定兑现增持计划，相关情况公司将会及时进行信息披露。,别的公司高管都已增持，只有牛不增，请回答具体何时买，现在股价已经为你一个人跌了这么多，你应该知足了吧,002424_2018,8,13,5,Challenge,人工复核：Q2针对A1“会兑现增持计划”的模糊承诺，追问具体时间并施压质疑。,,,1
positive,光说牛民会增持，最近的大跌是不是给他买入的时机啊，太坑人了 感谢您对公司的关注！牛总会根据有关规定兑现承诺。,别的公司高管都已增持，只有牛不增，请回答具体何时买，现在股价已经为你一个人跌了这么多，你应该知足了吧,2,answer_pressure,dep_reason,Q2针对A1笼统承诺，催促具体增持时间，并抱怨股价下跌未得到增持行动。,光说牛民会增持，最近的大跌是不是给他买入的时机啊，太坑人了,感谢您对公司的关注！牛总会根据有关规定兑现承诺。,别的公司高管都已增持，只有牛不增，请回答具体何时买，现在股价已经为你一个人跌了这么多，你应该知足了吧,002424_2018,10,13,3,Complaint,Q2针对A1笼统承诺，催促具体增持时间，并抱怨股价下跌未得到增持行动。,,,1
positive,光说牛民会增持，最近的大跌是不是给他买入的时机啊，太坑人了 感谢您对公司的关注！牛总会根据有关规定兑现承诺。,我已对我提的问题截图，你们再不回答，我只有向平台进行投诉了,2,answer_pressure,dep_reason,Q2针对A1未正面回答Q1的增持问题，以投诉相威胁催促回答。,光说牛民会增持，最近的大跌是不是给他买入的时机啊，太坑人了,感谢您对公司的关注！牛总会根据有关规定兑现承诺。,我已对我提的问题截图，你们再不回答，我只有向平台进行投诉了,002424_2018,10,15,5,Complaint,Q2针对A1未正面回答Q1的增持问题，以投诉相威胁催促回答。,,,1
positive,别的公司高管都已增持，只有牛不增，请回答具体何时买，现在股价已经为你一个人跌了这么多，你应该知足了吧 谢谢您的关注！牛总会按照有关规定兑现增持计划，相关情况公司将会及时进行信息披露。,我已对我提的问题截图，你们再不回答，我只有向平台进行投诉了,2,answer_pressure,dep_reason,Q2针对A1未正面回答Q1的具体问题时进行投诉威胁。,别的公司高管都已增持，只有牛不增，请回答具体何时买，现在股价已经为你一个人跌了这么多，你应该知足了吧,谢谢您的关注！牛总会按照有关规定兑现增持计划，相关情况公司将会及时进行信息披露。,我已对我提的问题截图，你们再不回答，我只有向平台进行投诉了,002424_2018,13,15,2,Complaint,Q2针对A1未正面回答Q1的具体问题时进行投诉威胁。,,,1
positive,作为独立董事，你觉得这个公司靠谱吗，讲良心吗？ 本人作为贵州百灵的独立董事，在任职期间独立董事均积极参与公司的生产经营管理和决策工作中，本人认为公司在多年的发展过程中，积极的承担起了企业发展和社会责任共存的任务，管理层稳定，具备丰富的企业管理经验，在工作过程中为公司的发展不遗余力，全体员工工作面貌积极向上，公司全体人员上下一心为了企业的发展同心协力。本人对贵州百灵未来的发展充满信心。谢谢！,我已对我提的问题截图，你们再不回答，我只有向平台进行投诉了,2,answer_pressure,dep_reason,Q2认为A1未充分回答问题，威胁投诉，是针对回答状态的交互催促。,作为独立董事，你觉得这个公司靠谱吗，讲良心吗？,本人作为贵州百灵的独立董事，在任职期间独立董事均积极参与公司的生产经营管理和决策工作中，本人认为公司在多年的发展过程中，积极的承担起了企业发展和社会责任共存的任务，管理层稳定，具备丰富的企业管理经验，在工作过程中为公司的发展不遗余力，全体员工工作面貌积极向上，公司全体人员上下一心为了企业的发展同心协力。本人对贵州百灵未来的发展充满信心。谢谢！,我已对我提的问题截图，你们再不回答，我只有向平台进行投诉了,002424_2018,14,15,1,Complaint,Q2认为A1未充分回答问题，威胁投诉，是针对回答状态的交互催促。,,,1
positive,我已对我提的问题截图，你们再不回答，我只有向平台进行投诉了 感谢您参与本次公司的业绩说明会，目前公司参会人员正在对各位股东的提问进行答复，谢谢！,我已对我提的问题进行截图，你们若再不回答，我只有向平台投诉了！,2,answer_pressure,dep_reason,Q2重复Q1的投诉，针对A1未实质性回答进行催促和威胁。,我已对我提的问题截图，你们再不回答，我只有向平台进行投诉了,感谢您参与本次公司的业绩说明会，目前公司参会人员正在对各位股东的提问进行答复，谢谢！,我已对我提的问题进行截图，你们若再不回答，我只有向平台投诉了！,002424_2018,15,20,5,Complaint,Q2重复Q1的投诉，针对A1未实质性回答进行催促和威胁。,,,1
positive,请问云南植物药业有布局工业大麻相关的计划吗？ 公司的参股子公司云南植物药业目前没有种植工业大麻的业务，后续如有相关投资决策，我们会履行相应的披露义务。谢谢！,我已对我提的问题进行截图，你们若再不回答，我只有向平台投诉了！,2,answer_pressure,dep_reason,Q2认为A1未回答其问题，威胁投诉，直接针对回答状态进行催促和施压。,请问云南植物药业有布局工业大麻相关的计划吗？,公司的参股子公司云南植物药业目前没有种植工业大麻的业务，后续如有相关投资决策，我们会履行相应的披露义务。谢谢！,我已对我提的问题进行截图，你们若再不回答，我只有向平台投诉了！,002424_2018,16,20,4,Complaint,Q2认为A1未回答其问题，威胁投诉，直接针对回答状态进行催促和施压。,,,1
positive,公司的公告栏里以前天天除了质押就是借款，现在全是延期解除质押，你们这样做分明是要打压公司股价，为什么股价涨不起来，涨点就大跌，70%股权的大股东想这么做谁能阻拦，你们这么做也太明显了 谢谢您对公司的关注！公司一直以来高度关注控股股东股权质押的情况，及时进行信息披露是公司的责任，目前，控股股东的纾困计划在实施过程中，纾困将会在有效解决大股东质押率偏高的现状，有利于公司的稳定发展，请您给予理解和支持，谢谢！,我已对我提的问题进行截图，你们若再不回答，我只有向平台投诉了！,2,answer_pressure,dep_reason,Q2针对A1未直接回应质押与股价问题，以投诉施压要求回答。,公司的公告栏里以前天天除了质押就是借款，现在全是延期解除质押，你们这样做分明是要打压公司股价，为什么股价涨不起来，涨点就大跌，70%股权的大股东想这么做谁能阻拦，你们这么做也太明显了,谢谢您对公司的关注！公司一直以来高度关注控股股东股权质押的情况，及时进行信息披露是公司的责任，目前，控股股东的纾困计划在实施过程中，纾困将会在有效解决大股东质押率偏高的现状，有利于公司的稳定发展，请您给予理解和支持，谢谢！,我已对我提的问题进行截图，你们若再不回答，我只有向平台投诉了！,002424_2018,19,20,1,Complaint,Q2针对A1未直接回应质押与股价问题，以投诉施压要求回答。,,,1
positive,请问姜董事长，医药改革后，药企都在增加研发投入，打造自己的核心竞争力产品，但百灵报表上看，18年研发投入是5千多万，17年还有7千多万，逐年在递减研发费用，这是为何？未来在研发上还有加大投入的战略规划吗？ 感谢您对公司的关注，公司一直以来高度重视技术创新和产品研发，新药研发和现有药品的深度开发须经历临床前研究、申请临床注册、批准临床试验、临床试验、申报生产注册、现场考核、获准生产、上市后临床观察等过程，环节多、开发周期长，容易受到不可预测因素的影响，存在技术开发失败或无法完成注册的风险。2018年研发费用的支出主要是前期研发项目的进展款，新的研发项目和现有的研发项目都回持续开展，谢谢！,请问，你们公司未来产品的研发与创新将如何进行？可以简述一下吗,1,disclosure_detail,dep_reason,Q2针对A1未具体说明未来研发战略，要求简述研发与创新如何进行，属于细化追问。,请问姜董事长，医药改革后，药企都在增加研发投入，打造自己的核心竞争力产品，但百灵报表上看，18年研发投入是5千多万，17年还有7千多万，逐年在递减研发费用，这是为何？未来在研发上还有加大投入的战略规划吗？,感谢您对公司的关注，公司一直以来高度重视技术创新和产品研发，新药研发和现有药品的深度开发须经历临床前研究、申请临床注册、批准临床试验、临床试验、申报生产注册、现场考核、获准生产、上市后临床观察等过程，环节多、开发周期长，容易受到不可预测因素的影响，存在技术开发失败或无法完成注册的风险。2018年研发费用的支出主要是前期研发项目的进展款，新的研发项目和现有的研发项目都回持续开展，谢谢！,请问，你们公司未来产品的研发与创新将如何进行？可以简述一下吗,002424_2018,22,23,1,Elaboration,Q2针对A1未具体说明未来研发战略，要求简述研发与创新如何进行，属于细化追问。,,,1
positive,请问姜董事长，医药改革后，药企都在增加研发投入，打造自己的核心竞争力产品，但百灵报表上看，18年研发投入是5千多万，17年还有7千多万，逐年在递减研发费用，这是为何？未来在研发上还有加大投入的战略规划吗？ 感谢您对公司的关注，公司一直以来高度重视技术创新和产品研发，新药研发和现有药品的深度开发须经历临床前研究、申请临床注册、批准临床试验、临床试验、申报生产注册、现场考核、获准生产、上市后临床观察等过程，环节多、开发周期长，容易受到不可预测因素的影响，存在技术开发失败或无法完成注册的风险。2018年研发费用的支出主要是前期研发项目的进展款，新的研发项目和现有的研发项目都回持续开展，谢谢！,为什么不回答我的问题呢,2,answer_pressure,dep_reason,Q2明确针对A1未正面回答研发费用递减原因进行质问和催促。,请问姜董事长，医药改革后，药企都在增加研发投入，打造自己的核心竞争力产品，但百灵报表上看，18年研发投入是5千多万，17年还有7千多万，逐年在递减研发费用，这是为何？未来在研发上还有加大投入的战略规划吗？,感谢您对公司的关注，公司一直以来高度重视技术创新和产品研发，新药研发和现有药品的深度开发须经历临床前研究、申请临床注册、批准临床试验、临床试验、申报生产注册、现场考核、获准生产、上市后临床观察等过程，环节多、开发周期长，容易受到不可预测因素的影响，存在技术开发失败或无法完成注册的风险。2018年研发费用的支出主要是前期研发项目的进展款，新的研发项目和现有的研发项目都回持续开展，谢谢！,为什么不回答我的问题呢,002424_2018,22,27,5,Complaint,Q2明确针对A1未正面回答研发费用递减原因进行质问和催促。,,,1
positive,请问，你们公司未来产品的研发与创新将如何进行？可以简述一下吗 今后公司研发与创新将继续沿着现在四大管线开展：抗感染、抗感染、抗代谢和临床空白。谢谢！,为什么不回答我的问题呢,2,answer_pressure,dep_reason,Q2明确质疑A1未回答Q1的研发与创新如何进行，属于对回答缺失的投诉。,请问，你们公司未来产品的研发与创新将如何进行？可以简述一下吗,今后公司研发与创新将继续沿着现在四大管线开展：抗感染、抗感染、抗代谢和临床空白。谢谢！,为什么不回答我的问题呢,002424_2018,23,27,4,Complaint,Q2明确质疑A1未回答Q1的研发与创新如何进行，属于对回答缺失的投诉。,,,1
positive,请问被收回ＧＭＰ的子公司，什么时候能重新拿回GMP证书？ 感谢您对公司的关注。公司控股子公司和仁堂药业的相关整改工作已向贵州省药监局报告，目前正等待整改验收。通过整改工作的进行我们发现不足并针对性解决，对重新发回GMP证书我们有充分信心。谢谢！,为什么不回答我的问题呢,1,disclosure_detail,dep_reason,Q2明确针对A1回避具体时间、未正面回答而抱怨。,请问被收回ＧＭＰ的子公司，什么时候能重新拿回GMP证书？,感谢您对公司的关注。公司控股子公司和仁堂药业的相关整改工作已向贵州省药监局报告，目前正等待整改验收。通过整改工作的进行我们发现不足并针对性解决，对重新发回GMP证书我们有充分信心。谢谢！,为什么不回答我的问题呢,002424_2018,24,27,3,Complaint,Q2明确针对A1回避具体时间、未正面回答而抱怨。,,,1
positive,姜董事长，您好！您为百灵上市公司的发展辛苦了，作为投资者我们也是有目共睹，百灵曾经投资过一个爱透的蛋白饮料，其实“人造肉”也是一种蛋白食品，与您当年的爱透饮料有很多的相同点，请问您是否会带领贵州百灵对人造肉进行投资和产业化？谢谢！ 感谢您对公司发展的关心和支持，公司是否会涉及相关领域我们后续会进行相应的讨论和分析，公司的具体投资项目请各位投资者已披露的相关公告为准。谢谢！,为什么不回答我的问题呢,1,disclosure_detail,dep_reason,Q2明确针对A1回避未正面回答问题进行抱怨和催促。,姜董事长，您好！您为百灵上市公司的发展辛苦了，作为投资者我们也是有目共睹，百灵曾经投资过一个爱透的蛋白饮料，其实“人造肉”也是一种蛋白食品，与您当年的爱透饮料有很多的相同点，请问您是否会带领贵州百灵对人造肉进行投资和产业化？谢谢！,感谢您对公司发展的关心和支持，公司是否会涉及相关领域我们后续会进行相应的讨论和分析，公司的具体投资项目请各位投资者已披露的相关公告为准。谢谢！,为什么不回答我的问题呢,002424_2018,25,27,2,Complaint,Q2明确针对A1回避未正面回答问题进行抱怨和催促。,,,1
positive,姜董事长，您好！您为百灵上市公司的发展辛苦了，作为投资者我们也是有目共睹，百灵曾经投资过一个爱透的蛋白饮料，其实“人造肉”也是一种蛋白食品，与您当年的爱透饮料有很多的相同点，请问您是否会带领贵州百灵对人造肉进行投资和产业化？谢谢！ 感谢您对公司发展的关心和支持，公司是否会涉及相关领域我们后续会进行相应的讨论和分析，公司的具体投资项目请各位投资者已披露的相关公告为准。谢谢！,请回答我的问题！！,2,answer_pressure,dep_reason,Q2针对A1未正面回答问题进行催促。,姜董事长，您好！您为百灵上市公司的发展辛苦了，作为投资者我们也是有目共睹，百灵曾经投资过一个爱透的蛋白饮料，其实“人造肉”也是一种蛋白食品，与您当年的爱透饮料有很多的相同点，请问您是否会带领贵州百灵对人造肉进行投资和产业化？谢谢！,感谢您对公司发展的关心和支持，公司是否会涉及相关领域我们后续会进行相应的讨论和分析，公司的具体投资项目请各位投资者已披露的相关公告为准。谢谢！,请回答我的问题！！,002424_2018,25,30,5,Complaint,Q2针对A1未正面回答问题进行催促。,,,1
positive,公司大股东持股比例占70%多，股价一直暴跌有操纵股价的嫌疑 感谢您对公司的关注，谢谢！,为什么不回答我的问题呢,1,disclosure_detail,dep_reason,Q2明确针对A1的回避性回答进行抱怨和追问。,公司大股东持股比例占70%多，股价一直暴跌有操纵股价的嫌疑,感谢您对公司的关注，谢谢！,为什么不回答我的问题呢,002424_2018,26,27,1,Complaint,Q2明确针对A1的回避性回答进行抱怨和追问。,,,1
positive,公司大股东持股比例占70%多，股价一直暴跌有操纵股价的嫌疑 感谢您对公司的关注，谢谢！,请回答我的问题！！,1,disclosure_detail,dep_reason,Q2针对A1回避未答状态进行催促，要求回答问题。,公司大股东持股比例占70%多，股价一直暴跌有操纵股价的嫌疑,感谢您对公司的关注，谢谢！,请回答我的问题！！,002424_2018,26,30,4,Complaint,Q2针对A1回避未答状态进行催促，要求回答问题。,,,1
positive,为什么不回答我的问题呢 感谢您参与本次公司的业绩说明会，目前公司参会人员正在对各位股东的提问进行答复，谢谢！,请回答我的问题！！,1,disclosure_detail,dep_reason,Q2针对A1客套回避继续催促回答，依赖未答状态。,为什么不回答我的问题呢,感谢您参与本次公司的业绩说明会，目前公司参会人员正在对各位股东的提问进行答复，谢谢！,请回答我的问题！！,002424_2018,27,30,3,Complaint,Q2针对A1客套回避继续催促回答，依赖未答状态。,,,1
positive,请问替芬泰项目什么时候可以进入二期研究？ 目前替芬泰项目正在开展“[14C]替芬泰大鼠体内吸收、分布、代谢及物质平衡研究”，完成相关研究后公司将进行后续临床试验的申报工作。谢谢！,请回答我的问题！！,2,answer_pressure,dep_reason,Q2对A1未直接回答时间安排进行催促和抱怨。,请问替芬泰项目什么时候可以进入二期研究？,目前替芬泰项目正在开展“[14C]替芬泰大鼠体内吸收、分布、代谢及物质平衡研究”，完成相关研究后公司将进行后续临床试验的申报工作。谢谢！,请回答我的问题！！,002424_2018,28,30,2,Complaint,Q2对A1未直接回答时间安排进行催促和抱怨。,,,1
positive,大股东质押股份占公司总股份的53%，之前将一致行动人的股份又转让给证券公司，获得资金用于还利息；是否大股东周转资金有一定压力？公司的业务是否都属于赊销，资金回笼也有一定困难？ 感谢您对公司的关注。目前姜伟董事长及一致行动人与纾困基金的合作事项正在积极推进中，后续公司将会及时的履行信息披露的义务。公司在经营发展过程中会充分评估未来现金流状况，合理运用各种债务工具。公司短期借款增加是为了适应经营的需要，公司近期资产负债率低于60%。谢谢！,请回答我的问题！！,2,answer_pressure,dep_reason,Q2明确针对A1未回答Q1的问题进行催促。,大股东质押股份占公司总股份的53%，之前将一致行动人的股份又转让给证券公司，获得资金用于还利息；是否大股东周转资金有一定压力？公司的业务是否都属于赊销，资金回笼也有一定困难？,感谢您对公司的关注。目前姜伟董事长及一致行动人与纾困基金的合作事项正在积极推进中，后续公司将会及时的履行信息披露的义务。公司在经营发展过程中会充分评估未来现金流状况，合理运用各种债务工具。公司短期借款增加是为了适应经营的需要，公司近期资产负债率低于60%。谢谢！,请回答我的问题！！,002424_2018,29,30,1,Complaint,Q2明确针对A1未回答Q1的问题进行催促。,,,1
positive,百灵的散户投资者们为了支持百灵的发展一直坚定持有股票，但百灵得到稳定发展的同时却让这些一直在支持百灵、支持姜董的投资者们严重亏损、负债累累，请问姜伟董事长如何看待这个问题？希望姜总不要讲公司也决定不了股票的价格等这种冠冕堂皇的话，公司这种做法对得起广大投资者的信任吗？ 感谢您对公司的关注与支持！我认为贵州百灵是一个质地优良，业绩稳定的公司，没有给广大投资者带来良好的投资回报我也搞到愧疚，我们会在市场拓展、新品研发等方面不断寻求突破，实现公司价值提升，回报广大投资者。期待您及广大投资者与我们一路同行，分享未来！,你们为什么要回避股价的问题呢？,1,disclosure_detail,dep_reason,Q2直接质问A1为何回避股价问题，针对回答方式继续施压。,百灵的散户投资者们为了支持百灵的发展一直坚定持有股票，但百灵得到稳定发展的同时却让这些一直在支持百灵、支持姜董的投资者们严重亏损、负债累累，请问姜伟董事长如何看待这个问题？希望姜总不要讲公司也决定不了股票的价格等这种冠冕堂皇的话，公司这种做法对得起广大投资者的信任吗？,感谢您对公司的关注与支持！我认为贵州百灵是一个质地优良，业绩稳定的公司，没有给广大投资者带来良好的投资回报我也搞到愧疚，我们会在市场拓展、新品研发等方面不断寻求突破，实现公司价值提升，回报广大投资者。期待您及广大投资者与我们一路同行，分享未来！,你们为什么要回避股价的问题呢？,002424_2018,33,34,1,Complaint,Q2直接质问A1为何回避股价问题，针对回答方式继续施压。,,,1
positive,面对公司股价几年的下跌，作为一名公司股票的常年持有者，说实话是很受伤的！！！这里想请问姜董事长301港大论文何时才能够正式出台？？？糖宁何时才能真正走向市场？？？！！！能否有一个比较明确的时间表或预期？ 感谢您对公司的关注！公司没有让投资者在市场投资中得到良好的回报，我也感到惭愧，您所提到的相关问题我们一直在持续推进中，并会及时进行披露，糖宁通络在临床运用中体现出的良好运用效果一定会在未来的经营中体现价值，对此，我们充满信心。也期待广大投资者与我们一路同行，为创造贵州百灵未来的美好前景共同努力。,请问糖宁通络的301医院双盲实验是否已经结束，预计什么时候有结果，能通过吗？,1,disclosure_detail,dep_reason,Q2围绕Q1/A1中的糖宁通络与301实验继续追问具体进展与结果，要求更明确时间表。,面对公司股价几年的下跌，作为一名公司股票的常年持有者，说实话是很受伤的！！！这里想请问姜董事长301港大论文何时才能够正式出台？？？糖宁何时才能真正走向市场？？？！！！能否有一个比较明确的时间表或预期？,感谢您对公司的关注！公司没有让投资者在市场投资中得到良好的回报，我也感到惭愧，您所提到的相关问题我们一直在持续推进中，并会及时进行披露，糖宁通络在临床运用中体现出的良好运用效果一定会在未来的经营中体现价值，对此，我们充满信心。也期待广大投资者与我们一路同行，为创造贵州百灵未来的美好前景共同努力。,请问糖宁通络的301医院双盲实验是否已经结束，预计什么时候有结果，能通过吗？,002424_2018,38,39,1,Elaboration,Q2围绕Q1/A1中的糖宁通络与301实验继续追问具体进展与结果，要求更明确时间表。,,,1
positive,面对公司股价几年的下跌，作为一名公司股票的常年持有者，说实话是很受伤的！！！这里想请问姜董事长301港大论文何时才能够正式出台？？？糖宁何时才能真正走向市场？？？！！！能否有一个比较明确的时间表或预期？ 感谢您对公司的关注！公司没有让投资者在市场投资中得到良好的回报，我也感到惭愧，您所提到的相关问题我们一直在持续推进中，并会及时进行披露，糖宁通络在临床运用中体现出的良好运用效果一定会在未来的经营中体现价值，对此，我们充满信心。也期待广大投资者与我们一路同行，为创造贵州百灵未来的美好前景共同努力。,请问；子公司和仁堂药业整改进展怎样了，回收的GMP证书有回发的可能吗？301的报告何时能出？,2,restructuring,dep_reason,Q2中'301的报告何时能出'重复追问Q1中301论文时间表，A1未正面回答，属催促互动。,面对公司股价几年的下跌，作为一名公司股票的常年持有者，说实话是很受伤的！！！这里想请问姜董事长301港大论文何时才能够正式出台？？？糖宁何时才能真正走向市场？？？！！！能否有一个比较明确的时间表或预期？,感谢您对公司的关注！公司没有让投资者在市场投资中得到良好的回报，我也感到惭愧，您所提到的相关问题我们一直在持续推进中，并会及时进行披露，糖宁通络在临床运用中体现出的良好运用效果一定会在未来的经营中体现价值，对此，我们充满信心。也期待广大投资者与我们一路同行，为创造贵州百灵未来的美好前景共同努力。,请问；子公司和仁堂药业整改进展怎样了，回收的GMP证书有回发的可能吗？301的报告何时能出？,002424_2018,38,41,3,Complaint,Q2中'301的报告何时能出'重复追问Q1中301论文时间表，A1未正面回答，属催促互动。,,,1
positive,请问糖宁通络的301医院双盲实验是否已经结束，预计什么时候有结果，能通过吗？ 感谢您对公司的关注。301医院的相关研究目前正常进行中，公司将会及时披露后续的进展情况。谢谢,请问；子公司和仁堂药业整改进展怎样了，回收的GMP证书有回发的可能吗？301的报告何时能出？,2,answer_pressure,dep_reason,Q2部分追问301报告时间，依据A1未提供具体结果时间，要求明确时间。,请问糖宁通络的301医院双盲实验是否已经结束，预计什么时候有结果，能通过吗？,感谢您对公司的关注。301医院的相关研究目前正常进行中，公司将会及时披露后续的进展情况。谢谢,请问；子公司和仁堂药业整改进展怎样了，回收的GMP证书有回发的可能吗？301的报告何时能出？,002424_2018,39,41,2,Elaboration,Q2部分追问301报告时间，依据A1未提供具体结果时间，要求明确时间。,,,1
positive,别人都是及时响应公司号召及时进行了增持，表明了对公司的信心，结果只有公司总经理一直拖到了今天都不增持，这让外界如何看待这件事情，这样的总经理还不辞职吗？ 感谢您对公司的关注！牛总会按照有关规定兑现增持计划，相关情况公司会及时进行披露。,牛总你还好意思当总经理啊，全公司就你一个人不看好公司发展而不按规定增持股份,2,performance_governance,dep_reason,Q2 针对 A1 未回应总经理辞职质疑继续施压和指责，属交互依赖。,别人都是及时响应公司号召及时进行了增持，表明了对公司的信心，结果只有公司总经理一直拖到了今天都不增持，这让外界如何看待这件事情，这样的总经理还不辞职吗？,感谢您对公司的关注！牛总会按照有关规定兑现增持计划，相关情况公司会及时进行披露。,牛总你还好意思当总经理啊，全公司就你一个人不看好公司发展而不按规定增持股份,002424_2018,54,58,4,Complaint,Q2 针对 A1 未回应总经理辞职质疑继续施压和指责，属交互依赖。,,,1
positive,公司上市10年，无一新药获批上市，更多的是仅仅进入临床后便无后续进一步进展，请问是除了公司已再强调的新药研发难客观原因外，贵公司自身存在什么不足呢？ 你好！新药研发是一个高风险、高投入、高回报的过程。现在公司在研的新药都在稳步推进，2019年公司所持有的临床批件新药全部进入临床研究阶段，未来可期。谢谢！,谢谢牛总回答，我觉得180****4014股东的问题很重要，您似乎没有真正回答他问题的核心词汇：真实世界研究。这个应该是中药申报新药的捷径，请问公司的糖宁通络胶囊能够走这条路申报新药吗？,2,answer_pressure,dep_reason,Q2明确批评A1未回答Q1核心词汇，针对回答缺失进行抱怨并追问。,公司上市10年，无一新药获批上市，更多的是仅仅进入临床后便无后续进一步进展，请问是除了公司已再强调的新药研发难客观原因外，贵公司自身存在什么不足呢？,你好！新药研发是一个高风险、高投入、高回报的过程。现在公司在研的新药都在稳步推进，2019年公司所持有的临床批件新药全部进入临床研究阶段，未来可期。谢谢！,谢谢牛总回答，我觉得180****4014股东的问题很重要，您似乎没有真正回答他问题的核心词汇：真实世界研究。这个应该是中药申报新药的捷径，请问公司的糖宁通络胶囊能够走这条路申报新药吗？,002424_2019,14,16,2,Complaint,Q2明确批评A1未回答Q1核心词汇，针对回答缺失进行抱怨并追问。,,,1
positive,谢谢牛总的解释。这个因为股票托管导致小批量减持是否可以理解为因为平仓而被动减持？ 感谢您对公司的关注。本次减持并不是被动减持，属于纾困计划的一部分。是因为股份在各家证券公司托管数量的限制原因，每日减持的数量较少所致。谢谢！,大宗交易减持是否完成，或者还有多少准备减持？,2,shareholder_return,dep_reason,Q2围绕A1提及的减持继续追问完成进度，依赖上一轮交互的具体事项。,谢谢牛总的解释。这个因为股票托管导致小批量减持是否可以理解为因为平仓而被动减持？,感谢您对公司的关注。本次减持并不是被动减持，属于纾困计划的一部分。是因为股份在各家证券公司托管数量的限制原因，每日减持的数量较少所致。谢谢！,大宗交易减持是否完成，或者还有多少准备减持？,002424_2019,15,20,5,Elaboration,Q2围绕A1提及的减持继续追问完成进度，依赖上一轮交互的具体事项。,,,1
positive,大宗交易减持是否完成，或者还有多少准备减持？ 感谢您对公司的关注。关于公司控股股东股份变动的相关情况，我们会严格按照交易所及相关法律法规的要求及时履行信息披露义务。谢谢！,疫情影响经济下滑，姜总又产业甚多估计压力很大，你会把贵州百灵当提款机吗？真心希望姜总能一心一意做好百灵做好苗药为人类做贡献,1,disclosure_detail,dep_reason,Q2围绕Q1的减持事项，质疑实控人是否因经济压力将公司当提款机，源自A1未披露减持进度。,大宗交易减持是否完成，或者还有多少准备减持？,感谢您对公司的关注。关于公司控股股东股份变动的相关情况，我们会严格按照交易所及相关法律法规的要求及时履行信息披露义务。谢谢！,疫情影响经济下滑，姜总又产业甚多估计压力很大，你会把贵州百灵当提款机吗？真心希望姜总能一心一意做好百灵做好苗药为人类做贡献,002424_2019,20,25,5,Challenge,Q2围绕Q1的减持事项，质疑实控人是否因经济压力将公司当提款机，源自A1未披露减持进度。,,,1
positive,请问夏文总监，北京五和博澳药业以新药5类申报上市的桑枝总生物碱片对糖尿病有效，这将对本公司的糖宁通络构成何种竞争影响？本公司还能后来居上吗？ 谢谢你的问题。公开资料显示桑枝总生物碱片是α-糖苷酶抑制剂，与阿卡波糖是同靶点药物，所以他们可能会构成竞争。而糖宁通络是治疗糖尿病并发症的药物，与他们的治疗方向不同。我们正在积极积累糖宁通络药学和药效学研究数据，为早日申报做准备。谢谢！,一个糖宁通络从前年就说做一个为期一年的试验，按照你们公告的说法，你们去年四月份就该出公告，而到了今天你们也没有对引进行说明？为何进展如此的缓慢？什么时候能有确切的消息？今年以来相关同行业的医药公司七八成以上都有了大幅的上涨，咱们公司的股价从15年一直下跌，连续跌了五年，未来公司有没有提振公司股价的办法呢？,1,disclosure_detail,dep_reason,Q2针对A1中糖宁通络研发进展追问延迟原因和时间表，并质疑股价表现。,请问夏文总监，北京五和博澳药业以新药5类申报上市的桑枝总生物碱片对糖尿病有效，这将对本公司的糖宁通络构成何种竞争影响？本公司还能后来居上吗？,谢谢你的问题。公开资料显示桑枝总生物碱片是α-糖苷酶抑制剂，与阿卡波糖是同靶点药物，所以他们可能会构成竞争。而糖宁通络是治疗糖尿病并发症的药物，与他们的治疗方向不同。我们正在积极积累糖宁通络药学和药效学研究数据，为早日申报做准备。谢谢！,一个糖宁通络从前年就说做一个为期一年的试验，按照你们公告的说法，你们去年四月份就该出公告，而到了今天你们也没有对引进行说明？为何进展如此的缓慢？什么时候能有确切的消息？今年以来相关同行业的医药公司七八成以上都有了大幅的上涨，咱们公司的股价从15年一直下跌，连续跌了五年，未来公司有没有提振公司股价的办法呢？,002424_2019,26,29,3,Challenge,Q2针对A1中糖宁通络研发进展追问延迟原因和时间表，并质疑股价表现。,,,1
positive,请问糖宁通络的销售情况怎么样？ 感谢您对公司的关注，公司下属子公司贵阳糖尿病医院2020年度实现营业收入3642万元。,公司产品糖宁通络2020年销量如何？2021年糖宁通络预期销售目标大概多少？,2,strategy_planning,dep_reason,Q2重复追问糖宁通络销量和预期目标，A1未直接回答。,请问糖宁通络的销售情况怎么样？,感谢您对公司的关注，公司下属子公司贵阳糖尿病医院2020年度实现营业收入3642万元。,公司产品糖宁通络2020年销量如何？2021年糖宁通络预期销售目标大概多少？,002424_2020,2,3,1,Complaint,Q2重复追问糖宁通络销量和预期目标，A1未直接回答。,,,1
positive,请问姜总这么高的质押都干什么用了？ 感谢您对公司的关心，关于公司控股股东股权质押率较高的问题，控股股东已积极通过各种方式来实现负债和质押率的降低，目前已取得部分成效。后续也将积极推进相关工作，近一步完善公司股东层面的稳定，支持上市公司长期持续稳定发展。谢谢！,这么高的质押也没看到发展企业，并且大股东这么高的质押，最后损害的我们中小投资者，公司后面打算怎么解决这个问题,1,disclosure_detail,dep_reason,Q2质疑A1回避质押用途，抱怨未看到企业发展，要求公司解决质押损害中小投资者问题。,请问姜总这么高的质押都干什么用了？,感谢您对公司的关心，关于公司控股股东股权质押率较高的问题，控股股东已积极通过各种方式来实现负债和质押率的降低，目前已取得部分成效。后续也将积极推进相关工作，近一步完善公司股东层面的稳定，支持上市公司长期持续稳定发展。谢谢！,这么高的质押也没看到发展企业，并且大股东这么高的质押，最后损害的我们中小投资者，公司后面打算怎么解决这个问题,002424_2020,6,8,2,Complaint,Q2质疑A1回避质押用途，抱怨未看到企业发展，要求公司解决质押损害中小投资者问题。,,,1
positive,请问姜总这么高的质押都干什么用了？ 感谢您对公司的关心，关于公司控股股东股权质押率较高的问题，控股股东已积极通过各种方式来实现负债和质押率的降低，目前已取得部分成效。后续也将积极推进相关工作，近一步完善公司股东层面的稳定，支持上市公司长期持续稳定发展。谢谢！,公司质押的问题怎么解决,2,answer_pressure,dep_reason,Q2针对A1中降低质押率的笼统表述进一步追问具体解决方案。,请问姜总这么高的质押都干什么用了？,感谢您对公司的关心，关于公司控股股东股权质押率较高的问题，控股股东已积极通过各种方式来实现负债和质押率的降低，目前已取得部分成效。后续也将积极推进相关工作，近一步完善公司股东层面的稳定，支持上市公司长期持续稳定发展。谢谢！,公司质押的问题怎么解决,002424_2020,6,11,5,Elaboration,Q2针对A1中降低质押率的笼统表述进一步追问具体解决方案。,,,1
positive,"公司是否在存在非法占用资金的行为！！！如何向股东解释？如何再次杜绝这种行为？ 感谢您对公司的关注。1、关于公司控股股东非经常性资金占用的事项，天健会计师事务所（特殊普通合作）于2020年4月30日和2021年4月30日分别出具的《贵州百灵非经营性资金占用及其他关联资金往来情况的专项审计说明》、《贵州百灵大股东及其附属企业非经营性资金占用及清偿情况和违规担保及解除情况的专项审计说明》均对相关情况进行了披露。公司也于2020年6月5日披露了《关于深圳证券交易所关注函回复的公告》。2、截至2021年4月28日，公司控股股东已归还全部所占用公司资金及利息，违规事项已进行消除。3、整改措施1）责任人追究情况董事会将对公司董事长、总经理、副总经理、原财务总监、会计机构负责人、内审机构负责人等相关主要责任人进行内部通报批评,并处以罚款。2)严格执行《防范大股东及关联方占用公司资金管理制度》，防止公司股东及其他关联方资金占用及违规担保情况的再次发生。同时，根据《企业内部控制基本规范》及配套指引的有关要求进一步健全内部控制制度，完善内控管理体系，规范内控运行程序，强化资金使用及担保的管理制度。3)董事会已聘任第二大股东委派的财务总监、董事、监事，对资金管理、内部审批等情况进行严格管控。4)完善公司内部审计部门的职能，在董事会审计委员会的领导下行使监督权，加强内部审计部门对公司内部控制制度执行情况的监督力度，提高内部审计工作的深度和广度，对相关业务部门大额资金使用和担保进行动态跟踪，督促公司严格履行相关审批程序、促进企业规范发展。谢谢。",深交所关注函是怎么回复的？,1,disclosure_detail,dep_reason,Q2针对A1中提到的深交所关注函回复公告，追问具体回复内容。,公司是否在存在非法占用资金的行为！！！如何向股东解释？如何再次杜绝这种行为？,"感谢您对公司的关注。1、关于公司控股股东非经常性资金占用的事项，天健会计师事务所（特殊普通合作）于2020年4月30日和2021年4月30日分别出具的《贵州百灵非经营性资金占用及其他关联资金往来情况的专项审计说明》、《贵州百灵大股东及其附属企业非经营性资金占用及清偿情况和违规担保及解除情况的专项审计说明》均对相关情况进行了披露。公司也于2020年6月5日披露了《关于深圳证券交易所关注函回复的公告》。2、截至2021年4月28日，公司控股股东已归还全部所占用公司资金及利息，违规事项已进行消除。3、整改措施1）责任人追究情况董事会将对公司董事长、总经理、副总经理、原财务总监、会计机构负责人、内审机构负责人等相关主要责任人进行内部通报批评,并处以罚款。2)严格执行《防范大股东及关联方占用公司资金管理制度》，防止公司股东及其他关联方资金占用及违规担保情况的再次发生。同时，根据《企业内部控制基本规范》及配套指引的有关要求进一步健全内部控制制度，完善内控管理体系，规范内控运行程序，强化资金使用及担保的管理制度。3)董事会已聘任第二大股东委派的财务总监、董事、监事，对资金管理、内部审批等情况进行严格管控。4)完善公司内部审计部门的职能，在董事会审计委员会的领导下行使监督权，加强内部审计部门对公司内部控制制度执行情况的监督力度，提高内部审计工作的深度和广度，对相关业务部门大额资金使用和担保进行动态跟踪，督促公司严格履行相关审批程序、促进企业规范发展。谢谢。",深交所关注函是怎么回复的？,002424_2020,14,15,1,Elaboration,Q2针对A1中提到的深交所关注函回复公告，追问具体回复内容。,,,1
positive,请问云植和海扶上市走到哪一步了？糖宁在大医生上销售启动没有？ 感谢您对公司的关注。公司参股子公司重庆海扶和云植药业的上市工作已启动，正在积极完成各项准备工作，后续取得阶段性进展后，我们将会及时的履行披露的义务。大医生远程医疗服务已在正常开展中。谢谢。,糖宁通络今年会贡献业绩吗？大概多少,2,performance_governance,dep_reason,Q2围绕Q1中的糖宁通络进一步追问业绩贡献与具体数额，延续同一产品线追问。,请问云植和海扶上市走到哪一步了？糖宁在大医生上销售启动没有？,感谢您对公司的关注。公司参股子公司重庆海扶和云植药业的上市工作已启动，正在积极完成各项准备工作，后续取得阶段性进展后，我们将会及时的履行披露的义务。大医生远程医疗服务已在正常开展中。谢谢。,糖宁通络今年会贡献业绩吗？大概多少,002424_2020,17,18,1,Elaboration,Q2围绕Q1中的糖宁通络进一步追问业绩贡献与具体数额，延续同一产品线追问。,,,1
positive,"关于公司内部控制的问题，请问贵州百灵集团想怎么解决，而且质押率一直都这么高，资金流方面是否存在着重大的断裂，这么做是否对存在损害中小投资者的行为？ 感谢您对公司的关注。1、关于公司控股股东非经常性资金占用的事项，天健会计师事务所（特殊普通合作）于2020年4月30日和2021年4月30日分别出具的《贵州百灵非经营性资金占用及其他关联资金往来情况的专项审计说明》、《贵州百灵大股东及其附属企业非经营性资金占用及清偿情况和违规担保及解除情况的专项审计说明》均对相关情况进行了披露。公司也于2020年6月5日披露了《关于深圳证券交易所关注函回复的公告》。2、截至2021年4月28日，公司控股股东已归还全部所占用公司资金及利息，违规事项已进行消除。3、整改措施1）责任人追究情况董事会将对公司董事长、总经理、副总经理、原财务总监、会计机构负责人、内审机构负责人等相关主要责任人进行内部通报批评,并处以罚款。2)严格执行《防范大股东及关联方占用公司资金管理制度》，防止公司股东及其他关联方资金占用及违规担保情况的再次发生。同时，根据《企业内部控制基本规范》及配套指引的有关要求进一步健全内部控制制度，完善内控管理体系，规范内控运行程序，强化资金使用及担保的管理制度。3)董事会已聘任第二大股东委派的财务总监、董事、监事，对资金管理、内部审批等情况进行严格管控。4)完善公司内部审计部门的职能，在董事会审计委员会的领导下行使监督权，加强内部审计部门对公司内部控制制度执行情况的监督力度，提高内部审计工作的深度和广度，对相关业务部门大额资金使用和担保进行动态跟踪，督促公司严格履行相关审批程序、促进企业规范发展。谢谢。",1.公司大股东占用上市公司资金有涉及到信披违规事项吗？公司内控整改的措施有效吗？2.上市公司投资的重庆海扶和云植药业IPO有进展吗？,1,disclosure_detail,dep_reason,Q2针对A1中的信披违规和整改措施追问细节与有效性，同时提出新问题但不影响整体依赖。,关于公司内部控制的问题，请问贵州百灵集团想怎么解决，而且质押率一直都这么高，资金流方面是否存在着重大的断裂，这么做是否对存在损害中小投资者的行为？,"感谢您对公司的关注。1、关于公司控股股东非经常性资金占用的事项，天健会计师事务所（特殊普通合作）于2020年4月30日和2021年4月30日分别出具的《贵州百灵非经营性资金占用及其他关联资金往来情况的专项审计说明》、《贵州百灵大股东及其附属企业非经营性资金占用及清偿情况和违规担保及解除情况的专项审计说明》均对相关情况进行了披露。公司也于2020年6月5日披露了《关于深圳证券交易所关注函回复的公告》。2、截至2021年4月28日，公司控股股东已归还全部所占用公司资金及利息，违规事项已进行消除。3、整改措施1）责任人追究情况董事会将对公司董事长、总经理、副总经理、原财务总监、会计机构负责人、内审机构负责人等相关主要责任人进行内部通报批评,并处以罚款。2)严格执行《防范大股东及关联方占用公司资金管理制度》，防止公司股东及其他关联方资金占用及违规担保情况的再次发生。同时，根据《企业内部控制基本规范》及配套指引的有关要求进一步健全内部控制制度，完善内控管理体系，规范内控运行程序，强化资金使用及担保的管理制度。3)董事会已聘任第二大股东委派的财务总监、董事、监事，对资金管理、内部审批等情况进行严格管控。4)完善公司内部审计部门的职能，在董事会审计委员会的领导下行使监督权，加强内部审计部门对公司内部控制制度执行情况的监督力度，提高内部审计工作的深度和广度，对相关业务部门大额资金使用和担保进行动态跟踪，督促公司严格履行相关审批程序、促进企业规范发展。谢谢。",1.公司大股东占用上市公司资金有涉及到信披违规事项吗？公司内控整改的措施有效吗？2.上市公司投资的重庆海扶和云植药业IPO有进展吗？,002424_2020,27,29,2,Elaboration,Q2针对A1中的信披违规和整改措施追问细节与有效性，同时提出新问题但不影响整体依赖。,,,1
positive,"关于公司内部控制的问题，请问贵州百灵集团想怎么解决，而且质押率一直都这么高，资金流方面是否存在着重大的断裂，这么做是否对存在损害中小投资者的行为？ 感谢您对公司的关注。1、关于公司控股股东非经常性资金占用的事项，天健会计师事务所（特殊普通合作）于2020年4月30日和2021年4月30日分别出具的《贵州百灵非经营性资金占用及其他关联资金往来情况的专项审计说明》、《贵州百灵大股东及其附属企业非经营性资金占用及清偿情况和违规担保及解除情况的专项审计说明》均对相关情况进行了披露。公司也于2020年6月5日披露了《关于深圳证券交易所关注函回复的公告》。2、截至2021年4月28日，公司控股股东已归还全部所占用公司资金及利息，违规事项已进行消除。3、整改措施1）责任人追究情况董事会将对公司董事长、总经理、副总经理、原财务总监、会计机构负责人、内审机构负责人等相关主要责任人进行内部通报批评,并处以罚款。2)严格执行《防范大股东及关联方占用公司资金管理制度》，防止公司股东及其他关联方资金占用及违规担保情况的再次发生。同时，根据《企业内部控制基本规范》及配套指引的有关要求进一步健全内部控制制度，完善内控管理体系，规范内控运行程序，强化资金使用及担保的管理制度。3)董事会已聘任第二大股东委派的财务总监、董事、监事，对资金管理、内部审批等情况进行严格管控。4)完善公司内部审计部门的职能，在董事会审计委员会的领导下行使监督权，加强内部审计部门对公司内部控制制度执行情况的监督力度，提高内部审计工作的深度和广度，对相关业务部门大额资金使用和担保进行动态跟踪，督促公司严格履行相关审批程序、促进企业规范发展。谢谢。",公司的占用资金问题，以后内部控制应该怎么解决，如何做到不损害中小投资者。公司业务下滑的比较严重，什么时候回归主业,1,disclosure_detail,dep_reason,Q2针对A1中已披露的整改措施继续追问内部控制如何具体解决，并强调保护中小投资者。,关于公司内部控制的问题，请问贵州百灵集团想怎么解决，而且质押率一直都这么高，资金流方面是否存在着重大的断裂，这么做是否对存在损害中小投资者的行为？,"感谢您对公司的关注。1、关于公司控股股东非经常性资金占用的事项，天健会计师事务所（特殊普通合作）于2020年4月30日和2021年4月30日分别出具的《贵州百灵非经营性资金占用及其他关联资金往来情况的专项审计说明》、《贵州百灵大股东及其附属企业非经营性资金占用及清偿情况和违规担保及解除情况的专项审计说明》均对相关情况进行了披露。公司也于2020年6月5日披露了《关于深圳证券交易所关注函回复的公告》。2、截至2021年4月28日，公司控股股东已归还全部所占用公司资金及利息，违规事项已进行消除。3、整改措施1）责任人追究情况董事会将对公司董事长、总经理、副总经理、原财务总监、会计机构负责人、内审机构负责人等相关主要责任人进行内部通报批评,并处以罚款。2)严格执行《防范大股东及关联方占用公司资金管理制度》，防止公司股东及其他关联方资金占用及违规担保情况的再次发生。同时，根据《企业内部控制基本规范》及配套指引的有关要求进一步健全内部控制制度，完善内控管理体系，规范内控运行程序，强化资金使用及担保的管理制度。3)董事会已聘任第二大股东委派的财务总监、董事、监事，对资金管理、内部审批等情况进行严格管控。4)完善公司内部审计部门的职能，在董事会审计委员会的领导下行使监督权，加强内部审计部门对公司内部控制制度执行情况的监督力度，提高内部审计工作的深度和广度，对相关业务部门大额资金使用和担保进行动态跟踪，督促公司严格履行相关审批程序、促进企业规范发展。谢谢。",公司的占用资金问题，以后内部控制应该怎么解决，如何做到不损害中小投资者。公司业务下滑的比较严重，什么时候回归主业,002424_2020,27,30,3,Elaboration,Q2针对A1中已披露的整改措施继续追问内部控制如何具体解决，并强调保护中小投资者。,,,1
positive,请问文辉先生和文一波先生的关系 投资者您好，没有关联。谢谢关注！,广大投资者都有个疑问，文辉和文一波有亲属关系吗，请解答,2,answer_pressure,dep_reason,Q2针对A1中'没有关联'的笼统回答，进一步追问是否包含亲属关系，要求明确落实。,请问文辉先生和文一波先生的关系,投资者您好，没有关联。谢谢关注！,广大投资者都有个疑问，文辉和文一波有亲属关系吗，请解答,000826_2018,4,5,1,Elaboration,Q2针对A1中'没有关联'的笼统回答，进一步追问是否包含亲属关系，要求明确落实。,,,1
positive,文一波先生20元左右发出托底信息，17元左右公布回购，至今未公示托底情况，回购也迟迟未执行，如今长线投资者伤痕累累，因上述消息买入或持有者也大幅亏损，不管公司如何解释，上述信息都影响投资者导致亏损无可置疑。如今，股票业绩也大幅下降，请问，1）公司托底和回购是否有诱导投资者之嫌隙？2）公司将来会准备采取什么有效、具体措施汇报投资者？3）股吧公司信誉不佳，公司信誉如何维持？ 投资者您好，文一波先生于2018年初提出的增持兜底承诺将按期兑现承诺履约。谢谢关注！,关于公司回购，从去年初到现在已经过去了差不多一年，期间几次变更回购的目的，虽然变更符合规定，但是公司目前确实一股没有回购，投资者更是怨声载道，现在管理层发生了变更，请问稳董事长，是否会继续履行回购义务，公司是否会尽快启动回购,2,shareholder_return,dep_reason,Q2针对A1未回答回购事项继续追问，催促履行义务。,文一波先生20元左右发出托底信息，17元左右公布回购，至今未公示托底情况，回购也迟迟未执行，如今长线投资者伤痕累累，因上述消息买入或持有者也大幅亏损，不管公司如何解释，上述信息都影响投资者导致亏损无可置疑。如今，股票业绩也大幅下降，请问，1）公司托底和回购是否有诱导投资者之嫌隙？2）公司将来会准备采取什么有效、具体措施汇报投资者？3）股吧公司信誉不佳，公司信誉如何维持？,投资者您好，文一波先生于2018年初提出的增持兜底承诺将按期兑现承诺履约。谢谢关注！,关于公司回购，从去年初到现在已经过去了差不多一年，期间几次变更回购的目的，虽然变更符合规定，但是公司目前确实一股没有回购，投资者更是怨声载道，现在管理层发生了变更，请问稳董事长，是否会继续履行回购义务，公司是否会尽快启动回购,000826_2018,14,15,1,Complaint,Q2针对A1未回答回购事项继续追问，催促履行义务。,,,1
positive,文一波先生20元左右发出托底信息，17元左右公布回购，至今未公示托底情况，回购也迟迟未执行，如今长线投资者伤痕累累，因上述消息买入或持有者也大幅亏损，不管公司如何解释，上述信息都影响投资者导致亏损无可置疑。如今，股票业绩也大幅下降，请问，1）公司托底和回购是否有诱导投资者之嫌隙？2）公司将来会准备采取什么有效、具体措施汇报投资者？3）股吧公司信誉不佳，公司信誉如何维持？ 投资者您好，文一波先生于2018年初提出的增持兜底承诺将按期兑现承诺履约。谢谢关注！,你好，你说：公司提出的股份回购以及董事长倡议增持兜底事项将依约履行。说话算数喔！,2,answer_pressure,dep_reason,Q2针对A1承诺施压要求说话算数，属交互依赖。,文一波先生20元左右发出托底信息，17元左右公布回购，至今未公示托底情况，回购也迟迟未执行，如今长线投资者伤痕累累，因上述消息买入或持有者也大幅亏损，不管公司如何解释，上述信息都影响投资者导致亏损无可置疑。如今，股票业绩也大幅下降，请问，1）公司托底和回购是否有诱导投资者之嫌隙？2）公司将来会准备采取什么有效、具体措施汇报投资者？3）股吧公司信誉不佳，公司信誉如何维持？,投资者您好，文一波先生于2018年初提出的增持兜底承诺将按期兑现承诺履约。谢谢关注！,你好，你说：公司提出的股份回购以及董事长倡议增持兜底事项将依约履行。说话算数喔！,000826_2018,14,18,4,Challenge,Q2针对A1承诺施压要求说话算数，属交互依赖。,,,1
positive,文一波先生20元左右发出托底信息，17元左右公布回购，至今未公示托底情况，回购也迟迟未执行，如今长线投资者伤痕累累，因上述消息买入或持有者也大幅亏损，不管公司如何解释，上述信息都影响投资者导致亏损无可置疑。如今，股票业绩也大幅下降，请问，1）公司托底和回购是否有诱导投资者之嫌隙？2）公司将来会准备采取什么有效、具体措施汇报投资者？3）股吧公司信誉不佳，公司信誉如何维持？ 投资者您好，文一波先生于2018年初提出的增持兜底承诺将按期兑现承诺履约。谢谢关注！,公司回购一拖再拖，您确定能回购吗，如果不能我们也理解，但是希望早点告诉广大投资者，如果确定能回购我们会一直支持公司,2,shareholder_return,dep_reason,Q2针对A1未正面回应回购问题，催促明确答复。,文一波先生20元左右发出托底信息，17元左右公布回购，至今未公示托底情况，回购也迟迟未执行，如今长线投资者伤痕累累，因上述消息买入或持有者也大幅亏损，不管公司如何解释，上述信息都影响投资者导致亏损无可置疑。如今，股票业绩也大幅下降，请问，1）公司托底和回购是否有诱导投资者之嫌隙？2）公司将来会准备采取什么有效、具体措施汇报投资者？3）股吧公司信誉不佳，公司信誉如何维持？,投资者您好，文一波先生于2018年初提出的增持兜底承诺将按期兑现承诺履约。谢谢关注！,公司回购一拖再拖，您确定能回购吗，如果不能我们也理解，但是希望早点告诉广大投资者，如果确定能回购我们会一直支持公司,000826_2018,14,19,5,Complaint,Q2针对A1未正面回应回购问题，催促明确答复。,,,1
positive,关于公司回购，从去年初到现在已经过去了差不多一年，期间几次变更回购的目的，虽然变更符合规定，但是公司目前确实一股没有回购，投资者更是怨声载道，现在管理层发生了变更，请问稳董事长，是否会继续履行回购义务，公司是否会尽快启动回购 投资者您好，公司将会依照回购方案在期限内实施回购。感谢您的关注。,你好，你说：公司提出的股份回购以及董事长倡议增持兜底事项将依约履行。说话算数喔！,2,shareholder_return,dep_reason,Q2针对A1的回购承诺进行督促，要求说话算数，依赖A1的回复内容并施压。,关于公司回购，从去年初到现在已经过去了差不多一年，期间几次变更回购的目的，虽然变更符合规定，但是公司目前确实一股没有回购，投资者更是怨声载道，现在管理层发生了变更，请问稳董事长，是否会继续履行回购义务，公司是否会尽快启动回购,投资者您好，公司将会依照回购方案在期限内实施回购。感谢您的关注。,你好，你说：公司提出的股份回购以及董事长倡议增持兜底事项将依约履行。说话算数喔！,000826_2018,15,18,3,Challenge,Q2针对A1的回购承诺进行督促，要求说话算数，依赖A1的回复内容并施压。,,,1
positive,关于公司回购，从去年初到现在已经过去了差不多一年，期间几次变更回购的目的，虽然变更符合规定，但是公司目前确实一股没有回购，投资者更是怨声载道，现在管理层发生了变更，请问稳董事长，是否会继续履行回购义务，公司是否会尽快启动回购 投资者您好，公司将会依照回购方案在期限内实施回购。感谢您的关注。,公司回购一拖再拖，您确定能回购吗，如果不能我们也理解，但是希望早点告诉广大投资者，如果确定能回购我们会一直支持公司,2,shareholder_return,dep_reason,Q2质疑A1关于回购的承诺，要求明确是否确定能回购，并抱怨拖延。,关于公司回购，从去年初到现在已经过去了差不多一年，期间几次变更回购的目的，虽然变更符合规定，但是公司目前确实一股没有回购，投资者更是怨声载道，现在管理层发生了变更，请问稳董事长，是否会继续履行回购义务，公司是否会尽快启动回购,投资者您好，公司将会依照回购方案在期限内实施回购。感谢您的关注。,公司回购一拖再拖，您确定能回购吗，如果不能我们也理解，但是希望早点告诉广大投资者，如果确定能回购我们会一直支持公司,000826_2018,15,19,4,Challenge,Q2质疑A1关于回购的承诺，要求明确是否确定能回购，并抱怨拖延。,,,1
positive,你好，你说：公司提出的股份回购以及董事长倡议增持兜底事项将依约履行。说话算数喔！ 投资者您好，公司提出的股份回购以及董事长倡议增持兜底事项将依约履行。感谢您的关注。,公司回购一拖再拖，您确定能回购吗，如果不能我们也理解，但是希望早点告诉广大投资者，如果确定能回购我们会一直支持公司,2,shareholder_return,dep_reason,Q2针对A1承诺的回购履行提出质疑，要求确认是否能回购，直接依赖A1内容。,你好，你说：公司提出的股份回购以及董事长倡议增持兜底事项将依约履行。说话算数喔！,投资者您好，公司提出的股份回购以及董事长倡议增持兜底事项将依约履行。感谢您的关注。,公司回购一拖再拖，您确定能回购吗，如果不能我们也理解，但是希望早点告诉广大投资者，如果确定能回购我们会一直支持公司,000826_2018,18,19,1,Challenge,Q2针对A1承诺的回购履行提出质疑，要求确认是否能回购，直接依赖A1内容。,,,1
positive,你好，你说：公司提出的股份回购以及董事长倡议增持兜底事项将依约履行。说话算数喔！ 投资者您好，公司提出的股份回购以及董事长倡议增持兜底事项将依约履行。感谢您的关注。,请问公司回购计划一改再改，最后都通过了这么久，资金为什么还没到账户？,2,shareholder_return,dep_reason,Q2针对A1未解答的回购资金到位情况继续质疑，追问承诺履行进度。,你好，你说：公司提出的股份回购以及董事长倡议增持兜底事项将依约履行。说话算数喔！,投资者您好，公司提出的股份回购以及董事长倡议增持兜底事项将依约履行。感谢您的关注。,请问公司回购计划一改再改，最后都通过了这么久，资金为什么还没到账户？,000826_2018,18,20,2,Challenge,Q2针对A1未解答的回购资金到位情况继续质疑，追问承诺履行进度。,,,1
positive,公司回购一拖再拖，您确定能回购吗，如果不能我们也理解，但是希望早点告诉广大投资者，如果确定能回购我们会一直支持公司 投资者您好，公司将会依照回购方案在期限内实施回购。感谢您的关注。,请问公司回购计划一改再改，最后都通过了这么久，资金为什么还没到账户？,2,shareholder_return,dep_reason,Q2围绕A1中未具体化的回购资金进度进一步追问原因。,公司回购一拖再拖，您确定能回购吗，如果不能我们也理解，但是希望早点告诉广大投资者，如果确定能回购我们会一直支持公司,投资者您好，公司将会依照回购方案在期限内实施回购。感谢您的关注。,请问公司回购计划一改再改，最后都通过了这么久，资金为什么还没到账户？,000826_2018,19,20,1,Elaboration,Q2围绕A1中未具体化的回购资金进度进一步追问原因。,,,1
positive,公司回购一拖再拖，您确定能回购吗，如果不能我们也理解，但是希望早点告诉广大投资者，如果确定能回购我们会一直支持公司 投资者您好，公司将会依照回购方案在期限内实施回购。感谢您的关注。,请问回购计划还会改吗？如果不改什么时候能实施,2,shareholder_return,dep_reason,Q2针对A1中回购方案和期限，追问方案是否改变和具体实施时间。,公司回购一拖再拖，您确定能回购吗，如果不能我们也理解，但是希望早点告诉广大投资者，如果确定能回购我们会一直支持公司,投资者您好，公司将会依照回购方案在期限内实施回购。感谢您的关注。,请问回购计划还会改吗？如果不改什么时候能实施,000826_2018,19,24,5,Elaboration,Q2针对A1中回购方案和期限，追问方案是否改变和具体实施时间。,,,1
positive,文一波先生是否还在公司就职 投资者您好，文一波先生已辞去公司董事长职务。谢谢关注,文一波先生是否还在公司就职，,1,disclosure_detail,dep_reason,Q2重复Q1，A1仅说明辞职而未明确是否仍在职，回答不充分。,文一波先生是否还在公司就职,投资者您好，文一波先生已辞去公司董事长职务。谢谢关注,文一波先生是否还在公司就职，,000826_2018,21,26,5,Complaint,Q2重复Q1，A1仅说明辞职而未明确是否仍在职，回答不充分。,,,1
positive,导致公司2018年净利润大幅亏损的原因，后期是否还会存在大量坏账计提 投资人您好，公司2018年净利润没有出现亏损，只是出现一定幅度的下滑。后期上市公司仍然会严格遵守会计准则及公司财务制度计提坏账准备。,请总经理说明一下2018年业绩下滑的情况及原因。,2,performance_governance,dep_reason,Q2针对A1中“净利润出现一定幅度的下滑”继续追问下滑情况及原因。,导致公司2018年净利润大幅亏损的原因，后期是否还会存在大量坏账计提,投资人您好，公司2018年净利润没有出现亏损，只是出现一定幅度的下滑。后期上市公司仍然会严格遵守会计准则及公司财务制度计提坏账准备。,请总经理说明一下2018年业绩下滑的情况及原因。,000826_2018,27,31,4,Elaboration,Q2针对A1中“净利润出现一定幅度的下滑”继续追问下滑情况及原因。,,,1
positive,文一波先生20元左右发出托底信息，17元左右公布回购，至今未公示托底情况，回购也迟迟未执行，如今长线投资者伤痕累累，因上述消息买入或持有者也大幅亏损，不管公司如何解释，上述信息都影响投资者导致亏损无可置疑。如今，股票业绩也大幅下降，请问，1）公司托底和回购是否有诱导投资者之嫌隙？2）公司将来会准备采取什么有效、具体措施汇报投资者？3）股吧公司信誉不佳，公司信誉如何维持？4）文辉和文一波关系？ 投资者您好，公司提出的股份回购以及董事长倡议增持兜底事项将依约履行。谢谢关注！,请问文辉先生和文一波先生是什么关系？,1,disclosure_detail,dep_reason,Q2重复Q1中未回答的子问题，A1回避未正面回应，构成追问依赖。,文一波先生20元左右发出托底信息，17元左右公布回购，至今未公示托底情况，回购也迟迟未执行，如今长线投资者伤痕累累，因上述消息买入或持有者也大幅亏损，不管公司如何解释，上述信息都影响投资者导致亏损无可置疑。如今，股票业绩也大幅下降，请问，1）公司托底和回购是否有诱导投资者之嫌隙？2）公司将来会准备采取什么有效、具体措施汇报投资者？3）股吧公司信誉不佳，公司信誉如何维持？4）文辉和文一波关系？,投资者您好，公司提出的股份回购以及董事长倡议增持兜底事项将依约履行。谢谢关注！,请问文辉先生和文一波先生是什么关系？,000826_2018,32,34,2,Complaint,Q2重复Q1中未回答的子问题，A1回避未正面回应，构成追问依赖。,,,1
positive,请问公司有打算在未来改名为雄安启迪吗？ 投资者您好，公司于2019年4月20日召开了第九届董事会第十五次会议审议通过了《关于变更公司名称的议案》，公司名称拟变更为“启迪环境科技发展股份有限公司”，该事项尚需2018年年度股东大会审议。公司暂无您所说的相关计划。感谢您的关注。,启迪桑德更名为启迪环境期间是否会停牌？,1,disclosure_detail,dep_reason,Q2依赖A1中更名事项继续追问停牌细节。,请问公司有打算在未来改名为雄安启迪吗？,投资者您好，公司于2019年4月20日召开了第九届董事会第十五次会议审议通过了《关于变更公司名称的议案》，公司名称拟变更为“启迪环境科技发展股份有限公司”，该事项尚需2018年年度股东大会审议。公司暂无您所说的相关计划。感谢您的关注。,启迪桑德更名为启迪环境期间是否会停牌？,000826_2018,33,35,2,Elaboration,Q2依赖A1中更名事项继续追问停牌细节。,,,1
positive,请问公司自去年抛出增持计划后，何时行动？公司年报昨晚公布后，过了节点后，增持能否实施了？谢谢 投资者您好，您指的股份回购计划，公司于2018年提出股份回购方案后，由于期间重大事项以及后续新颁布的股份回购实施细则等原因，公司也将回购事项进行了调整及变更，目前股份回购承诺尚在履约期，公司将按期实施。谢谢关注！,公司回购从去年年中说到今天了，我当初就是看中清华的国资身份和信誉，相信公司会回购稳定市值。结果至今一股都没有回购，让我损失惨重，请文总言而有信。说个时间，到底回购不回购！,2,answer_pressure,dep_reason,Q2明确针对A1中承诺但无实际行动进行抱怨催促，要求给出具体时间，属于对回答状态不满的追问。,请问公司自去年抛出增持计划后，何时行动？公司年报昨晚公布后，过了节点后，增持能否实施了？谢谢,投资者您好，您指的股份回购计划，公司于2018年提出股份回购方案后，由于期间重大事项以及后续新颁布的股份回购实施细则等原因，公司也将回购事项进行了调整及变更，目前股份回购承诺尚在履约期，公司将按期实施。谢谢关注！,公司回购从去年年中说到今天了，我当初就是看中清华的国资身份和信誉，相信公司会回购稳定市值。结果至今一股都没有回购，让我损失惨重，请文总言而有信。说个时间，到底回购不回购！,000826_2018,46,51,5,Complaint,Q2明确针对A1中承诺但无实际行动进行抱怨催促，要求给出具体时间，属于对回答状态不满的追问。,,,1
positive,1、公司未来战略2、大股东同业竞争问题3、如何提高盈利能力及现金流水平 投资者您好，经过二十多年发展，启迪桑德环保产业已经在固废处理处置、水务、环卫及其装备制造以及环境服务等重点领域在国内处于领先水平，公司环保产业形成了涵盖环境咨询、环保设备、工程设计、设施运营维护的多元化产业格局。公司固废处置、再生资源回收利用在国内A股上市公司中名列前茅。置身新环卫一体化、水生态综合治理、环卫专用车辆及环保装备制造等诸多领域，公司集投资、研发、咨询、设计、建设、运营、设备制造于一体，拥有完善的产业链条，在固废处理领域可为客户提供全面的“一站式”服务及环境整体解决方案。启迪桑德已成为环保产业竞争中覆盖领域最广且具有完整的生态产业链的综合型公司，必会在国家未来经济发展中贡献力量。公司具体从事固体废弃物处置项目投资、工程承建、设备集成、运营及特定区域水务项目投资运营业务、再生资源回收利用以及环卫服务业务。在各项业务实施中，由于目前公司从事环保项目覆盖区域广，单体项目数量较多，每个环保项目在经营支付的工程款、设备款、投标保证金及往来款增加所致日常经营现金流支出会比较大，但属于日常经营正常投入。公司目前日常经营资金筹备能够保证正常业务经营。公司经营管理层一致力于做好公司经营管理，努力提升公司业绩，力争给投资者以长期合理回报。谢谢您的持续关注！,对于文一波先生下一步在公司的定位是如何安排的，股份是否有对外转的可能。,2,strategy_planning,dep_reason,Q2针对A1未回应的大股东同业竞争问题，追问文一波的定位和股份转让可能性以寻求解决。,1、公司未来战略2、大股东同业竞争问题3、如何提高盈利能力及现金流水平,投资者您好，经过二十多年发展，启迪桑德环保产业已经在固废处理处置、水务、环卫及其装备制造以及环境服务等重点领域在国内处于领先水平，公司环保产业形成了涵盖环境咨询、环保设备、工程设计、设施运营维护的多元化产业格局。公司固废处置、再生资源回收利用在国内A股上市公司中名列前茅。置身新环卫一体化、水生态综合治理、环卫专用车辆及环保装备制造等诸多领域，公司集投资、研发、咨询、设计、建设、运营、设备制造于一体，拥有完善的产业链条，在固废处理领域可为客户提供全面的“一站式”服务及环境整体解决方案。启迪桑德已成为环保产业竞争中覆盖领域最广且具有完整的生态产业链的综合型公司，必会在国家未来经济发展中贡献力量。公司具体从事固体废弃物处置项目投资、工程承建、设备集成、运营及特定区域水务项目投资运营业务、再生资源回收利用以及环卫服务业务。在各项业务实施中，由于目前公司从事环保项目覆盖区域广，单体项目数量较多，每个环保项目在经营支付的工程款、设备款、投标保证金及往来款增加所致日常经营现金流支出会比较大，但属于日常经营正常投入。公司目前日常经营资金筹备能够保证正常业务经营。公司经营管理层一致力于做好公司经营管理，努力提升公司业绩，力争给投资者以长期合理回报。谢谢您的持续关注！,对于文一波先生下一步在公司的定位是如何安排的，股份是否有对外转的可能。,000826_2018,50,52,2,Elaboration,Q2针对A1未回应的大股东同业竞争问题，追问文一波的定位和股份转让可能性以寻求解决。,,,1
positive,1、公司未来战略2、大股东同业竞争问题3、如何提高盈利能力及现金流水平 投资者您好，经过二十多年发展，启迪桑德环保产业已经在固废处理处置、水务、环卫及其装备制造以及环境服务等重点领域在国内处于领先水平，公司环保产业形成了涵盖环境咨询、环保设备、工程设计、设施运营维护的多元化产业格局。公司固废处置、再生资源回收利用在国内A股上市公司中名列前茅。置身新环卫一体化、水生态综合治理、环卫专用车辆及环保装备制造等诸多领域，公司集投资、研发、咨询、设计、建设、运营、设备制造于一体，拥有完善的产业链条，在固废处理领域可为客户提供全面的“一站式”服务及环境整体解决方案。启迪桑德已成为环保产业竞争中覆盖领域最广且具有完整的生态产业链的综合型公司，必会在国家未来经济发展中贡献力量。公司具体从事固体废弃物处置项目投资、工程承建、设备集成、运营及特定区域水务项目投资运营业务、再生资源回收利用以及环卫服务业务。在各项业务实施中，由于目前公司从事环保项目覆盖区域广，单体项目数量较多，每个环保项目在经营支付的工程款、设备款、投标保证金及往来款增加所致日常经营现金流支出会比较大，但属于日常经营正常投入。公司目前日常经营资金筹备能够保证正常业务经营。公司经营管理层一致力于做好公司经营管理，努力提升公司业绩，力争给投资者以长期合理回报。谢谢您的持续关注！,1、公司未来发展战略2、与大股东清华系环保业务的同业竞争问题3、盈利能力如何改善4、高管团队变更对公司经营的影响,2,answer_pressure,dep_reason,Q2重复Q1中未获实质回答的问题，催促A1正面回应。,1、公司未来战略2、大股东同业竞争问题3、如何提高盈利能力及现金流水平,投资者您好，经过二十多年发展，启迪桑德环保产业已经在固废处理处置、水务、环卫及其装备制造以及环境服务等重点领域在国内处于领先水平，公司环保产业形成了涵盖环境咨询、环保设备、工程设计、设施运营维护的多元化产业格局。公司固废处置、再生资源回收利用在国内A股上市公司中名列前茅。置身新环卫一体化、水生态综合治理、环卫专用车辆及环保装备制造等诸多领域，公司集投资、研发、咨询、设计、建设、运营、设备制造于一体，拥有完善的产业链条，在固废处理领域可为客户提供全面的“一站式”服务及环境整体解决方案。启迪桑德已成为环保产业竞争中覆盖领域最广且具有完整的生态产业链的综合型公司，必会在国家未来经济发展中贡献力量。公司具体从事固体废弃物处置项目投资、工程承建、设备集成、运营及特定区域水务项目投资运营业务、再生资源回收利用以及环卫服务业务。在各项业务实施中，由于目前公司从事环保项目覆盖区域广，单体项目数量较多，每个环保项目在经营支付的工程款、设备款、投标保证金及往来款增加所致日常经营现金流支出会比较大，但属于日常经营正常投入。公司目前日常经营资金筹备能够保证正常业务经营。公司经营管理层一致力于做好公司经营管理，努力提升公司业绩，力争给投资者以长期合理回报。谢谢您的持续关注！,1、公司未来发展战略2、与大股东清华系环保业务的同业竞争问题3、盈利能力如何改善4、高管团队变更对公司经营的影响,000826_2018,50,53,3,Complaint,Q2重复Q1中未获实质回答的问题，催促A1正面回应。,,,1
positive,公司回购从去年年中说到今天了，我当初就是看中清华的国资身份和信誉，相信公司会回购稳定市值。结果至今一股都没有回购，让我损失惨重，请文总言而有信。说个时间，到底回购不回购！ 投资者您好，公司将会依照回购方案在期限内实施回购。感谢您的关注。,公司准备什么时间回购？,2,shareholder_return,dep_reason,Q2针对A1未给出具体回购时间继续追问。,公司回购从去年年中说到今天了，我当初就是看中清华的国资身份和信誉，相信公司会回购稳定市值。结果至今一股都没有回购，让我损失惨重，请文总言而有信。说个时间，到底回购不回购！,投资者您好，公司将会依照回购方案在期限内实施回购。感谢您的关注。,公司准备什么时间回购？,000826_2018,51,54,3,Elaboration,Q2针对A1未给出具体回购时间继续追问。,,,1
positive,1、三费及资产减值损失相比较上年增加8.5亿，请解释其合理性。19年三费是否会继续高企？控制三费及资产减值损失的举措。2、介绍公司的现金流情况及未来改善的预期，网上传言资金紧张到已发不出工资是否属实？3、高管大规模离职对公司运营管理的影响。 投资人您好，2018年销售费用及管理费用增加主要是由于人员成本以及由于人员增加导致的办公费、差旅费等费用的增加所致。公司针对费用增长过快已经通过提高管理效率，压缩费用支出等一系列管理办法来应对上市公司成本费用增加。公司高度重视经营现金流的改善问题，并且从已公告单4季度的数据来看，经营现金流已得到明显改善。另公司各项生产经营均正常开展。,1、三费及资产减值损失相比较上年增加8.5亿，请解释其合理性。19年三费是否会继续高企？控制三费及资产减值损失的举措。2、介绍公司的现金流情况及未来改善的预期，网上传言资金紧张到已发不出工资是否属实？,2,answer_pressure,dep_reason,Q2完全重复Q1，针对A1回答不充分进行催促和施压。,1、三费及资产减值损失相比较上年增加8.5亿，请解释其合理性。19年三费是否会继续高企？控制三费及资产减值损失的举措。2、介绍公司的现金流情况及未来改善的预期，网上传言资金紧张到已发不出工资是否属实？3、高管大规模离职对公司运营管理的影响。,投资人您好，2018年销售费用及管理费用增加主要是由于人员成本以及由于人员增加导致的办公费、差旅费等费用的增加所致。公司针对费用增长过快已经通过提高管理效率，压缩费用支出等一系列管理办法来应对上市公司成本费用增加。公司高度重视经营现金流的改善问题，并且从已公告单4季度的数据来看，经营现金流已得到明显改善。另公司各项生产经营均正常开展。,1、三费及资产减值损失相比较上年增加8.5亿，请解释其合理性。19年三费是否会继续高企？控制三费及资产减值损失的举措。2、介绍公司的现金流情况及未来改善的预期，网上传言资金紧张到已发不出工资是否属实？,000826_2018,61,64,3,Complaint,Q2完全重复Q1，针对A1回答不充分进行催促和施压。,,,1
positive,1、三费及资产减值损失相比较上年增加8.5亿，请解释其合理性。19年三费是否会继续高企？控制三费及资产减值损失的举措。2、介绍公司的现金流情况及未来改善的预期，网上传言资金紧张到已发不出工资是否属实？ 投资人您好，2018年销售费用及管理费用增加主要是由于人员成本以及由于人员增加导致的办公费、差旅费等费用的增加所致。公司针对费用增长过快已经通过提高管理效率，压缩费用支出等一系列管理办法来应对上市公司成本费用增加。公司高度重视经营现金流的改善问题，并且从已公告单4季度的数据来看，经营现金流已得到明显改善。另公司各项生产经营均正常开展。,现金流这么紧张，为什么还要分红？,2,shareholder_return,dep_reason,Q2围绕Q1中资金紧张传言及A1未明确否认，针对现金流紧张与分红的矛盾继续质疑。,1、三费及资产减值损失相比较上年增加8.5亿，请解释其合理性。19年三费是否会继续高企？控制三费及资产减值损失的举措。2、介绍公司的现金流情况及未来改善的预期，网上传言资金紧张到已发不出工资是否属实？,投资人您好，2018年销售费用及管理费用增加主要是由于人员成本以及由于人员增加导致的办公费、差旅费等费用的增加所致。公司针对费用增长过快已经通过提高管理效率，压缩费用支出等一系列管理办法来应对上市公司成本费用增加。公司高度重视经营现金流的改善问题，并且从已公告单4季度的数据来看，经营现金流已得到明显改善。另公司各项生产经营均正常开展。,现金流这么紧张，为什么还要分红？,000826_2018,64,67,3,Challenge,Q2围绕Q1中资金紧张传言及A1未明确否认，针对现金流紧张与分红的矛盾继续质疑。,,,1
positive,"您好,公司四季度亏损，主要原因是什么？2019有什么减亏措施？ 投资者您好，2018年度净利润比上年同期减少45.66%，主要原因为期间费用和计提应收款项的资产减值比上年同期增加所致。经过二十多年发展，启迪桑德环保产业已经在固废处理处置、水务、环卫及其装备制造以及环境服务等重点领域在国内处于领先水平，公司环保产业形成了涵盖环境咨询、环保设备、工程设计、设施运营维护的多元化产业格局。公司固废处置、再生资源回收利用在国内A股上市公司中名列前茅。置身新环卫一体化、水生态综合治理、环卫专用车辆及环保装备制造等诸多领域，公司集投资、研发、咨询、设计、建设、运营、设备制造于一体，拥有完善的产业链条，在固废处理领域可为客户提供全面的“一站式”服务及环境整体解决方案。启迪桑德已成为环保产业竞争中覆盖领域最广且具有完整的生态产业链的综合型公司，必会在国家未来经济发展中贡献力量。感谢您的关注。",2018度四季度同比2017度四季度，单个季度为什么会出现如些大的变化，由盈利几个亿变为亏损几个亿，是什么原因？,1,disclosure_detail,dep_reason,Q2针对A1未解释四季度单个季度亏损原因进行追问，明确要求说明变化原因。,"您好,公司四季度亏损，主要原因是什么？2019有什么减亏措施？",投资者您好，2018年度净利润比上年同期减少45.66%，主要原因为期间费用和计提应收款项的资产减值比上年同期增加所致。经过二十多年发展，启迪桑德环保产业已经在固废处理处置、水务、环卫及其装备制造以及环境服务等重点领域在国内处于领先水平，公司环保产业形成了涵盖环境咨询、环保设备、工程设计、设施运营维护的多元化产业格局。公司固废处置、再生资源回收利用在国内A股上市公司中名列前茅。置身新环卫一体化、水生态综合治理、环卫专用车辆及环保装备制造等诸多领域，公司集投资、研发、咨询、设计、建设、运营、设备制造于一体，拥有完善的产业链条，在固废处理领域可为客户提供全面的“一站式”服务及环境整体解决方案。启迪桑德已成为环保产业竞争中覆盖领域最广且具有完整的生态产业链的综合型公司，必会在国家未来经济发展中贡献力量。感谢您的关注。,2018度四季度同比2017度四季度，单个季度为什么会出现如些大的变化，由盈利几个亿变为亏损几个亿，是什么原因？,000826_2018,66,69,3,Complaint,Q2针对A1未解释四季度单个季度亏损原因进行追问，明确要求说明变化原因。,,,1
positive,铜川市耀州区山水林田湖沮河上游生态保护修复及景观提升项目是否已经解约？ 投资者您好，公司于2018年5月中标铜川项目，现项目各项审批手续及建设在履行当中，感谢您的关注。,铜川市耀州区山水林田湖沮河上游生态保护修复及景观提升项目目前的进展如何？,1,disclosure_detail,dep_reason,Q2针对A1中'项目在履行中'的笼统回答，追问具体进展。,铜川市耀州区山水林田湖沮河上游生态保护修复及景观提升项目是否已经解约？,投资者您好，公司于2018年5月中标铜川项目，现项目各项审批手续及建设在履行当中，感谢您的关注。,铜川市耀州区山水林田湖沮河上游生态保护修复及景观提升项目目前的进展如何？,000826_2018,70,72,2,Elaboration,Q2针对A1中'项目在履行中'的笼统回答，追问具体进展。,,,1
positive,公司为什么会出现大规模高管离职 投资者您好，管理层变动原因主要由于工作调整以及管理层个人原因，公司经营情况正常、各项战略及业务正常实施。谢谢关注！,公司管理层的变动对今后公司的发展有何影响，公司今后的战略方向是否会改变？,2,strategy_planning,dep_reason,Q2针对A1中“战略正常”继续追问变动影响和战略方向是否改变。,公司为什么会出现大规模高管离职,投资者您好，管理层变动原因主要由于工作调整以及管理层个人原因，公司经营情况正常、各项战略及业务正常实施。谢谢关注！,公司管理层的变动对今后公司的发展有何影响，公司今后的战略方向是否会改变？,000826_2018,81,82,1,Elaboration,Q2针对A1中“战略正常”继续追问变动影响和战略方向是否改变。,,,1
positive,请问看公司股东人数得知，很多小散被公司回购吸引来，公司却一再推迟，刚听资金都没有打给证券账户，是没钱还是什么原因？机构大户一直在逃，请问这是对广大小散负责吗？ 投资人您好，公司将按照回购计划，在期限内实施回购。,公司的回购价格有没有更改，什么时间开始回购,2,shareholder_return,dep_reason,A1仅承诺在期限内回购，Q2针对未明确的时间和价格进一步追问具体安排。,请问看公司股东人数得知，很多小散被公司回购吸引来，公司却一再推迟，刚听资金都没有打给证券账户，是没钱还是什么原因？机构大户一直在逃，请问这是对广大小散负责吗？,投资人您好，公司将按照回购计划，在期限内实施回购。,公司的回购价格有没有更改，什么时间开始回购,000826_2018,94,98,4,Elaboration,A1仅承诺在期限内回购，Q2针对未明确的时间和价格进一步追问具体安排。,,,1
positive,公司的回购价格有没有更改，什么时间开始回购 您好，依据深交所的股份回购细则，公司在2019年3月对2018年提出的股份回购方案进行调整并提请董事会审议，在本次股份回购方案调整后，回购股份将用于可转债及股权激励等方向，有效期至本年度末。公司将依承诺履行。谢谢关注！,请问文总，启迪桑德还准备回购吗？大概是在几月份？,2,shareholder_return,dep_reason,Q2重复了Q1中未得到正面回答的回购时间和是否回购问题，针对A1的笼统表态继续追问。,公司的回购价格有没有更改，什么时间开始回购,您好，依据深交所的股份回购细则，公司在2019年3月对2018年提出的股份回购方案进行调整并提请董事会审议，在本次股份回购方案调整后，回购股份将用于可转债及股权激励等方向，有效期至本年度末。公司将依承诺履行。谢谢关注！,请问文总，启迪桑德还准备回购吗？大概是在几月份？,000826_2018,98,101,3,Complaint,Q2重复了Q1中未得到正面回答的回购时间和是否回购问题，针对A1的笼统表态继续追问。,,,1
positive,请问文总，启迪桑德还准备回购吗？大概是在几月份？ 投资者您好，公司根据《关于支持上市公司回购股份的意见》、《深圳证券交易所上市公司回购股份实施细则》等规定，于2019年3月召开第九届董事会第十四次会议对原回购股份方案的回购用途和回购实施期限等进行调整。本次调整回购公司股份事项已经公司第九届董事会第十四次会审议通过。股份回购承诺事项尚在履约期。公司将依约履行。谢谢关注！,公司是否真心回购，请给广大股民一个明确答复。如果公司确实面临资金困难不能回购，直接说出来，而不是一而在再而三地在这里忽悠广大股民。,2,shareholder_return,dep_reason,Q2针对A1未直接回应是否回购，指责公司在忽悠，并催促明确答复。,请问文总，启迪桑德还准备回购吗？大概是在几月份？,投资者您好，公司根据《关于支持上市公司回购股份的意见》、《深圳证券交易所上市公司回购股份实施细则》等规定，于2019年3月召开第九届董事会第十四次会议对原回购股份方案的回购用途和回购实施期限等进行调整。本次调整回购公司股份事项已经公司第九届董事会第十四次会审议通过。股份回购承诺事项尚在履约期。公司将依约履行。谢谢关注！,公司是否真心回购，请给广大股民一个明确答复。如果公司确实面临资金困难不能回购，直接说出来，而不是一而在再而三地在这里忽悠广大股民。,000826_2018,101,104,3,Complaint,Q2针对A1未直接回应是否回购，指责公司在忽悠，并催促明确答复。,,,1
positive,请问公司四季度亏损主要原因是什么？2019会不会什么减亏措施？ 投资者您好，公司2018年第四季度的经营亏损主要原因为公司2018年以来根据环保行业细分领域市场变化以及外围融资环境变化，对部分细分领域项目进行谨慎投资评估，同时期间费用以及应收款项的坏账准备计提等原因。谢谢关注！,贵司融资主要是哪些渠道？对应融资成本是多少？2019年有哪些措施能降低融资成本？,2,performance_governance,dep_reason,Q2针对A1中提及的外围融资环境变化追问融资渠道、成本及措施。,请问公司四季度亏损主要原因是什么？2019会不会什么减亏措施？,投资者您好，公司2018年第四季度的经营亏损主要原因为公司2018年以来根据环保行业细分领域市场变化以及外围融资环境变化，对部分细分领域项目进行谨慎投资评估，同时期间费用以及应收款项的坏账准备计提等原因。谢谢关注！,贵司融资主要是哪些渠道？对应融资成本是多少？2019年有哪些措施能降低融资成本？,000826_2018,102,105,3,Elaboration,Q2针对A1中提及的外围融资环境变化追问融资渠道、成本及措施。,,,1
positive,与雄安的合作框架协议有何具体业务落地吗？ 投资者您好，公司间接控股股东股权变动项尚需相关主体另行签订协议，并履行必要的审批、备案等相关程序，均存在较大不确定性，敬请投资者理性投资并注意投资风险。感谢您的关注。,公司改名为启迪环境后，是否考虑变为启迪控股的一级公司。同时，在雄安地区有何打算,1,disclosure_detail,dep_reason,A1回避雄安问题，Q2继续追问雄安打算。,与雄安的合作框架协议有何具体业务落地吗？,投资者您好，公司间接控股股东股权变动项尚需相关主体另行签订协议，并履行必要的审批、备案等相关程序，均存在较大不确定性，敬请投资者理性投资并注意投资风险。感谢您的关注。,公司改名为启迪环境后，是否考虑变为启迪控股的一级公司。同时，在雄安地区有何打算,000826_2018,115,119,4,Complaint,A1回避雄安问题，Q2继续追问雄安打算。,,,1
positive,请问控股股东与雄安新区的合作对公司会产生何种影响？ 投资者您好，公司间接控股股东股权变动事项尚需相关主体签署正式的协议，并履行必要的审批、备案等相关程序，存在较大的不确定性，有关公司的公开披露信息均以公司指定媒体刊登的公告为准，感谢您的关注。,公司改名为启迪环境后，是否考虑变为启迪控股的一级公司。同时，在雄安地区有何打算,1,disclosure_detail,dep_reason,A1回避了Q1关于雄安合作影响的问题，Q2继续追问公司在雄安地区的打算，构成对回答不充分的抱怨式追问。,请问控股股东与雄安新区的合作对公司会产生何种影响？,投资者您好，公司间接控股股东股权变动事项尚需相关主体签署正式的协议，并履行必要的审批、备案等相关程序，存在较大的不确定性，有关公司的公开披露信息均以公司指定媒体刊登的公告为准，感谢您的关注。,公司改名为启迪环境后，是否考虑变为启迪控股的一级公司。同时，在雄安地区有何打算,000826_2018,118,119,1,Complaint,A1回避了Q1关于雄安合作影响的问题，Q2继续追问公司在雄安地区的打算，构成对回答不充分的抱怨式追问。,,,1
positive,公司改名为启迪环境后，是否考虑变为启迪控股的一级公司。同时，在雄安地区有何打算 投资者您好，公司名称变更议案尚需股东大会审议。公司目前已在雄安新区开展固体废弃物处理和环卫一体化业务。2013年7月，公司在安新县注册了安新县安清环保科技有限公司，主要从事生活垃圾处理业务；2014年开始，公司分别在安新城区、白洋淀区拥有环卫一体化业务。2017年9月公司中标了安新县城乡环卫一体化业务；2018年7月公司中标了雄安新区容城县农村环卫市场化项目。为抓住雄安新区建设机遇，拓展公司在雄安新区及周边地区的业务，提升公司综合竞争力，公司于2018年5月在雄安新区出资设立全资子公司雄安启迪桑德生态环境科技有限公司。公司间接控股股东股权变更重大事项尚需相关主体另行签订协议，并履行必要的审批、备案等相关程序，均存在较大不确定性，敬请投资者理性投资并注意投资风险。感谢您的关注。,请介绍一下雄安分公司最近3年的发展计划，及保证利润承诺措施？,2,performance_governance,dep_reason,Q2针对A1中提及的雄安子公司，要求具体发展计划和利润承诺措施，属于内容细化追问。,公司改名为启迪环境后，是否考虑变为启迪控股的一级公司。同时，在雄安地区有何打算,投资者您好，公司名称变更议案尚需股东大会审议。公司目前已在雄安新区开展固体废弃物处理和环卫一体化业务。2013年7月，公司在安新县注册了安新县安清环保科技有限公司，主要从事生活垃圾处理业务；2014年开始，公司分别在安新城区、白洋淀区拥有环卫一体化业务。2017年9月公司中标了安新县城乡环卫一体化业务；2018年7月公司中标了雄安新区容城县农村环卫市场化项目。为抓住雄安新区建设机遇，拓展公司在雄安新区及周边地区的业务，提升公司综合竞争力，公司于2018年5月在雄安新区出资设立全资子公司雄安启迪桑德生态环境科技有限公司。公司间接控股股东股权变更重大事项尚需相关主体另行签订协议，并履行必要的审批、备案等相关程序，均存在较大不确定性，敬请投资者理性投资并注意投资风险。感谢您的关注。,请介绍一下雄安分公司最近3年的发展计划，及保证利润承诺措施？,000826_2018,119,123,4,Elaboration,Q2针对A1中提及的雄安子公司，要求具体发展计划和利润承诺措施，属于内容细化追问。,,,1
positive,2018年6个多亿的净利润主要来自于哪些项目？ 投资者您好，公司2018年年度净利润与往期业务结构趋同，来源于公司主营业务所处环保领域五大细分业务板块（固废、水务、再生、环卫及设备制造）。谢谢关注！,针对新能源汽车的普及，公司固废回收业务是否做了相应布局？,2,strategy_planning,dep_reason,Q2基于A1提到的固废业务板块追问新能源汽车回收布局。,2018年6个多亿的净利润主要来自于哪些项目？,投资者您好，公司2018年年度净利润与往期业务结构趋同，来源于公司主营业务所处环保领域五大细分业务板块（固废、水务、再生、环卫及设备制造）。谢谢关注！,针对新能源汽车的普及，公司固废回收业务是否做了相应布局？,000826_2018,124,126,2,Elaboration,Q2基于A1提到的固废业务板块追问新能源汽车回收布局。,,,1
positive,公司董秘在上次回购接近终止期时还说会按时回购完毕，在今年一季度业绩下滑达55%时还说公司经营一切正常，让人感觉缺乏诚意。面对公司的经营状态和投资者对公司诚信的质疑，公司准备如何破壁？ 投资者您好，公司将持续关注本次股份回购实施的进展情况并按照相关法律法规的规定及时履行信息披露义务，公司经营管理层一致力于做好公司经营管理，努力提升公司业绩，力争给投资者以长期合理回报。,公司发布回购计划至今一共回购多少股份了，是否还继续回购？公司上市股票连续几年一直持续下跌，是什么原因造成的？长期价值投资的股民亏损严重，公司怎么看待价值投资？,1,disclosure_detail,dep_reason,Q2追问回购数量和是否继续，直接针对A1未予具体答复的回避状态进行施压。,公司董秘在上次回购接近终止期时还说会按时回购完毕，在今年一季度业绩下滑达55%时还说公司经营一切正常，让人感觉缺乏诚意。面对公司的经营状态和投资者对公司诚信的质疑，公司准备如何破壁？,投资者您好，公司将持续关注本次股份回购实施的进展情况并按照相关法律法规的规定及时履行信息披露义务，公司经营管理层一致力于做好公司经营管理，努力提升公司业绩，力争给投资者以长期合理回报。,公司发布回购计划至今一共回购多少股份了，是否还继续回购？公司上市股票连续几年一直持续下跌，是什么原因造成的？长期价值投资的股民亏损严重，公司怎么看待价值投资？,000826_2019,2,4,2,Complaint,Q2追问回购数量和是否继续，直接针对A1未予具体答复的回避状态进行施压。,,,1
positive,公司董秘在上次回购接近终止期时还说会按时回购完毕，在今年一季度业绩下滑达55%时还说公司经营一切正常，让人感觉缺乏诚意。面对公司的经营状态和投资者对公司诚信的质疑，公司准备如何破壁？ 投资者您好，公司将持续关注本次股份回购实施的进展情况并按照相关法律法规的规定及时履行信息披露义务，公司经营管理层一致力于做好公司经营管理，努力提升公司业绩，力争给投资者以长期合理回报。,请介绍一下去年的业绩和一季度业绩情况？,1,disclosure_detail,dep_reason,Q2要求补充A1回避的去年及一季度具体业绩数据，延续Q1中提到的业绩下滑问题。,公司董秘在上次回购接近终止期时还说会按时回购完毕，在今年一季度业绩下滑达55%时还说公司经营一切正常，让人感觉缺乏诚意。面对公司的经营状态和投资者对公司诚信的质疑，公司准备如何破壁？,投资者您好，公司将持续关注本次股份回购实施的进展情况并按照相关法律法规的规定及时履行信息披露义务，公司经营管理层一致力于做好公司经营管理，努力提升公司业绩，力争给投资者以长期合理回报。,请介绍一下去年的业绩和一季度业绩情况？,000826_2019,2,5,3,Elaboration,Q2要求补充A1回避的去年及一季度具体业绩数据，延续Q1中提到的业绩下滑问题。,,,1
positive,公司董秘在上次回购接近终止期时还说会按时回购完毕，在今年一季度业绩下滑达55%时还说公司经营一切正常，让人感觉缺乏诚意。面对公司的经营状态和投资者对公司诚信的质疑，公司准备如何破壁？ 投资者您好，公司将持续关注本次股份回购实施的进展情况并按照相关法律法规的规定及时履行信息披露义务，公司经营管理层一致力于做好公司经营管理，努力提升公司业绩，力争给投资者以长期合理回报。,每年每季都是差一点点-50%的降幅这样要持续多少年？,2,performance_governance,dep_reason,Q2针对A1未具体回应业绩下滑改善时间，继续追问下滑持续时间，施压要求落实承诺。,公司董秘在上次回购接近终止期时还说会按时回购完毕，在今年一季度业绩下滑达55%时还说公司经营一切正常，让人感觉缺乏诚意。面对公司的经营状态和投资者对公司诚信的质疑，公司准备如何破壁？,投资者您好，公司将持续关注本次股份回购实施的进展情况并按照相关法律法规的规定及时履行信息披露义务，公司经营管理层一致力于做好公司经营管理，努力提升公司业绩，力争给投资者以长期合理回报。,每年每季都是差一点点-50%的降幅这样要持续多少年？,000826_2019,2,7,5,Challenge,Q2针对A1未具体回应业绩下滑改善时间，继续追问下滑持续时间，施压要求落实承诺。,,,1
positive,"公司发布回购计划至今一共回购多少股份了，是否还继续回购？公司上市股票连续几年一直持续下跌，是什么原因造成的？长期价值投资的股民亏损严重，公司怎么看待价值投资？ 投资者您好，截止2020年3月31日，公司通过回购专用证券账户，以集中竞价方式实施回购股份，回购股份1,317,760股，占公司总股本的0.0921%，购买股份最高成交价为7.77元/股，购买股份最低成交价为7.70元/股，支付的总金额10,206,286元（不含交易费用）。公司将按照方案在期限内完成回购。谢谢您的关注！",第二次回购公告发布这么久，只在7快多时用1000万回购股票，是否表示公司觉得目前股价还偏高，不值得回购？,2,shareholder_return,dep_reason,Q2基于A1中回购金额和价格，质疑公司是否认为股价偏高不值得回购。,公司发布回购计划至今一共回购多少股份了，是否还继续回购？公司上市股票连续几年一直持续下跌，是什么原因造成的？长期价值投资的股民亏损严重，公司怎么看待价值投资？,"投资者您好，截止2020年3月31日，公司通过回购专用证券账户，以集中竞价方式实施回购股份，回购股份1,317,760股，占公司总股本的0.0921%，购买股份最高成交价为7.77元/股，购买股份最低成交价为7.70元/股，支付的总金额10,206,286元（不含交易费用）。公司将按照方案在期限内完成回购。谢谢您的关注！",第二次回购公告发布这么久，只在7快多时用1000万回购股票，是否表示公司觉得目前股价还偏高，不值得回购？,000826_2019,4,6,2,Challenge,Q2基于A1中回购金额和价格，质疑公司是否认为股价偏高不值得回购。,,,1
positive,"公司发布回购计划至今一共回购多少股份了，是否还继续回购？公司上市股票连续几年一直持续下跌，是什么原因造成的？长期价值投资的股民亏损严重，公司怎么看待价值投资？ 投资者您好，截止2020年3月31日，公司通过回购专用证券账户，以集中竞价方式实施回购股份，回购股份1,317,760股，占公司总股本的0.0921%，购买股份最高成交价为7.77元/股，购买股份最低成交价为7.70元/股，支付的总金额10,206,286元（不含交易费用）。公司将按照方案在期限内完成回购。谢谢您的关注！",每年每季都是差一点点-50%的降幅这样要持续多少年？,1,disclosure_detail,dep_reason,Q2针对A1回避的股价下跌原因，继续追问降幅趋势与持续时间。,公司发布回购计划至今一共回购多少股份了，是否还继续回购？公司上市股票连续几年一直持续下跌，是什么原因造成的？长期价值投资的股民亏损严重，公司怎么看待价值投资？,"投资者您好，截止2020年3月31日，公司通过回购专用证券账户，以集中竞价方式实施回购股份，回购股份1,317,760股，占公司总股本的0.0921%，购买股份最高成交价为7.77元/股，购买股份最低成交价为7.70元/股，支付的总金额10,206,286元（不含交易费用）。公司将按照方案在期限内完成回购。谢谢您的关注！",每年每季都是差一点点-50%的降幅这样要持续多少年？,000826_2019,4,7,3,Challenge,Q2针对A1回避的股价下跌原因，继续追问降幅趋势与持续时间。,,,1
positive,每年每季都是差一点点-50%的降幅这样要持续多少年？ 投资者您好！公司正在实施能源环保一体化战略布局落地，公司逐步由投资驱动型转向市场运营服务型，收入结构转型对经营现金回收等都有正面影响。感谢关注。,公司这几年坑惨了投资者，股价大幅下滑，业绩也是逐年下滑，公司预计何时业绩能开始出现改善呀？,2,performance_governance,dep_reason,Q2抱怨股价业绩后继续追问业绩改善时间，Q1问降幅持续时间未获直接回答，A1笼统表态。,每年每季都是差一点点-50%的降幅这样要持续多少年？,投资者您好！公司正在实施能源环保一体化战略布局落地，公司逐步由投资驱动型转向市场运营服务型，收入结构转型对经营现金回收等都有正面影响。感谢关注。,公司这几年坑惨了投资者，股价大幅下滑，业绩也是逐年下滑，公司预计何时业绩能开始出现改善呀？,000826_2019,7,11,4,Complaint,Q2抱怨股价业绩后继续追问业绩改善时间，Q1问降幅持续时间未获直接回答，A1笼统表态。,,,1
positive,请介绍一下公司未来发展的方向，和公司在行业的地位、竞争优势？ 投资者您好，公司以“零碳无废建设者”为使命，致力成为国内一流的全产业链环境综合治理服务商，主营业务覆盖固废收集处置全产业链及水务生态综合治理全领域，可提供专业化环境整体解决方案。公司下辖有零碳能源、固废与再生资源、城市环境服务、水务生态四大管理平台，启迪能源环境联合研究院研发中心，集研发设计、环卫设备制造、投资、建设、运营维护于一体，拥有完善的产业链条，深耕固体废弃物分类、收运、处置、再利用，给排水及环境综合治理环保领域。谢谢您的关注！,核心竞争力打造。公司涉猎的板块和业务较多，每个板块都不是龙头，陷入了大而不强的尴尬局面，请问未来如何打造自己的核心竞争力?,1,disclosure_detail,dep_reason,Q2针对A1所述多板块布局但缺乏龙头地位，质疑核心竞争力，要求说明如何打造。,请介绍一下公司未来发展的方向，和公司在行业的地位、竞争优势？,投资者您好，公司以“零碳无废建设者”为使命，致力成为国内一流的全产业链环境综合治理服务商，主营业务覆盖固废收集处置全产业链及水务生态综合治理全领域，可提供专业化环境整体解决方案。公司下辖有零碳能源、固废与再生资源、城市环境服务、水务生态四大管理平台，启迪能源环境联合研究院研发中心，集研发设计、环卫设备制造、投资、建设、运营维护于一体，拥有完善的产业链条，深耕固体废弃物分类、收运、处置、再利用，给排水及环境综合治理环保领域。谢谢您的关注！,核心竞争力打造。公司涉猎的板块和业务较多，每个板块都不是龙头，陷入了大而不强的尴尬局面，请问未来如何打造自己的核心竞争力?,000826_2019,47,51,4,Challenge,Q2针对A1所述多板块布局但缺乏龙头地位，质疑核心竞争力，要求说明如何打造。,,,1
positive,几次回购都没有如约完成，出财务报表也是一而再再而三的推迟，你们公司的企业文化是不是就是没有诚信？我们还能相信你们公司说的话吗？ 投您好，公司将根据市场情况继续在回购期限内实施本次回购方案，并根据相关规定及时履行信息披露义务。感谢关注！,贵公司的回购事项，现在不是增加投资者信心，而是打击投资者信心，屡次的延迟和爽约让公司在资本市场一点点的丧失信誉，请问董秘怎么看待这个问题,1,disclosure_detail,dep_reason,Q2针对A1回避回购失信问题继续施压，要求董秘回应信誉丧失看法。,几次回购都没有如约完成，出财务报表也是一而再再而三的推迟，你们公司的企业文化是不是就是没有诚信？我们还能相信你们公司说的话吗？,投您好，公司将根据市场情况继续在回购期限内实施本次回购方案，并根据相关规定及时履行信息披露义务。感谢关注！,贵公司的回购事项，现在不是增加投资者信心，而是打击投资者信心，屡次的延迟和爽约让公司在资本市场一点点的丧失信誉，请问董秘怎么看待这个问题,000826_2019,50,52,2,Challenge,Q2针对A1回避回购失信问题继续施压，要求董秘回应信誉丧失看法。,,,1
positive,领导您好：1、请问贵司家电拆解板块补贴应收款规模，今年预计回款情况？2、公司母公司启迪控股一直在与雄安进行股权事宜的谈判，请问最新进展如何？3、请问公司南宁武鸣项目最近处理进展怎么样，未来是否会计提减值？ 您好，公司家电拆解补贴基金目前应收账款存量余额大，主要是由于补贴基金的回款周期原因，目前公司也通过加大拆解非补贴类收入以及加强回款等措施。南宁武鸣项目根据未来处理的进度将实施披露。谢谢关注！,您好，能解释一些雄安入股的进展吗？雄安方面为何迟迟没有股权变更？有何障碍？,1,disclosure_detail,dep_reason,Q2针对A1未回答的雄安入股进展继续追问。,领导您好：1、请问贵司家电拆解板块补贴应收款规模，今年预计回款情况？2、公司母公司启迪控股一直在与雄安进行股权事宜的谈判，请问最新进展如何？3、请问公司南宁武鸣项目最近处理进展怎么样，未来是否会计提减值？,您好，公司家电拆解补贴基金目前应收账款存量余额大，主要是由于补贴基金的回款周期原因，目前公司也通过加大拆解非补贴类收入以及加强回款等措施。南宁武鸣项目根据未来处理的进度将实施披露。谢谢关注！,您好，能解释一些雄安入股的进展吗？雄安方面为何迟迟没有股权变更？有何障碍？,000826_2019,55,56,1,Complaint,Q2针对A1未回答的雄安入股进展继续追问。,,,1
positive,领导您好：1、请问贵司家电拆解板块补贴应收款规模，今年预计回款情况？2、公司母公司启迪控股一直在与雄安进行股权事宜的谈判，请问最新进展如何？3、请问公司南宁武鸣项目最近处理进展怎么样，未来是否会计提减值？ 您好，公司家电拆解补贴基金目前应收账款存量余额大，主要是由于补贴基金的回款周期原因，目前公司也通过加大拆解非补贴类收入以及加强回款等措施。南宁武鸣项目根据未来处理的进度将实施披露。谢谢关注！,"李总你好公司牵头的南宁项目出现问题,现在已经投入4.7亿资金,请问这4.7亿是全部由公司投入的吗?如果最后项目终止这个损失谁来承担?现在国家正在督察地方政府违反合同的问题,公司准备诉诸法律来解决这个问题吗?还是通过其他途径?",1,disclosure_detail,dep_reason,Q2针对A1对南宁项目未具体回应继续追问细节，隐含对回避回答的不满。,领导您好：1、请问贵司家电拆解板块补贴应收款规模，今年预计回款情况？2、公司母公司启迪控股一直在与雄安进行股权事宜的谈判，请问最新进展如何？3、请问公司南宁武鸣项目最近处理进展怎么样，未来是否会计提减值？,您好，公司家电拆解补贴基金目前应收账款存量余额大，主要是由于补贴基金的回款周期原因，目前公司也通过加大拆解非补贴类收入以及加强回款等措施。南宁武鸣项目根据未来处理的进度将实施披露。谢谢关注！,"李总你好公司牵头的南宁项目出现问题,现在已经投入4.7亿资金,请问这4.7亿是全部由公司投入的吗?如果最后项目终止这个损失谁来承担?现在国家正在督察地方政府违反合同的问题,公司准备诉诸法律来解决这个问题吗?还是通过其他途径?",000826_2019,55,60,5,Complaint,Q2针对A1对南宁项目未具体回应继续追问细节，隐含对回避回答的不满。,,,1
positive,公司的战略调整初见成效，现金流在今年转正。请问后续针对公司整体运营是否有更明确的策略，着重要改善的是哪些方面？ 投资者您好！公司经营活动净现金四年来首次转正，得益于公司能源环保一体化战略布局落地，公司逐步转向市场运营服务业务；公司收入结构转型为经营现金的转正提供助力，下一步公司将进一步加快投资项目建设转入运营状态，提升现有运营项目的效能，强化应收款的回收。感谢关注。,公司未来的发展战略。公司一直强调要从建设转运营，但是运营的效果并不好，业绩连年下降，如何改善未来的业绩？是否加大新项目的投资力度？,2,performance_governance,dep_reason,Q2针对A1中建设转运营和提升运营效能的表述，以运营效果差、业绩下降进行质疑并追问改善措施。,公司的战略调整初见成效，现金流在今年转正。请问后续针对公司整体运营是否有更明确的策略，着重要改善的是哪些方面？,投资者您好！公司经营活动净现金四年来首次转正，得益于公司能源环保一体化战略布局落地，公司逐步转向市场运营服务业务；公司收入结构转型为经营现金的转正提供助力，下一步公司将进一步加快投资项目建设转入运营状态，提升现有运营项目的效能，强化应收款的回收。感谢关注。,公司未来的发展战略。公司一直强调要从建设转运营，但是运营的效果并不好，业绩连年下降，如何改善未来的业绩？是否加大新项目的投资力度？,000826_2019,73,75,2,Challenge,Q2针对A1中建设转运营和提升运营效能的表述，以运营效果差、业绩下降进行质疑并追问改善措施。,,,1
positive,公司的战略调整初见成效，现金流在今年转正。请问后续针对公司整体运营是否有更明确的策略，着重要改善的是哪些方面？ 投资者您好！公司经营活动净现金四年来首次转正，得益于公司能源环保一体化战略布局落地，公司逐步转向市场运营服务业务；公司收入结构转型为经营现金的转正提供助力，下一步公司将进一步加快投资项目建设转入运营状态，提升现有运营项目的效能，强化应收款的回收。感谢关注。,你好！今年公司涉足的环保企业普遍受政策影响，现金流紧张，给经营造成较大困难，且应收账款中财政部拆解补贴额度多年入不敷出，短期没有解决希望。尽管公司调整了债务结构，增加了长期负债，但同时也给公司造成沉重的利息负担，盈利基本都交了利息。公司自19年布局环保能源一体化，是否考虑在合适时机注入控股股东旗下启迪清洁能源，与现上市公司体系优势互补，做大做强？谢谢。,2,strategy_planning,dep_reason,Q2围绕A1中能源环保一体化战略，追问是否注入启迪清洁能源以加强该战略。,公司的战略调整初见成效，现金流在今年转正。请问后续针对公司整体运营是否有更明确的策略，着重要改善的是哪些方面？,投资者您好！公司经营活动净现金四年来首次转正，得益于公司能源环保一体化战略布局落地，公司逐步转向市场运营服务业务；公司收入结构转型为经营现金的转正提供助力，下一步公司将进一步加快投资项目建设转入运营状态，提升现有运营项目的效能，强化应收款的回收。感谢关注。,你好！今年公司涉足的环保企业普遍受政策影响，现金流紧张，给经营造成较大困难，且应收账款中财政部拆解补贴额度多年入不敷出，短期没有解决希望。尽管公司调整了债务结构，增加了长期负债，但同时也给公司造成沉重的利息负担，盈利基本都交了利息。公司自19年布局环保能源一体化，是否考虑在合适时机注入控股股东旗下启迪清洁能源，与现上市公司体系优势互补，做大做强？谢谢。,000826_2019,73,77,4,Elaboration,Q2围绕A1中能源环保一体化战略，追问是否注入启迪清洁能源以加强该战略。,,,1
positive,公司未来的发展战略。公司一直强调要从建设转运营，但是运营的效果并不好，业绩连年下降，如何改善未来的业绩？是否加大新项目的投资力度？ 公司2019年一直在紧抓在建资产转运营的工作，积极加强应收款回收，目前取得了一定的效果，销售收现比稳步提升，2019年全年经营活动净现金流入由负转正，并且至2020年1季度，启迪环境连续四季度经营现金流归正。谢谢投资者的关注。,请问：公司的债权回收情况如何？,1,disclosure_detail,dep_reason,Q2针对A1中提及的应收款回收情况进一步追问债权回收细节。,公司未来的发展战略。公司一直强调要从建设转运营，但是运营的效果并不好，业绩连年下降，如何改善未来的业绩？是否加大新项目的投资力度？,公司2019年一直在紧抓在建资产转运营的工作，积极加强应收款回收，目前取得了一定的效果，销售收现比稳步提升，2019年全年经营活动净现金流入由负转正，并且至2020年1季度，启迪环境连续四季度经营现金流归正。谢谢投资者的关注。,请问：公司的债权回收情况如何？,000826_2019,75,79,4,Elaboration,Q2针对A1中提及的应收款回收情况进一步追问债权回收细节。,,,1
positive,请问：公司的债权回收情况如何？ 投资者您好！公司城市环境服务板块、水务生态板块现金流回款较好；零碳能源板块随着项目陆续转入运营阶段，收入及现金流回款逐年递增；固废及再生板块财政补贴欠款较大，正致力于改善回款。感谢关注。,"公司应收款里有28亿的危废拆解金由于受到收购东江环保的项目里出现问题,国家一直没有给付.今年早些公司出了个公告说开始解决这个问题,请问现在进展怎么样?预计会产生多大的损失.目前公司在这块上都没有计提准备,会不会爆雷?",1,disclosure_detail,dep_reason,Q2针对A1中固废板块补贴欠款，就危废拆解金具体进展和损失追问细节。,请问：公司的债权回收情况如何？,投资者您好！公司城市环境服务板块、水务生态板块现金流回款较好；零碳能源板块随着项目陆续转入运营阶段，收入及现金流回款逐年递增；固废及再生板块财政补贴欠款较大，正致力于改善回款。感谢关注。,"公司应收款里有28亿的危废拆解金由于受到收购东江环保的项目里出现问题,国家一直没有给付.今年早些公司出了个公告说开始解决这个问题,请问现在进展怎么样?预计会产生多大的损失.目前公司在这块上都没有计提准备,会不会爆雷?",000826_2019,79,84,5,Elaboration,Q2针对A1中固废板块补贴欠款，就危废拆解金具体进展和损失追问细节。,,,1
positive,1.利润下滑幅度大，现金流依然压力大，未来如何保证资金链持续？2、应收账款金额巨大，有多少应收账款在短时间内可以收回？3、流动负债金额巨大，如何偿还到期流动负债？期末净现金流小于应偿还短期借款金额，无力偿还流动性短期借款及到期长期借款。以上问题请给予答复 投资者您好！公司正在实施能源环保一体化战略布局落地，公司逐步由投资驱动型转向市场运营服务型，收入结构转型对经营现金回收等都有正面影响。且公司2019年及2020年一季度经营现金流金额已得到明显改善。公司目前城市环境服务板块、水务生态板块现金流回款较好；零碳能源板块随着项目陆续转入运营阶段，收入及现金流回款逐年递增；固废及再生板块财政补贴欠款较大，正致力于改善回款。感谢您的关注。,是不是有大雷？财务问题？是不是要st？不然为何股价一路下行？不要说市场如何，回答问题认真点,2,answer_pressure,dep_reason,Q2质疑A1回答不认真，催促解释股价下行，未针对具体内容继续互动。,1.利润下滑幅度大，现金流依然压力大，未来如何保证资金链持续？2、应收账款金额巨大，有多少应收账款在短时间内可以收回？3、流动负债金额巨大，如何偿还到期流动负债？期末净现金流小于应偿还短期借款金额，无力偿还流动性短期借款及到期长期借款。以上问题请给予答复,投资者您好！公司正在实施能源环保一体化战略布局落地，公司逐步由投资驱动型转向市场运营服务型，收入结构转型对经营现金回收等都有正面影响。且公司2019年及2020年一季度经营现金流金额已得到明显改善。公司目前城市环境服务板块、水务生态板块现金流回款较好；零碳能源板块随着项目陆续转入运营阶段，收入及现金流回款逐年递增；固废及再生板块财政补贴欠款较大，正致力于改善回款。感谢您的关注。,是不是有大雷？财务问题？是不是要st？不然为何股价一路下行？不要说市场如何，回答问题认真点,000826_2019,87,90,3,Complaint,Q2质疑A1回答不认真，催促解释股价下行，未针对具体内容继续互动。,,,1
positive,公司的财务费用一直持续攀升而未见好转，公司是否考虑过如何降低这方面的费用？今年的中央和地方低息支援又能帮公司降低多少？ 公司财务费用增加主要原因是：公司债务结构调整，降低了短期负债比例，增加了长期债务比例，长期债务资金成本相对短期债务成本高；另外公司转入运营项目增加，根据会计政策转入运营状态项目不再符合资本化条件，需要计入当期费用。公司总部和部分项目公司已经落实了部分疫情防控专项贷款，这部分利率较常规贷款利率大幅下降。感谢关注。,是不是有大雷？财务问题？是不是要st？不然为何股价一路下行？不要说市场如何，回答问题认真点,2,answer_pressure,dep_reason,Q2质疑A1可能隐瞒财务问题，针对回答态度和股价下跌施压，属于交互依赖。,公司的财务费用一直持续攀升而未见好转，公司是否考虑过如何降低这方面的费用？今年的中央和地方低息支援又能帮公司降低多少？,公司财务费用增加主要原因是：公司债务结构调整，降低了短期负债比例，增加了长期债务比例，长期债务资金成本相对短期债务成本高；另外公司转入运营项目增加，根据会计政策转入运营状态项目不再符合资本化条件，需要计入当期费用。公司总部和部分项目公司已经落实了部分疫情防控专项贷款，这部分利率较常规贷款利率大幅下降。感谢关注。,是不是有大雷？财务问题？是不是要st？不然为何股价一路下行？不要说市场如何，回答问题认真点,000826_2019,88,90,2,Challenge,Q2质疑A1可能隐瞒财务问题，针对回答态度和股价下跌施压，属于交互依赖。,,,1
positive,是不是有大雷？财务问题？是不是要st？不然为何股价一路下行？不要说市场如何，回答问题认真点 投资者您好，公司目前各项生产经营活动正常进行，主营业务经营状况良好，公司不存在数据实际经营情况不符的情况。关于公司信息请以公司披露在《中国证券报》、《证券时报》和巨潮资讯网的信息为准。二级市场股价受到公司所处行业环境、投资预期等多方面因素的影响，公司的生产经营正常，股市投资有风险，请投资者注意投资风险。感谢您的关注。,董秘你好！自2019年，贵司回答投资者提问全部都是官话套话，很少正面答复问题。此项工作是公司与投资者沟通的重要桥梁，也是中小投资者平时了解公司运营情况的唯一渠道，为什么不能积极主动的答复提问并介绍公司情况，同为环保类上市公司，别人家的董秘可以不断公布诸如每月垃圾焚烧量、发电量等数据，做到公开透明，你们呢？除了复制粘贴还做了哪些沟通？请问贵司如此漠视中小投资者，是否有管理层默许甚至授意？如果工作太忙,2,answer_pressure,dep_reason,Q2针对A1的官话套话、未正面回答进行投诉，并要求改善沟通。,是不是有大雷？财务问题？是不是要st？不然为何股价一路下行？不要说市场如何，回答问题认真点,投资者您好，公司目前各项生产经营活动正常进行，主营业务经营状况良好，公司不存在数据实际经营情况不符的情况。关于公司信息请以公司披露在《中国证券报》、《证券时报》和巨潮资讯网的信息为准。二级市场股价受到公司所处行业环境、投资预期等多方面因素的影响，公司的生产经营正常，股市投资有风险，请投资者注意投资风险。感谢您的关注。,董秘你好！自2019年，贵司回答投资者提问全部都是官话套话，很少正面答复问题。此项工作是公司与投资者沟通的重要桥梁，也是中小投资者平时了解公司运营情况的唯一渠道，为什么不能积极主动的答复提问并介绍公司情况，同为环保类上市公司，别人家的董秘可以不断公布诸如每月垃圾焚烧量、发电量等数据，做到公开透明，你们呢？除了复制粘贴还做了哪些沟通？请问贵司如此漠视中小投资者，是否有管理层默许甚至授意？如果工作太忙,000826_2019,90,94,4,Complaint,Q2针对A1的官话套话、未正面回答进行投诉，并要求改善沟通。,,,1
positive,启迪控股股东最新进展情况股东方对公司支持情况，其中雄安对公司有何支持公司与三峡资本合作介绍公司现金流情况，加强管控措施疫情对公司业务影响，公司融资渠道影响 投资者您好，投资者您好，公司将根据《公司法》、《公司章程》等相关法律法规的规定，持续关注间接控股股东股权变更事项的进展情况并及时履行信息披露义务。公司与三峡集团整合各自资源，共同利用各自品牌、管理、技术、人才、资金及其他资源优势，共同开展长江生态保护业务。疫情期间，公司各控股子公司从本职工作出发协助各地政府部门全力开展疫情防控，攻坚克难；20多个省市区10万余名员工，坚守岗位、齐心抗疫。,董秘你好！自2019年，贵司回答投资者提问全部都是官话套话，很少正面答复问题。此项工作是公司与投资者沟通的重要桥梁，也是中小投资者平时了解公司运营情况的唯一渠道，为什么不能积极主动的答复提问并介绍公司情况，同为环保类上市公司，别人家的董秘可以不断公布诸如每月垃圾焚烧量、发电量等数据，做到公开透明，你们呢？除了复制粘贴还做了哪些沟通？请问贵司如此漠视中小投资者，是否有管理层默许甚至授意？如果工作太忙,2,answer_pressure,dep_reason,Q2针对A1官话套话、不正面回答历史进行投诉，并质疑管理层授意，属交互依赖。,启迪控股股东最新进展情况股东方对公司支持情况，其中雄安对公司有何支持公司与三峡资本合作介绍公司现金流情况，加强管控措施疫情对公司业务影响，公司融资渠道影响,投资者您好，投资者您好，公司将根据《公司法》、《公司章程》等相关法律法规的规定，持续关注间接控股股东股权变更事项的进展情况并及时履行信息披露义务。公司与三峡集团整合各自资源，共同利用各自品牌、管理、技术、人才、资金及其他资源优势，共同开展长江生态保护业务。疫情期间，公司各控股子公司从本职工作出发协助各地政府部门全力开展疫情防控，攻坚克难；20多个省市区10万余名员工，坚守岗位、齐心抗疫。,董秘你好！自2019年，贵司回答投资者提问全部都是官话套话，很少正面答复问题。此项工作是公司与投资者沟通的重要桥梁，也是中小投资者平时了解公司运营情况的唯一渠道，为什么不能积极主动的答复提问并介绍公司情况，同为环保类上市公司，别人家的董秘可以不断公布诸如每月垃圾焚烧量、发电量等数据，做到公开透明，你们呢？除了复制粘贴还做了哪些沟通？请问贵司如此漠视中小投资者，是否有管理层默许甚至授意？如果工作太忙,000826_2019,91,94,3,Complaint,Q2针对A1官话套话、不正面回答历史进行投诉，并质疑管理层授意，属交互依赖。,,,1
positive,公司在建工程一直居高不下，请问到今年年底在建工程是否可以降到100亿以内？ 投资者您好，公司在建工程包括新建、改建、扩建环保细分领域项目的在建工程，项目转入正式运营后在建工程总量减少，同时部分项目发生提标、扩建等建设内容，伴随在建工程在各报告期内有所增加。具体可关注公司披露的定期报告。感谢您的关注。,公司在建工程一直居高不下，请问到今年年底在建工程是否可以降到100亿以内？,2,answer_pressure,dep_reason,Q2完全重复Q1，因A1未正面回答，属于追问未答问题。,公司在建工程一直居高不下，请问到今年年底在建工程是否可以降到100亿以内？,投资者您好，公司在建工程包括新建、改建、扩建环保细分领域项目的在建工程，项目转入正式运营后在建工程总量减少，同时部分项目发生提标、扩建等建设内容，伴随在建工程在各报告期内有所增加。具体可关注公司披露的定期报告。感谢您的关注。,公司在建工程一直居高不下，请问到今年年底在建工程是否可以降到100亿以内？,000826_2020,6,11,5,Complaint,Q2完全重复Q1，因A1未正面回答，属于追问未答问题。,,,1
positive,启迪环境股票在停牌前20个交易日内累计跌幅超过20%，股票价格波动达到《128号文》第五条规定的相关标准。&quot;（城发吸收合并启迪预案P121-122），为何在20日、60日和120日三个可选区间平均价中选择最不利于启迪投资者的20日平均价？ 您好，本次吸收合并方案是综合考虑了公司资金流动性、双方协同效应、公司未来长远发展等因素后，经双方充分协商讨论确定的。整体方案的制定从合规性出发，不存在损害投资者利益的情况。感谢关注。,请问你们是在开业绩说明会吗？,2,answer_pressure,dep_reason,Q2质疑A1回答方式，疑似觉得A1在敷衍而非正面回答问题。,启迪环境股票在停牌前20个交易日内累计跌幅超过20%，股票价格波动达到《128号文》第五条规定的相关标准。&quot;（城发吸收合并启迪预案P121-122），为何在20日、60日和120日三个可选区间平均价中选择最不利于启迪投资者的20日平均价？,您好，本次吸收合并方案是综合考虑了公司资金流动性、双方协同效应、公司未来长远发展等因素后，经双方充分协商讨论确定的。整体方案的制定从合规性出发，不存在损害投资者利益的情况。感谢关注。,请问你们是在开业绩说明会吗？,000826_2020,12,17,5,Complaint,Q2质疑A1回答方式，疑似觉得A1在敷衍而非正面回答问题。,,,1
positive,最佳上市公司董事会”、“主板最佳上市公司董秘奖”，奖项与公司经营业绩和市场表现相对比反差如比之大，请问公司获奖是否有损股东利益？ 投资者您好，感谢您的关注。,请问你们是在开业绩说明会吗？,1,disclosure_detail,dep_reason,Q2质疑A1的敷衍回应不符合业绩说明会应有的互动方式，属于对回答状态的抱怨。,最佳上市公司董事会”、“主板最佳上市公司董秘奖”，奖项与公司经营业绩和市场表现相对比反差如比之大，请问公司获奖是否有损股东利益？,投资者您好，感谢您的关注。,请问你们是在开业绩说明会吗？,000826_2020,14,17,3,Complaint,Q2质疑A1的敷衍回应不符合业绩说明会应有的互动方式，属于对回答状态的抱怨。,,,1
positive,合并一事现阶段是否存在变数？毕竟启迪的年报与季报都如此差劲，城发会不会返悔？ 截止目前，公司及相关各方正在积极推进本次交易的相关工作，本次交易所涉及的尽职调查、审计、估值等相关工作尚未完成。公司将在尽职调查、审计、估值等相关工作完成后，再次召开董事会审议本次交易的相关事项，并由董事会提请股东大会审议。有关信息均以公司指定信息披露媒体发布的公告为准；公司将严格按照有关法律法规的规定和要求，认真履行信息披露义务。谢谢您的关注！,请问你们是在开业绩说明会吗？,1,disclosure_detail,dep_reason,Q2 针对 A1 的官方套话回答方式，质疑这是否是真正的业绩说明会互动。,合并一事现阶段是否存在变数？毕竟启迪的年报与季报都如此差劲，城发会不会返悔？,截止目前，公司及相关各方正在积极推进本次交易的相关工作，本次交易所涉及的尽职调查、审计、估值等相关工作尚未完成。公司将在尽职调查、审计、估值等相关工作完成后，再次召开董事会审议本次交易的相关事项，并由董事会提请股东大会审议。有关信息均以公司指定信息披露媒体发布的公告为准；公司将严格按照有关法律法规的规定和要求，认真履行信息披露义务。谢谢您的关注！,请问你们是在开业绩说明会吗？,000826_2020,16,17,1,Complaint,Q2 针对 A1 的官方套话回答方式，质疑这是否是真正的业绩说明会互动。,,,1
positive,按海通e海通财数据，基准日20、60、120均启迪、城发为（6.94、7.35、7.87）、（11.66、11.59、11.69），即便以溢价10%测算（不认同），换股比0.6547、0.6976、0.7405，目前方案最低（请不要低估投资者智商，用异议保护解释），这个方案如何体现资本市场公平？ 投资者您好，城发环境和启迪环境均为上市公司，两者的股价均有公开市场价格，本次交易按照《重组管理办法》的相关规定，并考虑交易双方的协同效应等因素进行定价。感谢关注。,对于明显违背常识的方案，仅用“考虑双方股东利益、交易标的规模、二级市场、中小股东诉求等因素”并不另人信服！这个方案使国资实现控股权的转移，启迪中小投资者股权占比被严重削弱，所谓异议“保护“，不如说是伤害！请问为了国资利益，启迪长期中小股东就该被伤害吗？这个方案如何体现资本市场的公平？,2,answer_pressure,dep_reason,Q2明确批评A1的笼统解释不令人信服，并继续质疑方案公平性，属于对回答方式的施压。,按海通e海通财数据，基准日20、60、120均启迪、城发为（6.94、7.35、7.87）、（11.66、11.59、11.69），即便以溢价10%测算（不认同），换股比0.6547、0.6976、0.7405，目前方案最低（请不要低估投资者智商，用异议保护解释），这个方案如何体现资本市场公平？,投资者您好，城发环境和启迪环境均为上市公司，两者的股价均有公开市场价格，本次交易按照《重组管理办法》的相关规定，并考虑交易双方的协同效应等因素进行定价。感谢关注。,对于明显违背常识的方案，仅用“考虑双方股东利益、交易标的规模、二级市场、中小股东诉求等因素”并不另人信服！这个方案使国资实现控股权的转移，启迪中小投资者股权占比被严重削弱，所谓异议“保护“，不如说是伤害！请问为了国资利益，启迪长期中小股东就该被伤害吗？这个方案如何体现资本市场的公平？,000826_2020,19,24,5,Challenge,Q2明确批评A1的笼统解释不令人信服，并继续质疑方案公平性，属于对回答方式的施压。,,,1
positive,公司以前大吹特吹的全产业链怎么几年了也看不到效益？与其丧其十指不如断其一指。公司业绩连续几年下降高管年薪为何增加？难倒薪酬委员会这位高管服务？清华又不绝对控股高管能干就干不行就下岗，让有能力的干。 投资者您好，公司经营管理层致力于通过提升公司整体经营水平，提升企业价值，增强公司核心竞争力和盈利能力来提振公司股价，公司同样希望股价是公司合理价值的反映。公司管理层将持续努力提升公司经营水平，以提升公司价值回报广大投资者。公司的投资者沟通渠道也持续保持畅通，保证及时将投资者的声音第一时间反馈给公司经营管理层。感谢您的关注。,你们觉得对得起长期支持你们的股东吗？拿着高薪，出差花股东的钱很嗨吗,1,disclosure_detail,dep_reason,Q2针对A1回避性回答继续抱怨高管薪酬和股东回报，属于对回答不充分的追责。,公司以前大吹特吹的全产业链怎么几年了也看不到效益？与其丧其十指不如断其一指。公司业绩连续几年下降高管年薪为何增加？难倒薪酬委员会这位高管服务？清华又不绝对控股高管能干就干不行就下岗，让有能力的干。,投资者您好，公司经营管理层致力于通过提升公司整体经营水平，提升企业价值，增强公司核心竞争力和盈利能力来提振公司股价，公司同样希望股价是公司合理价值的反映。公司管理层将持续努力提升公司经营水平，以提升公司价值回报广大投资者。公司的投资者沟通渠道也持续保持畅通，保证及时将投资者的声音第一时间反馈给公司经营管理层。感谢您的关注。,你们觉得对得起长期支持你们的股东吗？拿着高薪，出差花股东的钱很嗨吗,000826_2020,33,36,3,Complaint,Q2针对A1回避性回答继续抱怨高管薪酬和股东回报，属于对回答不充分的追责。,,,1
positive,公司以前大吹特吹的全产业链怎么几年了也看不到效益？与其丧其十指不如断其一指。公司业绩连续几年下降高管年薪为何增加？难倒薪酬委员会这位高管服务？清华又不绝对控股高管能干就干不行就下岗，让有能力的干。 投资者您好，公司经营管理层致力于通过提升公司整体经营水平，提升企业价值，增强公司核心竞争力和盈利能力来提振公司股价，公司同样希望股价是公司合理价值的反映。公司管理层将持续努力提升公司经营水平，以提升公司价值回报广大投资者。公司的投资者沟通渠道也持续保持畅通，保证及时将投资者的声音第一时间反馈给公司经营管理层。感谢您的关注。,请问张女士，公司有没有具体的措施去提高投资者信心？,2,answer_pressure,dep_reason,Q2针对A1中笼统的提升价值承诺追问具体措施。,公司以前大吹特吹的全产业链怎么几年了也看不到效益？与其丧其十指不如断其一指。公司业绩连续几年下降高管年薪为何增加？难倒薪酬委员会这位高管服务？清华又不绝对控股高管能干就干不行就下岗，让有能力的干。,投资者您好，公司经营管理层致力于通过提升公司整体经营水平，提升企业价值，增强公司核心竞争力和盈利能力来提振公司股价，公司同样希望股价是公司合理价值的反映。公司管理层将持续努力提升公司经营水平，以提升公司价值回报广大投资者。公司的投资者沟通渠道也持续保持畅通，保证及时将投资者的声音第一时间反馈给公司经营管理层。感谢您的关注。,请问张女士，公司有没有具体的措施去提高投资者信心？,000826_2020,33,38,5,Elaboration,Q2针对A1中笼统的提升价值承诺追问具体措施。,,,1
positive,为什么公司三季度营收是下降的，三季度应该已经没有疫情影响了 投资者您好，第三季度公司整理生产经营情况处在一个恢复期。同时收入、利润结构较同期有所变化。公司目前整体生产经营状况正常，公司将通过提升项目管理水平促进项目整体运营。感谢您的提问。,针对目前的财务状况，公司将采取哪些措施应对,2,answer_pressure,dep_reason,Q2针对A1中提升项目管理水平的笼统表述，要求具体化应对措施。,为什么公司三季度营收是下降的，三季度应该已经没有疫情影响了,投资者您好，第三季度公司整理生产经营情况处在一个恢复期。同时收入、利润结构较同期有所变化。公司目前整体生产经营状况正常，公司将通过提升项目管理水平促进项目整体运营。感谢您的提问。,针对目前的财务状况，公司将采取哪些措施应对,000826_2020,35,40,5,Elaboration,Q2针对A1中提升项目管理水平的笼统表述，要求具体化应对措施。,,,1
positive,你们觉得对得起长期支持你们的股东吗？拿着高薪，出差花股东的钱很嗨吗 投资者您好，公司经营管理层致力于通过提升公司整体经营水平，提升企业价值，增强公司核心竞争力和盈利能力来提振公司股价，公司同样希望股价是公司合理价值的反映。公司一直在进行积极的市值管理工作，但二级市场股价受到公司所处行业环境、投资预期等多方面因素的影响，近期股价较为低迷。公司管理层将持续努力提升公司经营水平，以提升公司价值回报广大投资者。公司的投资者沟通渠道也持续保持畅通，保证及时将投资者的声音第一时间反馈给公司经营管理层。感谢您的关注。,请问张女士，公司有没有具体的措施去提高投资者信心？,2,answer_pressure,dep_reason,Q2针对A1笼统的市值管理和提升价值表述，追问具体措施。,你们觉得对得起长期支持你们的股东吗？拿着高薪，出差花股东的钱很嗨吗,投资者您好，公司经营管理层致力于通过提升公司整体经营水平，提升企业价值，增强公司核心竞争力和盈利能力来提振公司股价，公司同样希望股价是公司合理价值的反映。公司一直在进行积极的市值管理工作，但二级市场股价受到公司所处行业环境、投资预期等多方面因素的影响，近期股价较为低迷。公司管理层将持续努力提升公司经营水平，以提升公司价值回报广大投资者。公司的投资者沟通渠道也持续保持畅通，保证及时将投资者的声音第一时间反馈给公司经营管理层。感谢您的关注。,请问张女士，公司有没有具体的措施去提高投资者信心？,000826_2020,36,38,2,Elaboration,Q2针对A1笼统的市值管理和提升价值表述，追问具体措施。,,,1
positive,大股东用10亿买走了公司将近500亿的订单环卫资产？请问价格公允吗？ 投资者您好，本次关联交易是基于公司优化合肥数字环卫股权管理结构，提升其整体资金实力，进一步结合区域优势资源的需求而发生，有利于合肥数字环卫的市场拓展工作和项目持续投入，交易合同各项条款符合国家有关规定，关联交易对方具有较强的履约能力，交易遵循自愿、平等、公平、公允的原则，交易定价依据市场价格进行。感谢您的关注。,这个解释很难信服，所有同类型环保企业，三季度都是增长的，为什么启迪下滑，启迪恢复时间在哪块是需要比其他同类型公司产。,2,performance_governance,dep_reason,Q2明确对A1解释表示不信服，并引入同行对比质疑公司业绩下滑，属于交互依赖。,大股东用10亿买走了公司将近500亿的订单环卫资产？请问价格公允吗？,投资者您好，本次关联交易是基于公司优化合肥数字环卫股权管理结构，提升其整体资金实力，进一步结合区域优势资源的需求而发生，有利于合肥数字环卫的市场拓展工作和项目持续投入，交易合同各项条款符合国家有关规定，关联交易对方具有较强的履约能力，交易遵循自愿、平等、公平、公允的原则，交易定价依据市场价格进行。感谢您的关注。,这个解释很难信服，所有同类型环保企业，三季度都是增长的，为什么启迪下滑，启迪恢复时间在哪块是需要比其他同类型公司产。,000826_2020,37,42,5,Challenge,Q2明确对A1解释表示不信服，并引入同行对比质疑公司业绩下滑，属于交互依赖。,,,1
positive,针对目前的财务状况，公司将采取哪些措施应对 公司仍将继续加强运营项目管理，加强应收账款及运营回款的催收。同时拓宽融资渠道。感谢您的关注。,这个解释很难信服，所有同类型环保企业，三季度都是增长的，为什么启迪下滑，启迪恢复时间在哪块是需要比其他同类型公司产。,2,answer_pressure,dep_reason,Q2明确质疑A1解释难以信服，针对回答状态并提出对比追问下滑原因与恢复时间。,针对目前的财务状况，公司将采取哪些措施应对,公司仍将继续加强运营项目管理，加强应收账款及运营回款的催收。同时拓宽融资渠道。感谢您的关注。,这个解释很难信服，所有同类型环保企业，三季度都是增长的，为什么启迪下滑，启迪恢复时间在哪块是需要比其他同类型公司产。,000826_2020,40,42,2,Challenge,Q2明确质疑A1解释难以信服，针对回答状态并提出对比追问下滑原因与恢复时间。,,,1
positive,针对目前的财务状况，公司将采取哪些措施应对 公司仍将继续加强运营项目管理，加强应收账款及运营回款的催收。同时拓宽融资渠道。感谢您的关注。,请问应收账款构成？,1,disclosure_detail,dep_reason,Q2针对A1中提到的应收账款进一步追问构成，要求细节。,针对目前的财务状况，公司将采取哪些措施应对,公司仍将继续加强运营项目管理，加强应收账款及运营回款的催收。同时拓宽融资渠道。感谢您的关注。,请问应收账款构成？,000826_2020,40,44,4,Elaboration,Q2针对A1中提到的应收账款进一步追问构成，要求细节。,,,1
positive,请问应收账款构成？ 应收账款主要由家电拆解补贴款、环卫运营应收款等构成，相关应收款都在正常回款周期内，同时公司也在加大应收款催款力度，近几个季度以来，应收款余额也在逐步下降。感谢您的关注。,请问公司预计全年年报盈利是否为正？是否会由于大量应收账款转坏成坏账计提，导致年报亏损？,1,disclosure_detail,dep_reason,Q2针对A1中应收账款进一步追问年报盈利及坏账风险。,请问应收账款构成？,应收账款主要由家电拆解补贴款、环卫运营应收款等构成，相关应收款都在正常回款周期内，同时公司也在加大应收款催款力度，近几个季度以来，应收款余额也在逐步下降。感谢您的关注。,请问公司预计全年年报盈利是否为正？是否会由于大量应收账款转坏成坏账计提，导致年报亏损？,000826_2020,44,47,3,Elaboration,Q2针对A1中应收账款进一步追问年报盈利及坏账风险。,,,1
positive,回复称绝大部分案例均选择交易前20日股票交易均价作为基准。那么绝大部分案例”溢价“采用20%或更高，那么方案为什么不采用？方案达成是不是有幕后交易？ 投资者您好，城发环境和启迪环境均为上市公司，两者的股价均有公开市场价格，本次交易按照《重组管理办法》的相关规定，并考虑交易双方的协同效应等因素进行定价。感谢关注,按海通e海通财数据，基准日20、60、120均启迪、城发为（6.94、7.35、7.87）、（11.66、11.59、11.69），即便以溢价10%测算（不认同），换股比0.6547、0.6976、0.7405，目前方案最低（请不要低估投资者智商，用异议保护解释），这个方案如何体现资本市场公平？,1,disclosure_detail,dep_reason,Q2针对A1回避定价质疑，引用数据施压追问公平性。,回复称绝大部分案例均选择交易前20日股票交易均价作为基准。那么绝大部分案例”溢价“采用20%或更高，那么方案为什么不采用？方案达成是不是有幕后交易？,投资者您好，城发环境和启迪环境均为上市公司，两者的股价均有公开市场价格，本次交易按照《重组管理办法》的相关规定，并考虑交易双方的协同效应等因素进行定价。感谢关注,按海通e海通财数据，基准日20、60、120均启迪、城发为（6.94、7.35、7.87）、（11.66、11.59、11.69），即便以溢价10%测算（不认同），换股比0.6547、0.6976、0.7405，目前方案最低（请不要低估投资者智商，用异议保护解释），这个方案如何体现资本市场公平？,000826_2020,53,56,3,Challenge,Q2针对A1回避定价质疑，引用数据施压追问公平性。,,,1
positive,环卫板块20年做引战搞了一年，意向方也不少，最后方案为什么不进场交易，为什么要低价转给大股东，请正面回答。 投资者您好，公司转让启迪数字环卫（合肥）股权事项是基于公司优化控股子公司股权结构，促使公司城市环境服务业务协同股东方综合优势资源的需要发生。公司作为上市公众企业，以维护投资者利益为准则开展各项工作。公司目前各项经营活动正常开展。感谢关注。,按海通e海通财数据，基准日20、60、120均启迪、城发为（6.94、7.35、7.87）、（11.66、11.59、11.69），即便以溢价10%测算（不认同），换股比0.6547、0.6976、0.7405，目前方案最低（请不要低估投资者智商，用异议保护解释），这个方案如何体现资本市场公平？,2,answer_pressure,dep_reason,Q2针对A1未正面回应低价转让公平性，引用估值数据继续施压质疑。,环卫板块20年做引战搞了一年，意向方也不少，最后方案为什么不进场交易，为什么要低价转给大股东，请正面回答。,投资者您好，公司转让启迪数字环卫（合肥）股权事项是基于公司优化控股子公司股权结构，促使公司城市环境服务业务协同股东方综合优势资源的需要发生。公司作为上市公众企业，以维护投资者利益为准则开展各项工作。公司目前各项经营活动正常开展。感谢关注。,按海通e海通财数据，基准日20、60、120均启迪、城发为（6.94、7.35、7.87）、（11.66、11.59、11.69），即便以溢价10%测算（不认同），换股比0.6547、0.6976、0.7405，目前方案最低（请不要低估投资者智商，用异议保护解释），这个方案如何体现资本市场公平？,000826_2020,55,56,1,Challenge,Q2针对A1未正面回应低价转让公平性，引用估值数据继续施压质疑。,,,1
positive,按海通e海通财数据，基准日20、60、120均启迪、城发为（6.94、7.35、7.87）、（11.66、11.59、11.69），即便以溢价10%测算（不认同），换股比0.6547、0.6976、0.7405，目前方案最低（请不要低估投资者智商，用异议保护解释），这个方案如何体现资本市场公平？ 您好，本次吸收合并方案是综合考虑了公司资金流动性、双方协同效应、公司未来长远发展等因素后，经双方充分协商讨论确定的。整体方案的制定从合规性出发，不存在损害投资者利益的情况。感谢关注。,回购的故事讲了好几遍了，是股民愚蠢，还是证监会的管理者愚蠢啊，被你们愚弄，这种骗术还要用几次。,1,disclosure_detail,dep_reason,Q2针对A1回避具体问题、继续用回购故事敷衍进行投诉和质疑。,按海通e海通财数据，基准日20、60、120均启迪、城发为（6.94、7.35、7.87）、（11.66、11.59、11.69），即便以溢价10%测算（不认同），换股比0.6547、0.6976、0.7405，目前方案最低（请不要低估投资者智商，用异议保护解释），这个方案如何体现资本市场公平？,您好，本次吸收合并方案是综合考虑了公司资金流动性、双方协同效应、公司未来长远发展等因素后，经双方充分协商讨论确定的。整体方案的制定从合规性出发，不存在损害投资者利益的情况。感谢关注。,回购的故事讲了好几遍了，是股民愚蠢，还是证监会的管理者愚蠢啊，被你们愚弄，这种骗术还要用几次。,000826_2020,56,57,1,Complaint,Q2针对A1回避具体问题、继续用回购故事敷衍进行投诉和质疑。,,,1
positive,回购的故事讲了好几遍了，是股民愚蠢，还是证监会的管理者愚蠢啊，被你们愚弄，这种骗术还要用几次。 投资者您好，公司将根据市场情况及公司总体资金安排继续在回购期限内实施本次回购方案，并根据相关规定及时履行信息披露义务。谢谢关注。,公司财报显示，公司有巨额的应收账款长期未能收回，给公司带来巨大的资金压力，迫于压力，公司不得不向银行大举举债并支付高额利息，拉低了公司的经营水平，同时公司股本回购计划因资金压力多次延期，据本次计划截止时间已不足70天，但计划完成尚不足1/10，公司采取的措施是与欠款方沟通，但显然效果并不理想，请问公司是否考虑采用法律手段对包括国家财政部在内的诸多欠款诉诸于法律，解决资金占用，以提高公司经营能力，回,2,shareholder_return,dep_reason,Q2承接Q1/A1的回购计划执行问题，指出资金压力导致延期，质疑沟通效果，追问法律手段。,回购的故事讲了好几遍了，是股民愚蠢，还是证监会的管理者愚蠢啊，被你们愚弄，这种骗术还要用几次。,投资者您好，公司将根据市场情况及公司总体资金安排继续在回购期限内实施本次回购方案，并根据相关规定及时履行信息披露义务。谢谢关注。,公司财报显示，公司有巨额的应收账款长期未能收回，给公司带来巨大的资金压力，迫于压力，公司不得不向银行大举举债并支付高额利息，拉低了公司的经营水平，同时公司股本回购计划因资金压力多次延期，据本次计划截止时间已不足70天，但计划完成尚不足1/10，公司采取的措施是与欠款方沟通，但显然效果并不理想，请问公司是否考虑采用法律手段对包括国家财政部在内的诸多欠款诉诸于法律，解决资金占用，以提高公司经营能力，回,000826_2020,57,59,2,Challenge,Q2承接Q1/A1的回购计划执行问题，指出资金压力导致延期，质疑沟通效果，追问法律手段。,,,1
positive,2020年前三季度盈利一直乐观，为啥到了第四个季度就变成?15.33亿元，三个月赔了22.88亿，贵公司是由什么吞金兽项目，一谈到这个问题，贵公司就开始打太极，回答请按去年三季度业绩说明会表现出的信心与今年一季度巨大的反差这个方向，不要顾左右而言它？ 投资者您好，公司相关建设施工项目施工进度受疫情影响，使得公司整体收入较以前年度有所下降。公司依据合同的相关约定和财务测算计提减值及损失。谢谢关注。,请问贵公司，2021年度疫情影响已基本得到控制，甚至与2020年一季度相比已微乎其微，为什么贵公司2021年一季度营收同期下滑？净利润为负数？并且减值损失冲回？,2,performance_governance,dep_reason,Q2针对A1中疫情和减值解释，追问2021年一季度营收下滑、净利润负及减值冲回，质疑解释合理性。,2020年前三季度盈利一直乐观，为啥到了第四个季度就变成?15.33亿元，三个月赔了22.88亿，贵公司是由什么吞金兽项目，一谈到这个问题，贵公司就开始打太极，回答请按去年三季度业绩说明会表现出的信心与今年一季度巨大的反差这个方向，不要顾左右而言它？,投资者您好，公司相关建设施工项目施工进度受疫情影响，使得公司整体收入较以前年度有所下降。公司依据合同的相关约定和财务测算计提减值及损失。谢谢关注。,请问贵公司，2021年度疫情影响已基本得到控制，甚至与2020年一季度相比已微乎其微，为什么贵公司2021年一季度营收同期下滑？净利润为负数？并且减值损失冲回？,000826_2020,58,63,5,Challenge,Q2针对A1中疫情和减值解释，追问2021年一季度营收下滑、净利润负及减值冲回，质疑解释合理性。,,,1
positive,请问李总，公司在建工程2020年有哪些完工，在建工程为什么持续在高位，没有下降？ 投资者您好，公司在建工程包括新建、改建、扩建环保细分领域项目的在建工程，项目转入正式运营后在建工程总量减少，同时部分项目发生提标、扩建等建设内容，伴随在建工程在报告期内有所增加，感谢您的关注。,1业绩下滑严重危害需要那么多高管以及高管薪资是否合理2，应收帐款逾期严重是否考虑法律手段催收，3，在建工程长期不转固，如何应对由此产生的减值准备是否要追责4，合并之后的启迪的定位以及合并后黄河环境的发展前景,1,disclosure_detail,dep_reason,Q2中的在建工程减值追责问题直接基于Q1/A1在建工程话题延伸，要求进一步说明应对措施和追责。,请问李总，公司在建工程2020年有哪些完工，在建工程为什么持续在高位，没有下降？,投资者您好，公司在建工程包括新建、改建、扩建环保细分领域项目的在建工程，项目转入正式运营后在建工程总量减少，同时部分项目发生提标、扩建等建设内容，伴随在建工程在报告期内有所增加，感谢您的关注。,1业绩下滑严重危害需要那么多高管以及高管薪资是否合理2，应收帐款逾期严重是否考虑法律手段催收，3，在建工程长期不转固，如何应对由此产生的减值准备是否要追责4，合并之后的启迪的定位以及合并后黄河环境的发展前景,000826_2020,61,62,1,Elaboration,Q2中的在建工程减值追责问题直接基于Q1/A1在建工程话题延伸，要求进一步说明应对措施和追责。,,,1
positive,1业绩下滑严重危害需要那么多高管以及高管薪资是否合理2，应收帐款逾期严重是否考虑法律手段催收，3，在建工程长期不转固，如何应对由此产生的减值准备是否要追责4，合并之后的启迪的定位以及合并后黄河环境的发展前景 投资者您好，公司制定了应收款催收措施并积极与当地政府积极协调。业绩变动原因包括：1、建设施工项目施工进度受疫情影响，使得公司整体收入较以前年度有所下降。2、依据合同的相关约定和财务测算计提减值及损失。3、根据《企业会计准则》的要求和公司会计政策的规定，公司根据测算后的预计信用损失率及按照个别认定方式，针对应收款项计提预期信用减值损失。公司聚焦主营业务，顺应环保产业发展趋势积极开展相关细分领域的合作。感谢关注。,请问贵公司，2021年度疫情影响已基本得到控制，甚至与2020年一季度相比已微乎其微，为什么贵公司2021年一季度营收同期下滑？净利润为负数？并且减值损失冲回？,2,performance_governance,dep_reason,Q2针对A1中疫情导致收入下降的解释，质疑2021年一季度营收下滑和净利润为负不合理，并指出减值冲回矛盾。,1业绩下滑严重危害需要那么多高管以及高管薪资是否合理2，应收帐款逾期严重是否考虑法律手段催收，3，在建工程长期不转固，如何应对由此产生的减值准备是否要追责4，合并之后的启迪的定位以及合并后黄河环境的发展前景,投资者您好，公司制定了应收款催收措施并积极与当地政府积极协调。业绩变动原因包括：1、建设施工项目施工进度受疫情影响，使得公司整体收入较以前年度有所下降。2、依据合同的相关约定和财务测算计提减值及损失。3、根据《企业会计准则》的要求和公司会计政策的规定，公司根据测算后的预计信用损失率及按照个别认定方式，针对应收款项计提预期信用减值损失。公司聚焦主营业务，顺应环保产业发展趋势积极开展相关细分领域的合作。感谢关注。,请问贵公司，2021年度疫情影响已基本得到控制，甚至与2020年一季度相比已微乎其微，为什么贵公司2021年一季度营收同期下滑？净利润为负数？并且减值损失冲回？,000826_2020,62,63,1,Challenge,Q2针对A1中疫情导致收入下降的解释，质疑2021年一季度营收下滑和净利润为负不合理，并指出减值冲回矛盾。,,,1
positive,1业绩下滑严重危害需要那么多高管以及高管薪资是否合理2，应收帐款逾期严重是否考虑法律手段催收，3，在建工程长期不转固，如何应对由此产生的减值准备是否要追责4，合并之后的启迪的定位以及合并后黄河环境的发展前景 投资者您好，公司制定了应收款催收措施并积极与当地政府积极协调。业绩变动原因包括：1、建设施工项目施工进度受疫情影响，使得公司整体收入较以前年度有所下降。2、依据合同的相关约定和财务测算计提减值及损失。3、根据《企业会计准则》的要求和公司会计政策的规定，公司根据测算后的预计信用损失率及按照个别认定方式，针对应收款项计提预期信用减值损失。公司聚焦主营业务，顺应环保产业发展趋势积极开展相关细分领域的合作。感谢关注。,启迪环境三季度营收、净利润同一、二季度相比仍呈下滑态势，这与国内三季度经济形势及行业反弹情况相背离，是什么原因？,2,performance_governance,dep_reason,Q2基于A1对业绩下滑原因的解释，追问三季度业绩仍下滑且与行业背离的具体原因。,1业绩下滑严重危害需要那么多高管以及高管薪资是否合理2，应收帐款逾期严重是否考虑法律手段催收，3，在建工程长期不转固，如何应对由此产生的减值准备是否要追责4，合并之后的启迪的定位以及合并后黄河环境的发展前景,投资者您好，公司制定了应收款催收措施并积极与当地政府积极协调。业绩变动原因包括：1、建设施工项目施工进度受疫情影响，使得公司整体收入较以前年度有所下降。2、依据合同的相关约定和财务测算计提减值及损失。3、根据《企业会计准则》的要求和公司会计政策的规定，公司根据测算后的预计信用损失率及按照个别认定方式，针对应收款项计提预期信用减值损失。公司聚焦主营业务，顺应环保产业发展趋势积极开展相关细分领域的合作。感谢关注。,启迪环境三季度营收、净利润同一、二季度相比仍呈下滑态势，这与国内三季度经济形势及行业反弹情况相背离，是什么原因？,000826_2020,62,66,4,Elaboration,Q2基于A1对业绩下滑原因的解释，追问三季度业绩仍下滑且与行业背离的具体原因。,,,1
positive,作为一名小股东，认为大股东、董事高管、独董在公司股票回购这事上很儿戏，一拖再拖，一变再变，可以讲是“轻诺寡信”，望公司就股票回购上存在的问题给市场、给小股东一份交待，股东们需要的可以不是股票回购，但公司的大股东、董事高管、独董一定得是诚信的、可信任的。 投资者您好，公司将根据市场情况及公司总体资金安排继续在回购期限内实施本次回购方案，并根据相关规定及时履行信息披露义务。谢谢关注。,请公司不要总是口号式、模板化回答问题，能否说点具体提升公司业绩和发展措施，难道已经无力回天了么？,2,answer_pressure,dep_reason,Q2针对A1模板化回答方式，抱怨不具体并催促实质内容。,作为一名小股东，认为大股东、董事高管、独董在公司股票回购这事上很儿戏，一拖再拖，一变再变，可以讲是“轻诺寡信”，望公司就股票回购上存在的问题给市场、给小股东一份交待，股东们需要的可以不是股票回购，但公司的大股东、董事高管、独董一定得是诚信的、可信任的。,投资者您好，公司将根据市场情况及公司总体资金安排继续在回购期限内实施本次回购方案，并根据相关规定及时履行信息披露义务。谢谢关注。,请公司不要总是口号式、模板化回答问题，能否说点具体提升公司业绩和发展措施，难道已经无力回天了么？,000826_2020,64,69,5,Complaint,Q2针对A1模板化回答方式，抱怨不具体并催促实质内容。,,,1
positive,公司和各级地方政府签订了大量的战略合作协议，但是感觉落地的很少？是什么原因呢？请问有哪些实质落地的项目吗？ 您好，公司近期与西安碑林区签署战略合作协定，同时将根据后续实施履行相应的信息披露义务，感谢关注。,请公司不要总是口号式、模板化回答问题，能否说点具体提升公司业绩和发展措施，难道已经无力回天了么？,1,disclosure_detail,dep_reason,Q2明确针对A1回避、模板化回答进行抱怨并催促具体内容。,公司和各级地方政府签订了大量的战略合作协议，但是感觉落地的很少？是什么原因呢？请问有哪些实质落地的项目吗？,您好，公司近期与西安碑林区签署战略合作协定，同时将根据后续实施履行相应的信息披露义务，感谢关注。,请公司不要总是口号式、模板化回答问题，能否说点具体提升公司业绩和发展措施，难道已经无力回天了么？,000826_2020,65,69,4,Complaint,Q2明确针对A1回避、模板化回答进行抱怨并催促具体内容。,,,1
positive,启迪环境三季度营收、净利润同一、二季度相比仍呈下滑态势，这与国内三季度经济形势及行业反弹情况相背离，是什么原因？ 投资者您好，第三季度公司整理生产经营情况处在一个恢复期。同时收入、利润结构较同期有所变化。公司目前整体生产经营状况正常，公司将通过提升项目管理水平促进项目整体运营。感谢您的提问。,请公司不要总是口号式、模板化回答问题，能否说点具体提升公司业绩和发展措施，难道已经无力回天了么？,2,answer_pressure,dep_reason,Q2明确针对A1口号式、模板化回答进行抱怨并要求具体措施。,启迪环境三季度营收、净利润同一、二季度相比仍呈下滑态势，这与国内三季度经济形势及行业反弹情况相背离，是什么原因？,投资者您好，第三季度公司整理生产经营情况处在一个恢复期。同时收入、利润结构较同期有所变化。公司目前整体生产经营状况正常，公司将通过提升项目管理水平促进项目整体运营。感谢您的提问。,请公司不要总是口号式、模板化回答问题，能否说点具体提升公司业绩和发展措施，难道已经无力回天了么？,000826_2020,66,69,3,Complaint,Q2明确针对A1口号式、模板化回答进行抱怨并要求具体措施。,,,1
positive,公司陷入困境有经济大环境、自身经营原因、更多的是客户的歧视，使大量现金被占用项目进展缓慢，南宁武鸣的例子、财政部欠款数十亿即为明证，契约是商业社会基石，不可能长期违背，公司具有市场独有特性，即便为了打通政府财政资源，为什么不寻求出价更合理的买家，既体现公司价值，又保护投资者利益？ 投资者您好，感谢您的建议。,请公司不要总是口号式、模板化回答问题，能否说点具体提升公司业绩和发展措施，难道已经无力回天了么？,2,answer_pressure,dep_reason,Q2直接批评A1模板化回答方式，并催促提供具体措施，属于交互依赖。,公司陷入困境有经济大环境、自身经营原因、更多的是客户的歧视，使大量现金被占用项目进展缓慢，南宁武鸣的例子、财政部欠款数十亿即为明证，契约是商业社会基石，不可能长期违背，公司具有市场独有特性，即便为了打通政府财政资源，为什么不寻求出价更合理的买家，既体现公司价值，又保护投资者利益？,投资者您好，感谢您的建议。,请公司不要总是口号式、模板化回答问题，能否说点具体提升公司业绩和发展措施，难道已经无力回天了么？,000826_2020,67,69,2,Complaint,Q2直接批评A1模板化回答方式，并催促提供具体措施，属于交互依赖。,,,1
positive,"目前在手垃圾焚烧发电项目的吨垃圾发电量？有多少个垃圾焚烧发电项目已经纳入补贴名录，还有多少个项目在申请？补贴退坡对项目回报率的影响有多大？能和地方政府重新谈垃圾处理费吗？ 投资者您好，公司目前运营（含试运营及调试阶段）的垃圾焚烧发电项目处理能力约为12,800吨/日。运营项目中兰陵、临清、沂水项目纳入了2020年第三批清单；日处理产能合计2000吨。部分项目在进入正式运营后适用调价机制。感谢您的关注。",请公司不要总是口号式、模板化回答问题，能否说点具体提升公司业绩和发展措施，难道已经无力回天了么？,2,answer_pressure,dep_reason,Q2明确针对A1回答方式口号化、模板化进行抱怨和催促具体措施。,目前在手垃圾焚烧发电项目的吨垃圾发电量？有多少个垃圾焚烧发电项目已经纳入补贴名录，还有多少个项目在申请？补贴退坡对项目回报率的影响有多大？能和地方政府重新谈垃圾处理费吗？,"投资者您好，公司目前运营（含试运营及调试阶段）的垃圾焚烧发电项目处理能力约为12,800吨/日。运营项目中兰陵、临清、沂水项目纳入了2020年第三批清单；日处理产能合计2000吨。部分项目在进入正式运营后适用调价机制。感谢您的关注。",请公司不要总是口号式、模板化回答问题，能否说点具体提升公司业绩和发展措施，难道已经无力回天了么？,000826_2020,68,69,1,Complaint,Q2明确针对A1回答方式口号化、模板化进行抱怨和催促具体措施。,,,1
positive,公司陷入困境有经济大环境、自身经营原因、更多的是客户的歧视，使大量现金被占用项目进展缓慢，南宁武鸣的例子、财政部欠款数十亿即为明证，契约是商业社会基石，不可能长期违背，公司具有市场独有特性，即便为了打通政府财政资源，为什么不等一个肯出价更合理的买家，为何贱卖？ 您好，本次吸收合并方案是综合考虑了公司资金流动性、双方协同效应、公司未来长远发展等因素后，经双方充分协商讨论确定的。整体方案的制定从合规性出发，不存在损害投资者利益的情况。感谢关注。,为何股价低那么多,2,answer_pressure,dep_reason,Q2重复Q1核心问题（为何贱卖/股价低），A1笼统敷衍，继续追问定价过低原因。,公司陷入困境有经济大环境、自身经营原因、更多的是客户的歧视，使大量现金被占用项目进展缓慢，南宁武鸣的例子、财政部欠款数十亿即为明证，契约是商业社会基石，不可能长期违背，公司具有市场独有特性，即便为了打通政府财政资源，为什么不等一个肯出价更合理的买家，为何贱卖？,您好，本次吸收合并方案是综合考虑了公司资金流动性、双方协同效应、公司未来长远发展等因素后，经双方充分协商讨论确定的。整体方案的制定从合规性出发，不存在损害投资者利益的情况。感谢关注。,为何股价低那么多,000826_2020,81,85,4,Complaint,Q2重复Q1核心问题（为何贱卖/股价低），A1笼统敷衍，继续追问定价过低原因。,,,1
positive,"尊敬的黄总下午好,请问作为管理者你对于启迪环境目前的估值是否满意，是否反映了公司的真正的价值？管理层有没有股权激励的计划？谢谢。 投资者您好，公司暂未有股权激励计划。股价受市场环境等多种因素影响，公司经营层致力于通过提升管理水平、深挖项目价值、提升公司自身的价值以获得长期而合理的市场认可。感谢您的关注。",为何股价低那么多,2,answer_pressure,dep_reason,Q2针对A1中股价受多种因素影响的笼统表述，追问股价低的具体原因。,"尊敬的黄总下午好,请问作为管理者你对于启迪环境目前的估值是否满意，是否反映了公司的真正的价值？管理层有没有股权激励的计划？谢谢。",投资者您好，公司暂未有股权激励计划。股价受市场环境等多种因素影响，公司经营层致力于通过提升管理水平、深挖项目价值、提升公司自身的价值以获得长期而合理的市场认可。感谢您的关注。,为何股价低那么多,000826_2020,84,85,1,Elaboration,Q2针对A1中股价受多种因素影响的笼统表述，追问股价低的具体原因。,,,1
positive,为何股价低那么多 您好，二级市场股价受政策、行业、市场波动等多重因素综合影响。谢谢关注！,针对当前的股价表现，董事会有什么要讲的吗,1,disclosure_detail,dep_reason,Q2针对A1笼统回避回答，要求董事会直接回应股价问题。,为何股价低那么多,您好，二级市场股价受政策、行业、市场波动等多重因素综合影响。谢谢关注！,针对当前的股价表现，董事会有什么要讲的吗,000826_2020,85,89,4,Complaint,Q2针对A1笼统回避回答，要求董事会直接回应股价问题。,,,1
positive,公司从2018年提出回购计划，每次都没有如期完成，历时三年，忽悠三次，投资者多次燃起希望又破灭希望，被称为忽悠式回购，请问李总怎么看待这个问题。今年的回购是否能够按期完成？ 投资者您好，公司将根据市场情况及公司总体资金安排继续在回购期限内实施本次回购方案，并根据相关规定及时履行信息披露义务。谢谢关注。,信心比黄金更重要，自公司回购方案推出以来，股指上涨20个百分点，公司股价不论与股指还是同类公司相比，却是有较大跌幅，细究原因，是投资者对公司言而无信，选择用脚投票。可以说如果没有回购，很多投资者会选择止损而不是坚守。请问一句歉意，能抚慰伤害吗？良心痛吗？,1,disclosure_detail,dep_reason,Q2针对A1未正面回应回购失信和回避态度进行情绪性质问与追责。,公司从2018年提出回购计划，每次都没有如期完成，历时三年，忽悠三次，投资者多次燃起希望又破灭希望，被称为忽悠式回购，请问李总怎么看待这个问题。今年的回购是否能够按期完成？,投资者您好，公司将根据市场情况及公司总体资金安排继续在回购期限内实施本次回购方案，并根据相关规定及时履行信息披露义务。谢谢关注。,信心比黄金更重要，自公司回购方案推出以来，股指上涨20个百分点，公司股价不论与股指还是同类公司相比，却是有较大跌幅，细究原因，是投资者对公司言而无信，选择用脚投票。可以说如果没有回购，很多投资者会选择止损而不是坚守。请问一句歉意，能抚慰伤害吗？良心痛吗？,000826_2020,86,87,1,Complaint,Q2针对A1未正面回应回购失信和回避态度进行情绪性质问与追责。,,,1
positive,2020年前三季度盈利一直乐观，为啥到了第四个季度就变成?15.33亿元，三个月赔了22.88亿，贵公司是由什么吞金兽项目，一谈到这个问题，贵公司就开始打马虎眼。 投资者您好，业绩变动原因包括：1、建设施工项目施工进度受疫情影响，报告期内新中标合同减少，使得公司整体收入较以前年度有所下降。2、依据合同的相关约定和财务测算计提减值及损失。3、根据《企业会计准则》的要求和公司会计政策的规定，公司根据测算后的预计信用损失率及按照个别认定方式，针对应收款项计提预期信用减值损失。具体财务数据公司将在2020年年度报告中详细披露。感谢关注。,请正面回答，对于诸多”老赖”拖欠公司的巨额应收账款，公司财报多次表示采取措施进行追索，但显然效果并不理想，请问追索工具包是否包括法律手段，适用对象是否包括国家财政部？,1,disclosure_detail,dep_reason,Q2针对A1中的应收款项减值继续追问追索措施细节。,2020年前三季度盈利一直乐观，为啥到了第四个季度就变成?15.33亿元，三个月赔了22.88亿，贵公司是由什么吞金兽项目，一谈到这个问题，贵公司就开始打马虎眼。,投资者您好，业绩变动原因包括：1、建设施工项目施工进度受疫情影响，报告期内新中标合同减少，使得公司整体收入较以前年度有所下降。2、依据合同的相关约定和财务测算计提减值及损失。3、根据《企业会计准则》的要求和公司会计政策的规定，公司根据测算后的预计信用损失率及按照个别认定方式，针对应收款项计提预期信用减值损失。具体财务数据公司将在2020年年度报告中详细披露。感谢关注。,请正面回答，对于诸多”老赖”拖欠公司的巨额应收账款，公司财报多次表示采取措施进行追索，但显然效果并不理想，请问追索工具包是否包括法律手段，适用对象是否包括国家财政部？,000826_2020,88,93,5,Elaboration,Q2针对A1中的应收款项减值继续追问追索措施细节。,,,1
positive,“经营活动现金流持续改善，2020年1至9月再生业务收现比128.89%“”，这是否可理解为经营现金流的改善主要是以再生业务营收的急剧萎缩换取来的？ 您好，公司战略布局调整，伴随着公司项目逐步实现稳定运营，公司主营业务收入结构由工程建设收入为主逐步向市场运营服务收入为主转型。公司在业务领域实施中根据产业政策调整各项细分领域产业结构，以优化整体收入及应收结构成。感谢关注。,请问你们是看地图布局吗？,1,disclosure_detail,dep_reason,Q2用“看地图布局”讽刺A1回避再生业务现金流问题，针对其模糊回答继续互动。,“经营活动现金流持续改善，2020年1至9月再生业务收现比128.89%“”，这是否可理解为经营现金流的改善主要是以再生业务营收的急剧萎缩换取来的？,您好，公司战略布局调整，伴随着公司项目逐步实现稳定运营，公司主营业务收入结构由工程建设收入为主逐步向市场运营服务收入为主转型。公司在业务领域实施中根据产业政策调整各项细分领域产业结构，以优化整体收入及应收结构成。感谢关注。,请问你们是看地图布局吗？,000826_2020,90,95,5,Challenge,Q2用“看地图布局”讽刺A1回避再生业务现金流问题，针对其模糊回答继续互动。,,,1
positive,"长江大保护建设如火如荼，长江三峡参股近一年，但我们没有看到任何关于贵司与长江三峡合作参与长江大保护建设项目的消息。请问李总，贵司与长江三峡目前是否有具体的合作项目？如有，请介绍下！谢谢！ 投资者您好，2019年底，三峡资本控股有限责任公司及长江生态环保集团有限公司两方作为意向受让方以135,209万元的价格摘牌受让了雄安浦华40%的股权。根据产权交易合同战略合作部分，雄安浦华作为交易各方在污水处理、管网优化、生态修复、智慧环保方面的核心技术支持单位，以武汉等标的公司已经进行大量技术工作的城市为试点，推动雄安浦华先进环保技术应用和开发。受让方授权雄安浦华为其在长江流域业务布局的市场拓展代表，并提供在市场开拓过程中的所需各种资源和协助，包括协助标的公司与政府部门沟通、项目调研立项、项目具体实施等。感谢您的关注。",请问你们是看地图布局吗？,2,strategy_planning,dep_reason,Q2针对A1中长江流域业务布局质疑其决策依据，追问是否只是看地图布局。,长江大保护建设如火如荼，长江三峡参股近一年，但我们没有看到任何关于贵司与长江三峡合作参与长江大保护建设项目的消息。请问李总，贵司与长江三峡目前是否有具体的合作项目？如有，请介绍下！谢谢！,"投资者您好，2019年底，三峡资本控股有限责任公司及长江生态环保集团有限公司两方作为意向受让方以135,209万元的价格摘牌受让了雄安浦华40%的股权。根据产权交易合同战略合作部分，雄安浦华作为交易各方在污水处理、管网优化、生态修复、智慧环保方面的核心技术支持单位，以武汉等标的公司已经进行大量技术工作的城市为试点，推动雄安浦华先进环保技术应用和开发。受让方授权雄安浦华为其在长江流域业务布局的市场拓展代表，并提供在市场开拓过程中的所需各种资源和协助，包括协助标的公司与政府部门沟通、项目调研立项、项目具体实施等。感谢您的关注。",请问你们是看地图布局吗？,000826_2020,92,95,3,Challenge,Q2针对A1中长江流域业务布局质疑其决策依据，追问是否只是看地图布局。,,,1
positive,随着疫情的缓解，复工的开展，防疫费用的下降，业务收入的增加，每季度的利润应该逐渐增加(一季度应该是影响最严重的吧)，请问为何公司的利润逐季减少，原因是什么？ 公司2019年以来相关收入由原来的工程建设类主要转变为运营类为主，在狠抓现金流回收的情况下利润出现一定幅度的下滑。同时受上年同期收到政府集中支付的产业扶持资金的影响，所以利润出现了下滑。感谢您的关注。,1、公司毛利率、净利率均出现下滑，原因是什么？2、3季度单季度的收入、净利润下滑幅度与疫情严重的一季度接近，公司业务出现了什么问题？什么时候能有好转？,2,performance_governance,dep_reason,Q2针对A1未充分解释的利润逐季下滑现象，继续追问毛利率净利率和业务问题及好转时间。,随着疫情的缓解，复工的开展，防疫费用的下降，业务收入的增加，每季度的利润应该逐渐增加(一季度应该是影响最严重的吧)，请问为何公司的利润逐季减少，原因是什么？,公司2019年以来相关收入由原来的工程建设类主要转变为运营类为主，在狠抓现金流回收的情况下利润出现一定幅度的下滑。同时受上年同期收到政府集中支付的产业扶持资金的影响，所以利润出现了下滑。感谢您的关注。,1、公司毛利率、净利率均出现下滑，原因是什么？2、3季度单季度的收入、净利润下滑幅度与疫情严重的一季度接近，公司业务出现了什么问题？什么时候能有好转？,000826_2020,107,110,3,Elaboration,Q2针对A1未充分解释的利润逐季下滑现象，继续追问毛利率净利率和业务问题及好转时间。,,,1
positive,1、公司毛利率、净利率均出现下滑，原因是什么？2、3季度单季度的收入、净利润下滑幅度与疫情严重的一季度接近，公司业务出现了什么问题？什么时候能有好转？ 投资者您好，第三季度公司整理生产经营情况处在一个恢复期。同时收入、利润结构较同期有所变化。公司目前整体生产经营状况正常，公司将通过提升项目管理水平促进项目整体运营。感谢您的提问。,为什么三季度营收下滑，主要是哪块业务？环卫业务三季度增速如何。,2,performance_governance,dep_reason,Q2针对A1中“收入、利润结构较同期有所变化”继续追问具体业务下滑原因及环卫业务增速，要求细化。,1、公司毛利率、净利率均出现下滑，原因是什么？2、3季度单季度的收入、净利润下滑幅度与疫情严重的一季度接近，公司业务出现了什么问题？什么时候能有好转？,投资者您好，第三季度公司整理生产经营情况处在一个恢复期。同时收入、利润结构较同期有所变化。公司目前整体生产经营状况正常，公司将通过提升项目管理水平促进项目整体运营。感谢您的提问。,为什么三季度营收下滑，主要是哪块业务？环卫业务三季度增速如何。,000826_2020,110,112,2,Elaboration,Q2针对A1中“收入、利润结构较同期有所变化”继续追问具体业务下滑原因及环卫业务增速，要求细化。,,,1
positive,1、公司毛利率、净利率均出现下滑，原因是什么？2、3季度单季度的收入、净利润下滑幅度与疫情严重的一季度接近，公司业务出现了什么问题？什么时候能有好转？ 投资者您好，第三季度公司整理生产经营情况处在一个恢复期。同时收入、利润结构较同期有所变化。公司目前整体生产经营状况正常，公司将通过提升项目管理水平促进项目整体运营。感谢您的提问。,做为老股东感觉提问让自己很贱，CAO,2,answer_pressure,dep_reason,Q2直接抱怨提问体验差，针对A1笼统敷衍的回答状态表达不满。,1、公司毛利率、净利率均出现下滑，原因是什么？2、3季度单季度的收入、净利润下滑幅度与疫情严重的一季度接近，公司业务出现了什么问题？什么时候能有好转？,投资者您好，第三季度公司整理生产经营情况处在一个恢复期。同时收入、利润结构较同期有所变化。公司目前整体生产经营状况正常，公司将通过提升项目管理水平促进项目整体运营。感谢您的提问。,做为老股东感觉提问让自己很贱，CAO,000826_2020,110,114,4,Complaint,Q2直接抱怨提问体验差，针对A1笼统敷衍的回答状态表达不满。,,,1
positive,1、公司毛利率、净利率均出现下滑，原因是什么？2、3季度单季度的收入、净利润下滑幅度与疫情严重的一季度接近，公司业务出现了什么问题？什么时候能有好转？ 投资者您好，第三季度公司整理生产经营情况处在一个恢复期。同时收入、利润结构较同期有所变化。公司目前整体生产经营状况正常，公司将通过提升项目管理水平促进项目整体运营。感谢您的提问。,3季度公司公司收入减少有限，但利润大幅下降，具体原因是什么呢？公司现在在采取哪些措施挽回公司收益呢,1,disclosure_detail,dep_reason,Q2针对A1笼统回答，继续追问Q1中未获具体答案的利润下滑原因及措施，施压要求补充细节。,1、公司毛利率、净利率均出现下滑，原因是什么？2、3季度单季度的收入、净利润下滑幅度与疫情严重的一季度接近，公司业务出现了什么问题？什么时候能有好转？,投资者您好，第三季度公司整理生产经营情况处在一个恢复期。同时收入、利润结构较同期有所变化。公司目前整体生产经营状况正常，公司将通过提升项目管理水平促进项目整体运营。感谢您的提问。,3季度公司公司收入减少有限，但利润大幅下降，具体原因是什么呢？公司现在在采取哪些措施挽回公司收益呢,000826_2020,110,115,5,Challenge,Q2针对A1笼统回答，继续追问Q1中未获具体答案的利润下滑原因及措施，施压要求补充细节。,,,1
positive,我想请问下董秘张维雅女士，怎么看待资本市场公司信誉的问题，公司的回购一而再再而三的爽约，一个回购拖了将近三年的时间，最近的一次回购还有2个月左右的时间，公司管理层一直信誓旦旦的说会按期回购，作为一个专业人士，请问投资者应该怎么对待没有诚信的公司 投资者您好，公司将根据市场情况及公司总体资金安排继续在回购期限内实施本次回购方案，并根据相关规定及时履行信息披露义务。谢谢关注。,几次三番的忽悠回购，然后大股东忽悠7.5元定增，吸收合并我不知道是不是大忽悠，忽悠投资者可以，请注意次数。以后可以不向市场强调公司是诚信经营吗？作为股东都躁得慌，谢谢！,1,disclosure_detail,dep_reason,Q2针对A1回避回购爽约问题继续抱怨，并质疑公司诚信。,我想请问下董秘张维雅女士，怎么看待资本市场公司信誉的问题，公司的回购一而再再而三的爽约，一个回购拖了将近三年的时间，最近的一次回购还有2个月左右的时间，公司管理层一直信誓旦旦的说会按期回购，作为一个专业人士，请问投资者应该怎么对待没有诚信的公司,投资者您好，公司将根据市场情况及公司总体资金安排继续在回购期限内实施本次回购方案，并根据相关规定及时履行信息披露义务。谢谢关注。,几次三番的忽悠回购，然后大股东忽悠7.5元定增，吸收合并我不知道是不是大忽悠，忽悠投资者可以，请注意次数。以后可以不向市场强调公司是诚信经营吗？作为股东都躁得慌，谢谢！,000826_2020,111,113,2,Complaint,Q2针对A1回避回购爽约问题继续抱怨，并质疑公司诚信。,,,1
positive,我想请问下董秘张维雅女士，怎么看待资本市场公司信誉的问题，公司的回购一而再再而三的爽约，一个回购拖了将近三年的时间，最近的一次回购还有2个月左右的时间，公司管理层一直信誓旦旦的说会按期回购，作为一个专业人士，请问投资者应该怎么对待没有诚信的公司 投资者您好，公司将根据市场情况及公司总体资金安排继续在回购期限内实施本次回购方案，并根据相关规定及时履行信息披露义务。谢谢关注。,做为老股东感觉提问让自己很贱，CAO,1,disclosure_detail,dep_reason,Q2抱怨提问体验不佳，针对A1回避式回答状态表达不满。,我想请问下董秘张维雅女士，怎么看待资本市场公司信誉的问题，公司的回购一而再再而三的爽约，一个回购拖了将近三年的时间，最近的一次回购还有2个月左右的时间，公司管理层一直信誓旦旦的说会按期回购，作为一个专业人士，请问投资者应该怎么对待没有诚信的公司,投资者您好，公司将根据市场情况及公司总体资金安排继续在回购期限内实施本次回购方案，并根据相关规定及时履行信息披露义务。谢谢关注。,做为老股东感觉提问让自己很贱，CAO,000826_2020,111,114,3,Complaint,Q2抱怨提问体验不佳，针对A1回避式回答状态表达不满。,,,1
positive,为什么三季度营收下滑，主要是哪块业务？环卫业务三季度增速如何。 投资者您好，公司战略布局调整，伴随着公司项目逐步实现稳定运营，公司主营业务收入结构由工程建设收入为主逐步向市场运营服务收入为主转型。截止2020年三季度运营类收入占比80.45%，施工类收入占比19.55%。聚焦主业，产业协同。感谢关注。,做为老股东感觉提问让自己很贱，CAO,1,disclosure_detail,dep_reason,Q2针对A1回避性回答表达不满和抱怨。,为什么三季度营收下滑，主要是哪块业务？环卫业务三季度增速如何。,投资者您好，公司战略布局调整，伴随着公司项目逐步实现稳定运营，公司主营业务收入结构由工程建设收入为主逐步向市场运营服务收入为主转型。截止2020年三季度运营类收入占比80.45%，施工类收入占比19.55%。聚焦主业，产业协同。感谢关注。,做为老股东感觉提问让自己很贱，CAO,000826_2020,112,114,2,Complaint,Q2针对A1回避性回答表达不满和抱怨。,,,1
positive,为什么三季度营收下滑，主要是哪块业务？环卫业务三季度增速如何。 投资者您好，公司战略布局调整，伴随着公司项目逐步实现稳定运营，公司主营业务收入结构由工程建设收入为主逐步向市场运营服务收入为主转型。截止2020年三季度运营类收入占比80.45%，施工类收入占比19.55%。聚焦主业，产业协同。感谢关注。,1、请问公司的发展战略是什么？2、公司股价这么低，为什么管理层不增持，以提振市场信心？3、环卫业务低价转让给大股东，是否存在利益输送，损害中小股东利益？4、二股东桑德是否有违规占用上市公司资金、违规担保等情形？,2,strategy_planning,dep_reason,Q2第一问基于A1中战略布局调整继续追问具体发展战略，构成内容依赖。,为什么三季度营收下滑，主要是哪块业务？环卫业务三季度增速如何。,投资者您好，公司战略布局调整，伴随着公司项目逐步实现稳定运营，公司主营业务收入结构由工程建设收入为主逐步向市场运营服务收入为主转型。截止2020年三季度运营类收入占比80.45%，施工类收入占比19.55%。聚焦主业，产业协同。感谢关注。,1、请问公司的发展战略是什么？2、公司股价这么低，为什么管理层不增持，以提振市场信心？3、环卫业务低价转让给大股东，是否存在利益输送，损害中小股东利益？4、二股东桑德是否有违规占用上市公司资金、违规担保等情形？,000826_2020,112,117,5,Elaboration,Q2第一问基于A1中战略布局调整继续追问具体发展战略，构成内容依赖。,,,1
positive,几次三番的忽悠回购，然后大股东忽悠7.5元定增，吸收合并我不知道是不是大忽悠，忽悠投资者可以，请注意次数。以后可以不向市场强调公司是诚信经营吗？作为股东都躁得慌，谢谢！ 投资者您好，感谢关注。,做为老股东感觉提问让自己很贱，CAO,1,disclosure_detail,dep_reason,Q2针对A1的回避式回应表达不满，认为提问被忽视。,几次三番的忽悠回购，然后大股东忽悠7.5元定增，吸收合并我不知道是不是大忽悠，忽悠投资者可以，请注意次数。以后可以不向市场强调公司是诚信经营吗？作为股东都躁得慌，谢谢！,投资者您好，感谢关注。,做为老股东感觉提问让自己很贱，CAO,000826_2020,113,114,1,Complaint,Q2针对A1的回避式回应表达不满，认为提问被忽视。,,,1
positive,3季度公司公司收入减少有限，但利润大幅下降，具体原因是什么呢？公司现在在采取哪些措施挽回公司收益呢 投资者您好，公司战略布局调整，伴随着公司项目逐步实现稳定运营，公司主营业务收入结构由工程建设收入为主逐步向市场运营服务收入为主转型。截止2020年三季度运营类收入占比80.45%，施工类收入占比19.55%。聚焦主业，产业协同。感谢您的关注。,利润下滑原因？,2,performance_governance,dep_reason,Q2重复追问Q1中利润下滑原因，因A1未正面回答该问题。,3季度公司公司收入减少有限，但利润大幅下降，具体原因是什么呢？公司现在在采取哪些措施挽回公司收益呢,投资者您好，公司战略布局调整，伴随着公司项目逐步实现稳定运营，公司主营业务收入结构由工程建设收入为主逐步向市场运营服务收入为主转型。截止2020年三季度运营类收入占比80.45%，施工类收入占比19.55%。聚焦主业，产业协同。感谢您的关注。,利润下滑原因？,000826_2020,115,116,1,Complaint,Q2重复追问Q1中利润下滑原因，因A1未正面回答该问题。,,,1
positive,3季度公司公司收入减少有限，但利润大幅下降，具体原因是什么呢？公司现在在采取哪些措施挽回公司收益呢 投资者您好，公司战略布局调整，伴随着公司项目逐步实现稳定运营，公司主营业务收入结构由工程建设收入为主逐步向市场运营服务收入为主转型。截止2020年三季度运营类收入占比80.45%，施工类收入占比19.55%。聚焦主业，产业协同。感谢您的关注。,1、请问公司的发展战略是什么？2、公司股价这么低，为什么管理层不增持，以提振市场信心？3、环卫业务低价转让给大股东，是否存在利益输送，损害中小股东利益？4、二股东桑德是否有违规占用上市公司资金、违规担保等情形？,2,strategy_planning,dep_reason,Q2第一个问题针对A1中'战略布局调整'进一步追问具体战略，构成内容依赖。,3季度公司公司收入减少有限，但利润大幅下降，具体原因是什么呢？公司现在在采取哪些措施挽回公司收益呢,投资者您好，公司战略布局调整，伴随着公司项目逐步实现稳定运营，公司主营业务收入结构由工程建设收入为主逐步向市场运营服务收入为主转型。截止2020年三季度运营类收入占比80.45%，施工类收入占比19.55%。聚焦主业，产业协同。感谢您的关注。,1、请问公司的发展战略是什么？2、公司股价这么低，为什么管理层不增持，以提振市场信心？3、环卫业务低价转让给大股东，是否存在利益输送，损害中小股东利益？4、二股东桑德是否有违规占用上市公司资金、违规担保等情形？,000826_2020,115,117,2,Elaboration,Q2第一个问题针对A1中'战略布局调整'进一步追问具体战略，构成内容依赖。,,,1
positive,3季度公司公司收入减少有限，但利润大幅下降，具体原因是什么呢？公司现在在采取哪些措施挽回公司收益呢 投资者您好，公司战略布局调整，伴随着公司项目逐步实现稳定运营，公司主营业务收入结构由工程建设收入为主逐步向市场运营服务收入为主转型。截止2020年三季度运营类收入占比80.45%，施工类收入占比19.55%。聚焦主业，产业协同。感谢您的关注。,请回答下，前面提出的三季度业绩下滑具体原因，以及在建工程转固时间。,2,performance_governance,dep_reason,Q2明确指责A1未回答上轮业绩下滑原因，催促继续回答。,3季度公司公司收入减少有限，但利润大幅下降，具体原因是什么呢？公司现在在采取哪些措施挽回公司收益呢,投资者您好，公司战略布局调整，伴随着公司项目逐步实现稳定运营，公司主营业务收入结构由工程建设收入为主逐步向市场运营服务收入为主转型。截止2020年三季度运营类收入占比80.45%，施工类收入占比19.55%。聚焦主业，产业协同。感谢您的关注。,请回答下，前面提出的三季度业绩下滑具体原因，以及在建工程转固时间。,000826_2020,115,119,4,Complaint,Q2明确指责A1未回答上轮业绩下滑原因，催促继续回答。,,,1
positive,利润下滑原因？ 投资者您好，第三季度公司整理生产经营情况处在一个恢复期。同时收入、利润结构较同期有所变化。公司目前整体生产经营状况正常，公司将通过提升项目管理水平促进项目整体运营。感谢您的提问。,请回答下，前面提出的三季度业绩下滑具体原因，以及在建工程转固时间。,2,performance_governance,dep_reason,Q2明确针对A1未具体回答Q1的利润下滑原因，催促补答并同时提出新问题。,利润下滑原因？,投资者您好，第三季度公司整理生产经营情况处在一个恢复期。同时收入、利润结构较同期有所变化。公司目前整体生产经营状况正常，公司将通过提升项目管理水平促进项目整体运营。感谢您的提问。,请回答下，前面提出的三季度业绩下滑具体原因，以及在建工程转固时间。,000826_2020,116,119,3,Complaint,Q2明确针对A1未具体回答Q1的利润下滑原因，催促补答并同时提出新问题。,,,1
positive,我个人了解到许多企业做环保项目并不积极，都是政策要求下不得不做。请问李总，是这样吗？谢谢！ 投资者您好，公司主营业务包括固废处理、环卫运营服务、水务业务及再生业务等，项目均具有一定的公共事业属性，公司在项目进展的同时，密切关注其社会效益的实现。公司一致积极提升项目运营管理品质，为项目所在地的区域发展贡献力量。感谢您的提问。,公司对于环保产业链的布局很全面那是否对于业务板块有侧重点？,2,strategy_planning,dep_reason,Q2针对A1中全面环保业务布局，追问是否有侧重点。,我个人了解到许多企业做环保项目并不积极，都是政策要求下不得不做。请问李总，是这样吗？谢谢！,投资者您好，公司主营业务包括固废处理、环卫运营服务、水务业务及再生业务等，项目均具有一定的公共事业属性，公司在项目进展的同时，密切关注其社会效益的实现。公司一致积极提升项目运营管理品质，为项目所在地的区域发展贡献力量。感谢您的提问。,公司对于环保产业链的布局很全面那是否对于业务板块有侧重点？,000826_2020,122,123,1,Elaboration,Q2针对A1中全面环保业务布局，追问是否有侧重点。,,,1
positive,公司财报显示，公司有巨额的应收账款长期未能收回，给公司带来巨大的资金压力，迫于压力，公司不得不向银行大举举债并支付高额利息，拉低了公司的经营水平，同时公司股本回购计划因资金压力多次延期，据本次计划截止时间已不足70天，但计划完成尚不足1/10，公司采取的措施是与欠款方沟通，但显然效果并不理想，请问公司是否考虑采用法律手段对包括国家财政部在内的诸多欠款诉诸于法律，解决资金占用，以提高公司经营能力，回 您好，公司应收账款主要来自于再生资源业务补贴基金、环卫运营以及固废建设运营类应收账款，应收账款往来单位主要包括政府合作方、建造类企业以及市场业务合作方，信用风险总体可控。公司将根据市场情况及公司总体资金安排继续在回购期限内实施本次回购方案，并根据相关规定及时履行信息披露义务。谢谢关注。,公司很早就公告回购方案但是似乎没有实际的进展是因为公司的资金链紧张吗？,1,disclosure_detail,dep_reason,Q2围绕A1中回购方案进展追问资金链紧张原因。,公司财报显示，公司有巨额的应收账款长期未能收回，给公司带来巨大的资金压力，迫于压力，公司不得不向银行大举举债并支付高额利息，拉低了公司的经营水平，同时公司股本回购计划因资金压力多次延期，据本次计划截止时间已不足70天，但计划完成尚不足1/10，公司采取的措施是与欠款方沟通，但显然效果并不理想，请问公司是否考虑采用法律手段对包括国家财政部在内的诸多欠款诉诸于法律，解决资金占用，以提高公司经营能力，回,您好，公司应收账款主要来自于再生资源业务补贴基金、环卫运营以及固废建设运营类应收账款，应收账款往来单位主要包括政府合作方、建造类企业以及市场业务合作方，信用风险总体可控。公司将根据市场情况及公司总体资金安排继续在回购期限内实施本次回购方案，并根据相关规定及时履行信息披露义务。谢谢关注。,公司很早就公告回购方案但是似乎没有实际的进展是因为公司的资金链紧张吗？,000826_2020,124,127,3,Elaboration,Q2围绕A1中回购方案进展追问资金链紧张原因。,,,1
positive,今年业绩好不好，负债总额是多少，负债的利率是多少 您好，公司整体负债率属合理比例，净利润变动的主要原因是公司战略布局调整，主营业务收入贡献由工程建造业务收入为主转向运营服务收入为主。公司运营资产基础稳健，明确启迪环境聚焦能源环保一体化、城市环境服务、水务、再生资源运营业务为核心业务的定位，为未来长远发展奠定基础。谢谢关注,请问李总，水务板块是否将来转让？除了水务业务之外，还有哪些业务是会战略收缩的？公司是否在采取聚焦核心业务的战略？,1,disclosure_detail,dep_reason,Q2针对A1中聚焦核心业务的战略定位，进一步追问水务板块转让和业务收缩细节。,今年业绩好不好，负债总额是多少，负债的利率是多少,您好，公司整体负债率属合理比例，净利润变动的主要原因是公司战略布局调整，主营业务收入贡献由工程建造业务收入为主转向运营服务收入为主。公司运营资产基础稳健，明确启迪环境聚焦能源环保一体化、城市环境服务、水务、再生资源运营业务为核心业务的定位，为未来长远发展奠定基础。谢谢关注,请问李总，水务板块是否将来转让？除了水务业务之外，还有哪些业务是会战略收缩的？公司是否在采取聚焦核心业务的战略？,000826_2020,134,139,5,Elaboration,Q2针对A1中聚焦核心业务的战略定位，进一步追问水务板块转让和业务收缩细节。,,,1
positive,黄总，您好，您到启迪环境任职也已经一个多月了，想请教下您，您如何看待启迪环境目前的业务，亏损这么严重，亏损的主要原因是什么？后续扭亏为盈，做大做强的应对措施是什么？与城发环境合并后，能否有机会重现以前的辉煌？ 投资者您好，业绩变动原因包括：1、建设施工项目施工进度受疫情影响，报告期内新中标合同减少，使得公司整体收入较以前年度有所下降。2、依据合同的相关约定和财务测算计提减值及损失。3、根据《企业会计准则》的要求和公司会计政策的规定，公司根据测算后的预计信用损失率及按照个别认定方式，针对应收款项计提预期信用减值损失。公司将严格按照有关法律法规的规定和要求，尽职做好经营管理，认真履行信息披露义务。谢谢您的关注。,公司管理层对公司经营的答卷一样标准，只有清华人能做出来啊。该交卷啦！散户关注的是公司市值股价，你们领着高工资难道对公司的市值没有要求吗？,1,disclosure_detail,dep_reason,Q2针对A1回答如标准答卷般空洞进行讽刺和催促。,黄总，您好，您到启迪环境任职也已经一个多月了，想请教下您，您如何看待启迪环境目前的业务，亏损这么严重，亏损的主要原因是什么？后续扭亏为盈，做大做强的应对措施是什么？与城发环境合并后，能否有机会重现以前的辉煌？,投资者您好，业绩变动原因包括：1、建设施工项目施工进度受疫情影响，报告期内新中标合同减少，使得公司整体收入较以前年度有所下降。2、依据合同的相关约定和财务测算计提减值及损失。3、根据《企业会计准则》的要求和公司会计政策的规定，公司根据测算后的预计信用损失率及按照个别认定方式，针对应收款项计提预期信用减值损失。公司将严格按照有关法律法规的规定和要求，尽职做好经营管理，认真履行信息披露义务。谢谢您的关注。,公司管理层对公司经营的答卷一样标准，只有清华人能做出来啊。该交卷啦！散户关注的是公司市值股价，你们领着高工资难道对公司的市值没有要求吗？,000826_2020,138,143,5,Complaint,Q2针对A1回答如标准答卷般空洞进行讽刺和催促。,,,1
positive,公司管理层对公司经营的答卷一样标准，只有清华人能做出来啊。该交卷啦！散户关注的是公司市值股价，你们领着高工资难道对公司的市值没有要求吗？ 投资者您好，公司经营管理层致力于通过提升公司整体经营水平，提升企业价值，增强公司核心竞争力和盈利能力来提振公司股价，公司同样希望股价是公司合理价值的反映。公司一直在进行积极的市值管理工作，但二级市场股价受到公司所处行业环境、投资预期等多方面因素的影响，近期股价较为低迷。公司管理层将持续努力提升公司经营水平，以提升公司价值回报广大投资者。公司的投资者沟通渠道也持续保持畅通，保证及时将投资者的声音第一时间反馈给公司经营管理层。感谢您的关注。,公司业绩年年下滑，但是管理层缺拿着巨薪，拿去年来说，巨亏10多亿，文辉却拿着几百万的年薪拍拍屁股走人了，不需要承担任何的责任，留下了一摊子烂账，屡次失信于投资者，请问怎么看待上市公司和管理层的诚信问题？,1,disclosure_detail,dep_reason,Q2针对A1回避薪酬与业绩矛盾，继续质疑管理层诚信问题。,公司管理层对公司经营的答卷一样标准，只有清华人能做出来啊。该交卷啦！散户关注的是公司市值股价，你们领着高工资难道对公司的市值没有要求吗？,投资者您好，公司经营管理层致力于通过提升公司整体经营水平，提升企业价值，增强公司核心竞争力和盈利能力来提振公司股价，公司同样希望股价是公司合理价值的反映。公司一直在进行积极的市值管理工作，但二级市场股价受到公司所处行业环境、投资预期等多方面因素的影响，近期股价较为低迷。公司管理层将持续努力提升公司经营水平，以提升公司价值回报广大投资者。公司的投资者沟通渠道也持续保持畅通，保证及时将投资者的声音第一时间反馈给公司经营管理层。感谢您的关注。,公司业绩年年下滑，但是管理层缺拿着巨薪，拿去年来说，巨亏10多亿，文辉却拿着几百万的年薪拍拍屁股走人了，不需要承担任何的责任，留下了一摊子烂账，屡次失信于投资者，请问怎么看待上市公司和管理层的诚信问题？,000826_2020,143,148,5,Challenge,Q2针对A1回避薪酬与业绩矛盾，继续质疑管理层诚信问题。,,,1
positive,请问今年还能按期回购吗？ 投资者您好，公司回购计划目前尚在持续实施的过程中，公司将根据市场情况及公司总体资金安排继续在回购期限内实施本次回购方案，并根据相关规定及时履行信息披露义务。感谢您的提问。,股票回购是否会如期完成,2,answer_pressure,dep_reason,Q2重复Q1核心问题，因A1未正面回答而继续追问。,请问今年还能按期回购吗？,投资者您好，公司回购计划目前尚在持续实施的过程中，公司将根据市场情况及公司总体资金安排继续在回购期限内实施本次回购方案，并根据相关规定及时履行信息披露义务。感谢您的提问。,股票回购是否会如期完成,000826_2020,160,165,5,Complaint,Q2重复Q1核心问题，因A1未正面回答而继续追问。,,,1
positive,为什么公司三季度营收是下降的，三季度应该已经没有疫情影响了，而主营同样类似业务的乔银环保，玉和田都是增长的 投资者您好，第三季度公司整理生产经营情况处在一个恢复期。同时收入、利润结构较同期有所变化。公司目前整体生产经营状况正常，公司将通过提升项目管理水平促进项目整体运营。感谢您的提问。,公司环卫、水务、固废处理还是固废及再生资源等每一项业务与经营同一业务的上市公司比，业绩表现都很差，是何原因？,2,performance_governance,dep_reason,Q2将Q1的营收下降问题细化为各项业务与同行比较，继续追问业绩差的原因，A1笼统回答未给出解释。,为什么公司三季度营收是下降的，三季度应该已经没有疫情影响了，而主营同样类似业务的乔银环保，玉和田都是增长的,投资者您好，第三季度公司整理生产经营情况处在一个恢复期。同时收入、利润结构较同期有所变化。公司目前整体生产经营状况正常，公司将通过提升项目管理水平促进项目整体运营。感谢您的提问。,公司环卫、水务、固废处理还是固废及再生资源等每一项业务与经营同一业务的上市公司比，业绩表现都很差，是何原因？,000826_2020,163,166,3,Elaboration,Q2将Q1的营收下降问题细化为各项业务与同行比较，继续追问业绩差的原因，A1笼统回答未给出解释。,,,1
positive,公司陷入困境有经济大环境、自身经营原因、更多的是客户的歧视，使大量现金被占用项目进展缓慢，南宁武鸣的例子、财政部欠款数十亿即为明证，契约是商业社会基石，不可能长期违背，公司具有市场独有特性，即便为了打通政府财政资源，为什么不寻求出价更合理的买家，既体现公司价值，又保护投资者利益？ 投资者您好，公司将持续提升公司运营水平，保障总体资金安全。感谢您的建议。,请问南宁武鸣区项目的进展情况，现在是什么状况，谢谢,1,disclosure_detail,dep_reason,Q2重复追问Q1中提到的南宁武鸣项目进展，A1未正面回应。,公司陷入困境有经济大环境、自身经营原因、更多的是客户的歧视，使大量现金被占用项目进展缓慢，南宁武鸣的例子、财政部欠款数十亿即为明证，契约是商业社会基石，不可能长期违背，公司具有市场独有特性，即便为了打通政府财政资源，为什么不寻求出价更合理的买家，既体现公司价值，又保护投资者利益？,投资者您好，公司将持续提升公司运营水平，保障总体资金安全。感谢您的建议。,请问南宁武鸣区项目的进展情况，现在是什么状况，谢谢,000826_2020,164,167,3,Complaint,Q2重复追问Q1中提到的南宁武鸣项目进展，A1未正面回应。,,,1
positive,股票回购是否会如期完成 投资者您好，公司将根据市场情况及公司总体资金安排继续在回购期限内实施本次回购方案，并根据相关规定及时履行信息披露义务。谢谢关注。,为什么没有回复？？？,2,answer_pressure,dep_reason,Q2明确针对A1未正面回答问题进行催促和抱怨。,股票回购是否会如期完成,投资者您好，公司将根据市场情况及公司总体资金安排继续在回购期限内实施本次回购方案，并根据相关规定及时履行信息披露义务。谢谢关注。,为什么没有回复？？？,000826_2020,165,169,4,Complaint,Q2明确针对A1未正面回答问题进行催促和抱怨。,,,1
positive,公司环卫、水务、固废处理还是固废及再生资源等每一项业务与经营同一业务的上市公司比，业绩表现都很差，是何原因？ 投资者您好，2020年，公司五大业务板块协同发展，固废处置拓展热电联产、环卫业务布局垃圾分类、环保装备制造业深度结合无人经济、再生资源深耕资源再利用、水务生态保障城市供排水业务同时协同渗滤液处置，各业务板块呼应发展，拓宽市场覆盖广度，增强公司全产业链核心竞争力。谢谢您的关注！,作为持股已5年的启迪环境小股东，感觉大股东启迪控股的企业文化很飘，委派的管理层作风不务实，在公开场合不是侃谈战略、协同就是吹谈未来，可企业经营的却是每况愈下，建议跟平安、顺丰等学学，对中小股东坦诚点，对经营管理决策中的失误，向市场作下公开的分析检讨。,1,disclosure_detail,dep_reason,Q2批评A1只谈战略回避问题，要求公开检讨失误。,公司环卫、水务、固废处理还是固废及再生资源等每一项业务与经营同一业务的上市公司比，业绩表现都很差，是何原因？,投资者您好，2020年，公司五大业务板块协同发展，固废处置拓展热电联产、环卫业务布局垃圾分类、环保装备制造业深度结合无人经济、再生资源深耕资源再利用、水务生态保障城市供排水业务同时协同渗滤液处置，各业务板块呼应发展，拓宽市场覆盖广度，增强公司全产业链核心竞争力。谢谢您的关注！,作为持股已5年的启迪环境小股东，感觉大股东启迪控股的企业文化很飘，委派的管理层作风不务实，在公开场合不是侃谈战略、协同就是吹谈未来，可企业经营的却是每况愈下，建议跟平安、顺丰等学学，对中小股东坦诚点，对经营管理决策中的失误，向市场作下公开的分析检讨。,000826_2020,166,168,2,Complaint,Q2批评A1只谈战略回避问题，要求公开检讨失误。,,,1
positive,公司环卫、水务、固废处理还是固废及再生资源等每一项业务与经营同一业务的上市公司比，业绩表现都很差，是何原因？ 投资者您好，2020年，公司五大业务板块协同发展，固废处置拓展热电联产、环卫业务布局垃圾分类、环保装备制造业深度结合无人经济、再生资源深耕资源再利用、水务生态保障城市供排水业务同时协同渗滤液处置，各业务板块呼应发展，拓宽市场覆盖广度，增强公司全产业链核心竞争力。谢谢您的关注！,为什么没有回复？？？,2,performance_governance,dep_reason,Q2质问A1未直接回答Q1的业绩差原因，属于催促回应。,公司环卫、水务、固废处理还是固废及再生资源等每一项业务与经营同一业务的上市公司比，业绩表现都很差，是何原因？,投资者您好，2020年，公司五大业务板块协同发展，固废处置拓展热电联产、环卫业务布局垃圾分类、环保装备制造业深度结合无人经济、再生资源深耕资源再利用、水务生态保障城市供排水业务同时协同渗滤液处置，各业务板块呼应发展，拓宽市场覆盖广度，增强公司全产业链核心竞争力。谢谢您的关注！,为什么没有回复？？？,000826_2020,166,169,3,Complaint,Q2质问A1未直接回答Q1的业绩差原因，属于催促回应。,,,1
positive,请问南宁武鸣区项目的进展情况，现在是什么状况，谢谢 投资者您好，截至目前，南宁市武鸣区流域水环境综合整治PPP项目协议解除对公司的具体影响尚无法准确预计。公司将根据PPP项目后续进展情况及时进行披露。感谢关注,为什么没有回复？？？,1,disclosure_detail,dep_reason,Q2针对A1未直接答复项目进展，抱怨没有回复。,请问南宁武鸣区项目的进展情况，现在是什么状况，谢谢,投资者您好，截至目前，南宁市武鸣区流域水环境综合整治PPP项目协议解除对公司的具体影响尚无法准确预计。公司将根据PPP项目后续进展情况及时进行披露。感谢关注,为什么没有回复？？？,000826_2020,167,169,2,Complaint,Q2针对A1未直接答复项目进展，抱怨没有回复。,,,1
positive,作为持股已5年的启迪环境小股东，感觉大股东启迪控股的企业文化很飘，委派的管理层作风不务实，在公开场合不是侃谈战略、协同就是吹谈未来，可企业经营的却是每况愈下，建议跟平安、顺丰等学学，对中小股东坦诚点，对经营管理决策中的失误，向市场作下公开的分析检讨。 投资者您好，感谢您的关注。,为什么没有回复？？？,2,answer_pressure,dep_reason,Q2针对A1未正面回应进行催促。,作为持股已5年的启迪环境小股东，感觉大股东启迪控股的企业文化很飘，委派的管理层作风不务实，在公开场合不是侃谈战略、协同就是吹谈未来，可企业经营的却是每况愈下，建议跟平安、顺丰等学学，对中小股东坦诚点，对经营管理决策中的失误，向市场作下公开的分析检讨。,投资者您好，感谢您的关注。,为什么没有回复？？？,000826_2020,168,169,1,Complaint,Q2针对A1未正面回应进行催促。,,,1
positive,公司是否有改善。会不会退市 投资者您好！公司正努力改善公司生产经营管理；公司2021年年报数据未触及深圳证券交易所股票上市规则退市风险警示所规定相关条款。谢谢！,请问公司的经营业务何时可以扭亏为盈？,2,restructuring,dep_reason,Q2针对A1中“努力改善生产经营管理”追问扭亏时间表。,公司是否有改善。会不会退市,投资者您好！公司正努力改善公司生产经营管理；公司2021年年报数据未触及深圳证券交易所股票上市规则退市风险警示所规定相关条款。谢谢！,请问公司的经营业务何时可以扭亏为盈？,000826_2021,20,25,5,Elaboration,Q2针对A1中“努力改善生产经营管理”追问扭亏时间表。,,,1
positive,请问王董事长，公司具备扭亏为盈的能力吗？ 投资者您好，公司将努力做好主营业务，不断提升上市公司质量，让公司长期可持续发展的价值得到体现。公司管理层及全体员工均致力于做好企业各项业务经营。关于公司相关业绩情况请关注公司定期报告。谢谢关注。,请问公司的经营业务何时可以扭亏为盈？,1,disclosure_detail,dep_reason,Q2针对A1未正面回答扭亏能力，转而追问具体扭亏时间，属于对回避性回答的继续追问。,请问王董事长，公司具备扭亏为盈的能力吗？,投资者您好，公司将努力做好主营业务，不断提升上市公司质量，让公司长期可持续发展的价值得到体现。公司管理层及全体员工均致力于做好企业各项业务经营。关于公司相关业绩情况请关注公司定期报告。谢谢关注。,请问公司的经营业务何时可以扭亏为盈？,000826_2021,21,25,4,Complaint,Q2针对A1未正面回答扭亏能力，转而追问具体扭亏时间，属于对回避性回答的继续追问。,,,1
positive,请问公司认定启迪控股当实控人，但启迪控股本身是无实控人状态，很多金融机构对无实控人的融资是持排斥态度，请问公司融资是否受启迪控股无实控人影响？ 投资者您好，校企改革、控股股东股权重组、公司吸收合并等都对公司融资环境有较大影响，公司一方面改善经营管理提升公司经营现金流，通过处置资产等方式改善流动性，另一方面积极与金融机构沟通，力争将不良影响降到最低。谢谢。,目前公司的经营状况是否有所改善,2,performance_governance,dep_reason,Q2基于A1中改善经营管理的承诺，追问经营状况是否改善。,请问公司认定启迪控股当实控人，但启迪控股本身是无实控人状态，很多金融机构对无实控人的融资是持排斥态度，请问公司融资是否受启迪控股无实控人影响？,投资者您好，校企改革、控股股东股权重组、公司吸收合并等都对公司融资环境有较大影响，公司一方面改善经营管理提升公司经营现金流，通过处置资产等方式改善流动性，另一方面积极与金融机构沟通，力争将不良影响降到最低。谢谢。,目前公司的经营状况是否有所改善,000826_2021,28,31,3,Elaboration,Q2基于A1中改善经营管理的承诺，追问经营状况是否改善。,,,1
positive,请问你以前在城发环境担任什么职务？承担什么责任？在城发和启迪拟合并如此敏感时期，您担任启迪总经理是否合适？您在为启迪小股东负责方面有何贡献？ 投资者您好，公司聘任高级管理人员是应公司发展战略所需发生，任职过程符合相关法律法规要求。谢谢关注。,为什么竞争对手的人能进公司任职,1,disclosure_detail,dep_reason,Q2针对A1未解释竞争对手人士任职合理性，继续质疑回避态度。,请问你以前在城发环境担任什么职务？承担什么责任？在城发和启迪拟合并如此敏感时期，您担任启迪总经理是否合适？您在为启迪小股东负责方面有何贡献？,投资者您好，公司聘任高级管理人员是应公司发展战略所需发生，任职过程符合相关法律法规要求。谢谢关注。,为什么竞争对手的人能进公司任职,000826_2021,30,34,4,Challenge,Q2针对A1未解释竞争对手人士任职合理性，继续质疑回避态度。,,,1
positive,川能动力公告说四川能投控制的启迪控股，那么四川能投也应该控制启迪环境，比价启迪环境大股东启迪科服是启迪控股的，而且四川能投还持有启迪环境7.98%股权，启迪科服直接间接持股启迪环境24%，相当于四川能投有启迪环境32%话语权，未来四川能投是启迪环境的实际控制人没错吧！ 投资者您好，公司将持续关注有关进展并根据相关法律法规的要求及时履行信息披露义务，敬请广大投资者注意投资风险。谢谢关注。,请问现在启迪环境实际控制人是哪一方？,1,disclosure_detail,dep_reason,Q2继续追问启迪环境实际控制人，针对A1回避未回答进行催促。,川能动力公告说四川能投控制的启迪控股，那么四川能投也应该控制启迪环境，比价启迪环境大股东启迪科服是启迪控股的，而且四川能投还持有启迪环境7.98%股权，启迪科服直接间接持股启迪环境24%，相当于四川能投有启迪环境32%话语权，未来四川能投是启迪环境的实际控制人没错吧！,投资者您好，公司将持续关注有关进展并根据相关法律法规的要求及时履行信息披露义务，敬请广大投资者注意投资风险。谢谢关注。,请问现在启迪环境实际控制人是哪一方？,000826_2021,32,35,3,Complaint,Q2继续追问启迪环境实际控制人，针对A1回避未回答进行催促。,,,1
positive,公司最近负面新闻不断，无论是立案调查还是湖北的处罚，一个核心的问题是财务问题，大信作为公司的财务审计机构，无论是客观还是主观原因，负有不可推卸的责任，但是公司还要续聘，而不是解雇，这是否符合常理？ 投资者您好，公司召开了第十届董事会第十四次会议审议通过了《关于续聘公司2022年度审计机构及相关事项的议案》，公司拟续聘大信会计师事务所（特殊普通合伙）为公司2022年度审计机构。本次聘任会计师事务所事项尚需提交公司2021年年度股东大会审议，并自公司股东大会审议通过之日起生效。详见公司于2022年4月30日披露的相关公告。谢谢关注。,王先生好，证监会调查何时结束？,1,disclosure_detail,dep_reason,Q2追问Q1中未获回应的立案调查问题，针对A1回避该问题。,公司最近负面新闻不断，无论是立案调查还是湖北的处罚，一个核心的问题是财务问题，大信作为公司的财务审计机构，无论是客观还是主观原因，负有不可推卸的责任，但是公司还要续聘，而不是解雇，这是否符合常理？,投资者您好，公司召开了第十届董事会第十四次会议审议通过了《关于续聘公司2022年度审计机构及相关事项的议案》，公司拟续聘大信会计师事务所（特殊普通合伙）为公司2022年度审计机构。本次聘任会计师事务所事项尚需提交公司2021年年度股东大会审议，并自公司股东大会审议通过之日起生效。详见公司于2022年4月30日披露的相关公告。谢谢关注。,王先生好，证监会调查何时结束？,000826_2021,41,45,4,Complaint,Q2追问Q1中未获回应的立案调查问题，针对A1回避该问题。,,,1
positive,目前，公司拥有200余项发明专利和400余项实用新型专利，请问这些专利方向主要涉及哪些细分领域？ 投资者您好，根据公司战略规划及业务布局，公司研发方向涉及固废处置工艺及设备、污水处理工艺及设备、新能源环卫车、垃圾分类技术等环保产业核心领域。感谢关注。,请董事长讲一下，环卫车板块的战略方向？当前该板块实现的收入都没有亏损多，未来公司有什么打算？,2,strategy_planning,dep_reason,Q2针对A1中提及的新能源环卫车板块，追问其战略方向和盈利改善措施。,目前，公司拥有200余项发明专利和400余项实用新型专利，请问这些专利方向主要涉及哪些细分领域？,投资者您好，根据公司战略规划及业务布局，公司研发方向涉及固废处置工艺及设备、污水处理工艺及设备、新能源环卫车、垃圾分类技术等环保产业核心领域。感谢关注。,请董事长讲一下，环卫车板块的战略方向？当前该板块实现的收入都没有亏损多，未来公司有什么打算？,000826_2022,7,11,4,Elaboration,Q2针对A1中提及的新能源环卫车板块，追问其战略方向和盈利改善措施。,,,1
positive,请问参股企业桑顿新能源的经营情况如何？是否具备独立上市的条件？ 投资者您好，桑顿新能源为公司参股子公司，公司持有其22.77%股份。公司以权益法并表。公司依据法律法规规定履行信披义务，有关信息均以公司指定信息披露媒体发布的公告为准。截至目前公司未有此计划。谢谢关注。,请问参股子公司桑顿新能源二季度是否盈亏平衡或微利？三季度比二季度更好？,1,disclosure_detail,dep_reason,A1回避经营情况，Q2继续追问同一核心问题。,请问参股企业桑顿新能源的经营情况如何？是否具备独立上市的条件？,投资者您好，桑顿新能源为公司参股子公司，公司持有其22.77%股份。公司以权益法并表。公司依据法律法规规定履行信披义务，有关信息均以公司指定信息披露媒体发布的公告为准。截至目前公司未有此计划。谢谢关注。,请问参股子公司桑顿新能源二季度是否盈亏平衡或微利？三季度比二季度更好？,000826_2022,23,24,1,Complaint,A1回避经营情况，Q2继续追问同一核心问题。,,,1
positive,请问张秘书，立案调查进行的怎么样了？有关门时间表吗？ 投资者您好，立案调查期间，公司将积极配合调查工作，并严格按照规定履行信息披露义务。有关公司信息均以公司在指定媒体披露的公告为准，敬请广大投资者关注相关公告并注意投资风险。,什么时候才能拿到证监会的正式立案调查结果？,1,disclosure_detail,dep_reason,Q2重复Q1中关于立案调查结果时间表的问题，因A1回避未提供具体时间而继续追问。,请问张秘书，立案调查进行的怎么样了？有关门时间表吗？,投资者您好，立案调查期间，公司将积极配合调查工作，并严格按照规定履行信息披露义务。有关公司信息均以公司在指定媒体披露的公告为准，敬请广大投资者关注相关公告并注意投资风险。,什么时候才能拿到证监会的正式立案调查结果？,000826_2022,27,31,4,Complaint,Q2重复Q1中关于立案调查结果时间表的问题，因A1回避未提供具体时间而继续追问。,,,1
positive,请问公司如何进行新定位新发展？ 投资者您好，启迪环境将紧随环保行业发展趋势，结合公司项目区位优势深度挖掘存量资产附加值，抓牢抓好稳定“盈利点”、创新“增长点”，化解“拖累点”、扎住“出血点”的四点工作，进一步化被动为主动。此外，公司将着力提升各细分业务领域的管理效率，扩充存量业务类别，增加合同外收入，增强现有项目效益，切实将“环保治标、能源治本”的生态理念落到实处，持续锻造可持续发展的内生动力，助推企业向更高价值层面发展。谢谢关注。,公司在下半年有哪些举措来改善公司经营状况？,2,performance_governance,dep_reason,Q2针对A1中所述经营改善方向，进一步追问下半年具体举措和时间安排。,请问公司如何进行新定位新发展？,投资者您好，启迪环境将紧随环保行业发展趋势，结合公司项目区位优势深度挖掘存量资产附加值，抓牢抓好稳定“盈利点”、创新“增长点”，化解“拖累点”、扎住“出血点”的四点工作，进一步化被动为主动。此外，公司将着力提升各细分业务领域的管理效率，扩充存量业务类别，增加合同外收入，增强现有项目效益，切实将“环保治标、能源治本”的生态理念落到实处，持续锻造可持续发展的内生动力，助推企业向更高价值层面发展。谢谢关注。,公司在下半年有哪些举措来改善公司经营状况？,000826_2022,40,42,2,Elaboration,Q2针对A1中所述经营改善方向，进一步追问下半年具体举措和时间安排。,,,1
positive,1、公司在过去一年卖掉了很多的优质资产，对后续公司的发展是否会产生重大影响，后续公司有哪些发展计划和方向？2、公司大股东无偿划转股份给川投后，有没有对公司经营部署产生方向的转移，如何与大股东进行资源整合，加快公司的转型升级？ 投资者您好，公司在聚焦环保主业的同时，通过狠抓业务瘦身、化解债务风险、提升经营管理水平等方式进一步优化公司业绩。部分垃圾发电和全部再生资源项目处置，对公司营业收入影响相对较小。对于启迪环境而言，校企改革的完成进一步夯实了上市公司的国有股东背景，对于公司融资能力提升，业务发展优化都具有较强的正面意义。未来，公司将充分利用在环保行业积累的数十年的资源禀赋，与四川能投探索在技术研发、市场布局等领域协同布局的可能，提升公司核心竞争力和可持续发展能力。谢谢关注。,看到公司提到转型，但是没看到公司有具体规划和措施,2,strategy_planning,dep_reason,Q2针对A1中转型表述未提供具体规划和措施进行抱怨催促。,1、公司在过去一年卖掉了很多的优质资产，对后续公司的发展是否会产生重大影响，后续公司有哪些发展计划和方向？2、公司大股东无偿划转股份给川投后，有没有对公司经营部署产生方向的转移，如何与大股东进行资源整合，加快公司的转型升级？,投资者您好，公司在聚焦环保主业的同时，通过狠抓业务瘦身、化解债务风险、提升经营管理水平等方式进一步优化公司业绩。部分垃圾发电和全部再生资源项目处置，对公司营业收入影响相对较小。对于启迪环境而言，校企改革的完成进一步夯实了上市公司的国有股东背景，对于公司融资能力提升，业务发展优化都具有较强的正面意义。未来，公司将充分利用在环保行业积累的数十年的资源禀赋，与四川能投探索在技术研发、市场布局等领域协同布局的可能，提升公司核心竞争力和可持续发展能力。谢谢关注。,看到公司提到转型，但是没看到公司有具体规划和措施,000826_2022,45,50,5,Complaint,Q2针对A1中转型表述未提供具体规划和措施进行抱怨催促。,,,1
positive,董秘，您好，请问今年国内外经济环境不景气对贵公司有影响吗，贵司今年在财报收入方面会有盈利预期吗？谢谢！ 投资者您好，公司在持续聚焦环保主业的同时，通过狠抓业务瘦身、化解债务风险、提升经营管理水平等方式进一步优化公司经营业绩。部分垃圾发电和全部再生资源项目处置，对公司营业收入影响较小，公司主营业务更聚焦于环卫、水务和有机固废等业务。未来公司也将充分利用在环保行业积累资源禀赋，与股东方探索在技术研发、市场布局等领域协同可行性，提升公司核心竞争力和可持续发展能力。谢谢关注。,看到公司提到转型，但是没看到公司有具体规划和措施,2,strategy_planning,dep_reason,Q2针对A1中隐含的转型方向要求提供具体规划和措施。,董秘，您好，请问今年国内外经济环境不景气对贵公司有影响吗，贵司今年在财报收入方面会有盈利预期吗？谢谢！,投资者您好，公司在持续聚焦环保主业的同时，通过狠抓业务瘦身、化解债务风险、提升经营管理水平等方式进一步优化公司经营业绩。部分垃圾发电和全部再生资源项目处置，对公司营业收入影响较小，公司主营业务更聚焦于环卫、水务和有机固废等业务。未来公司也将充分利用在环保行业积累资源禀赋，与股东方探索在技术研发、市场布局等领域协同可行性，提升公司核心竞争力和可持续发展能力。谢谢关注。,看到公司提到转型，但是没看到公司有具体规划和措施,000826_2022,47,50,3,Elaboration,Q2针对A1中隐含的转型方向要求提供具体规划和措施。,,,1
positive,看到公司提到转型，但是没看到公司有具体规划和措施 投资者您好，启迪环境定位于环境综合治理科技企业，以“零碳无废城市建设者”为使命，遵循启迪控股“产业+技术+资本”三螺旋的发展模式，秉持“降本增效、持续发展，重塑信用、打造口碑”的目标。对内优化管理体系、夯实业务基础，对外加强资源共享、实现战略协同；最终实现以科技创新为基础，搭建启迪环境全新智能生态。谢谢关注。,请问新的信用评级机构找好了吗？,1,disclosure_detail,dep_reason,Q2针对A1中“重塑信用”追问信用评级机构的具体进展。,看到公司提到转型，但是没看到公司有具体规划和措施,投资者您好，启迪环境定位于环境综合治理科技企业，以“零碳无废城市建设者”为使命，遵循启迪控股“产业+技术+资本”三螺旋的发展模式，秉持“降本增效、持续发展，重塑信用、打造口碑”的目标。对内优化管理体系、夯实业务基础，对外加强资源共享、实现战略协同；最终实现以科技创新为基础，搭建启迪环境全新智能生态。谢谢关注。,请问新的信用评级机构找好了吗？,000826_2022,50,51,1,Elaboration,Q2针对A1中“重塑信用”追问信用评级机构的具体进展。,,,1
positive,看到公司提到转型，但是没看到公司有具体规划和措施 投资者您好，启迪环境定位于环境综合治理科技企业，以“零碳无废城市建设者”为使命，遵循启迪控股“产业+技术+资本”三螺旋的发展模式，秉持“降本增效、持续发展，重塑信用、打造口碑”的目标。对内优化管理体系、夯实业务基础，对外加强资源共享、实现战略协同；最终实现以科技创新为基础，搭建启迪环境全新智能生态。谢谢关注。,公司当下主营业务是什么？未来规划如何？,2,strategy_planning,dep_reason,Q2的'未来规划如何'延续Q1对具体规划的要求，A1仅笼统答复，属于交互依赖。,看到公司提到转型，但是没看到公司有具体规划和措施,投资者您好，启迪环境定位于环境综合治理科技企业，以“零碳无废城市建设者”为使命，遵循启迪控股“产业+技术+资本”三螺旋的发展模式，秉持“降本增效、持续发展，重塑信用、打造口碑”的目标。对内优化管理体系、夯实业务基础，对外加强资源共享、实现战略协同；最终实现以科技创新为基础，搭建启迪环境全新智能生态。谢谢关注。,公司当下主营业务是什么？未来规划如何？,000826_2022,50,52,2,Complaint,Q2的'未来规划如何'延续Q1对具体规划的要求，A1仅笼统答复，属于交互依赖。,,,1
positive,公司当下主营业务是什么？未来规划如何？ 投资者您好，公司主营业务包括：数字环卫、水生态治理、固废处置、环卫车辆及环保设备研发制造等。报告期内，公司以“防控风险提质增效”为核心，强管理、稳债务、挖潜能、促发展，扎实开展“减亏控亏扭亏”工作，进一步降低整体资产负债率，提升各板块经营效率。谢谢关注。,请问贵公司能在4季度，扭亏为赢吗？,2,performance_governance,dep_reason,Q2针对A1中“减亏控亏扭亏”工作，追问4季度能否实现扭亏，要求具体化时间节点。,公司当下主营业务是什么？未来规划如何？,投资者您好，公司主营业务包括：数字环卫、水生态治理、固废处置、环卫车辆及环保设备研发制造等。报告期内，公司以“防控风险提质增效”为核心，强管理、稳债务、挖潜能、促发展，扎实开展“减亏控亏扭亏”工作，进一步降低整体资产负债率，提升各板块经营效率。谢谢关注。,请问贵公司能在4季度，扭亏为赢吗？,000826_2022,52,57,5,Elaboration,Q2针对A1中“减亏控亏扭亏”工作，追问4季度能否实现扭亏，要求具体化时间节点。,,,1
positive,请问贵公司能在4季度，扭亏为赢吗？ 投资者您好，今年以来，为保障公司正常的生产经营活动、确保项目所在地的环境安全，公司核心领导班子围绕统筹推进稳增长、提质量、促改革、防风险机制重点开展工作，秉持“降本增效、协同发展、重塑信用、创新转型”的目标，以市场份额、技术实力和底层资产等核心优势作为公司可持续发展的保障和基石，对内优化管理体系、夯实业务基础、建设高效组织架构、改善运营治理、提质增效；对外加强资源共享、跨界协同，突破环保行业边界，持续推动业务转型。有关信息均以公司指定信息披露媒体发布的公告为准。谢谢！,请问公司新管理层有信心今年扭亏吗？,1,disclosure_detail,dep_reason,Q2重复追问扭亏问题，A1笼统回避未正面回答，构成催促补答。,请问贵公司能在4季度，扭亏为赢吗？,投资者您好，今年以来，为保障公司正常的生产经营活动、确保项目所在地的环境安全，公司核心领导班子围绕统筹推进稳增长、提质量、促改革、防风险机制重点开展工作，秉持“降本增效、协同发展、重塑信用、创新转型”的目标，以市场份额、技术实力和底层资产等核心优势作为公司可持续发展的保障和基石，对内优化管理体系、夯实业务基础、建设高效组织架构、改善运营治理、提质增效；对外加强资源共享、跨界协同，突破环保行业边界，持续推动业务转型。有关信息均以公司指定信息披露媒体发布的公告为准。谢谢！,请问公司新管理层有信心今年扭亏吗？,000826_2022,57,61,4,Complaint,Q2重复追问扭亏问题，A1笼统回避未正面回答，构成催促补答。,,,1
positive,请问中报利润总额-7714万元，而企业所得税是正的8924万元，什么时候企业所得税可以恢复到随企业利润正常变动？ 投资者您好，公司在聚焦环保主业的同时，通过狠抓业务瘦身、化解债务风险、提升经营管理水平等方式进一步优化公司业绩。近一年以来，公司处置了部分资本投入较大、应收款较高的项目公司股权，流动性得以改善，夯实了资产端，实现对资产负债表的瘦身整固。公司持续聚焦于环卫、水务和有机固废等主营业务，注重控制管理成本、减少财务费用支出，减少耗用现金流的业务，保留了现金流较好的业务，经营活动现金流和投资活动现金流指标得到持续改善，现金流量表结构优化明显。公司后续将持续提升公司经营管理水平，实现公司的可持续健康发展。有关公司业绩均以公司公告为准。请投资者注意投资风险。感谢您的关注。,公司连年亏损，请问有什么扭亏措施呢？,2,performance_governance,dep_reason,Q2针对A1中优化业绩的笼统表述，追问具体扭亏措施。,请问中报利润总额-7714万元，而企业所得税是正的8924万元，什么时候企业所得税可以恢复到随企业利润正常变动？,投资者您好，公司在聚焦环保主业的同时，通过狠抓业务瘦身、化解债务风险、提升经营管理水平等方式进一步优化公司业绩。近一年以来，公司处置了部分资本投入较大、应收款较高的项目公司股权，流动性得以改善，夯实了资产端，实现对资产负债表的瘦身整固。公司持续聚焦于环卫、水务和有机固废等主营业务，注重控制管理成本、减少财务费用支出，减少耗用现金流的业务，保留了现金流较好的业务，经营活动现金流和投资活动现金流指标得到持续改善，现金流量表结构优化明显。公司后续将持续提升公司经营管理水平，实现公司的可持续健康发展。有关公司业绩均以公司公告为准。请投资者注意投资风险。感谢您的关注。,公司连年亏损，请问有什么扭亏措施呢？,000826_2022,60,62,2,Elaboration,Q2针对A1中优化业绩的笼统表述，追问具体扭亏措施。,,,1
positive,请问中报利润总额-7714万元，而企业所得税是正的8924万元，什么时候企业所得税可以恢复到随企业利润正常变动？ 投资者您好，公司在聚焦环保主业的同时，通过狠抓业务瘦身、化解债务风险、提升经营管理水平等方式进一步优化公司业绩。近一年以来，公司处置了部分资本投入较大、应收款较高的项目公司股权，流动性得以改善，夯实了资产端，实现对资产负债表的瘦身整固。公司持续聚焦于环卫、水务和有机固废等主营业务，注重控制管理成本、减少财务费用支出，减少耗用现金流的业务，保留了现金流较好的业务，经营活动现金流和投资活动现金流指标得到持续改善，现金流量表结构优化明显。公司后续将持续提升公司经营管理水平，实现公司的可持续健康发展。有关公司业绩均以公司公告为准。请投资者注意投资风险。感谢您的关注。,请问公司中报利润总额-7714万元，而所得税为什么是正的8924万元？什么时候所得税可以恢复到随利润正常变动？,1,disclosure_detail,dep_reason,Q2完全相同重复Q1，说明A1未正面回答，催促继续回答。,请问中报利润总额-7714万元，而企业所得税是正的8924万元，什么时候企业所得税可以恢复到随企业利润正常变动？,投资者您好，公司在聚焦环保主业的同时，通过狠抓业务瘦身、化解债务风险、提升经营管理水平等方式进一步优化公司业绩。近一年以来，公司处置了部分资本投入较大、应收款较高的项目公司股权，流动性得以改善，夯实了资产端，实现对资产负债表的瘦身整固。公司持续聚焦于环卫、水务和有机固废等主营业务，注重控制管理成本、减少财务费用支出，减少耗用现金流的业务，保留了现金流较好的业务，经营活动现金流和投资活动现金流指标得到持续改善，现金流量表结构优化明显。公司后续将持续提升公司经营管理水平，实现公司的可持续健康发展。有关公司业绩均以公司公告为准。请投资者注意投资风险。感谢您的关注。,请问公司中报利润总额-7714万元，而所得税为什么是正的8924万元？什么时候所得税可以恢复到随利润正常变动？,000826_2022,60,64,4,Complaint,Q2完全相同重复Q1，说明A1未正面回答，催促继续回答。,,,1
positive,当前，公司基本面不断好转，请问公司前三季度采取哪些措施改善公司管理和经营? 投资者您好，公司在聚焦环保主业的同时，通过狠抓业务瘦身、化解债务风险、提升经营管理水平等方式进一步优化公司业绩。2022年1-9月，公司实现营业收入53.11亿元；净利润-0.18亿元，同比增长99.52%。其中，第三季度公司单季度营收17.32亿元，净利润1.48亿元，单季度同比增长156.39%。公司处置了部分资本投入较大、应收款较高的项目公司股权，流动性得以改善，夯实了资产端，承债式股权转让金融负债同步实现减量，公司债务负担降低，资产负债率由年初的65.18%减低为60.31%，实现对资产负债表的瘦身整固；部分垃圾发电和全部再生资源项目处置，对公司营业收入影响较小，公司主营业务更聚焦于环卫、水务和有机固废等业务，注重控制管理成本、减少费用支出，前三季度期间费用率同比大幅下降，由24.26%下降为19.56%，优化资产盈利水平，毛利率同比大幅提升，由-1.94%提升为24.16%，实现对利润表的修复；减少耗用现金流的业务，保留现金流较好的业务，前三季度经营活动现金流同比大幅提升，由2.03亿元提升至11.66亿元，现金流量表结构优化明显，多项指标持续改善。公司后续将持续提升公司经营管理水平，积极改善组织架构，明确职责、提高执行力，带领公司以“防控风险、提质增效”为核心，进一步整合公司的资本优势、品牌优势及产业优势，强管理、稳债务、挖潜能、促发展，确保公司转型升级的顺利实施。谢谢关注。,如果公司今年还不能扭亏，就要被ST，公司扭亏为盈的希望有多大？准备在哪些方面挖潜？,1,disclosure_detail,dep_reason,Q2围绕A1中的扭亏进展和‘挖潜能’描述，进一步追问希望和具体措施。,当前，公司基本面不断好转，请问公司前三季度采取哪些措施改善公司管理和经营?,投资者您好，公司在聚焦环保主业的同时，通过狠抓业务瘦身、化解债务风险、提升经营管理水平等方式进一步优化公司业绩。2022年1-9月，公司实现营业收入53.11亿元；净利润-0.18亿元，同比增长99.52%。其中，第三季度公司单季度营收17.32亿元，净利润1.48亿元，单季度同比增长156.39%。公司处置了部分资本投入较大、应收款较高的项目公司股权，流动性得以改善，夯实了资产端，承债式股权转让金融负债同步实现减量，公司债务负担降低，资产负债率由年初的65.18%减低为60.31%，实现对资产负债表的瘦身整固；部分垃圾发电和全部再生资源项目处置，对公司营业收入影响较小，公司主营业务更聚焦于环卫、水务和有机固废等业务，注重控制管理成本、减少费用支出，前三季度期间费用率同比大幅下降，由24.26%下降为19.56%，优化资产盈利水平，毛利率同比大幅提升，由-1.94%提升为24.16%，实现对利润表的修复；减少耗用现金流的业务，保留现金流较好的业务，前三季度经营活动现金流同比大幅提升，由2.03亿元提升至11.66亿元，现金流量表结构优化明显，多项指标持续改善。公司后续将持续提升公司经营管理水平，积极改善组织架构，明确职责、提高执行力，带领公司以“防控风险、提质增效”为核心，进一步整合公司的资本优势、品牌优势及产业优势，强管理、稳债务、挖潜能、促发展，确保公司转型升级的顺利实施。谢谢关注。,如果公司今年还不能扭亏，就要被ST，公司扭亏为盈的希望有多大？准备在哪些方面挖潜？,000826_2022,79,80,1,Elaboration,Q2围绕A1中的扭亏进展和‘挖潜能’描述，进一步追问希望和具体措施。,,,1
positive,今年业绩有望扭亏吗 投资者您好，公司在聚焦环保主业的同时，通过狠抓业务瘦身、化解债务风险、提升经营管理水平等方式进一步优化公司业绩。近一年以来，公司处置了部分资本投入较大、应收款较高的项目公司股权，流动性得以改善，夯实了资产端，实现对资产负债表的瘦身整固。公司持续聚焦于环卫、水务和有机固废等主营业务，注重控制管理成本、减少财务费用支出，减少耗用现金流的业务，保留了现金流较好的业务，经营活动现金流和投资活动现金流指标得到持续改善，现金流量表结构优化明显。公司后续将持续提升公司经营管理水平，实现公司的可持续健康发展。有关公司业绩均以公司公告为准。请投资者注意投资风险。感谢您的关注。,今年能盈利吗？,2,performance_governance,dep_reason,Q2重复追问A1未正面回答的业绩扭亏问题。,今年业绩有望扭亏吗,投资者您好，公司在聚焦环保主业的同时，通过狠抓业务瘦身、化解债务风险、提升经营管理水平等方式进一步优化公司业绩。近一年以来，公司处置了部分资本投入较大、应收款较高的项目公司股权，流动性得以改善，夯实了资产端，实现对资产负债表的瘦身整固。公司持续聚焦于环卫、水务和有机固废等主营业务，注重控制管理成本、减少财务费用支出，减少耗用现金流的业务，保留了现金流较好的业务，经营活动现金流和投资活动现金流指标得到持续改善，现金流量表结构优化明显。公司后续将持续提升公司经营管理水平，实现公司的可持续健康发展。有关公司业绩均以公司公告为准。请投资者注意投资风险。感谢您的关注。,今年能盈利吗？,000826_2022,87,90,3,Complaint,Q2重复追问A1未正面回答的业绩扭亏问题。,,,1
positive,立案调查过去快半年了，进展如何，什么时候会有结果？ 投资者您好，立案调查期间公司将积极配合调查工作，并严格按照规定履行信息披露义务。有关公司信息均以公司在指定媒体披露的公告为准，敬请广大投资者关注相关公告并注意投资风险。谢谢关注。,证监会立案调查什么时候结束，严重影响公司股价。,2,answer_pressure,dep_reason,Q2重复追问A1未正面回答的立案调查结束时间，并抱怨影响股价。,立案调查过去快半年了，进展如何，什么时候会有结果？,投资者您好，立案调查期间公司将积极配合调查工作，并严格按照规定履行信息披露义务。有关公司信息均以公司在指定媒体披露的公告为准，敬请广大投资者关注相关公告并注意投资风险。谢谢关注。,证监会立案调查什么时候结束，严重影响公司股价。,000826_2022,92,94,2,Complaint,Q2重复追问A1未正面回答的立案调查结束时间，并抱怨影响股价。,,,1
positive,公司投资的桑顿新能源今年扭亏了吗 投资者您好，桑顿新能源为公司参股子公司，公司持有其22.77%股份。公司以权益法并表。公司依据法律法规规定履行信披义务，有关信息均以公司指定信息披露媒体发布的公告为准。截至目前公司未有此计划。谢谢关注。,扭亏时间表？企业发展短期和长期计划？,2,restructuring,dep_reason,A1未正面回答扭亏问题，Q2重复追问并索要时间表。,公司投资的桑顿新能源今年扭亏了吗,投资者您好，桑顿新能源为公司参股子公司，公司持有其22.77%股份。公司以权益法并表。公司依据法律法规规定履行信披义务，有关信息均以公司指定信息披露媒体发布的公告为准。截至目前公司未有此计划。谢谢关注。,扭亏时间表？企业发展短期和长期计划？,000826_2022,113,116,3,Complaint,A1未正面回答扭亏问题，Q2重复追问并索要时间表。,,,1
positive,扭亏时间表？企业发展短期和长期计划？ 投资者您好，关于公司相关业绩情况请关注公司定期报告。公司定位于环境综合治理科技企业，定位于环境综合治理科技企业，以“零碳无废城市建设者”为使命，遵循启迪控股“产业+技术+资本”三螺旋的发展模式，秉持“降本增效、持续发展，重塑信用、打造口碑”的目标。对内优化管理体系、夯实业务基础，对外加强资源共享、实现战略协同；最终实现以科技创新为基础，搭建启迪环境全新智能生态。谢谢关注。,王董事长好！连续三年亏损，第一季度又亏损。第二季度和第三第四季度我们将采取哪些措施进行扭亏？,1,disclosure_detail,dep_reason,Q2继续追问扭亏措施，因A1回避回答且Q1已问扭亏问题，属催促补答。,扭亏时间表？企业发展短期和长期计划？,投资者您好，关于公司相关业绩情况请关注公司定期报告。公司定位于环境综合治理科技企业，定位于环境综合治理科技企业，以“零碳无废城市建设者”为使命，遵循启迪控股“产业+技术+资本”三螺旋的发展模式，秉持“降本增效、持续发展，重塑信用、打造口碑”的目标。对内优化管理体系、夯实业务基础，对外加强资源共享、实现战略协同；最终实现以科技创新为基础，搭建启迪环境全新智能生态。谢谢关注。,王董事长好！连续三年亏损，第一季度又亏损。第二季度和第三第四季度我们将采取哪些措施进行扭亏？,000826_2022,116,121,5,Complaint,Q2继续追问扭亏措施，因A1回避回答且Q1已问扭亏问题，属催促补答。,,,1
positive,王董事长好！连续三年亏损，第一季度又亏损。第二季度和第三第四季度我们将采取哪些措施进行扭亏？ 投资者您好，2022年1-12月公司实现营收约71亿元，公司归母净利润大幅减亏，基本面迎来实质性好转。全年，公司主要业务板块进一步强化项目运营管理水平，毛利率得到明显提升，实现了对利润表的修复。公司在聚焦环保主业的同时，通过狠抓业务瘦身、化解债务风险、提升经营管理水平等方式进一步优化公司业绩。后续，公司将持续提升公司经营管理水平，克服发展中遇到的困难，实现公司的可持续健康发展。谢谢关注。,启迪环境今年能扭亏为赢吗？,2,answer_pressure,dep_reason,Q2重复追问A1未正面回答的扭亏预测问题。,王董事长好！连续三年亏损，第一季度又亏损。第二季度和第三第四季度我们将采取哪些措施进行扭亏？,投资者您好，2022年1-12月公司实现营收约71亿元，公司归母净利润大幅减亏，基本面迎来实质性好转。全年，公司主要业务板块进一步强化项目运营管理水平，毛利率得到明显提升，实现了对利润表的修复。公司在聚焦环保主业的同时，通过狠抓业务瘦身、化解债务风险、提升经营管理水平等方式进一步优化公司业绩。后续，公司将持续提升公司经营管理水平，克服发展中遇到的困难，实现公司的可持续健康发展。谢谢关注。,启迪环境今年能扭亏为赢吗？,000826_2022,121,125,4,Complaint,Q2重复追问A1未正面回答的扭亏预测问题。,,,1
positive,证监会2月28日对启迪环境立案调查，请问调查结果在什么时候出来？ 投资者您好，立案调查期间公司将积极配合调查工作，并严格按照规定履行信息披露义务。有关公司信息均以公司在指定媒体披露的公告为准，敬请广大投资者关注相关公告并注意投资风险。谢谢关注。,公司被调查何时结束，有何进展,1,disclosure_detail,dep_reason,Q2重复追问调查结束时间，针对A1回避式回答继续施压。,证监会2月28日对启迪环境立案调查，请问调查结果在什么时候出来？,投资者您好，立案调查期间公司将积极配合调查工作，并严格按照规定履行信息披露义务。有关公司信息均以公司在指定媒体披露的公告为准，敬请广大投资者关注相关公告并注意投资风险。谢谢关注。,公司被调查何时结束，有何进展,000826_2022,133,138,5,Complaint,Q2重复追问调查结束时间，针对A1回避式回答继续施压。,,,1
positive,请问公司二季度是不是比一季度生产经营更好，公司生产经营是不是销量越来越好，半年报能不能扭亏为盈！谢谢了 投资者您好，2022年1-12月公司实现营收约71亿元，公司归母净利润大幅减亏，基本面较去年同期大幅增长。全年，公司主要业务板块进一步强化项目运营管理水平，毛利率得到明显提升，实现了对利润表的修复。公司在聚焦环保主业的同时，通过狠抓业务瘦身、化解债务风险、提升经营管理水平等方式进一步优化公司业绩。后续，公司将持续提升公司经营管理水平，克服发展中遇到的困难，实现公司的可持续健康发展。谢谢关注。,就问今年能不能扭亏吧，或者扭亏的概率有多大。,2,answer_pressure,dep_reason,Q2针对A1未直接回答扭亏问题，继续施压要求正面回答。,请问公司二季度是不是比一季度生产经营更好，公司生产经营是不是销量越来越好，半年报能不能扭亏为盈！谢谢了,投资者您好，2022年1-12月公司实现营收约71亿元，公司归母净利润大幅减亏，基本面较去年同期大幅增长。全年，公司主要业务板块进一步强化项目运营管理水平，毛利率得到明显提升，实现了对利润表的修复。公司在聚焦环保主业的同时，通过狠抓业务瘦身、化解债务风险、提升经营管理水平等方式进一步优化公司业绩。后续，公司将持续提升公司经营管理水平，克服发展中遇到的困难，实现公司的可持续健康发展。谢谢关注。,就问今年能不能扭亏吧，或者扭亏的概率有多大。,000826_2022,142,146,4,Complaint,Q2针对A1未直接回答扭亏问题，继续施压要求正面回答。,,,1
positive,请问本年度扭亏为盈是公司今年的目标吗，公司采取了什么措施，还有什么计划 投资者您好，今年以来，为保障公司正常的生产经营活动、确保项目所在地的环境安全，公司核心领导班子围绕统筹推进稳增长、提质量、促改革、防风险机制重点开展工作，秉持“降本增效、协同发展、重塑信用、创新转型”的目标，以市场份额、技术实力和底层资产等核心优势作为公司可持续发展的保障和基石，对内优化管理体系、夯实业务基础、建设高效组织架构、改善运营治理、提质增效；对外加强资源共享、跨界协同，突破环保行业边界，持续推动业务转型。谢谢！,请问终止吸收合并后的利与弊分别是什么？扭亏为盈依靠的是什么？,1,disclosure_detail,dep_reason,Q2重复追问扭亏措施的具体依靠，A1笼统回避，构成依赖追问。,请问本年度扭亏为盈是公司今年的目标吗，公司采取了什么措施，还有什么计划,投资者您好，今年以来，为保障公司正常的生产经营活动、确保项目所在地的环境安全，公司核心领导班子围绕统筹推进稳增长、提质量、促改革、防风险机制重点开展工作，秉持“降本增效、协同发展、重塑信用、创新转型”的目标，以市场份额、技术实力和底层资产等核心优势作为公司可持续发展的保障和基石，对内优化管理体系、夯实业务基础、建设高效组织架构、改善运营治理、提质增效；对外加强资源共享、跨界协同，突破环保行业边界，持续推动业务转型。谢谢！,请问终止吸收合并后的利与弊分别是什么？扭亏为盈依靠的是什么？,000826_2022,153,157,4,Elaboration,Q2重复追问扭亏措施的具体依靠，A1笼统回避，构成依赖追问。,,,1
positive,目前公司应收账款情况如何？ 投资者您好，截至2022年6月30日，应收账款47.06亿，公司以“清旧账、确权益、控新增、先易后难”为原则，以“清退清欠、减损止损、盘活资产、回笼资金”为工作重心，开展应收账款的清欠工作。通过顶层推动、专职督办、充实项目力量、加大回款考核力度等方式切实加强应收账款的清欠工作，落实经营回款，着力提升公司“造血”能力。谢谢关注。,除了卖给城发的新易外，近期还有处置其他资产、回笼宝贵资金的计划吗？,1,disclosure_detail,dep_reason,Q2针对A1中'盘活资产、回笼资金'的表述，进一步追问其他资产处置计划，以获取具体细节。,目前公司应收账款情况如何？,投资者您好，截至2022年6月30日，应收账款47.06亿，公司以“清旧账、确权益、控新增、先易后难”为原则，以“清退清欠、减损止损、盘活资产、回笼资金”为工作重心，开展应收账款的清欠工作。通过顶层推动、专职督办、充实项目力量、加大回款考核力度等方式切实加强应收账款的清欠工作，落实经营回款，着力提升公司“造血”能力。谢谢关注。,除了卖给城发的新易外，近期还有处置其他资产、回笼宝贵资金的计划吗？,000826_2022,159,164,5,Elaboration,Q2针对A1中'盘活资产、回笼资金'的表述，进一步追问其他资产处置计划，以获取具体细节。,,,1
positive,@董事长王翼你好，经过这几年有没有找到连续亏损的原因？ 投资者您好，目前公司发展面临流动性受限、应收账款回收周期长、资产减值等多方面障碍，公司经营管理层也在积极通过聚焦主业、发展核心技术、加快应收账款清收及成本管控等多种方式持续提升公司经营管理水平。感谢关注。,贵公司业绩连续几年极差，股价也是连跌，请问各级管理层能否给广大投资者一个正面发答复，问题到底出在什么方面？,1,disclosure_detail,dep_reason,Q2认为A1未给出正面答复，要求正面说明亏损原因，针对回答状态继续追问。,@董事长王翼你好，经过这几年有没有找到连续亏损的原因？,投资者您好，目前公司发展面临流动性受限、应收账款回收周期长、资产减值等多方面障碍，公司经营管理层也在积极通过聚焦主业、发展核心技术、加快应收账款清收及成本管控等多种方式持续提升公司经营管理水平。感谢关注。,贵公司业绩连续几年极差，股价也是连跌，请问各级管理层能否给广大投资者一个正面发答复，问题到底出在什么方面？,000826_2023,1,2,1,Complaint,Q2认为A1未给出正面答复，要求正面说明亏损原因，针对回答状态继续追问。,,,1
positive,@董事长王翼你好，经过这几年有没有找到连续亏损的原因？ 投资者您好，目前公司发展面临流动性受限、应收账款回收周期长、资产减值等多方面障碍，公司经营管理层也在积极通过聚焦主业、发展核心技术、加快应收账款清收及成本管控等多种方式持续提升公司经营管理水平。感谢关注。,公司经营这么差，股票天天跌，公司都不采取一些措施吗,2,performance_governance,dep_reason,Q2针对A1中声称的多种措施提出质疑，认为公司未采取实质性行动来应对经营和股价问题。,@董事长王翼你好，经过这几年有没有找到连续亏损的原因？,投资者您好，目前公司发展面临流动性受限、应收账款回收周期长、资产减值等多方面障碍，公司经营管理层也在积极通过聚焦主业、发展核心技术、加快应收账款清收及成本管控等多种方式持续提升公司经营管理水平。感谢关注。,公司经营这么差，股票天天跌，公司都不采取一些措施吗,000826_2023,1,4,3,Challenge,Q2针对A1中声称的多种措施提出质疑，认为公司未采取实质性行动来应对经营和股价问题。,,,1
positive,贵公司业绩连续几年极差，股价也是连跌，请问各级管理层能否给广大投资者一个正面发答复，问题到底出在什么方面？ 投资者您好，二级市场的股票价格受经济环境政策、行业发展状况、市场波动等多种因素综合影响，敬请投资者注意二级市场投资风险。关于公司信息请以公司披露在《中国证券报》《证券时报》《上海证券报》和巨潮资讯网的公告为准。谢谢关注。,公司经营这么差，股票天天跌，公司都不采取一些措施吗,1,disclosure_detail,dep_reason,Q2继续追问经营与股价问题，A1回避未正面答复，属于交互依赖。,贵公司业绩连续几年极差，股价也是连跌，请问各级管理层能否给广大投资者一个正面发答复，问题到底出在什么方面？,投资者您好，二级市场的股票价格受经济环境政策、行业发展状况、市场波动等多种因素综合影响，敬请投资者注意二级市场投资风险。关于公司信息请以公司披露在《中国证券报》《证券时报》《上海证券报》和巨潮资讯网的公告为准。谢谢关注。,公司经营这么差，股票天天跌，公司都不采取一些措施吗,000826_2023,2,4,2,Complaint,Q2继续追问经营与股价问题，A1回避未正面答复，属于交互依赖。,,,1
positive,启迪公司这两年在你任上有何变化吗？ 投资者您好，公司将持续提升公司经营管理水平，锻造可持续发展的内生动力。公司经营管理层将严格按照有关法律法规的规定和要求做好公司经营管理，敬请您持续关注公司公开披露信息。感谢关注。,在,1,disclosure_detail,dep_reason,Q2仅发“在”字，针对A1回避不答进行催促或确认。,启迪公司这两年在你任上有何变化吗？,投资者您好，公司将持续提升公司经营管理水平，锻造可持续发展的内生动力。公司经营管理层将严格按照有关法律法规的规定和要求做好公司经营管理，敬请您持续关注公司公开披露信息。感谢关注。,在,000826_2023,3,8,5,Complaint,Q2仅发“在”字，针对A1回避不答进行催促或确认。,,,1
positive,公司经营这么差，股票天天跌，公司都不采取一些措施吗 您好，二级市场的股票价格受经营情况、经济环境政策、行业发展状况、市场波动等多种因素综合影响，谢谢关注。,在,1,disclosure_detail,dep_reason,Q2用'在'催促，针对A1回避性回答未正面回应问题。,公司经营这么差，股票天天跌，公司都不采取一些措施吗,您好，二级市场的股票价格受经营情况、经济环境政策、行业发展状况、市场波动等多种因素综合影响，谢谢关注。,在,000826_2023,4,8,4,Complaint,Q2用'在'催促，针对A1回避性回答未正面回应问题。,,,1
positive,全社会的融资成本都在下降，为什么咱们公司还需要借用这么高的利息？ 目前，公司总体债务规模较大，债务利息负担较重。公司努力在债委会机制下，维持债务规模的基本稳定，同时力争拓展更多新增融资渠道，逐步降低融资成本。谢谢关注。,不播放呢,2,answer_pressure,dep_reason,Q2针对A1笼统客套回答进行抱怨，要求不要播放式敷衍。,全社会的融资成本都在下降，为什么咱们公司还需要借用这么高的利息？,目前，公司总体债务规模较大，债务利息负担较重。公司努力在债委会机制下，维持债务规模的基本稳定，同时力争拓展更多新增融资渠道，逐步降低融资成本。谢谢关注。,不播放呢,000826_2023,23,27,4,Complaint,Q2针对A1笼统客套回答进行抱怨，要求不要播放式敷衍。,,,1
positive,是什么原因导致公司一直大幅亏损？ 投资者您好，截至本报告期末，公司合并口径归属于上市公司股东的净利润为-15.72亿元。主要原因系本报告期收入、毛利下降以及资产减值损失增加所致。谢谢关注。,不播放呢,2,answer_pressure,dep_reason,Q2 是对 A1 回答不充分或未播放的催促抱怨。,是什么原因导致公司一直大幅亏损？,投资者您好，截至本报告期末，公司合并口径归属于上市公司股东的净利润为-15.72亿元。主要原因系本报告期收入、毛利下降以及资产减值损失增加所致。谢谢关注。,不播放呢,000826_2023,25,27,2,Complaint,Q2 是对 A1 回答不充分或未播放的催促抱怨。,,,1
positive,下一阶段，公司的主要规划布局是什么？ 投资者您好，公司将持续聚焦主业，根据行业的发展阶段、发展战略及经营目标统筹考虑。公司相关信息请以在指定媒体披露的公告为准。谢谢关注。,不播放呢,1,disclosure_detail,dep_reason,Q2针对A1以公告搪塞、未提供实质信息进行催促抱怨。,下一阶段，公司的主要规划布局是什么？,投资者您好，公司将持续聚焦主业，根据行业的发展阶段、发展战略及经营目标统筹考虑。公司相关信息请以在指定媒体披露的公告为准。谢谢关注。,不播放呢,000826_2023,26,27,1,Complaint,Q2针对A1以公告搪塞、未提供实质信息进行催促抱怨。,,,1
positive,你们连年亏损，股票连跌7.8年了，你们接下来打算继续亏下去吗？ 投资者您好，目前公司发展面临流动性受限、应收账款回收周期长、资产减值等多方面障碍，公司经营管理层也在积极通过聚焦主业、发展核心技术、加快应收账款清收及成本管控等多种方式持续提升公司经营管理水平。感谢关注。,你们连年亏损，股票连跌7.8年了，你们接下来打算继续亏下去吗？@王翼,2,performance_governance,dep_reason,Q2重复相同问题并@高管，针对A1未直接回答‘是否继续亏’进行催促。,你们连年亏损，股票连跌7.8年了，你们接下来打算继续亏下去吗？,投资者您好，目前公司发展面临流动性受限、应收账款回收周期长、资产减值等多方面障碍，公司经营管理层也在积极通过聚焦主业、发展核心技术、加快应收账款清收及成本管控等多种方式持续提升公司经营管理水平。感谢关注。,你们连年亏损，股票连跌7.8年了，你们接下来打算继续亏下去吗？@王翼,000826_2023,39,40,1,Complaint,Q2重复相同问题并@高管，针对A1未直接回答‘是否继续亏’进行催促。,,,1
positive,你们连年亏损，股票连跌7.8年了，你们接下来打算继续亏下去吗？@王翼 投资者您好，2023年年度收入总额为54.02亿元。公司后续将持续提升公司经营管理水平，克服发展中遇到的困难，实现公司的可持续发展。感谢关注。,你们有什么措施扭亏，预计什么时候可以扭亏？,1,disclosure_detail,dep_reason,Q2针对A1回避回答，继续追问扭亏措施与时间，属于对不充分回答的催促。,你们连年亏损，股票连跌7.8年了，你们接下来打算继续亏下去吗？@王翼,投资者您好，2023年年度收入总额为54.02亿元。公司后续将持续提升公司经营管理水平，克服发展中遇到的困难，实现公司的可持续发展。感谢关注。,你们有什么措施扭亏，预计什么时候可以扭亏？,000826_2023,40,43,3,Complaint,Q2针对A1回避回答，继续追问扭亏措施与时间，属于对不充分回答的催促。,,,1
positive,公司海外市场投资方面有布局吗？主要会关注那些类型和地区的项目？收并购方面接下来计划如何？偏好那些类型项目？ 投资者您好，公司各细分领域的市场拓展按公司战略布署开展中，目前公司业务主要集中在国内。谢谢关注。,希望公司在互动交流中拿出诚意，同一问题不同嘉宾要从个自角度反映公司真实情况，而不是复制粘贴式回答。,2,answer_pressure,dep_reason,Q2针对A1回答方式（复制粘贴、缺乏诚意）进行抱怨和催促。,公司海外市场投资方面有布局吗？主要会关注那些类型和地区的项目？收并购方面接下来计划如何？偏好那些类型项目？,投资者您好，公司各细分领域的市场拓展按公司战略布署开展中，目前公司业务主要集中在国内。谢谢关注。,希望公司在互动交流中拿出诚意，同一问题不同嘉宾要从个自角度反映公司真实情况，而不是复制粘贴式回答。,000826_2023,41,46,5,Complaint,Q2针对A1回答方式（复制粘贴、缺乏诚意）进行抱怨和催促。,,,1
positive,畅总您好，公司财务费用金额较大，明显拖累经营业绩，请问公司计划采取哪些措施压降财务费用？谢谢 投资者您好，公司一方面将在国家支持实体经济金融纾困的政策背景下，积极争取部分较高的金融债务成本定价适当下调，另一方面通过加强应收账款清收工作，降低整体债务规模，努力降低公司财务费用。谢谢关注！,希望公司在互动交流中拿出诚意，同一问题不同嘉宾要从个自角度反映公司真实情况，而不是复制粘贴式回答。,2,answer_pressure,dep_reason,Q2针对A1回答方式（复制粘贴式）提出抱怨，催促诚意回答。,畅总您好，公司财务费用金额较大，明显拖累经营业绩，请问公司计划采取哪些措施压降财务费用？谢谢,投资者您好，公司一方面将在国家支持实体经济金融纾困的政策背景下，积极争取部分较高的金融债务成本定价适当下调，另一方面通过加强应收账款清收工作，降低整体债务规模，努力降低公司财务费用。谢谢关注！,希望公司在互动交流中拿出诚意，同一问题不同嘉宾要从个自角度反映公司真实情况，而不是复制粘贴式回答。,000826_2023,45,46,1,Complaint,Q2针对A1回答方式（复制粘贴式）提出抱怨，催促诚意回答。,,,1
positive,启迪控股扭亏为盈，对启迪环境有影响吗？之后会不会再次注资 投资者您好，相关信息请以公司在指定媒体披露的信息为准，谢谢。,你好，启迪控股扭亏为盈，对启迪环境有影响吗？之后会不会再次注资,1,disclosure_detail,dep_reason,Q2完全重复Q1，针对A1回避性回答进行追问。,启迪控股扭亏为盈，对启迪环境有影响吗？之后会不会再次注资,投资者您好，相关信息请以公司在指定媒体披露的信息为准，谢谢。,你好，启迪控股扭亏为盈，对启迪环境有影响吗？之后会不会再次注资,000826_2023,47,50,3,Complaint,Q2完全重复Q1，针对A1回避性回答进行追问。,,,1
positive,请问目前与中原信托的债务诉讼是啥进度 投资者您好，相关诉讼进展请详见公司于6月21日发布的《关于涉及诉讼相关事项的进展公告》。公司及担保人持续与债权人保持密切沟通，积极协商偿债方案，力求妥善解决以上债务诉讼。谢谢关注。,啥时候能够好转,2,answer_pressure,dep_reason,Q2针对A1中未明确的债务诉讼解决时间继续追问好转时点。,请问目前与中原信托的债务诉讼是啥进度,投资者您好，相关诉讼进展请详见公司于6月21日发布的《关于涉及诉讼相关事项的进展公告》。公司及担保人持续与债权人保持密切沟通，积极协商偿债方案，力求妥善解决以上债务诉讼。谢谢关注。,啥时候能够好转,000826_2024,4,9,5,Elaboration,Q2针对A1中未明确的债务诉讼解决时间继续追问好转时点。,,,1
positive,能否解读一下中报各项绩差数据？ 投资者您好，2024年1-6月，公司实现营业收入24.94亿元，同比减少1.93%；归属于上市公司股东的净利润-2.19亿元，同比较上年同期亏损额增加37.21%；经营活动产生的现金流量净额3.34亿元，较上期发生额增加28.6%；截至报告期末，公司资产总额为233.63亿元，较上年同期减少1.86%；归属于上市公司股东的净资产55.17亿元，同比减少5.42%。谢谢关注。,啥时候能够好转,2,restructuring,dep_reason,Q2基于A1中业绩下滑数据追问好转时间表。,能否解读一下中报各项绩差数据？,投资者您好，2024年1-6月，公司实现营业收入24.94亿元，同比减少1.93%；归属于上市公司股东的净利润-2.19亿元，同比较上年同期亏损额增加37.21%；经营活动产生的现金流量净额3.34亿元，较上期发生额增加28.6%；截至报告期末，公司资产总额为233.63亿元，较上年同期减少1.86%；归属于上市公司股东的净资产55.17亿元，同比减少5.42%。谢谢关注。,啥时候能够好转,000826_2024,6,9,3,Elaboration,Q2基于A1中业绩下滑数据追问好转时间表。,,,1
positive,"有冇撚錯,你們對得住香港的投資者嗎?究竟你們是不是要退市,融券做空這間公司捲錢， 投资者您好，关于公司信息请以公司披露在《中国证券报》、《证券时报》、《上海证券报》和巨潮资讯网的公告为准。谢谢关注。",公司年年亏损，有没有退市风险,1,disclosure_detail,dep_reason,Q2重复追问Q1中的退市问题，A1以看公告回避，未正面回答。,"有冇撚錯,你們對得住香港的投資者嗎?究竟你們是不是要退市,融券做空這間公司捲錢，",投资者您好，关于公司信息请以公司披露在《中国证券报》、《证券时报》、《上海证券报》和巨潮资讯网的公告为准。谢谢关注。,公司年年亏损，有没有退市风险,000826_2024,11,12,1,Complaint,Q2重复追问Q1中的退市问题，A1以看公告回避，未正面回答。,,,1
positive,2024年业绩有没有可能盈利？ 投资者您好，公司在聚焦环保主业的同时，通过狠抓业务瘦身、化解债务风险、提升经营管理水平等方式进一步优化公司业绩。公司业绩请关注公司披露的定期报告。感谢关注。,连续跌了这么多年，投资者的是伤痕累累？公司有什么提升业绩的手段或者工作计划吗？,2,performance_governance,dep_reason,Q2针对A1中已提到的提升业绩方式要求更具体的手段或工作计划。,2024年业绩有没有可能盈利？,投资者您好，公司在聚焦环保主业的同时，通过狠抓业务瘦身、化解债务风险、提升经营管理水平等方式进一步优化公司业绩。公司业绩请关注公司披露的定期报告。感谢关注。,连续跌了这么多年，投资者的是伤痕累累？公司有什么提升业绩的手段或者工作计划吗？,000826_2024,13,16,3,Elaboration,Q2针对A1中已提到的提升业绩方式要求更具体的手段或工作计划。,,,1
positive,你好今年公司业绩怎样？在行业内排名第几？ 投资者您好，2024年1-6月，公司实现营业收入24.94亿元，同比减少1.93%；归属于上市公司股东的净利润-2.19亿元，同比较上年同期亏损额增加37.21%；经营活动产生的现金流量净额3.34亿元，较上期发生额增加28.6%；截至报告期末，公司资产总额为233.63亿元，较上年同期减少1.86%；归属于上市公司股东的净资产55.17亿元，同比减少5.42%。相关业务开展情况请详见公司2024年半年度报告-第三节管理层讨论与分析。谢谢关注。,为什么业绩这么差，股价跌跌不休？,2,performance_governance,dep_reason,Q2针对A1中业绩亏损扩大追问原因。,你好今年公司业绩怎样？在行业内排名第几？,投资者您好，2024年1-6月，公司实现营业收入24.94亿元，同比减少1.93%；归属于上市公司股东的净利润-2.19亿元，同比较上年同期亏损额增加37.21%；经营活动产生的现金流量净额3.34亿元，较上期发生额增加28.6%；截至报告期末，公司资产总额为233.63亿元，较上年同期减少1.86%；归属于上市公司股东的净资产55.17亿元，同比减少5.42%。相关业务开展情况请详见公司2024年半年度报告-第三节管理层讨论与分析。谢谢关注。,为什么业绩这么差，股价跌跌不休？,000826_2024,19,20,1,Elaboration,Q2针对A1中业绩亏损扩大追问原因。,,,1
positive,化解债务风险的举措有哪些，坏账还得多少年才能计提完 投资者您好，公司会密切关注地方政府化债进展，随着政府化解地方债务的速度加快，公司多举措推动应收款项催收工作，压实清收责任，加强跟踪催收，同时加快推进资产优化处置工作，努力改善回款状况，全力减少大额坏账损失发生的情况。感谢关注。,请问财务总监畅敞，地方政府在增加发债，对解决公司债务资金回笼有没有改善？公司债务这么高，经营又没有明显改善，连续亏损三年，怎么解决公司生存问题？,1,disclosure_detail,dep_reason,Q2针对A1中地方政府化债和回款状况追问改善效果，并要求说明生存问题解决方案。,化解债务风险的举措有哪些，坏账还得多少年才能计提完,投资者您好，公司会密切关注地方政府化债进展，随着政府化解地方债务的速度加快，公司多举措推动应收款项催收工作，压实清收责任，加强跟踪催收，同时加快推进资产优化处置工作，努力改善回款状况，全力减少大额坏账损失发生的情况。感谢关注。,请问财务总监畅敞，地方政府在增加发债，对解决公司债务资金回笼有没有改善？公司债务这么高，经营又没有明显改善，连续亏损三年，怎么解决公司生存问题？,000826_2024,21,23,2,Elaboration,Q2针对A1中地方政府化债和回款状况追问改善效果，并要求说明生存问题解决方案。,,,1
positive,启迪总计的子公司多达133家，目前公司股价一再创新低，未来是否重组或资产整合了计划以提振股价？ 投资者您好，公司相关信息请以公司发布在指定官方媒体巨潮资讯网的公告为准。谢谢关注。,启迪环境一大债台高筑，难以发展。有什么方法规划处理给散户们看到希望？,1,disclosure_detail,dep_reason,Q2改写Q1核心问题，继续追问提振股民希望的具体规划，A1以公告回避,启迪总计的子公司多达133家，目前公司股价一再创新低，未来是否重组或资产整合了计划以提振股价？,投资者您好，公司相关信息请以公司发布在指定官方媒体巨潮资讯网的公告为准。谢谢关注。,启迪环境一大债台高筑，难以发展。有什么方法规划处理给散户们看到希望？,000826_2024,22,24,2,Complaint,Q2改写Q1核心问题，继续追问提振股民希望的具体规划，A1以公告回避,,,1
positive,"请问财务总监畅敞，地方政府在增加发债，对解决公司债务资金回笼有没有改善？公司债务这么高，经营又没有明显改善，连续亏损三年，怎么解决公司生存问题？ 投资者您好，公司后续将密切关注中央化解地方债务风险的各项政策的落地实施情况，加大清欠力度，缓解资金压力,提高偿债能力。公司经营管理层也在积极通过聚焦主业、发展核心技术、加快应收账款清收及成本管控等多种方式持续提升公司经营管理水平。感谢关注。",连续三年亏损了，想不通为什么会亏这么多？何时才能盈利呢？否则不需要到明年恐怕就要退了！,2,performance_governance,dep_reason,Q2重复追问Q1中连续亏损原因及盈利时间，A1未正面回答，属催促抱怨。,请问财务总监畅敞，地方政府在增加发债，对解决公司债务资金回笼有没有改善？公司债务这么高，经营又没有明显改善，连续亏损三年，怎么解决公司生存问题？,"投资者您好，公司后续将密切关注中央化解地方债务风险的各项政策的落地实施情况，加大清欠力度，缓解资金压力,提高偿债能力。公司经营管理层也在积极通过聚焦主业、发展核心技术、加快应收账款清收及成本管控等多种方式持续提升公司经营管理水平。感谢关注。",连续三年亏损了，想不通为什么会亏这么多？何时才能盈利呢？否则不需要到明年恐怕就要退了！,000826_2024,23,26,3,Complaint,Q2重复追问Q1中连续亏损原因及盈利时间，A1未正面回答，属催促抱怨。,,,1
positive,大股东启迪控股的股权拍卖，对公司的经营、业绩有没有负面影响 投资者您好，公司相关信息请以公司发布在指定官方媒体巨潮资讯网的公告为准。谢谢关注。,公司大股东股份12月拍卖，为何不公告？还准备信批被立案？,1,disclosure_detail,dep_reason,Q2针对A1的回避式回答，继续质疑大股东股权拍卖未公告可能引发信披立案。,大股东启迪控股的股权拍卖，对公司的经营、业绩有没有负面影响,投资者您好，公司相关信息请以公司发布在指定官方媒体巨潮资讯网的公告为准。谢谢关注。,公司大股东股份12月拍卖，为何不公告？还准备信批被立案？,000826_2024,32,35,3,Challenge,Q2针对A1的回避式回答，继续质疑大股东股权拍卖未公告可能引发信披立案。,,,1
positive,公司有ST风险没 投资者您好，关于公司信息请以公司披露在《中国证券报》、《证券时报》、《上海证券报》和巨潮资讯网的公告为准。谢谢关注。,根据新国九条及其他相关法规，公司自查，有没有被st的风险？,1,disclosure_detail,dep_reason,Q2针对A1回避回答继续追问同一ST风险问题，并施加压力要求自查。,公司有ST风险没,投资者您好，关于公司信息请以公司披露在《中国证券报》、《证券时报》、《上海证券报》和巨潮资讯网的公告为准。谢谢关注。,根据新国九条及其他相关法规，公司自查，有没有被st的风险？,000826_2024,47,52,5,Complaint,Q2针对A1回避回答继续追问同一ST风险问题，并施加压力要求自查。,,,1
positive,月底的拍卖是否会影响股价 投资者您好，二级市场的股票价格受经济环境政策、行业发展状况、市场波动等多种因素综合影响，敬请投资者注意二级市场投资风险。鉴于本次股东部分股份被司法拍卖事项尚处于公示阶段，拍卖结果存在不确定性。目前公司经营活动正常开展，本次事项暂未对公司生产经营、公司治理等事项产生重大影响。谢谢关注。,如果大股东变更了，公司的管理层要有变动的，是全变呢还是部分变动,1,disclosure_detail,dep_reason,Q2基于A1中司法拍卖可能导致大股东变更的潜在结果，追问管理层变动细节。,月底的拍卖是否会影响股价,投资者您好，二级市场的股票价格受经济环境政策、行业发展状况、市场波动等多种因素综合影响，敬请投资者注意二级市场投资风险。鉴于本次股东部分股份被司法拍卖事项尚处于公示阶段，拍卖结果存在不确定性。目前公司经营活动正常开展，本次事项暂未对公司生产经营、公司治理等事项产生重大影响。谢谢关注。,如果大股东变更了，公司的管理层要有变动的，是全变呢还是部分变动,000826_2024,65,68,3,Elaboration,Q2基于A1中司法拍卖可能导致大股东变更的潜在结果，追问管理层变动细节。,,,1
positive,你好，请问公司会引入重组么 投资者您好，公司相关信息请以公司发布在指定官方媒体巨潮资讯网的公告为准。谢谢关注。,公司近期是否有重组计划,2,restructuring,dep_reason,Q2重复追问重组事项，A1未正面回答，构成交互依赖。,你好，请问公司会引入重组么,投资者您好，公司相关信息请以公司发布在指定官方媒体巨潮资讯网的公告为准。谢谢关注。,公司近期是否有重组计划,000826_2024,66,69,3,Complaint,Q2重复追问重组事项，A1未正面回答，构成交互依赖。,,,1
positive,怎么看待贵司财报这么差的盈利状况，半年报看，有什么生产经营的亮点？ 投资者您好，截至2025年6月底，公司在执行的环卫一体化业务年化合同额24.75亿元，总合同额约286.3亿元。 水务板块在运营项目包括污水项目30个，设计规模220.73万吨/日；供水项目3个，设计规模53.5万吨/日；中水项目1个，设计规模为6万吨/日。 公司目前在运营的生活垃圾焚烧发电项目日处理量为5600吨/天；有机固废（包括餐厨、尾菜）处置量为1460吨/天；医疗废弃物处置量为60吨/天。 本报告期，公司围绕稳经营、推创新、促发展等几项主要内容开展各项工作。谢谢关注。,公司什么时候能扭亏为盈，能不能换一批有用的管理层？,1,disclosure_detail,dep_reason,Q2针对A1未回应盈利差及扭亏时间点的回避态度进行追问与批评。,怎么看待贵司财报这么差的盈利状况，半年报看，有什么生产经营的亮点？,投资者您好，截至2025年6月底，公司在执行的环卫一体化业务年化合同额24.75亿元，总合同额约286.3亿元。 水务板块在运营项目包括污水项目30个，设计规模220.73万吨/日；供水项目3个，设计规模53.5万吨/日；中水项目1个，设计规模为6万吨/日。 公司目前在运营的生活垃圾焚烧发电项目日处理量为5600吨/天；有机固废（包括餐厨、尾菜）处置量为1460吨/天；医疗废弃物处置量为60吨/天。 本报告期，公司围绕稳经营、推创新、促发展等几项主要内容开展各项工作。谢谢关注。,公司什么时候能扭亏为盈，能不能换一批有用的管理层？,000826_2025,5,9,4,Complaint,Q2针对A1未回应盈利差及扭亏时间点的回避态度进行追问与批评。,,,1
positive,领导，您好！我来自四川大决策 请问，公司参与制定的国家标准GB/T44565-2024《高效能炉排炉评价技术要求》已正式实施，这对公司的业务发展有什么具体的积极影响？ 投资者您好，随着国家对环保产业的重视，未来环保行业监管体系进一步完善，对公司项目运营的标准化、规范化和智能化水平提出了更高的要求。启迪环境将紧随环保行业发展趋势，继续推进各区域项目合作，抓住环保政策落地的机遇，密切关注相关政策的细化落实，同时加快新技术的研发和运用，提高生产运营水平。谢谢关注。,请问公司在新质生产力发展，智能化转型上，有什么进展？,1,disclosure_detail,dep_reason,Q2针对A1中提及的智能化要求和新技术的研发，追问智能化转型具体进展。,领导，您好！我来自四川大决策 请问，公司参与制定的国家标准GB/T44565-2024《高效能炉排炉评价技术要求》已正式实施，这对公司的业务发展有什么具体的积极影响？,投资者您好，随着国家对环保产业的重视，未来环保行业监管体系进一步完善，对公司项目运营的标准化、规范化和智能化水平提出了更高的要求。启迪环境将紧随环保行业发展趋势，继续推进各区域项目合作，抓住环保政策落地的机遇，密切关注相关政策的细化落实，同时加快新技术的研发和运用，提高生产运营水平。谢谢关注。,请问公司在新质生产力发展，智能化转型上，有什么进展？,000826_2025,6,7,1,Elaboration,Q2针对A1中提及的智能化要求和新技术的研发，追问智能化转型具体进展。,,,1
positive,公司将如何处理来自中小股东方面的意见和质询？ 公司有接待中小股东的制度，通过接待来访、电话、电子邮件等形式收集的意见与质询，所有问题我们都会认真对待。谢谢！,公司是否设置了专门接股东来电或来函的部门？,1,disclosure_detail,dep_reason,Q2针对A1中提到的电话、电子邮件等接待方式，进一步追问是否设有专门部门，要求细节补充。,公司将如何处理来自中小股东方面的意见和质询？,公司有接待中小股东的制度，通过接待来访、电话、电子邮件等形式收集的意见与质询，所有问题我们都会认真对待。谢谢！,公司是否设置了专门接股东来电或来函的部门？,002098_2006,11,15,4,Elaboration,Q2针对A1中提到的电话、电子邮件等接待方式，进一步追问是否设有专门部门，要求细节补充。,,,1
positive,请问施能坑：您认为当前的股价估值对于企业来说是高还是低呢？中期预计30%的增长速度有些低于市场预期您怎么看待？ 影响股价的因素很多，公司对于目前的股价无法作出判断，但公司相信会给投资者很好的回报。公司作为行业龙头，借助资本市场将能够取得持续的发展，但业绩要等公司募集资金项目完成后才能取得大幅增长。谢谢！,我刚买了你们的股票，请董事长对今后股价作出客观预测？,2,answer_pressure,dep_reason,Q2重复追问股价预测，A1未正面回答，属于催问。,请问施能坑：您认为当前的股价估值对于企业来说是高还是低呢？中期预计30%的增长速度有些低于市场预期您怎么看待？,影响股价的因素很多，公司对于目前的股价无法作出判断，但公司相信会给投资者很好的回报。公司作为行业龙头，借助资本市场将能够取得持续的发展，但业绩要等公司募集资金项目完成后才能取得大幅增长。谢谢！,我刚买了你们的股票，请董事长对今后股价作出客观预测？,002098_2006,57,60,3,Complaint,Q2重复追问股价预测，A1未正面回答，属于催问。,,,1
positive,公司的盈利能力在中小企业板中处于什么水平? 随着募集资金项目的投入，盈利的空间还很大。,公司对投资的项目投资回收期多长？盈利能力如何？投资收益率为多少？,2,performance_governance,dep_reason,Q2针对A1中提到的募集资金项目，追问投资回收期、盈利能力和收益率等具体信息。,公司的盈利能力在中小企业板中处于什么水平?,随着募集资金项目的投入，盈利的空间还很大。,公司对投资的项目投资回收期多长？盈利能力如何？投资收益率为多少？,002098_2006,69,73,4,Elaboration,Q2针对A1中提到的募集资金项目，追问投资回收期、盈利能力和收益率等具体信息。,,,1
positive,请问施能坑：请问施东怎么看拉链行业的进入壁垒？如果YKK在中国建厂，会对浔兴带来什么样的影响，如何应对？ 中高档拉链的技术壁垒较高，YKK已经在中国建厂，并且运作了许多年，与YKK相比，浔兴有成本、交期和服务方面的优势。近些年的实践证明，中国拉链企业能够取得优势，不断发展。,公司未来发展以技术创新为主还是以降低成本为主？,2,strategy_planning,dep_reason,Q2针对A1中浔兴的成本优势与技术壁垒矛盾点，追问未来发展侧重。,请问施能坑：请问施东怎么看拉链行业的进入壁垒？如果YKK在中国建厂，会对浔兴带来什么样的影响，如何应对？,中高档拉链的技术壁垒较高，YKK已经在中国建厂，并且运作了许多年，与YKK相比，浔兴有成本、交期和服务方面的优势。近些年的实践证明，中国拉链企业能够取得优势，不断发展。,公司未来发展以技术创新为主还是以降低成本为主？,002098_2006,75,80,5,Elaboration,Q2针对A1中浔兴的成本优势与技术壁垒矛盾点，追问未来发展侧重。,,,1
positive,公司对自己目前的财务状况是否比较满意？哪些是较为薄弱的地方？今后将如改善？ 资本结构健康，上市后解决了资产负债率偏高的薄弱因素。,公司对自己目前的财务状况是否比较满意？哪些是较为薄弱的地方？今后将如改善？,2,answer_pressure,dep_reason,Q2完全重复Q1，暗示对A1仅部分回答不满，催促完整回应。,公司对自己目前的财务状况是否比较满意？哪些是较为薄弱的地方？今后将如改善？,资本结构健康，上市后解决了资产负债率偏高的薄弱因素。,公司对自己目前的财务状况是否比较满意？哪些是较为薄弱的地方？今后将如改善？,002098_2006,98,99,1,Complaint,Q2完全重复Q1，暗示对A1仅部分回答不满，催促完整回应。,,,1
positive,"请问施能坑：请问有做电视广告计划与投资者沟通吗?你们同YKK比,有哪些优势,劣势? 答：拉链作为一种中间产品，目前暂无投放电视广告的计划，但是我们举办的拉链时尚发布会和SBS浔兴篮球队参与的CBA联赛等许多活动都通过电视媒体与广大消费者沟通。同YKK相比，我们在快速个性化服务、价格等方面具有优势。谢谢!",请问吴乐进：福建SBS篮球队对公司总体经营有什么影响,2,performance_governance,dep_reason,Q2围绕A1中提到的SBS篮球队进一步追问其对经营的影响，属于内容依赖。,"请问施能坑：请问有做电视广告计划与投资者沟通吗?你们同YKK比,有哪些优势,劣势?",答：拉链作为一种中间产品，目前暂无投放电视广告的计划，但是我们举办的拉链时尚发布会和SBS浔兴篮球队参与的CBA联赛等许多活动都通过电视媒体与广大消费者沟通。同YKK相比，我们在快速个性化服务、价格等方面具有优势。谢谢!,请问吴乐进：福建SBS篮球队对公司总体经营有什么影响,002098_2007,19,21,2,Elaboration,Q2围绕A1中提到的SBS篮球队进一步追问其对经营的影响，属于内容依赖。,,,1
positive,请问施能坑：贵公司在全国的投资不断增加，资金会不会紧张，现金流是不是很紧张，有没有从二级市场筹积资金的打算（迷糊于2008-5-1415:10:52提交）再次提问，谢谢回答！ 公司会随着投资规模和经营规模的扩大，合理安排资金调度，通过多种方式筹措所需资金，公司会在适当的时候进行再融资。,请问施能坑：公司目前现金流不是太理想，为什么会采取10送0.2的方案，有没有考虑增发或者配股？,2,shareholder_return,dep_reason,Q2针对A1笼统的再融资承诺，追问增发配股等具体方式，并质疑现金流不理想下的送转方案，构成内容依赖和合理性质疑。,请问施能坑：贵公司在全国的投资不断增加，资金会不会紧张，现金流是不是很紧张，有没有从二级市场筹积资金的打算（迷糊于2008-5-1415:10:52提交）再次提问，谢谢回答！,公司会随着投资规模和经营规模的扩大，合理安排资金调度，通过多种方式筹措所需资金，公司会在适当的时候进行再融资。,请问施能坑：公司目前现金流不是太理想，为什么会采取10送0.2的方案，有没有考虑增发或者配股？,002098_2007,32,34,2,Challenge,Q2针对A1笼统的再融资承诺，追问增发配股等具体方式，并质疑现金流不理想下的送转方案，构成内容依赖和合理性质疑。,,,1
positive,请问吴乐进：请问公司小非会减持吗？ 小非持有者是公司小股东，是否减持由其自己决策，其是否减持情况请关注公司之后的定期报告。,请问施能坑：请问贵公司最近有小非减持么？为什么大盘回升，公司股价却在低位徘徊？盘中经常被大单打压？,1,disclosure_detail,dep_reason,Q2重复追问Q1的小非减持问题，A1以“请关注定期报告”回避，Q2继续施压。,请问吴乐进：请问公司小非会减持吗？,小非持有者是公司小股东，是否减持由其自己决策，其是否减持情况请关注公司之后的定期报告。,请问施能坑：请问贵公司最近有小非减持么？为什么大盘回升，公司股价却在低位徘徊？盘中经常被大单打压？,002098_2007,63,64,1,Complaint,Q2重复追问Q1的小非减持问题，A1以“请关注定期报告”回避，Q2继续施压。,,,1
positive,请问施能坑：公司从上市到现在；没有给投资者很好的回报啊；记得公司领导有次在电视采访中说如何做大做强公司；请问下现在公司下步有收购国类一些小公司来扩大规模吗？ 感谢广大投资者和股东对浔兴股份的关注与支持！随着公司品牌价值的不断提升，客户结构的持续优化，各区域供应及服务能力的迅速提升，浔兴股份将持续健康稳定发展，我们将不懈努力，给广大投资者以良好回报！,请问什么时候回答我的第16，18，20个问题。我可是3点就问的，谢谢！！,2,answer_pressure,dep_reason,Q2抱怨之前提问未被回答，催促回答状态。,请问施能坑：公司从上市到现在；没有给投资者很好的回报啊；记得公司领导有次在电视采访中说如何做大做强公司；请问下现在公司下步有收购国类一些小公司来扩大规模吗？,感谢广大投资者和股东对浔兴股份的关注与支持！随着公司品牌价值的不断提升，客户结构的持续优化，各区域供应及服务能力的迅速提升，浔兴股份将持续健康稳定发展，我们将不懈努力，给广大投资者以良好回报！,请问什么时候回答我的第16，18，20个问题。我可是3点就问的，谢谢！！,002098_2007,70,71,1,Complaint,Q2抱怨之前提问未被回答，催促回答状态。,,,1
positive,今年你们具体的盈利目标利润是多少 非常感谢您对SBS的长期关注。作为总裁我有信心带领公司几千名员工卧薪尝胆，积极努力，不辜负您和广大投资者对我们的支持和信任。谢谢！,2009年的具体目标是什么？利润水平的预算如何？谢谢！,2,strategy_planning,dep_reason,Q2重复追问A1未正面回答的具体盈利目标。,今年你们具体的盈利目标利润是多少,非常感谢您对SBS的长期关注。作为总裁我有信心带领公司几千名员工卧薪尝胆，积极努力，不辜负您和广大投资者对我们的支持和信任。谢谢！,2009年的具体目标是什么？利润水平的预算如何？谢谢！,002098_2008,1,2,1,Complaint,Q2重复追问A1未正面回答的具体盈利目标。,,,1
positive,"别人中小板怎么都大涨了,就是你的不涨,不脸红吗? 公司股价受多种因素影响，我们将努力经营，给广大投资者以最好回报。谢谢！",我觉得回答都参见公告了，没啥进一步了解的东西啊这样的交流不交流也罢啊,1,disclosure_detail,dep_reason,Q2针对A1回答方式抱怨，认为只是参见公告，交流无意义。,"别人中小板怎么都大涨了,就是你的不涨,不脸红吗?",公司股价受多种因素影响，我们将努力经营，给广大投资者以最好回报。谢谢！,我觉得回答都参见公告了，没啥进一步了解的东西啊这样的交流不交流也罢啊,002098_2008,10,13,3,Complaint,Q2针对A1回答方式抱怨，认为只是参见公告，交流无意义。,,,1
positive,公司目前向银行贷款为多少，央行利息调控对公司影响大吗？公司每年的利息费用多少？ 银行贷款金额、公司的利息费用等相关情况已在2008年年度报告中批露，请参阅相关章节，谢谢！,我觉得回答都参见公告了，没啥进一步了解的东西啊这样的交流不交流也罢啊,1,disclosure_detail,dep_reason,Q2针对A1仅让查阅公告的回避回答方式表达不满。,公司目前向银行贷款为多少，央行利息调控对公司影响大吗？公司每年的利息费用多少？,银行贷款金额、公司的利息费用等相关情况已在2008年年度报告中批露，请参阅相关章节，谢谢！,我觉得回答都参见公告了，没啥进一步了解的东西啊这样的交流不交流也罢啊,002098_2008,12,13,1,Complaint,Q2针对A1仅让查阅公告的回避回答方式表达不满。,,,1
positive,董事长，相比伟星这样优秀的同行，你觉得浔兴现在最大的不足是什么？ 我认为两家都是在辅料行业具有代表性的企业，各有特点，也可以相互借鉴学习。谢谢！,你们的回答股民会很满意哦!呵呵!,2,answer_pressure,dep_reason,Q2以讽刺语气针对A1的笼统回答表达不满，实为抱怨回答不具体。,董事长，相比伟星这样优秀的同行，你觉得浔兴现在最大的不足是什么？,我认为两家都是在辅料行业具有代表性的企业，各有特点，也可以相互借鉴学习。谢谢！,你们的回答股民会很满意哦!呵呵!,002098_2008,36,41,5,Complaint,Q2以讽刺语气针对A1的笼统回答表达不满，实为抱怨回答不具体。,,,1
positive,总裁作为经营团队的最高领导，对公司现有的经营团队评价如何？董事会对你的授权是否充足？ 总体上看，我对浔兴目前的管理团队还是比较满意的。但随着SBS从区域性公司迈向全国性乃至全球性公司的过程中，许多管理干部的综合素质确实还需要一个锻炼和提升的过程。&lt;br&gt;董事会对经营管理层的授权是充分的。谢谢！,请问施董，今年会否出台对高管的激励政策，据我所知，这也是刺激公司管理团队提升业绩的一个很好的途径。,2,performance_governance,dep_reason,Q2针对A1中管理团队需提升的表述，建议推出激励政策以刺激业绩，属于延续性追问。,总裁作为经营团队的最高领导，对公司现有的经营团队评价如何？董事会对你的授权是否充足？,总体上看，我对浔兴目前的管理团队还是比较满意的。但随着SBS从区域性公司迈向全国性乃至全球性公司的过程中，许多管理干部的综合素质确实还需要一个锻炼和提升的过程。&lt;br&gt;董事会对经营管理层的授权是充分的。谢谢！,请问施董，今年会否出台对高管的激励政策，据我所知，这也是刺激公司管理团队提升业绩的一个很好的途径。,002098_2008,46,49,3,Elaboration,Q2针对A1中管理团队需提升的表述，建议推出激励政策以刺激业绩，属于延续性追问。,,,1
positive,公司会否继续考虑推出新的管理层股票期权激励计划？ 公司如有股权激励方案，会及时予以披露。谢谢您！&lt;br&gt;,贵公司股权激励何时恢复启动？,1,disclosure_detail,dep_reason,Q2针对A1模糊回避，继续追问股权激励的具体启动时间。,公司会否继续考虑推出新的管理层股票期权激励计划？,公司如有股权激励方案，会及时予以披露。谢谢您！&lt;br&gt;,贵公司股权激励何时恢复启动？,002098_2008,53,58,5,Complaint,Q2针对A1模糊回避，继续追问股权激励的具体启动时间。,,,1
positive,"谢谢公司今天有这样的平台与我们交流,希望你们也关心一下自己的股票,不要到了想润资的时候才想到我们,谢谢! 公司感谢广大投资者的支持，并努力经营，给投资者以最大回报。非常感谢！",002098怎么就不涨,2,performance_governance,dep_reason,Q2针对A1承诺努力经营回报却股价不涨提出质疑，要求解释原因。,"谢谢公司今天有这样的平台与我们交流,希望你们也关心一下自己的股票,不要到了想润资的时候才想到我们,谢谢!",公司感谢广大投资者的支持，并努力经营，给投资者以最大回报。非常感谢！,002098怎么就不涨,002098_2008,56,60,4,Challenge,Q2针对A1承诺努力经营回报却股价不涨提出质疑，要求解释原因。,,,1
positive,贵公司股权激励何时恢复启动？ 公司如有股权激励方案，会及时予以披露。谢谢您！,请问郑总，公司的股价和行业龙头的地位很不相称，原以为公司是想压低股价实施股权激励，但是现在激励办法迟迟未出台，不知道原因为何？,1,disclosure_detail,dep_reason,Q2针对A1未说明原因，质问股权激励为何迟迟未出台。,贵公司股权激励何时恢复启动？,公司如有股权激励方案，会及时予以披露。谢谢您！,请问郑总，公司的股价和行业龙头的地位很不相称，原以为公司是想压低股价实施股权激励，但是现在激励办法迟迟未出台，不知道原因为何？,002098_2008,58,61,3,Complaint,Q2针对A1未说明原因，质问股权激励为何迟迟未出台。,,,1
positive,002098怎么就不涨 公司股价受多种因素的影响，我们将努力经营，给广大投资者以最好的回报。谢谢！,增持1万股给股民点信心。,2,answer_pressure,dep_reason,Q2针对A1笼统回报承诺要求具体增持行动。,002098怎么就不涨,公司股价受多种因素的影响，我们将努力经营，给广大投资者以最好的回报。谢谢！,增持1万股给股民点信心。,002098_2008,60,64,4,Elaboration,Q2针对A1笼统回报承诺要求具体增持行动。,,,1
positive,002098怎么就不涨 公司股价受多种因素的影响，我们将努力经营，给广大投资者以最好的回报。谢谢！,请问公司有何实际行动来回抱股民?,2,performance_governance,dep_reason,Q2针对A1中“努力经营，给投资者回报”的承诺要求具体行动。,002098怎么就不涨,公司股价受多种因素的影响，我们将努力经营，给广大投资者以最好的回报。谢谢！,请问公司有何实际行动来回抱股民?,002098_2008,60,65,5,Elaboration,Q2针对A1中“努力经营，给投资者回报”的承诺要求具体行动。,,,1
positive,请问郑总，公司的股价和行业龙头的地位很不相称，原以为公司是想压低股价实施股权激励，但是现在激励办法迟迟未出台，不知道原因为何？ 公司的股价受多种因素的影响，但浔兴作为行业龙头，专注拉链行业，力争做到最好，成为第一。在08年，受多重外部因素的影响，公司的经营业绩下滑，但我们也在积极采取相关措施，实现增长。公司前次股权激励计划因与相关政策冲突而取消，但公司会采取各种措施，激励团队不断提升经营水平和业绩。如有需要披露的相关信息，公司将及时披露。谢谢。,请问公司有何实际行动来回抱股民?,2,answer_pressure,dep_reason,Q2要求将A1中“采取相关措施”的笼统说法具体化为实际行动，属于内容依赖的细化追问。,请问郑总，公司的股价和行业龙头的地位很不相称，原以为公司是想压低股价实施股权激励，但是现在激励办法迟迟未出台，不知道原因为何？,公司的股价受多种因素的影响，但浔兴作为行业龙头，专注拉链行业，力争做到最好，成为第一。在08年，受多重外部因素的影响，公司的经营业绩下滑，但我们也在积极采取相关措施，实现增长。公司前次股权激励计划因与相关政策冲突而取消，但公司会采取各种措施，激励团队不断提升经营水平和业绩。如有需要披露的相关信息，公司将及时披露。谢谢。,请问公司有何实际行动来回抱股民?,002098_2008,61,65,4,Elaboration,Q2要求将A1中“采取相关措施”的笼统说法具体化为实际行动，属于内容依赖的细化追问。,,,1
positive,增持1万股给股民点信心。 公司目前暂无增持计划。公司将努力经营，给广大投资者以最好的回报。谢谢,请问公司有何实际行动来回抱股民?,2,performance_governance,dep_reason,Q2针对A1中“努力经营”的笼统承诺要求具体实际行动。,增持1万股给股民点信心。,公司目前暂无增持计划。公司将努力经营，给广大投资者以最好的回报。谢谢,请问公司有何实际行动来回抱股民?,002098_2008,64,65,1,Elaboration,Q2针对A1中“努力经营”的笼统承诺要求具体实际行动。,,,1
positive,公司的业绩在下滑，是管理无方，还是受金融危机的影响？今年上半年业绩是否有所好转？ 答：感谢您对公司的关注。受国内经济增速下滑、市场需求萎缩以及下游纺织品服装行业发展等不利因素影响，特别是公司为今后发展需要进行了必要投资产生，也在一定程度上对短期业绩产生影响，2008年公司的经营受到了较为明显的冲击。但经多方面努力，公司目前的生产经营情况已有好转，我们会努力以良好的业绩来回报投资者。谢谢！受外部宏观经济的影响，公司经营业绩下滑，但我们将积极采取应对措施，实现增长。具体的对策和分析详见公司年报中的董事会报告部分。具体的业绩预测详见一季度业绩相关公告。谢谢！,请问施董，贵司股票一直停滞不前的原因，是不是因为公司的业绩很不理想？今年第一季度的指标是否顺利完成？公司的营销团队有什么有针对性的提升业绩的措施吗？,1,disclosure_detail,dep_reason,Q2追问一季度指标是否完成和具体营销措施，针对A1未直接回答的具体内容继续索要细节。,公司的业绩在下滑，是管理无方，还是受金融危机的影响？今年上半年业绩是否有所好转？,答：感谢您对公司的关注。受国内经济增速下滑、市场需求萎缩以及下游纺织品服装行业发展等不利因素影响，特别是公司为今后发展需要进行了必要投资产生，也在一定程度上对短期业绩产生影响，2008年公司的经营受到了较为明显的冲击。但经多方面努力，公司目前的生产经营情况已有好转，我们会努力以良好的业绩来回报投资者。谢谢！受外部宏观经济的影响，公司经营业绩下滑，但我们将积极采取应对措施，实现增长。具体的对策和分析详见公司年报中的董事会报告部分。具体的业绩预测详见一季度业绩相关公告。谢谢！,请问施董，贵司股票一直停滞不前的原因，是不是因为公司的业绩很不理想？今年第一季度的指标是否顺利完成？公司的营销团队有什么有针对性的提升业绩的措施吗？,002098_2008,90,91,1,Elaboration,Q2追问一季度指标是否完成和具体营销措施，针对A1未直接回答的具体内容继续索要细节。,,,1
positive,请问施董，贵司股票一直停滞不前的原因，是不是因为公司的业绩很不理想？今年第一季度的指标是否顺利完成？公司的营销团队有什么有针对性的提升业绩的措施吗？ 公司股票与业绩是有一定关联。09年公司整个经营团队会全力以赴为公司创造更多的效益，给投资者更多的信心。,09年那些项目给公司带来利润增长点？？和08年相比怎么样？？,2,performance_governance,dep_reason,Q2针对A1中“09年创造更多效益”的笼统表述，要求具体化利润增长项目和与08年的比较。,请问施董，贵司股票一直停滞不前的原因，是不是因为公司的业绩很不理想？今年第一季度的指标是否顺利完成？公司的营销团队有什么有针对性的提升业绩的措施吗？,公司股票与业绩是有一定关联。09年公司整个经营团队会全力以赴为公司创造更多的效益，给投资者更多的信心。,09年那些项目给公司带来利润增长点？？和08年相比怎么样？？,002098_2008,91,96,5,Elaboration,Q2针对A1中“09年创造更多效益”的笼统表述，要求具体化利润增长项目和与08年的比较。,,,1
positive,我对贵公司抱有很大期望，也非常相信贵公司领导团队的能力，今年我公司的业绩指标计划在什么地方查到？？是多少？谢谢 关于公司的经营业绩情况，我们将按照信息公开披露的相关要求进行披露，请注意查看公司的定期的公开披露的信息，尤其是季报、半年报和年报。本年度开年公司恢复增长势头良好，公司2010年的一季报已经披露，我们将努力经营，争取实现比去年比较好的增长。,2010年一季度较去年同期能否预测呢？,1,disclosure_detail,dep_reason,Q2针对A1提到的一季报已披露，进一步追问能否预测一季度同比情况。,我对贵公司抱有很大期望，也非常相信贵公司领导团队的能力，今年我公司的业绩指标计划在什么地方查到？？是多少？谢谢,关于公司的经营业绩情况，我们将按照信息公开披露的相关要求进行披露，请注意查看公司的定期的公开披露的信息，尤其是季报、半年报和年报。本年度开年公司恢复增长势头良好，公司2010年的一季报已经披露，我们将努力经营，争取实现比去年比较好的增长。,2010年一季度较去年同期能否预测呢？,002098_2009,3,5,2,Elaboration,Q2针对A1提到的一季报已披露，进一步追问能否预测一季度同比情况。,,,1
positive,2010年一季度较去年同期能否预测呢？ 公司2010年的一季度报已经披露，销售收入同比增长近28％，每股收益同比增长近67％。,公司2010年1季报预增吗?公告几号披露？,1,disclosure_detail,dep_reason,A1称季报已披露，Q2追问预增及公告日期，要求更具体信息。,2010年一季度较去年同期能否预测呢？,公司2010年的一季度报已经披露，销售收入同比增长近28％，每股收益同比增长近67％。,公司2010年1季报预增吗?公告几号披露？,002098_2009,5,9,4,Complaint,A1称季报已披露，Q2追问预增及公告日期，要求更具体信息。,,,1
positive,"跟同行业其它公司相比,公司经营处于哪个层次? 答:谢谢您对浔兴的关注。在拉链行业，我们是国内的龙头企业。",请问产品3年市场占有率是如何？会更高吗？,1,disclosure_detail,dep_reason,Q2基于A1中“龙头企业”地位，要求补充产品市场占有率细节。,"跟同行业其它公司相比,公司经营处于哪个层次?",答:谢谢您对浔兴的关注。在拉链行业，我们是国内的龙头企业。,请问产品3年市场占有率是如何？会更高吗？,002098_2009,17,19,2,Elaboration,Q2基于A1中“龙头企业”地位，要求补充产品市场占有率细节。,,,1
positive,"作为002股票，公司股价是最低的一个，业绩一般，希望能让投资人看到公司好的未来 我们会全力做好经营,努力回报股东.",公司是否考虑过对老股东进行送股，以回报2009年一年内投资你们股票的股东们~,2,answer_pressure,dep_reason,Q2针对A1中“回报股东”的笼统承诺，追问是否考虑送股这一具体回报措施。,作为002股票，公司股价是最低的一个，业绩一般，希望能让投资人看到公司好的未来,"我们会全力做好经营,努力回报股东.",公司是否考虑过对老股东进行送股，以回报2009年一年内投资你们股票的股东们~,002098_2009,22,23,1,Elaboration,Q2针对A1中“回报股东”的笼统承诺，追问是否考虑送股这一具体回报措施。,,,1
positive,2010年那些项目能给公司带来利润增长点？？和09年相比怎么样？预计是否能保持09年的增长？ 答：感谢您对公司的关注。公司2010年1-6月预计的经营业绩归属于母公司所有者的净利润比上年同期增长幅度30％以内。全年业绩因现市场仍未明朗，需看下半年实际经营生产情况。谢谢！,公司今年利润会有哪些新的增长点?有新的利润增长线投产吗？,2,performance_governance,dep_reason,Q2重复追问Q1中的利润增长点问题，A1未回答具体项目，Q2针对此缺口继续提问。,2010年那些项目能给公司带来利润增长点？？和09年相比怎么样？预计是否能保持09年的增长？,答：感谢您对公司的关注。公司2010年1-6月预计的经营业绩归属于母公司所有者的净利润比上年同期增长幅度30％以内。全年业绩因现市场仍未明朗，需看下半年实际经营生产情况。谢谢！,公司今年利润会有哪些新的增长点?有新的利润增长线投产吗？,002098_2009,25,27,2,Complaint,Q2重复追问Q1中的利润增长点问题，A1未回答具体项目，Q2针对此缺口继续提问。,,,1
positive,"我前几天买的公司股票,后市如何操作，能给我提个小小的建议吗? 公司的股价既受经营业绩的影响，也受证券市场多重因素的影响，对于股票价格的走势，公司无法判断。谢谢！",后势如何操作?,1,disclosure_detail,dep_reason,Q2重复Q1的核心问题，A1回避未给操作建议，Q2继续追问。,"我前几天买的公司股票,后市如何操作，能给我提个小小的建议吗?",公司的股价既受经营业绩的影响，也受证券市场多重因素的影响，对于股票价格的走势，公司无法判断。谢谢！,后势如何操作?,002098_2009,29,30,1,Complaint,Q2重复Q1的核心问题，A1回避未给操作建议，Q2继续追问。,,,1
positive,贵公司股权激励何时恢复启动？ 受政策环境的限制公司原来的股权激励计划已经取消，相关信息已经披露。根据市场的实际情况，公司目前采用其他的综合性的经营考核与激励方案来激励团队。谢谢！,公司的股权啥时候进行，又何时引进战略投资人？,2,answer_pressure,dep_reason,Q2第一部分重复追问股权激励时间，无视A1明确取消的回答，属于对回答状态的抱怨。,贵公司股权激励何时恢复启动？,受政策环境的限制公司原来的股权激励计划已经取消，相关信息已经披露。根据市场的实际情况，公司目前采用其他的综合性的经营考核与激励方案来激励团队。谢谢！,公司的股权啥时候进行，又何时引进战略投资人？,002098_2009,44,45,1,Complaint,Q2第一部分重复追问股权激励时间，无视A1明确取消的回答，属于对回答状态的抱怨。,,,1
positive,"董事长先生,我想知道你关心企业经营多一点,还是关心股票价格多一点? 经营是企业的基础，也是股价的基础。因此经营时最重要的。",现在的股价你觉得体现了公司的价值了吗只要回答：高了还是低了,2,performance_governance,dep_reason,Q2基于A1中经营与股价关系进一步追问股价是否体现价值并要求明确评价。,"董事长先生,我想知道你关心企业经营多一点,还是关心股票价格多一点?",经营是企业的基础，也是股价的基础。因此经营时最重要的。,现在的股价你觉得体现了公司的价值了吗只要回答：高了还是低了,002098_2009,47,49,2,Elaboration,Q2基于A1中经营与股价关系进一步追问股价是否体现价值并要求明确评价。,,,1
positive,如何管理公司，争取毛利润的提高？ 感谢您的提问。2011年，原材料及劳动力成本的上升给公司的赢利能力带来一定的压力。但是我们将通过管理效率的提升，技术创新等途径提高公司盈利能力。谢谢！,您好！公司领导层对2011年提高业绩有没有信心？有没有具体措施？,2,performance_governance,dep_reason,Q2针对A1笼统提升盈利能力的表述追问信心和具体措施。,如何管理公司，争取毛利润的提高？,感谢您的提问。2011年，原材料及劳动力成本的上升给公司的赢利能力带来一定的压力。但是我们将通过管理效率的提升，技术创新等途径提高公司盈利能力。谢谢！,您好！公司领导层对2011年提高业绩有没有信心？有没有具体措施？,002098_2010,17,22,5,Elaboration,Q2针对A1笼统提升盈利能力的表述追问信心和具体措施。,,,1
positive,请问董事长，公司的发展战略是什么？ 公司以打造“百年浔兴、世界品牌”为愿景，通过实施“中国布局，全球渗透”发展战略，重点服务全球中高端服装箱包品牌，致力于将SBS打造成为全球拉链行业领先品牌。谢谢!,作为浔兴股民，我们当然希望赚到钱，但也很希望SBS能为中国民族品牌做出更大努力，请问SBS将如何推动“中国布局，全球渗透”战略？,1,disclosure_detail,dep_reason,Q2引用A1中的'中国布局，全球渗透'战略，追问如何推动，要求进一步细节。,请问董事长，公司的发展战略是什么？,公司以打造“百年浔兴、世界品牌”为愿景，通过实施“中国布局，全球渗透”发展战略，重点服务全球中高端服装箱包品牌，致力于将SBS打造成为全球拉链行业领先品牌。谢谢!,作为浔兴股民，我们当然希望赚到钱，但也很希望SBS能为中国民族品牌做出更大努力，请问SBS将如何推动“中国布局，全球渗透”战略？,002098_2010,28,32,4,Elaboration,Q2引用A1中的'中国布局，全球渗透'战略，追问如何推动，要求进一步细节。,,,1
positive,公司的股价一直疲软低迷，请问贵公司有管理公司股价、公司实质的具体措施吗？ 影响股价的因素很多，受业绩、大盘、行业、机构介入等多因素影响。我们会努力做好业绩，回报投资者。,面对目前市场的不景气，你们采取了怎样的应对措施？对市场的预期如何？,1,disclosure_detail,dep_reason,A1回避具体措施，Q2改写追问应对措施，是对回答不充分的继续施压。,公司的股价一直疲软低迷，请问贵公司有管理公司股价、公司实质的具体措施吗？,影响股价的因素很多，受业绩、大盘、行业、机构介入等多因素影响。我们会努力做好业绩，回报投资者。,面对目前市场的不景气，你们采取了怎样的应对措施？对市场的预期如何？,002098_2011,7,11,4,Complaint,A1回避具体措施，Q2改写追问应对措施，是对回答不充分的继续施压。,,,1
positive,我是做外贸的，今年1季度日用品除了玩具等稍差一些，服装方面跟往年的出口形势没多大差别啊，怎么公司就搞到要亏损了呢？要亏的话往年一季度也该亏了才是啊。怀疑有点刻意做账的意思，请回复一下。 公司财务严格按照《企业会计准则》要求进行会计核算，管理层对财务报告的真实性、准确性、完整性负责，谢谢！,公司一季度业绩较去年有所下降，原因是什么？未来能不能改善？,2,performance_governance,dep_reason,Q2重复追问一季度业绩下降原因，A1未正面回应仅声明财务合规，构成追问依赖。,我是做外贸的，今年1季度日用品除了玩具等稍差一些，服装方面跟往年的出口形势没多大差别啊，怎么公司就搞到要亏损了呢？要亏的话往年一季度也该亏了才是啊。怀疑有点刻意做账的意思，请回复一下。,公司财务严格按照《企业会计准则》要求进行会计核算，管理层对财务报告的真实性、准确性、完整性负责，谢谢！,公司一季度业绩较去年有所下降，原因是什么？未来能不能改善？,002098_2011,14,19,5,Elaboration,Q2重复追问一季度业绩下降原因，A1未正面回应仅声明财务合规，构成追问依赖。,,,1
positive,"请问董事长，浔兴股份最近几年全国布局，为以后的发展奠定了坚实基础，我们从许多客户那里都感到有正面的反应。那么，国外，特别是东南亚这一带，你们是否有考虑去布局？因为转移趋势不可阻挡呀！ 公司将会根据发展的实际情况适时落实战略规划，推动""全球布局""战略的实施。谢谢！",请问董事长，浔兴股份最近几年全国布局，为以后的发展奠定了坚实基础，我们从许多客户那里都感到有正面的反应。那么，国外，特别是东南亚这一带，你们是否有考虑去布局？因为转移趋势不可阻挡呀！,2,answer_pressure,dep_reason,Q2完全重复Q1，针对A1笼统回答继续追问未正面回应的问题。,请问董事长，浔兴股份最近几年全国布局，为以后的发展奠定了坚实基础，我们从许多客户那里都感到有正面的反应。那么，国外，特别是东南亚这一带，你们是否有考虑去布局？因为转移趋势不可阻挡呀！,"公司将会根据发展的实际情况适时落实战略规划，推动""全球布局""战略的实施。谢谢！",请问董事长，浔兴股份最近几年全国布局，为以后的发展奠定了坚实基础，我们从许多客户那里都感到有正面的反应。那么，国外，特别是东南亚这一带，你们是否有考虑去布局？因为转移趋势不可阻挡呀！,002098_2011,17,18,1,Complaint,Q2完全重复Q1，针对A1笼统回答继续追问未正面回应的问题。,,,1
positive,公司一季度业绩较去年有所下降，原因是什么？未来能不能改善？ 公司一季度业绩下降主要是下游服装箱包客户受宏观调控及欧债危机等影响，订单出现较大下滑，导致我司销售下降12%引起的，未来公司公司管理层会尽全力加大市场开发和服务力度，努力改善业绩。,"1,贵公司存货有所增多，解释为行业旺季提前，订单前移，但是一季度仍然亏损，说明这些存货没有卖出，这是怎么回事？2，贵公司下一个季度是否有望业绩大幅反弹，同比增长?3,贵公司去年在全球行业中销量和净利润排名多少？4，贵公司的主要销售客户有哪些?前五名？5，贵公司的股权激励方案按照按照现在的价格等同虚设怎样解决6，贵公司的一季报是否有提前泄露？29号就已经跌停，但是一季快报是30号出的7，贵公司在行业中定价能力如何?产品现在是否还有优势？是否是其他公司可替代品？",2,performance_governance,dep_reason,Q2中追问下季度业绩大幅反弹，依赖A1“努力改善业绩”的笼统承诺继续追问具体化。,公司一季度业绩较去年有所下降，原因是什么？未来能不能改善？,公司一季度业绩下降主要是下游服装箱包客户受宏观调控及欧债危机等影响，订单出现较大下滑，导致我司销售下降12%引起的，未来公司公司管理层会尽全力加大市场开发和服务力度，努力改善业绩。,"1,贵公司存货有所增多，解释为行业旺季提前，订单前移，但是一季度仍然亏损，说明这些存货没有卖出，这是怎么回事？2，贵公司下一个季度是否有望业绩大幅反弹，同比增长?3,贵公司去年在全球行业中销量和净利润排名多少？4，贵公司的主要销售客户有哪些?前五名？5，贵公司的股权激励方案按照按照现在的价格等同虚设怎样解决6，贵公司的一季报是否有提前泄露？29号就已经跌停，但是一季快报是30号出的7，贵公司在行业中定价能力如何?产品现在是否还有优势？是否是其他公司可替代品？",002098_2011,19,20,1,Elaboration,Q2中追问下季度业绩大幅反弹，依赖A1“努力改善业绩”的笼统承诺继续追问具体化。,,,1
positive,公司一季度业绩较去年有所下降，原因是什么？未来能不能改善？ 公司一季度业绩下降主要是下游服装箱包客户受宏观调控及欧债危机等影响，订单出现较大下滑，导致我司销售下降12%引起的，未来公司公司管理层会尽全力加大市场开发和服务力度，努力改善业绩。,3月29日贵公司股票跌停，可否理解为一季度亏损信息提前外泄！,2,performance_governance,dep_reason,Q2基于A1中一季度业绩下降解释，追问跌停是否与亏损信息泄露有关，属进一步质疑。,公司一季度业绩较去年有所下降，原因是什么？未来能不能改善？,公司一季度业绩下降主要是下游服装箱包客户受宏观调控及欧债危机等影响，订单出现较大下滑，导致我司销售下降12%引起的，未来公司公司管理层会尽全力加大市场开发和服务力度，努力改善业绩。,3月29日贵公司股票跌停，可否理解为一季度亏损信息提前外泄！,002098_2011,19,22,3,Challenge,Q2基于A1中一季度业绩下降解释，追问跌停是否与亏损信息泄露有关，属进一步质疑。,,,1
positive,"1,贵公司存货有所增多，解释为行业旺季提前，订单前移，但是一季度仍然亏损，说明这些存货没有卖出，这是怎么回事？2，贵公司下一个季度是否有望业绩大幅反弹，同比增长?3,贵公司去年在全球行业中销量和净利润排名多少？4，贵公司的主要销售客户有哪些?前五名？5，贵公司的股权激励方案按照按照现在的价格等同虚设怎样解决6，贵公司的一季报是否有提前泄露？29号就已经跌停，但是一季快报是30号出的7，贵公司在行业中定价能力如何?产品现在是否还有优势？是否是其他公司可替代品？ 您的问题已统一由总裁吴乐进先生进行回答。",3月29日贵公司股票跌停，可否理解为一季度亏损信息提前外泄！,1,disclosure_detail,dep_reason,Q2重复Q1中关于一季报提前泄露的问题，A1未具体回答，属催促追问。,"1,贵公司存货有所增多，解释为行业旺季提前，订单前移，但是一季度仍然亏损，说明这些存货没有卖出，这是怎么回事？2，贵公司下一个季度是否有望业绩大幅反弹，同比增长?3,贵公司去年在全球行业中销量和净利润排名多少？4，贵公司的主要销售客户有哪些?前五名？5，贵公司的股权激励方案按照按照现在的价格等同虚设怎样解决6，贵公司的一季报是否有提前泄露？29号就已经跌停，但是一季快报是30号出的7，贵公司在行业中定价能力如何?产品现在是否还有优势？是否是其他公司可替代品？",您的问题已统一由总裁吴乐进先生进行回答。,3月29日贵公司股票跌停，可否理解为一季度亏损信息提前外泄！,002098_2011,20,22,2,Complaint,Q2重复Q1中关于一季报提前泄露的问题，A1未具体回答，属催促追问。,,,1
positive,3月29日贵公司股票跌停，可否理解为一季度亏损信息提前外泄！ 我们按照规定流程办理年报事宜，严格控制内幕信息知情人范围，向知情人提醒保密责任，并已向证监局报备知情人范围。今后我们将继续严格履行程序，谢谢您的提醒！,"1,贵公司存货有所增多，解释为行业旺季提前，订单前移，但是一季度仍然亏损，说明这些存货没有卖出，这是怎么回事？2，贵公司下一个季度是否有望业绩大幅反弹，同比增长?3,贵公司去年在全球行业中销量和净利润排名多少？4，贵公司的主要销售客户有哪些?前五名？5，贵公司的股权激励方案按照按照现在的价格等同虚设怎样解决6，贵公司的一季报是否有提前泄露？29号就已经跌停，但是一季快报是30号出的7，贵公司在行业中定价能力如何?产品现在是否还有优势？是否是其他公司可替代品？",1,disclosure_detail,dep_reason,Q2中的信息泄露问题重复Q1，针对A1回避回答继续追问。,3月29日贵公司股票跌停，可否理解为一季度亏损信息提前外泄！,我们按照规定流程办理年报事宜，严格控制内幕信息知情人范围，向知情人提醒保密责任，并已向证监局报备知情人范围。今后我们将继续严格履行程序，谢谢您的提醒！,"1,贵公司存货有所增多，解释为行业旺季提前，订单前移，但是一季度仍然亏损，说明这些存货没有卖出，这是怎么回事？2，贵公司下一个季度是否有望业绩大幅反弹，同比增长?3,贵公司去年在全球行业中销量和净利润排名多少？4，贵公司的主要销售客户有哪些?前五名？5，贵公司的股权激励方案按照按照现在的价格等同虚设怎样解决6，贵公司的一季报是否有提前泄露？29号就已经跌停，但是一季快报是30号出的7，贵公司在行业中定价能力如何?产品现在是否还有优势？是否是其他公司可替代品？",002098_2011,22,26,4,Complaint,Q2中的信息泄露问题重复Q1，针对A1回避回答继续追问。,,,1
positive,1、为什么这个股的走势与业绩不相匹配，根据价格与价值理论，是不是002098不具备长期投资价值了？2、公布业绩的前一天就大幅下跌，存在信息泄露嫌疑。 公司按照法规办理信息披露事宜，请您注意二级市场风险！,公司最近股价大跌，作为小股东，难免有点心里着急。能否解释一下为什么？另外，请问增发事宜进展如何？,1,disclosure_detail,dep_reason,Q2直接要求解释股价大跌原因，针对A1回避态度继续追问。,1、为什么这个股的走势与业绩不相匹配，根据价格与价值理论，是不是002098不具备长期投资价值了？2、公布业绩的前一天就大幅下跌，存在信息泄露嫌疑。,公司按照法规办理信息披露事宜，请您注意二级市场风险！,公司最近股价大跌，作为小股东，难免有点心里着急。能否解释一下为什么？另外，请问增发事宜进展如何？,002098_2011,41,45,4,Complaint,Q2直接要求解释股价大跌原因，针对A1回避态度继续追问。,,,1
positive,公司的定向增发进展怎么样了？正常情况下，年报资料补充后，就应该上发审会了。公司会下调增发价吗？ 公司于去年推出再融资方案，当时公司上半年的业绩情况非常好，因此当时推出的募投方案以改扩建为主。目前公司正在对募投方案进行重新评估，此外由于定增价远高于市场价，因此存在公司对募投方案、定增价进行调整的可能。,公司最近股价大跌，作为小股东，难免有点心里着急。能否解释一下为什么？另外，请问增发事宜进展如何？,1,disclosure_detail,dep_reason,Q2第二问针对A1中增发方案评估进展继续追问索要细节，虽夹杂股价新问，但核心依赖回答内容。,公司的定向增发进展怎么样了？正常情况下，年报资料补充后，就应该上发审会了。公司会下调增发价吗？,公司于去年推出再融资方案，当时公司上半年的业绩情况非常好，因此当时推出的募投方案以改扩建为主。目前公司正在对募投方案进行重新评估，此外由于定增价远高于市场价，因此存在公司对募投方案、定增价进行调整的可能。,公司最近股价大跌，作为小股东，难免有点心里着急。能否解释一下为什么？另外，请问增发事宜进展如何？,002098_2011,43,45,2,Elaboration,Q2第二问针对A1中增发方案评估进展继续追问索要细节，虽夹杂股价新问，但核心依赖回答内容。,,,1
positive,公司的股价一直涨不起来，市场传言是公司为了配合调低增发价格吸引机构参与增发所致，请问，公司打算把增发价调低到多少？如果显失公平，建议取消增发，发公司债算球 我们按照法规处理定增事务，目前公司正在重新评估定增方案，成熟后会按照程序进行公告。,公司最近股价大跌，作为小股东，难免有点心里着急。能否解释一下为什么？另外，请问增发事宜进展如何？,1,disclosure_detail,dep_reason,Q2中“增发事宜进展如何”针对A1“重新评估定增方案”追问进展，构成内容依赖。,公司的股价一直涨不起来，市场传言是公司为了配合调低增发价格吸引机构参与增发所致，请问，公司打算把增发价调低到多少？如果显失公平，建议取消增发，发公司债算球,我们按照法规处理定增事务，目前公司正在重新评估定增方案，成熟后会按照程序进行公告。,公司最近股价大跌，作为小股东，难免有点心里着急。能否解释一下为什么？另外，请问增发事宜进展如何？,002098_2011,44,45,1,Elaboration,Q2中“增发事宜进展如何”针对A1“重新评估定增方案”追问进展，构成内容依赖。,,,1
positive,公司最近股价大跌，作为小股东，难免有点心里着急。能否解释一下为什么？另外，请问增发事宜进展如何？ 最近股价大跌可能跟预期一季度亏损有关，对于您持股出现账面亏损我们表示同情，我们将努力做好主营业务提升业绩回报投资者，也请您注意二级市场风险。公司于去年推出再融资方案，当时公司上半年的业绩情况非常好，因此推出的募投方案以改扩建为主。目前公司正在对募投方案进行重新评估，此外由于定增价远高于市场价，因此存在公司对募投方案、定增价进行调整的可能。,去年中报业绩大增没看股价大涨，今年下降为何就要大跌呢？还有就是年报出来前股价大涨，后马上大幅下跌呢？,2,performance_governance,dep_reason,Q2质疑A1中'亏损导致大跌'的解释，对比去年业绩好时股价未涨，直接针对A1内容进行反驳。,公司最近股价大跌，作为小股东，难免有点心里着急。能否解释一下为什么？另外，请问增发事宜进展如何？,最近股价大跌可能跟预期一季度亏损有关，对于您持股出现账面亏损我们表示同情，我们将努力做好主营业务提升业绩回报投资者，也请您注意二级市场风险。公司于去年推出再融资方案，当时公司上半年的业绩情况非常好，因此推出的募投方案以改扩建为主。目前公司正在对募投方案进行重新评估，此外由于定增价远高于市场价，因此存在公司对募投方案、定增价进行调整的可能。,去年中报业绩大增没看股价大涨，今年下降为何就要大跌呢？还有就是年报出来前股价大涨，后马上大幅下跌呢？,002098_2011,45,46,1,Challenge,Q2质疑A1中'亏损导致大跌'的解释，对比去年业绩好时股价未涨，直接针对A1内容进行反驳。,,,1
positive,1.大盘没什么下跌为何浔兴股份跌跌不休。2.浔兴股份何时分红。 股价影响因素比较多，近期下跌可能与一季报业绩较差有关。公司将在股东大会两个月内分红。,公司发展是不错的，可感觉每年的业绩周期波动较大，尤其是每年的第一季度或第四季度，为什么？作为拉链行业的龙头不能抵御这种波动，可见行业竞争的激烈。公司开发了隐形拉链等新品，前景如何？公司的股本一直不愿意扩张，是否担心行业周期变动的影响从而稀释业绩？从侧面是否可以理解公司对行业的发展是否能够保证业绩的稳定增长也含有隐忧？------股价体现一切，是否还可以长期投资？虽然浔兴股份在行业细分市场是“隐形冠军”，但目前股价不能体现其市场地位，公司是否关注公司股票市值或长期投资回报的问题？有没有其他考虑提振市场信心的考量或举措？,1,disclosure_detail,dep_reason,Q2针对A1提到的'一季报业绩较差'，追问季度业绩波动原因，形成内容依赖。,1.大盘没什么下跌为何浔兴股份跌跌不休。2.浔兴股份何时分红。,股价影响因素比较多，近期下跌可能与一季报业绩较差有关。公司将在股东大会两个月内分红。,公司发展是不错的，可感觉每年的业绩周期波动较大，尤其是每年的第一季度或第四季度，为什么？作为拉链行业的龙头不能抵御这种波动，可见行业竞争的激烈。公司开发了隐形拉链等新品，前景如何？公司的股本一直不愿意扩张，是否担心行业周期变动的影响从而稀释业绩？从侧面是否可以理解公司对行业的发展是否能够保证业绩的稳定增长也含有隐忧？------股价体现一切，是否还可以长期投资？虽然浔兴股份在行业细分市场是“隐形冠军”，但目前股价不能体现其市场地位，公司是否关注公司股票市值或长期投资回报的问题？有没有其他考虑提振市场信心的考量或举措？,002098_2011,64,66,2,Elaboration,Q2针对A1提到的'一季报业绩较差'，追问季度业绩波动原因，形成内容依赖。,,,1
positive,1.大盘没什么下跌为何浔兴股份跌跌不休。2.浔兴股份何时分红。 股价影响因素比较多，近期下跌可能与一季报业绩较差有关。公司将在股东大会两个月内分红。,现金分红很好，请早日筹钱实施，老拖着就没意思了。早一天派给我，我存银行还多一天利息呢。难道公司的想法跟我相似，是吗，张财总？,2,shareholder_return,dep_reason,Q2针对A1中分红时间安排催促早日实施，带有抱怨和调侃。,1.大盘没什么下跌为何浔兴股份跌跌不休。2.浔兴股份何时分红。,股价影响因素比较多，近期下跌可能与一季报业绩较差有关。公司将在股东大会两个月内分红。,现金分红很好，请早日筹钱实施，老拖着就没意思了。早一天派给我，我存银行还多一天利息呢。难道公司的想法跟我相似，是吗，张财总？,002098_2011,64,67,3,Complaint,Q2针对A1中分红时间安排催促早日实施，带有抱怨和调侃。,,,1
positive,"请问总裁，你认为2012年贵公司面临的主要困难有哪些？公司准备如何应对？ 谢谢你的提问.2012年，公司面临的困难和不利因素主要有以下几个方面：一是劳动力成本上升的影响。作为劳动密集型生产企业，公司人力成本对生产成本的影响较大。近年来，随着劳动力成本的不断上涨导致产品生产成本上升，进而影响公司产品的竞争力。二是原材料价格上行的影响。如果原材料价格持续上行，将直接增加公司产品的成本，进而影响公司产品的盈利能力。三是国际市场的影响。公司主要生产经营服饰辅料中的拉链产品。公司产品，一方面直接出口，另一方面通过供应给国内服装鞋帽等生产企业，实现间接出口。尽管近期国际消费品市场有所复苏回暖，但这种趋势是否可持续难以确定。由于国际贸易保护势力的抬头，中国服饰品出口可能面临更多的贸易保护壁垒和摩擦。四是人民币汇率的影响。如果人民币兑美元持续出现升值，将直接影响中国纺织服装的出口竞争能力，进而给公司带来不利的影响。对此，我们将以更加创新的思维、更加务实的作风和更加坚定的信念去克服各种困难、完成各项计划，全力推动企业的更好更快发展。具体措施在年报中有详细阐述,请参阅.谢谢！",今年浔兴股份经营形势会非常不好吗？,2,performance_governance,dep_reason,Q2基于A1列举的多项困难追问整体经营形势是否非常不好。,请问总裁，你认为2012年贵公司面临的主要困难有哪些？公司准备如何应对？,"谢谢你的提问.2012年，公司面临的困难和不利因素主要有以下几个方面：一是劳动力成本上升的影响。作为劳动密集型生产企业，公司人力成本对生产成本的影响较大。近年来，随着劳动力成本的不断上涨导致产品生产成本上升，进而影响公司产品的竞争力。二是原材料价格上行的影响。如果原材料价格持续上行，将直接增加公司产品的成本，进而影响公司产品的盈利能力。三是国际市场的影响。公司主要生产经营服饰辅料中的拉链产品。公司产品，一方面直接出口，另一方面通过供应给国内服装鞋帽等生产企业，实现间接出口。尽管近期国际消费品市场有所复苏回暖，但这种趋势是否可持续难以确定。由于国际贸易保护势力的抬头，中国服饰品出口可能面临更多的贸易保护壁垒和摩擦。四是人民币汇率的影响。如果人民币兑美元持续出现升值，将直接影响中国纺织服装的出口竞争能力，进而给公司带来不利的影响。对此，我们将以更加创新的思维、更加务实的作风和更加坚定的信念去克服各种困难、完成各项计划，全力推动企业的更好更快发展。具体措施在年报中有详细阐述,请参阅.谢谢！",今年浔兴股份经营形势会非常不好吗？,002098_2011,65,70,5,Elaboration,Q2基于A1列举的多项困难追问整体经营形势是否非常不好。,,,1
positive,今年浔兴股份经营形势会非常不好吗？ 确实，在整体经济环境的不确定性加深，市场也相对疲软的大背景下，公司经营遇到一定困难。此外，劳动力成本上升、原材料价格上行、出口市场下滑、人民币汇率波动等也对公司经营业绩产生一定影响。对此，我们以创新的思维、务实的作风去克服各种困难，特别是在结构调整、转型发展、价值创造、提升服务、稳定品质、新产品研发、市场拓展、内部动力机制再造等方面采取了一些列具体措施，力争完成全年各项指标计划，全力推动公司更好更快发展。,在目前经济环境下，咱浔兴面临的最大困难是什么？有什么应对措施吗？,2,performance_governance,dep_reason,Q2针对A1中提到的经营困难要求明确最大困难及具体应对措施，属于细化追问。,今年浔兴股份经营形势会非常不好吗？,确实，在整体经济环境的不确定性加深，市场也相对疲软的大背景下，公司经营遇到一定困难。此外，劳动力成本上升、原材料价格上行、出口市场下滑、人民币汇率波动等也对公司经营业绩产生一定影响。对此，我们以创新的思维、务实的作风去克服各种困难，特别是在结构调整、转型发展、价值创造、提升服务、稳定品质、新产品研发、市场拓展、内部动力机制再造等方面采取了一些列具体措施，力争完成全年各项指标计划，全力推动公司更好更快发展。,在目前经济环境下，咱浔兴面临的最大困难是什么？有什么应对措施吗？,002098_2011,70,71,1,Elaboration,Q2针对A1中提到的经营困难要求明确最大困难及具体应对措施，属于细化追问。,,,1
positive,公司年报公布后股价连日下跌，有消息人士说是公司为了调低定增发行股票的价格而做的前期准备，请问是这样吗？ 公司根据法律法规办理履行信息披露和定增相关事务，年报内容准确备客观地反映了公司的真实情况。,请问独立董事，你认为公司信息披露工作真的做得好吗？,1,disclosure_detail,dep_reason,Q2质疑A1中声称的信息披露工作，针对其回答内容继续追问独立董事的看法。,公司年报公布后股价连日下跌，有消息人士说是公司为了调低定增发行股票的价格而做的前期准备，请问是这样吗？,公司根据法律法规办理履行信息披露和定增相关事务，年报内容准确备客观地反映了公司的真实情况。,请问独立董事，你认为公司信息披露工作真的做得好吗？,002098_2011,74,77,3,Challenge,Q2质疑A1中声称的信息披露工作，针对其回答内容继续追问独立董事的看法。,,,1
positive,请问董事长，你对公司的股价怎么看？ 谢谢！从长期看公司股价与公司内在价值是一致的，短期波动在所难免。,不好意思，施总，您刚才忘记回答我第二个问题，我再补充下：一般拉链企业如YKK和YBB都会在大型服饰企业旁边设厂，以捆绑客户，比如YKK设厂在宁波的申州旁边，YBB设在东莞，请问公司有没有这方面的打算，未来还是继续走经销商的模式？公司如果调整经营模式，是否会遇到现有渠道的阻力？,2,answer_pressure,dep_reason,Q2明确指出A1未回答其第二个问题，并重新提出该问题，属交互依赖。,请问董事长，你对公司的股价怎么看？,谢谢！从长期看公司股价与公司内在价值是一致的，短期波动在所难免。,不好意思，施总，您刚才忘记回答我第二个问题，我再补充下：一般拉链企业如YKK和YBB都会在大型服饰企业旁边设厂，以捆绑客户，比如YKK设厂在宁波的申州旁边，YBB设在东莞，请问公司有没有这方面的打算，未来还是继续走经销商的模式？公司如果调整经营模式，是否会遇到现有渠道的阻力？,002098_2011,75,79,4,Complaint,Q2明确指出A1未回答其第二个问题，并重新提出该问题，属交互依赖。,,,1
positive,公司2011年的目标增长率是多少？为实现该目标贵公司又有何具体措施呢？ 我们会全力以赴争取好的业绩回报投资者。今年主要是在结构调整、转型发展、价值创造、提升服务等方面着力。具体情况请参阅公司年报。谢谢！,在给客户提供增值服务方面，公司做了哪些工作以增强对客户的锁定？,2,answer_pressure,dep_reason,Q2针对A1中“提升服务”的笼统回答，追问具体增值服务措施。,公司2011年的目标增长率是多少？为实现该目标贵公司又有何具体措施呢？,我们会全力以赴争取好的业绩回报投资者。今年主要是在结构调整、转型发展、价值创造、提升服务等方面着力。具体情况请参阅公司年报。谢谢！,在给客户提供增值服务方面，公司做了哪些工作以增强对客户的锁定？,002098_2011,104,108,4,Elaboration,Q2针对A1中“提升服务”的笼统回答，追问具体增值服务措施。,,,1
positive,我从公司上市就是公司小股东了，多年持股长期套牢，些少分红根本没多大意思，还是希望公司及时送股扩大股本，股本大了跟银行办抵押贷款也能多贷些啊，是不是？就这点希望了，请董事长考虑。 谢谢你的支持和建议，我们会认真考虑的！,请问董事长收到我在互动平台上的这个建议了吗？即：请公司董事会顺应广大被套中小流通股东的合理要求，在4月20日股东大会前增加送转股本的临时提案，送转多少股董事会定，哪怕10转增0.5股都成，这代表了公司是否真正重视中小股东利益的诚意。目前这个10派3元的分配方案，不可以说不好，但纯属不尊重市场不尊重国情的闭门造车的方案，在册的流通股东绝对是投反对票的，请慎重考虑，可以吗？请就其中所及问题给予正面回答，不要打哈哈，谢谢！,1,disclosure_detail,dep_reason,Q2明确针对A1回避性回答，要求正面回答并不要打哈哈。,我从公司上市就是公司小股东了，多年持股长期套牢，些少分红根本没多大意思，还是希望公司及时送股扩大股本，股本大了跟银行办抵押贷款也能多贷些啊，是不是？就这点希望了，请董事长考虑。,谢谢你的支持和建议，我们会认真考虑的！,请问董事长收到我在互动平台上的这个建议了吗？即：请公司董事会顺应广大被套中小流通股东的合理要求，在4月20日股东大会前增加送转股本的临时提案，送转多少股董事会定，哪怕10转增0.5股都成，这代表了公司是否真正重视中小股东利益的诚意。目前这个10派3元的分配方案，不可以说不好，但纯属不尊重市场不尊重国情的闭门造车的方案，在册的流通股东绝对是投反对票的，请慎重考虑，可以吗？请就其中所及问题给予正面回答，不要打哈哈，谢谢！,002098_2011,115,117,2,Complaint,Q2明确针对A1回避性回答，要求正面回答并不要打哈哈。,,,1
positive,目前市场上的股价能代表公司的价值吗？公司未来3年发展前景如何? 影响股价因素很多，我们会努力做好公司业绩来回报投资者。我们对公司的未来发展有信心。未来几年将致力以下几个方面；一、加快转型升级步伐，着力提高盈利能力；二、推进营销体制深度变革，完善营销团队建设和网络布局；三、积极应对“三荒两高”，切实解决品质稳定和承诺交期稳定问题；四、立足创新驱动，力求关键性工作的实质性突破。同时，确保公司主要经营目标有所增长。,请问董事长，看了2011年报感觉还错的，可看季报及今天回答，似乎形势又不好，你们对形势判断可要准确，不能含糊呀！,1,disclosure_detail,dep_reason,Q2针对A1中关于前景信心的笼统表述，结合季报信息质疑其判断准确性，催促回答不含糊。,目前市场上的股价能代表公司的价值吗？公司未来3年发展前景如何?,影响股价因素很多，我们会努力做好公司业绩来回报投资者。我们对公司的未来发展有信心。未来几年将致力以下几个方面；一、加快转型升级步伐，着力提高盈利能力；二、推进营销体制深度变革，完善营销团队建设和网络布局；三、积极应对“三荒两高”，切实解决品质稳定和承诺交期稳定问题；四、立足创新驱动，力求关键性工作的实质性突破。同时，确保公司主要经营目标有所增长。,请问董事长，看了2011年报感觉还错的，可看季报及今天回答，似乎形势又不好，你们对形势判断可要准确，不能含糊呀！,002098_2011,123,125,2,Challenge,Q2针对A1中关于前景信心的笼统表述，结合季报信息质疑其判断准确性，催促回答不含糊。,,,1
positive,目前市场上的股价能代表公司的价值吗？公司未来3年发展前景如何? 影响股价因素很多，我们会努力做好公司业绩来回报投资者。我们对公司的未来发展有信心。未来几年将致力以下几个方面；一、加快转型升级步伐，着力提高盈利能力；二、推进营销体制深度变革，完善营销团队建设和网络布局；三、积极应对“三荒两高”，切实解决品质稳定和承诺交期稳定问题；四、立足创新驱动，力求关键性工作的实质性突破。同时，确保公司主要经营目标有所增长。,请问总裁，讲真心话你认为公司发展前景如何，每年都能保持一定的高速增长吗？,2,answer_pressure,dep_reason,Q2重复追问Q1中关于发展前景的具体增速问题，A1仅作笼统表态，Q2要求总裁真心回应，是对回答充分性的挑战。,目前市场上的股价能代表公司的价值吗？公司未来3年发展前景如何?,影响股价因素很多，我们会努力做好公司业绩来回报投资者。我们对公司的未来发展有信心。未来几年将致力以下几个方面；一、加快转型升级步伐，着力提高盈利能力；二、推进营销体制深度变革，完善营销团队建设和网络布局；三、积极应对“三荒两高”，切实解决品质稳定和承诺交期稳定问题；四、立足创新驱动，力求关键性工作的实质性突破。同时，确保公司主要经营目标有所增长。,请问总裁，讲真心话你认为公司发展前景如何，每年都能保持一定的高速增长吗？,002098_2011,123,126,3,Challenge,Q2重复追问Q1中关于发展前景的具体增速问题，A1仅作笼统表态，Q2要求总裁真心回应，是对回答充分性的挑战。,,,1
positive,为什么公司今年一季度净利润同比下滑幅度较主营收入大那么多？甚至一季度还出现了亏损呢？ 主要是受宏观经济和行业不景气的影响，销售出现较大的下降所致，谢谢！,请问董事长，看了2011年报感觉还错的，可看季报及今天回答，似乎形势又不好，你们对形势判断可要准确，不能含糊呀！,2,answer_pressure,dep_reason,Q2针对A1笼统归因于宏观和行业，质疑形势判断含糊不准确。,为什么公司今年一季度净利润同比下滑幅度较主营收入大那么多？甚至一季度还出现了亏损呢？,主要是受宏观经济和行业不景气的影响，销售出现较大的下降所致，谢谢！,请问董事长，看了2011年报感觉还错的，可看季报及今天回答，似乎形势又不好，你们对形势判断可要准确，不能含糊呀！,002098_2011,124,125,1,Complaint,Q2针对A1笼统归因于宏观和行业，质疑形势判断含糊不准确。,,,1
positive,机构给公司2013年的增长率是多少？请问能达到吗，不知道您有没有信心？ 公司2013年公司主要经营目标：公司营业收入比2012年上升10%，净利润比2012年上升20%，核心管理和技术团队稳定，公司发展可持续。公司将采取必要措施达成目标。,要实现公司的发展目标，请问信心来自哪里。,2,strategy_planning,dep_reason,Q2针对A1中提出的2013年经营目标追问信心来源，依赖A1内容。,机构给公司2013年的增长率是多少？请问能达到吗，不知道您有没有信心？,公司2013年公司主要经营目标：公司营业收入比2012年上升10%，净利润比2012年上升20%，核心管理和技术团队稳定，公司发展可持续。公司将采取必要措施达成目标。,要实现公司的发展目标，请问信心来自哪里。,002098_2012,1,4,3,Elaboration,Q2针对A1中提出的2013年经营目标追问信心来源，依赖A1内容。,,,1
positive,公司的发展战略是什么，是否公司未来发展的主打方向？以前没怎么听到这方面的动向，能否详细讲解一下主要是面对哪些品种和市场？谢谢！ 公司的长期发展战略是以打造“百年浔兴、世界品牌”为愿景，重点服务全球时尚品牌，致力于成为全球拉链行业领袖，使SBS成为世界知名品牌。公司的的主要产品是中高档拉链，主要客户是国内外的知名品牌客户。公司的发展战略保持稳定。,要实现公司的发展目标，请问信心来自哪里。,2,strategy_planning,dep_reason,Q2针对A1中明确的发展目标追问信心来源，要求补充依据。,公司的发展战略是什么，是否公司未来发展的主打方向？以前没怎么听到这方面的动向，能否详细讲解一下主要是面对哪些品种和市场？谢谢！,公司的长期发展战略是以打造“百年浔兴、世界品牌”为愿景，重点服务全球时尚品牌，致力于成为全球拉链行业领袖，使SBS成为世界知名品牌。公司的的主要产品是中高档拉链，主要客户是国内外的知名品牌客户。公司的发展战略保持稳定。,要实现公司的发展目标，请问信心来自哪里。,002098_2012,2,4,2,Elaboration,Q2针对A1中明确的发展目标追问信心来源，要求补充依据。,,,1
positive,请问公司明年净利润能做到多少？ 答：公司2013年公司主要经营目标：公司营业收入比2012年上升10%，净利润比2012年上升20%。,2012年公司财务状况？预估一下2013年公司的经营前景?请正面回答。,2,answer_pressure,dep_reason,Q2针对A1仅给出增长率未给具体数值，要求补充2012年财务并正面预估前景，属催促互动。,请问公司明年净利润能做到多少？,答：公司2013年公司主要经营目标：公司营业收入比2012年上升10%，净利润比2012年上升20%。,2012年公司财务状况？预估一下2013年公司的经营前景?请正面回答。,002098_2012,12,15,3,Complaint,Q2针对A1仅给出增长率未给具体数值，要求补充2012年财务并正面预估前景，属催促互动。,,,1
positive,请问公司明年净利润能做到多少？ 答：公司2013年公司主要经营目标：公司营业收入比2012年上升10%，净利润比2012年上升20%。,请问：2013年主营收入目标是多少？净利润目标是多少？谢谢！,2,strategy_planning,dep_reason,Q2针对A1中已给出的经营目标进一步要求具体数值。,请问公司明年净利润能做到多少？,答：公司2013年公司主要经营目标：公司营业收入比2012年上升10%，净利润比2012年上升20%。,请问：2013年主营收入目标是多少？净利润目标是多少？谢谢！,002098_2012,12,16,4,Elaboration,Q2针对A1中已给出的经营目标进一步要求具体数值。,,,1
positive,2012年公司财务状况？预估一下2013年公司的经营前景?请正面回答。 答：要全面了解公司2012年底财务状况请参见年报，2013年经营指标是的销售收入与去年同比增长10%，净利润同比增长20%。,请问：2013年主营收入目标是多少？净利润目标是多少？谢谢！,2,strategy_planning,dep_reason,Q2基于A1给出的增长率追问具体主营业务收入和净利润目标金额。,2012年公司财务状况？预估一下2013年公司的经营前景?请正面回答。,答：要全面了解公司2012年底财务状况请参见年报，2013年经营指标是的销售收入与去年同比增长10%，净利润同比增长20%。,请问：2013年主营收入目标是多少？净利润目标是多少？谢谢！,002098_2012,15,16,1,Elaboration,Q2基于A1给出的增长率追问具体主营业务收入和净利润目标金额。,,,1
positive,公司2012年度报告的经营业绩较上年增长率有多少？预计2013年度增长率会不会好于2012年？ 答：公司2013年公司主要经营目标：公司营业收入比2012年上升10%，净利润比2012年上升20%。,请问：2013年主营收入目标是多少？净利润目标是多少？谢谢！,2,strategy_planning,dep_reason,Q2针对A1已给出的2013年营收和净利润增长目标要求具体数值。,公司2012年度报告的经营业绩较上年增长率有多少？预计2013年度增长率会不会好于2012年？,答：公司2013年公司主要经营目标：公司营业收入比2012年上升10%，净利润比2012年上升20%。,请问：2013年主营收入目标是多少？净利润目标是多少？谢谢！,002098_2012,31,36,5,Elaboration,Q2针对A1已给出的2013年营收和净利润增长目标要求具体数值。,,,1
positive,请问今年预计主要产品的销售目标是多少？净利润是多少？ 答：公司是订单式生产，主要产品是根据客户需求调整的。2013年公司主要经营目标是公司营业收入比2012年上升10%，净利润比2012年上升20%。谢谢！,请问公司今年营收的增长能超过行业增速20%吗？,2,strategy_planning,dep_reason,Q2针对A1中营收上升10%的目标，追问能否超过行业增速20%，基于A1数据继续细化。,请问今年预计主要产品的销售目标是多少？净利润是多少？,答：公司是订单式生产，主要产品是根据客户需求调整的。2013年公司主要经营目标是公司营业收入比2012年上升10%，净利润比2012年上升20%。谢谢！,请问公司今年营收的增长能超过行业增速20%吗？,002098_2012,47,50,3,Elaboration,Q2针对A1中营收上升10%的目标，追问能否超过行业增速20%，基于A1数据继续细化。,,,1
positive,请问今年预计主要产品的销售目标是多少？净利润是多少？ 答：公司是订单式生产，主要产品是根据客户需求调整的。2013年公司主要经营目标是公司营业收入比2012年上升10%，净利润比2012年上升20%。谢谢！,截至目前公司的同比销售额有增长吗？,2,strategy_planning,dep_reason,Q2围绕A1中的年度销售目标，追问当前同比增长情况。,请问今年预计主要产品的销售目标是多少？净利润是多少？,答：公司是订单式生产，主要产品是根据客户需求调整的。2013年公司主要经营目标是公司营业收入比2012年上升10%，净利润比2012年上升20%。谢谢！,截至目前公司的同比销售额有增长吗？,002098_2012,47,52,5,Elaboration,Q2围绕A1中的年度销售目标，追问当前同比增长情况。,,,1
positive,公司领导怎么看现在公司的股价，对我们这些看好公司的小散有什么忠告。谢谢 公司无法对股价进行直接判断，我们会努力作好业务，保持稳定且较高比例的分红来回报投资者。谢谢！,浔兴每年坚持分红固然不错，上市六七年了，董事长什么时候给股民送点的股？,2,shareholder_return,dep_reason,Q2承接A1的分红回报进一步要求送股。,公司领导怎么看现在公司的股价，对我们这些看好公司的小散有什么忠告。谢谢,公司无法对股价进行直接判断，我们会努力作好业务，保持稳定且较高比例的分红来回报投资者。谢谢！,浔兴每年坚持分红固然不错，上市六七年了，董事长什么时候给股民送点的股？,002098_2012,58,60,2,Elaboration,Q2承接A1的分红回报进一步要求送股。,,,1
positive,我注意到浔兴现在也开始有了纽扣业务，请问公司纽扣业务的发展情况怎样，未来是否能成为公司业绩新的增长点? 公司纽扣的业务是以高品质为起点，为了更好的服务品牌客户，希望能成为公司未来业务增长点，谢谢,新投资的项目今年能否为公司贡献利润？如有利润贡献，公司预计能实现多少利润？,2,performance_governance,dep_reason,Q2针对Q1中提到的纽扣业务（新投资项目）追问利润贡献和具体数额。,我注意到浔兴现在也开始有了纽扣业务，请问公司纽扣业务的发展情况怎样，未来是否能成为公司业绩新的增长点?,公司纽扣的业务是以高品质为起点，为了更好的服务品牌客户，希望能成为公司未来业务增长点，谢谢,新投资的项目今年能否为公司贡献利润？如有利润贡献，公司预计能实现多少利润？,002098_2012,61,64,3,Elaboration,Q2针对Q1中提到的纽扣业务（新投资项目）追问利润贡献和具体数额。,,,1
positive,能简单的介绍下新项目的情况吗？ 公司募投项目已完工投入使用，目前没有在建的新项目，谢谢！,公司新项目何时能对公司贡献利润？预计每年可实现净利润多少？,2,performance_governance,dep_reason,Q2针对A1中已完工的募投项目，追问利润贡献时间和净利润预期。,能简单的介绍下新项目的情况吗？,公司募投项目已完工投入使用，目前没有在建的新项目，谢谢！,公司新项目何时能对公司贡献利润？预计每年可实现净利润多少？,002098_2012,72,76,4,Elaboration,Q2针对A1中已完工的募投项目，追问利润贡献时间和净利润预期。,,,1
positive,公司预计2013年业绩较去年同期是上升还是下降？若上升，则增幅是多少？ 答：公司2013年公司主要经营目标：公司营业收入比2012年上升10%，净利润比2012年上升20%。,请问净利润的增长率和销售收入增长同步吗？,2,performance_governance,dep_reason,Q2基于A1中10%收入增长和20%净利润增长的差异追问是否同步。,公司预计2013年业绩较去年同期是上升还是下降？若上升，则增幅是多少？,答：公司2013年公司主要经营目标：公司营业收入比2012年上升10%，净利润比2012年上升20%。,请问净利润的增长率和销售收入增长同步吗？,002098_2012,90,92,2,Elaboration,Q2基于A1中10%收入增长和20%净利润增长的差异追问是否同步。,,,1
positive,公司2012年度报告的经营业绩较上年增长率能达多少呢？预计2013年度增长率会不会好于2012年？ 答：公司2013年公司主要经营目标：公司营业收入比2012年上升10%，净利润比2012年上升20%，核心管理和技术团队稳定，公司发展可持续。,请对投资者负责。强烈要求公司高成不要在说官话了。强烈要求事实求事的回答问题,2,answer_pressure,dep_reason,Q2针对A1的官话回应，批评其不具体、不实事求是，催促正面回答。,公司2012年度报告的经营业绩较上年增长率能达多少呢？预计2013年度增长率会不会好于2012年？,答：公司2013年公司主要经营目标：公司营业收入比2012年上升10%，净利润比2012年上升20%，核心管理和技术团队稳定，公司发展可持续。,请对投资者负责。强烈要求公司高成不要在说官话了。强烈要求事实求事的回答问题,002098_2012,93,97,4,Complaint,Q2针对A1的官话回应，批评其不具体、不实事求是，催促正面回答。,,,1
positive,请问公司的分配预案达到承诺的分红比例吗？ 答：公司分配预案满足承诺的分红比例。,请对投资者负责。强烈要求公司高成不要在说官话了。强烈要求事实求事的回答问题,2,answer_pressure,dep_reason,Q2批评A1回答是官话并催促实事求是，针对回答状态。,请问公司的分配预案达到承诺的分红比例吗？,答：公司分配预案满足承诺的分红比例。,请对投资者负责。强烈要求公司高成不要在说官话了。强烈要求事实求事的回答问题,002098_2012,94,97,3,Complaint,Q2批评A1回答是官话并催促实事求是，针对回答状态。,,,1
positive,请问公司的分配预案达到承诺的分红比例吗？ 答：公司分配预案满足承诺的分红比例。,请对投资者负责。强烈要求公司高成不要在说官话了。强烈要求事实求事的回答问题,2,answer_pressure,dep_reason,Q2针对A1回答方式表达不满，认为其说官话、不实事求是，属于对回答状态的催促和抱怨。,请问公司的分配预案达到承诺的分红比例吗？,答：公司分配预案满足承诺的分红比例。,请对投资者负责。强烈要求公司高成不要在说官话了。强烈要求事实求事的回答问题,002098_2012,94,99,5,Complaint,Q2针对A1回答方式表达不满，认为其说官话、不实事求是，属于对回答状态的催促和抱怨。,,,1
positive,公司高级管理人员的考评及激励情况怎样，有没有股权激励制度？ 答：公司坚持正向激励，体现“创造业绩，分享成果”的理念，激励大家争先创优。坚持以数据为基础，以价值创造为导向，通过指标层层分解的模式落实指标。年初根据公司全年经营管理目标和绩效管理制度制定总裁、各位副总裁、各子公司、事业部总经理、副总经理等各级管理人员的考核责任状，并将其薪酬回报与绩效目标的完成情况挂钩，在与各位高管充分沟通后落实并签订责任状，做到职责明确、目标明确。激励措施包括：（1）用企业文化凝聚人：“紧密相连、共创未来”的核心价值观深入人心，使公司上下形成一股正气，企业文化正朝着健康、高效、团结的方向发展。（2）用灵活的机制吸引人：公司强调干部能上能下、人才招聘内外结合的方式，使人才在竞争中不断提升业务水平，同时，公司非常注重高管团队的培训，通过内训、外出考察参观等多种方式使高管团队能够不断充电。（3）用优秀的事业留住人：公司一直强调企业与员工共同发展，特别是高管团队，分工明确，各自发挥自身特长，团队成员年轻有活力并充满工作激情。公司2010年的股权激励计划仍然有效。,请对投资者负责。强烈要求公司高成不要在说官话了。强烈要求事实求事的回答问题,2,answer_pressure,dep_reason,Q2明确针对A1说官话的回答方式，要求实事求是回答问题。,公司高级管理人员的考评及激励情况怎样，有没有股权激励制度？,答：公司坚持正向激励，体现“创造业绩，分享成果”的理念，激励大家争先创优。坚持以数据为基础，以价值创造为导向，通过指标层层分解的模式落实指标。年初根据公司全年经营管理目标和绩效管理制度制定总裁、各位副总裁、各子公司、事业部总经理、副总经理等各级管理人员的考核责任状，并将其薪酬回报与绩效目标的完成情况挂钩，在与各位高管充分沟通后落实并签订责任状，做到职责明确、目标明确。激励措施包括：（1）用企业文化凝聚人：“紧密相连、共创未来”的核心价值观深入人心，使公司上下形成一股正气，企业文化正朝着健康、高效、团结的方向发展。（2）用灵活的机制吸引人：公司强调干部能上能下、人才招聘内外结合的方式，使人才在竞争中不断提升业务水平，同时，公司非常注重高管团队的培训，通过内训、外出考察参观等多种方式使高管团队能够不断充电。（3）用优秀的事业留住人：公司一直强调企业与员工共同发展，特别是高管团队，分工明确，各自发挥自身特长，团队成员年轻有活力并充满工作激情。公司2010年的股权激励计划仍然有效。,请对投资者负责。强烈要求公司高成不要在说官话了。强烈要求事实求事的回答问题,002098_2012,95,97,2,Complaint,Q2明确针对A1说官话的回答方式，要求实事求是回答问题。,,,1
positive,公司高级管理人员的考评及激励情况怎样，有没有股权激励制度？ 答：公司坚持正向激励，体现“创造业绩，分享成果”的理念，激励大家争先创优。坚持以数据为基础，以价值创造为导向，通过指标层层分解的模式落实指标。年初根据公司全年经营管理目标和绩效管理制度制定总裁、各位副总裁、各子公司、事业部总经理、副总经理等各级管理人员的考核责任状，并将其薪酬回报与绩效目标的完成情况挂钩，在与各位高管充分沟通后落实并签订责任状，做到职责明确、目标明确。激励措施包括：（1）用企业文化凝聚人：“紧密相连、共创未来”的核心价值观深入人心，使公司上下形成一股正气，企业文化正朝着健康、高效、团结的方向发展。（2）用灵活的机制吸引人：公司强调干部能上能下、人才招聘内外结合的方式，使人才在竞争中不断提升业务水平，同时，公司非常注重高管团队的培训，通过内训、外出考察参观等多种方式使高管团队能够不断充电。（3）用优秀的事业留住人：公司一直强调企业与员工共同发展，特别是高管团队，分工明确，各自发挥自身特长，团队成员年轻有活力并充满工作激情。公司2010年的股权激励计划仍然有效。,请对投资者负责。强烈要求公司高成不要在说官话了。强烈要求事实求事的回答问题,2,answer_pressure,dep_reason,Q2针对A1回答方式（官话、不具体）进行投诉和催促。,公司高级管理人员的考评及激励情况怎样，有没有股权激励制度？,答：公司坚持正向激励，体现“创造业绩，分享成果”的理念，激励大家争先创优。坚持以数据为基础，以价值创造为导向，通过指标层层分解的模式落实指标。年初根据公司全年经营管理目标和绩效管理制度制定总裁、各位副总裁、各子公司、事业部总经理、副总经理等各级管理人员的考核责任状，并将其薪酬回报与绩效目标的完成情况挂钩，在与各位高管充分沟通后落实并签订责任状，做到职责明确、目标明确。激励措施包括：（1）用企业文化凝聚人：“紧密相连、共创未来”的核心价值观深入人心，使公司上下形成一股正气，企业文化正朝着健康、高效、团结的方向发展。（2）用灵活的机制吸引人：公司强调干部能上能下、人才招聘内外结合的方式，使人才在竞争中不断提升业务水平，同时，公司非常注重高管团队的培训，通过内训、外出考察参观等多种方式使高管团队能够不断充电。（3）用优秀的事业留住人：公司一直强调企业与员工共同发展，特别是高管团队，分工明确，各自发挥自身特长，团队成员年轻有活力并充满工作激情。公司2010年的股权激励计划仍然有效。,请对投资者负责。强烈要求公司高成不要在说官话了。强烈要求事实求事的回答问题,002098_2012,95,99,4,Complaint,Q2针对A1回答方式（官话、不具体）进行投诉和催促。,,,1
positive,请问公司以后每年都会用现金分红的形式回馈股东吗？ 根据公司《未来三年股东回报规划（2012-2014）》，每年以现金方式分配的利润不低于当年实现的可供分配利润的10%（含10%）且任何三个连续年度内，公司以现金方式累计分配的利润不少于该三年实现的年均可分配利润的30%。,请对投资者负责。强烈要求公司高成不要在说官话了。强烈要求事实求事的回答问题,2,answer_pressure,dep_reason,Q2明确批评A1为官话，要求实事求是回答，属于对回答方式的抱怨。,请问公司以后每年都会用现金分红的形式回馈股东吗？,根据公司《未来三年股东回报规划（2012-2014）》，每年以现金方式分配的利润不低于当年实现的可供分配利润的10%（含10%）且任何三个连续年度内，公司以现金方式累计分配的利润不少于该三年实现的年均可分配利润的30%。,请对投资者负责。强烈要求公司高成不要在说官话了。强烈要求事实求事的回答问题,002098_2012,96,97,1,Complaint,Q2明确批评A1为官话，要求实事求是回答，属于对回答方式的抱怨。,,,1
positive,请问公司以后每年都会用现金分红的形式回馈股东吗？ 根据公司《未来三年股东回报规划（2012-2014）》，每年以现金方式分配的利润不低于当年实现的可供分配利润的10%（含10%）且任何三个连续年度内，公司以现金方式累计分配的利润不少于该三年实现的年均可分配利润的30%。,请对投资者负责。强烈要求公司高成不要在说官话了。强烈要求事实求事的回答问题,2,answer_pressure,dep_reason,Q2针对A1的官话回答方式表示不满和催促。,请问公司以后每年都会用现金分红的形式回馈股东吗？,根据公司《未来三年股东回报规划（2012-2014）》，每年以现金方式分配的利润不低于当年实现的可供分配利润的10%（含10%）且任何三个连续年度内，公司以现金方式累计分配的利润不少于该三年实现的年均可分配利润的30%。,请对投资者负责。强烈要求公司高成不要在说官话了。强烈要求事实求事的回答问题,002098_2012,96,99,3,Complaint,Q2针对A1的官话回答方式表示不满和催促。,,,1
positive,请对投资者负责。强烈要求公司高成不要在说官话了。强烈要求事实求事的回答问题 作为上市公司，我们必须遵守信息披露的相关要求，谢谢您对公司的关注！,请对投资者负责。强烈要求公司高成不要在说官话了。强烈要求事实求事的回答问题,1,disclosure_detail,dep_reason,Q2重复Q1，针对A1回避官话批评，继续施压要求实事求是回答。,请对投资者负责。强烈要求公司高成不要在说官话了。强烈要求事实求事的回答问题,作为上市公司，我们必须遵守信息披露的相关要求，谢谢您对公司的关注！,请对投资者负责。强烈要求公司高成不要在说官话了。强烈要求事实求事的回答问题,002098_2012,97,99,2,Complaint,Q2重复Q1，针对A1回避官话批评，继续施压要求实事求是回答。,,,1
positive,一季业绩咋样？有没有机构来调查？ 具体请参考一季度业绩预告，一季度有一些机构来公司调查。,请对投资者负责。强烈要求公司高成不要在说官话了。强烈要求事实求事的回答问题,2,answer_pressure,dep_reason,Q2针对A1笼统官话式回答进行投诉和催促。,一季业绩咋样？有没有机构来调查？,具体请参考一季度业绩预告，一季度有一些机构来公司调查。,请对投资者负责。强烈要求公司高成不要在说官话了。强烈要求事实求事的回答问题,002098_2012,98,99,1,Complaint,Q2针对A1笼统官话式回答进行投诉和催促。,,,1
positive,公司核心产品2013年公司的销售目标是多少？会不会提价？ 2013年公司争取实销增长10%的销售目标，谢谢！,请问主打产品2013年公司销售目标多少？毛利率波动大吗,2,strategy_planning,dep_reason,Q2重复Q1的销售目标提问，A1仅给出增长10%未给具体数字，Q2再次要求具体目标，构成对A1未充分回答的催促。,公司核心产品2013年公司的销售目标是多少？会不会提价？,2013年公司争取实销增长10%的销售目标，谢谢！,请问主打产品2013年公司销售目标多少？毛利率波动大吗,002098_2012,114,115,1,Complaint,Q2重复Q1的销售目标提问，A1仅给出增长10%未给具体数字，Q2再次要求具体目标，构成对A1未充分回答的催促。,,,1
positive,流动比率、速动比率？应收账款、存货周转率？成品、拉头毛利率指标是多少，变动原因？原材料成本下降变动数据？ 公司的流动比率、速动比率、应收帐款、存货周转率分别为0.87、0.55、4.6、3.34；成品、拉头毛利率分别为31.6%和29.68%，比去年略有提升，主要原因为原材料采购成本下降约4.9%，以及淡旺季差异有所减少，有利于生产管理，生产效率有所提升。谢谢！,请问原材料价格14年预计趋势会怎样？,2,strategy_planning,dep_reason,Q2承接A1中原材料采购成本下降信息，追问未来趋势。,流动比率、速动比率？应收账款、存货周转率？成品、拉头毛利率指标是多少，变动原因？原材料成本下降变动数据？,公司的流动比率、速动比率、应收帐款、存货周转率分别为0.87、0.55、4.6、3.34；成品、拉头毛利率分别为31.6%和29.68%，比去年略有提升，主要原因为原材料采购成本下降约4.9%，以及淡旺季差异有所减少，有利于生产管理，生产效率有所提升。谢谢！,请问原材料价格14年预计趋势会怎样？,002098_2013,8,11,3,Elaboration,Q2承接A1中原材料采购成本下降信息，追问未来趋势。,,,1
positive,做大、做好市值管理是每个公司成长的必然追求，公司是如何进行市值管理的？ 你好！价值发现是个长期过程，公司将综合利用资产盈利能力挖掘、行业景气度、发展趋势、题材、股利政策等等因素做好市值管理，谢谢！公司欢迎投资人对公司的市值管理提供建议，帮助公司做大、做强。谢谢！,虽说股价波动是市场行为，但是，还是希望公司在提振股价、提升股东信心方面有所作为，不知公司有何想法举措？,2,answer_pressure,dep_reason,Q2针对A1笼统的市值管理表述，进一步要求提振股价和股东信心的具体举措。,做大、做好市值管理是每个公司成长的必然追求，公司是如何进行市值管理的？,你好！价值发现是个长期过程，公司将综合利用资产盈利能力挖掘、行业景气度、发展趋势、题材、股利政策等等因素做好市值管理，谢谢！公司欢迎投资人对公司的市值管理提供建议，帮助公司做大、做强。谢谢！,虽说股价波动是市场行为，但是，还是希望公司在提振股价、提升股东信心方面有所作为，不知公司有何想法举措？,002098_2013,15,18,3,Elaboration,Q2针对A1笼统的市值管理表述，进一步要求提振股价和股东信心的具体举措。,,,1
positive,公司是否会战略转型涉足高利润的新兴产业？ 你好！公司未来发展的战略目标仍然是围绕拉链主业，打造“百年浔兴，世界品牌”，立足使SBS成为世界知名品牌。当然，在做好主业的前提下，合理安排资金尝试投资一些更有发展前景、更有市场的新兴行业也是公司发展的选项之一。谢谢！,请问公司今年是否有对外投资建项目的规划吗,2,strategy_planning,dep_reason,Q2针对A1中提到的尝试投资新兴行业继续追问今年的具体规划。,公司是否会战略转型涉足高利润的新兴产业？,你好！公司未来发展的战略目标仍然是围绕拉链主业，打造“百年浔兴，世界品牌”，立足使SBS成为世界知名品牌。当然，在做好主业的前提下，合理安排资金尝试投资一些更有发展前景、更有市场的新兴行业也是公司发展的选项之一。谢谢！,请问公司今年是否有对外投资建项目的规划吗,002098_2013,23,24,1,Elaboration,Q2针对A1中提到的尝试投资新兴行业继续追问今年的具体规划。,,,1
positive,公司是否会战略转型涉足高利润的新兴产业？ 你好！公司未来发展的战略目标仍然是围绕拉链主业，打造“百年浔兴，世界品牌”，立足使SBS成为世界知名品牌。当然，在做好主业的前提下，合理安排资金尝试投资一些更有发展前景、更有市场的新兴行业也是公司发展的选项之一。谢谢！,2014年那些项目能给公司带来利润增长点？和去年相比怎么样？,2,performance_governance,dep_reason,Q2针对A1中提到的投资新兴行业，追问具体项目及利润增长比较。,公司是否会战略转型涉足高利润的新兴产业？,你好！公司未来发展的战略目标仍然是围绕拉链主业，打造“百年浔兴，世界品牌”，立足使SBS成为世界知名品牌。当然，在做好主业的前提下，合理安排资金尝试投资一些更有发展前景、更有市场的新兴行业也是公司发展的选项之一。谢谢！,2014年那些项目能给公司带来利润增长点？和去年相比怎么样？,002098_2013,23,26,3,Elaboration,Q2针对A1中提到的投资新兴行业，追问具体项目及利润增长比较。,,,1
positive,公司管理层2014年的预定目标是什么？有哪些因素会影响到公司2014年的业绩呢？盈利能力跟的上吗？2014年大约会以一个什么样的百分比速度让净利润增长？ 你好！公司2014年度经营目标是在2013年基础上实现销售与利润的双增长：销售收入同比增长10%，净利润同比增长30%。谢谢！,2014年公司准备采取哪些行之有效的措施来扩大销售业绩和产品的全国覆盖率，提高业绩?希望公司早点抢占市场。,2,strategy_planning,dep_reason,Q2针对A1给出的销售增长目标，追问实现该目标的具体措施。,公司管理层2014年的预定目标是什么？有哪些因素会影响到公司2014年的业绩呢？盈利能力跟的上吗？2014年大约会以一个什么样的百分比速度让净利润增长？,你好！公司2014年度经营目标是在2013年基础上实现销售与利润的双增长：销售收入同比增长10%，净利润同比增长30%。谢谢！,2014年公司准备采取哪些行之有效的措施来扩大销售业绩和产品的全国覆盖率，提高业绩?希望公司早点抢占市场。,002098_2013,29,34,5,Elaboration,Q2针对A1给出的销售增长目标，追问实现该目标的具体措施。,,,1
positive,2014年公司准备采取哪些行之有效的措施来扩大销售业绩和产品的全国覆盖率，提高业绩?希望公司早点抢占市场。 感谢您对公司的关注！公司会努力通过产品结构和客户结构的升级以及营销渠道的拓展扩大销售业绩。谢谢！,去年的市场行情并不好，物价又涨，今年公司在市场开拓方面有什么计划？能否详细谈谈？,2,answer_pressure,dep_reason,Q2针对A1笼统回答要求详细谈谈市场开拓计划。,2014年公司准备采取哪些行之有效的措施来扩大销售业绩和产品的全国覆盖率，提高业绩?希望公司早点抢占市场。,感谢您对公司的关注！公司会努力通过产品结构和客户结构的升级以及营销渠道的拓展扩大销售业绩。谢谢！,去年的市场行情并不好，物价又涨，今年公司在市场开拓方面有什么计划？能否详细谈谈？,002098_2013,34,38,4,Complaint,Q2针对A1笼统回答要求详细谈谈市场开拓计划。,,,1
positive,去年的市场行情并不好，物价又涨，今年公司在市场开拓方面有什么计划？能否详细谈谈？ 我们会加大对于细分市场的调查与开拓，加大整合力度做好客户开拓。谢谢！,2014年营销重点工作？,2,answer_pressure,dep_reason,Q2要求细化A1中笼统的市场开拓计划为具体营销工作重点。,去年的市场行情并不好，物价又涨，今年公司在市场开拓方面有什么计划？能否详细谈谈？,我们会加大对于细分市场的调查与开拓，加大整合力度做好客户开拓。谢谢！,2014年营销重点工作？,002098_2013,38,41,3,Elaboration,Q2要求细化A1中笼统的市场开拓计划为具体营销工作重点。,,,1
positive,"公司的持续良性发展是投资者投资信心的有力保证,愿公司的发展能为投资者带来良好的回报!请问公司领导对今年有信心吗？ 你好！尽管2014年经济仍然存在诸多不确定因素，我们还是将经营目标定在2013年基础上实现销售与利润的双增长：销售收入同比增长10%，净利润同比增长30%。从目前的经营状况看，管理团队还是有信心实现目标的。谢谢！",能否告知一下新年第一季度的情况怎么样?,2,strategy_planning,dep_reason,Q2针对A1中的全年经营目标，要求细化到第一季度具体情况。,"公司的持续良性发展是投资者投资信心的有力保证,愿公司的发展能为投资者带来良好的回报!请问公司领导对今年有信心吗？",你好！尽管2014年经济仍然存在诸多不确定因素，我们还是将经营目标定在2013年基础上实现销售与利润的双增长：销售收入同比增长10%，净利润同比增长30%。从目前的经营状况看，管理团队还是有信心实现目标的。谢谢！,能否告知一下新年第一季度的情况怎么样?,002098_2013,52,54,2,Elaboration,Q2针对A1中的全年经营目标，要求细化到第一季度具体情况。,,,1
positive,请问：公司产品的技术含量如何？专利多吗？行业垄断地位如何？那些项目能给公司带来利润增长点？预计是否能保持3年的增长？ 你好！公司一直以提升产品技术含量、调整客户结构作为利润增长点。截止2014年4月底，公司已获授权发明专利33项、实用新型66项、外观专利17项，共计116项，还有多项技术秘密。这些构成与跨国巨头相抗衡的以专利为核心的自主知识产权预警和保护体系，为公司的可持续发展奠定了坚实的基础。拉链是个过度竞争的行业，很难取得行业垄断地位。我们正在建立自主知识产权为核心的行业竞争优势。每年以来，公司都有多个产品升级、技术升级项目给公司持续带来利润增长。我们通过结构调整、技术升级，特别是产品、客户升级提升业绩。我们希望上述措施能够给带来连续的业绩增长。谢谢！,公司的核心知识产权储备情况？,1,disclosure_detail,dep_reason,Q2针对A1中的专利数量和自主知识产权体系继续追问核心储备细节。,请问：公司产品的技术含量如何？专利多吗？行业垄断地位如何？那些项目能给公司带来利润增长点？预计是否能保持3年的增长？,你好！公司一直以提升产品技术含量、调整客户结构作为利润增长点。截止2014年4月底，公司已获授权发明专利33项、实用新型66项、外观专利17项，共计116项，还有多项技术秘密。这些构成与跨国巨头相抗衡的以专利为核心的自主知识产权预警和保护体系，为公司的可持续发展奠定了坚实的基础。拉链是个过度竞争的行业，很难取得行业垄断地位。我们正在建立自主知识产权为核心的行业竞争优势。每年以来，公司都有多个产品升级、技术升级项目给公司持续带来利润增长。我们通过结构调整、技术升级，特别是产品、客户升级提升业绩。我们希望上述措施能够给带来连续的业绩增长。谢谢！,公司的核心知识产权储备情况？,002098_2013,53,58,5,Elaboration,Q2针对A1中的专利数量和自主知识产权体系继续追问核心储备细节。,,,1
positive,"请问贵公司的分红方案是什么？ 你好！公司的利润分配预案是：以2014年12月31日公司总股本15,500万股为基数，按每10股派发现金红利1.10元（含税），向全体股东派现人民币1,705.00万元，剩余未分配利润结转以后年度。同时，以资本公积金转增股本，向全体股东以每10股转增10股，共计转增155,000,000股，转增后公司总股本增加至310,000,000股。谢谢！",公司倾向于何种方式回报股东，现金股利还是送股？,1,disclosure_detail,dep_reason,Q2针对A1已披露的分红方案追问回报方式倾向。,请问贵公司的分红方案是什么？,"你好！公司的利润分配预案是：以2014年12月31日公司总股本15,500万股为基数，按每10股派发现金红利1.10元（含税），向全体股东派现人民币1,705.00万元，剩余未分配利润结转以后年度。同时，以资本公积金转增股本，向全体股东以每10股转增10股，共计转增155,000,000股，转增后公司总股本增加至310,000,000股。谢谢！",公司倾向于何种方式回报股东，现金股利还是送股？,002098_2014,8,12,4,Elaboration,Q2针对A1已披露的分红方案追问回报方式倾向。,,,1
positive,"公司倾向于何种方式回报股东，现金股利还是送股？ 你好！2014年度的利润分配预案已经将现金股利与送转股结合起来了，以2014年12月31日公司总股本15,500万股为基数，按每10股派发现金红利1.10元（含税），向全体股东派现人民币1,705.00万元，剩余未分配利润结转以后年度。同时，以资本公积金转增股本，向全体股东以每10股转增10股，共计转增155,000,000股，转增后公司总股本增加至310,000,000股。谢谢！",浔兴股份上市近八年从来没有送配过股份，未来会有机会送股吗？,2,shareholder_return,dep_reason,Q2针对A1中的送转股方案追问未来送股机会。,公司倾向于何种方式回报股东，现金股利还是送股？,"你好！2014年度的利润分配预案已经将现金股利与送转股结合起来了，以2014年12月31日公司总股本15,500万股为基数，按每10股派发现金红利1.10元（含税），向全体股东派现人民币1,705.00万元，剩余未分配利润结转以后年度。同时，以资本公积金转增股本，向全体股东以每10股转增10股，共计转增155,000,000股，转增后公司总股本增加至310,000,000股。谢谢！",浔兴股份上市近八年从来没有送配过股份，未来会有机会送股吗？,002098_2014,12,16,4,Elaboration,Q2针对A1中的送转股方案追问未来送股机会。,,,1
positive,请问董秘，公司在保护中小投资者权益方面做得怎样？ 你好！公司建立和完善规公司治理结构，聘请独立董事、建立内部审计机构保证规范运作公司，在涉及中小投资者利益事项主动提交股东大会审议，关联董事、股东回避表决，保证中小投资者权益不受损害。但有些投资者不理解，以至于对全体投资者、对公司都有好处的盘活存量资产提升公司效益、公开公平、互利互惠的年度关联交易计划被参加网络投票的2个投资者（84000股）否决，参加投票拥有142600票的的6名投资者没有投票被当成反对处理，非常遗憾！在此我呼吁，中小投资者支持公司，让对大家都有益的2014年度下半年的日常关联交易计划议案能够通过，谢谢大家一直以来对公司的理解和支持！谢谢！,请问公司内部审计部门的主要职责是什么？其人员构成情况（数量、学历、专业）如何？,1,disclosure_detail,dep_reason,Q2针对A1中提到的内部审计机构，追问其职责和人员构成细节。,请问董秘，公司在保护中小投资者权益方面做得怎样？,你好！公司建立和完善规公司治理结构，聘请独立董事、建立内部审计机构保证规范运作公司，在涉及中小投资者利益事项主动提交股东大会审议，关联董事、股东回避表决，保证中小投资者权益不受损害。但有些投资者不理解，以至于对全体投资者、对公司都有好处的盘活存量资产提升公司效益、公开公平、互利互惠的年度关联交易计划被参加网络投票的2个投资者（84000股）否决，参加投票拥有142600票的的6名投资者没有投票被当成反对处理，非常遗憾！在此我呼吁，中小投资者支持公司，让对大家都有益的2014年度下半年的日常关联交易计划议案能够通过，谢谢大家一直以来对公司的理解和支持！谢谢！,请问公司内部审计部门的主要职责是什么？其人员构成情况（数量、学历、专业）如何？,002098_2014,29,32,3,Elaboration,Q2针对A1中提到的内部审计机构，追问其职责和人员构成细节。,,,1
positive,在中小板公司中没送过股的没几家了002098就是而且有好多垃圾公司涨幅和送股都很多贵公司还算优良为何涨幅在中小板垫底??? 你好！公司严格按照既定的利润分配政策，结合公司实际经营情况，制定合适的利润分配方案，最大地回报投资者！公司保持持续稳定的现金分红，充分保障中小投资者的受益权，让广大投资者充分分享到公司发展的红利。上市8年来，总计向公司股东派现2.02亿元，派现金额占募资金额的68.48%，高于市场平均水平。谢谢！,希望贵公司分红的时候多考虑中小投资者。因为现金分红要扣税，虽然持有一年以上不会扣税，但持有的时间越长，市场风险也越大，而送转股就不会有扣税。,2,shareholder_return,dep_reason,Q2针对A1强调的现金分红政策，指出扣税问题，主张送转股更有利，属于对回答内容的质疑。,在中小板公司中没送过股的没几家了002098就是而且有好多垃圾公司涨幅和送股都很多贵公司还算优良为何涨幅在中小板垫底???,你好！公司严格按照既定的利润分配政策，结合公司实际经营情况，制定合适的利润分配方案，最大地回报投资者！公司保持持续稳定的现金分红，充分保障中小投资者的受益权，让广大投资者充分分享到公司发展的红利。上市8年来，总计向公司股东派现2.02亿元，派现金额占募资金额的68.48%，高于市场平均水平。谢谢！,希望贵公司分红的时候多考虑中小投资者。因为现金分红要扣税，虽然持有一年以上不会扣税，但持有的时间越长，市场风险也越大，而送转股就不会有扣税。,002098_2014,41,46,5,Challenge,Q2针对A1强调的现金分红政策，指出扣税问题，主张送转股更有利，属于对回答内容的质疑。,,,1
positive,请问董事长，公司为什么不学习泉州地区的梅花伞等公司走跨行业并购的路子？ 你好！拉链是民生必需品，自发明以来一直未被替代，这是企业生存发展的基础，我们对拉链行业有信心，“小拉链能成就大事业”，“百年浔兴，世界品牌”是浔兴人、更是我的愿景，做大做强让中国拉链成为世界品牌是我们的使命。跨行业并购我支持，但必须慎重，做大做强拉链主业的同时，寻找有符合政策、有良好发展前景行业予以并购，能够增强抗风险能力，也为企业找到新的发展机遇，我们一直在研究、在寻找，目前尚未有确切的目标对象，欢迎广大投资者推荐并购行业和目标企业，谢谢！,上半年施总说过会考虑向新领域投资请问考虑过充电桩锂电这块吗?请问贵公司现金流如何?,2,restructuring,dep_reason,Q2询问是否考虑充电桩锂电，承接A1中寻找并购行业的表述，属于具体化追问。,请问董事长，公司为什么不学习泉州地区的梅花伞等公司走跨行业并购的路子？,你好！拉链是民生必需品，自发明以来一直未被替代，这是企业生存发展的基础，我们对拉链行业有信心，“小拉链能成就大事业”，“百年浔兴，世界品牌”是浔兴人、更是我的愿景，做大做强让中国拉链成为世界品牌是我们的使命。跨行业并购我支持，但必须慎重，做大做强拉链主业的同时，寻找有符合政策、有良好发展前景行业予以并购，能够增强抗风险能力，也为企业找到新的发展机遇，我们一直在研究、在寻找，目前尚未有确切的目标对象，欢迎广大投资者推荐并购行业和目标企业，谢谢！,上半年施总说过会考虑向新领域投资请问考虑过充电桩锂电这块吗?请问贵公司现金流如何?,002098_2014,67,69,2,Elaboration,Q2询问是否考虑充电桩锂电，承接A1中寻找并购行业的表述，属于具体化追问。,,,1
positive,公司2015年的研发重点工作？ 答：2015年度研发的重点工作是：（1）新产品开发，九大系列近千种产品及稳定产品的生产线；（2）设备自动化更新改造；（3）四项新工艺的突破和推广；（4）新材料开发与应用；（5）专利申请和维护，拉链专利分析与预警。谢谢！,2015年那些项目能给公司带来利润增长点？,2,performance_governance,dep_reason,Q2承接A1中列出的研发工作，追问其中哪些能带来利润增长。,公司2015年的研发重点工作？,答：2015年度研发的重点工作是：（1）新产品开发，九大系列近千种产品及稳定产品的生产线；（2）设备自动化更新改造；（3）四项新工艺的突破和推广；（4）新材料开发与应用；（5）专利申请和维护，拉链专利分析与预警。谢谢！,2015年那些项目能给公司带来利润增长点？,002098_2014,70,74,4,Elaboration,Q2承接A1中列出的研发工作，追问其中哪些能带来利润增长。,,,1
positive,请问公司管理层是否关心过公司股价？ 答：你好！公司的股东、管理层都很关心公司股价，我们认为做好公司的经营管理努力回报投资人，准确、完整、及时的信息披露是公司责任。谢谢！,公司管理层和大股东是否认可目前的股价？是低了还是高了。,2,answer_pressure,dep_reason,Q2在A1明确表示关心股价的基础上，进一步追问管理层和大股东对当前股价的具体认可程度和估值判断。,请问公司管理层是否关心过公司股价？,答：你好！公司的股东、管理层都很关心公司股价，我们认为做好公司的经营管理努力回报投资人，准确、完整、及时的信息披露是公司责任。谢谢！,公司管理层和大股东是否认可目前的股价？是低了还是高了。,002098_2015,13,18,5,Elaboration,Q2在A1明确表示关心股价的基础上，进一步追问管理层和大股东对当前股价的具体认可程度和估值判断。,,,1
positive,请问保荐代表人，你觉得公司有哪些竞争优势？ 答：你好！我认为公司专注拉链主业，品牌、研发、规模和管理团队优势明显，大股东的体育资源储备是发展第二主业的基础，实业经营是公司可持续发展的坚实基础。谢谢！,廖叔叔好，目前公司的拉链用于服装吗？,2,strategy_planning,dep_reason,Q2针对A1中'拉链主业'继续追问其具体应用领域。,请问保荐代表人，你觉得公司有哪些竞争优势？,答：你好！我认为公司专注拉链主业，品牌、研发、规模和管理团队优势明显，大股东的体育资源储备是发展第二主业的基础，实业经营是公司可持续发展的坚实基础。谢谢！,廖叔叔好，目前公司的拉链用于服装吗？,002098_2015,32,34,2,Elaboration,Q2针对A1中'拉链主业'继续追问其具体应用领域。,,,1
positive,请问保荐代表人，你觉得公司有哪些竞争优势？ 答：你好！我认为公司专注拉链主业，品牌、研发、规模和管理团队优势明显，大股东的体育资源储备是发展第二主业的基础，实业经营是公司可持续发展的坚实基础。谢谢！,公司一直在讲第二主业，今年能否有实质性进展？,1,disclosure_detail,dep_reason,Q2直接针对A1中提到的第二主业追问实质性进展。,请问保荐代表人，你觉得公司有哪些竞争优势？,答：你好！我认为公司专注拉链主业，品牌、研发、规模和管理团队优势明显，大股东的体育资源储备是发展第二主业的基础，实业经营是公司可持续发展的坚实基础。谢谢！,公司一直在讲第二主业，今年能否有实质性进展？,002098_2015,32,37,5,Elaboration,Q2直接针对A1中提到的第二主业追问实质性进展。,,,1
positive,公司一直在讲第二主业，今年能否有实质性进展？ 答：你好！第二主业进展顺利，一方面依托大股东原有的资源尝试体育培训、场馆、经纪、赛事，随着CBA市场化进程的加速，设想、计划会逐步落地。同时，公司在积极寻找合适的并购投资标的。谢谢！,公司未来有无行业并购的计划？,2,restructuring,dep_reason,Q2针对A1中提到的寻找并购标的，进一步追问行业并购计划。,公司一直在讲第二主业，今年能否有实质性进展？,答：你好！第二主业进展顺利，一方面依托大股东原有的资源尝试体育培训、场馆、经纪、赛事，随着CBA市场化进程的加速，设想、计划会逐步落地。同时，公司在积极寻找合适的并购投资标的。谢谢！,公司未来有无行业并购的计划？,002098_2015,37,39,2,Elaboration,Q2针对A1中提到的寻找并购标的，进一步追问行业并购计划。,,,1
positive,公司有没有考虑多元化经营？ 答：你好！简单的多元化经营不是我们的目标，我们的发展战略是做大做强主业，积极发展第二主业，谢谢！,目前公司主业比较稳定，未来有什么规划？是否会转型？,2,strategy_planning,dep_reason,Q2围绕A1中“发展第二主业”的战略表述，追问未来具体规划和是否会转型。,公司有没有考虑多元化经营？,答：你好！简单的多元化经营不是我们的目标，我们的发展战略是做大做强主业，积极发展第二主业，谢谢！,目前公司主业比较稳定，未来有什么规划？是否会转型？,002098_2015,43,47,4,Elaboration,Q2围绕A1中“发展第二主业”的战略表述，追问未来具体规划和是否会转型。,,,1
positive,公司2016年面临的主要风险有哪些 答：你好！2016年面临的经营风险正如2015年度报告分析的那样，我们认为：2016年，公司在实施发展战略和经营目标的过程中，主要面临以下几方面的不利因素影响。一是宏观经济环境的影响。2016年，国际经济形势、国内宏观经济环境仍充满复杂性和不确定性。经济景气度直接影响着服装、箱包等传统消费品市场的消费需求。随着改革的深入和结构性调整力度的加大，纺织服装业消费需求增长乏力且结构调整明显，这些给处于服饰辅料企业的公司带来较大经营压力。二是贸易环境的不确定性的影响。全球经济环境复杂多变，各国积极推行贸易保护措施以抵御进口商品冲击，维护本国产业和企业利益。一些国家利用反倾销、反补贴、技术壁垒等各种手段对我国服装、箱包和拉链产品出口设置障碍，从而在一段时期内形成了对我国纺织品出口较为不利的贸易壁垒。三是人民币汇率变动风险的影响。公司产品出口主要以美元和欧元结算，人民币对美元及欧元的汇率波动风险，将对公司出口销售及盈利水平造成影响。四是劳动力成本上行的影响。近年来，由于劳动力供给增速下降、生活成本上升等原因，沿海地区出现劳动力成本快速上升的态势，国际比较优势有所削弱。同时，东南亚和南亚地区国家凭借低廉的劳动力及政府扶持措施，开始大力发展纺织服装行业和箱包行业，并在辅料领域逐渐成为与国内同行争夺国际订单的竞争对手。尽管有这样那样的困难与风险，公司经营管理团队会在公司董事会的领导在广大投资人的支持下实现2016年度的目标计划。谢谢！,人民币汇率变动对公司有什么影响？,2,answer_pressure,dep_reason,Q2针对A1中明确列举的人民币汇率变动风险，追问其具体影响。,公司2016年面临的主要风险有哪些,答：你好！2016年面临的经营风险正如2015年度报告分析的那样，我们认为：2016年，公司在实施发展战略和经营目标的过程中，主要面临以下几方面的不利因素影响。一是宏观经济环境的影响。2016年，国际经济形势、国内宏观经济环境仍充满复杂性和不确定性。经济景气度直接影响着服装、箱包等传统消费品市场的消费需求。随着改革的深入和结构性调整力度的加大，纺织服装业消费需求增长乏力且结构调整明显，这些给处于服饰辅料企业的公司带来较大经营压力。二是贸易环境的不确定性的影响。全球经济环境复杂多变，各国积极推行贸易保护措施以抵御进口商品冲击，维护本国产业和企业利益。一些国家利用反倾销、反补贴、技术壁垒等各种手段对我国服装、箱包和拉链产品出口设置障碍，从而在一段时期内形成了对我国纺织品出口较为不利的贸易壁垒。三是人民币汇率变动风险的影响。公司产品出口主要以美元和欧元结算，人民币对美元及欧元的汇率波动风险，将对公司出口销售及盈利水平造成影响。四是劳动力成本上行的影响。近年来，由于劳动力供给增速下降、生活成本上升等原因，沿海地区出现劳动力成本快速上升的态势，国际比较优势有所削弱。同时，东南亚和南亚地区国家凭借低廉的劳动力及政府扶持措施，开始大力发展纺织服装行业和箱包行业，并在辅料领域逐渐成为与国内同行争夺国际订单的竞争对手。尽管有这样那样的困难与风险，公司经营管理团队会在公司董事会的领导在广大投资人的支持下实现2016年度的目标计划。谢谢！,人民币汇率变动对公司有什么影响？,002098_2015,51,55,4,Elaboration,Q2针对A1中明确列举的人民币汇率变动风险，追问其具体影响。,,,1
positive,公司去年有没有新产品，请问新产品的推出是什么原因？2017将会实现多少的销售收入？ 根据市场变化和客户需求，设计开发新产品是公司主要的竞争手段，去年公司开发了塑钢S牙拉链、阳极布带拉链等新产品。17年公司的销售收入的目标是增长10%，谢谢！,请问今年的营销额，公司给的任务是多少？去年的有没有完成？,2,strategy_planning,dep_reason,Q2针对A1中增长10%目标追问具体任务金额，依赖A1回答内容。,公司去年有没有新产品，请问新产品的推出是什么原因？2017将会实现多少的销售收入？,根据市场变化和客户需求，设计开发新产品是公司主要的竞争手段，去年公司开发了塑钢S牙拉链、阳极布带拉链等新产品。17年公司的销售收入的目标是增长10%，谢谢！,请问今年的营销额，公司给的任务是多少？去年的有没有完成？,002098_2016,1,3,2,Elaboration,Q2针对A1中增长10%目标追问具体任务金额，依赖A1回答内容。,,,1
positive,公司现阶段发展过程中有何不足？面临的最大挑战是什么？公司有何应对措施？ 随着经济的发展和人们收入水平的提高，消费者在消费服装箱包时越来越倾向于购买品牌产品，导致服装箱包等下游企业对拉链产品的性能、品质、款式等提出了更高的质量和技术要求，市场竞争从传统的价格竞争逐步转向对产品品牌及服务能力的竞争。目前，YKK在中高端市场优势明显，而浔兴股份则是中端市场的有力竞争者，在高端客户的开拓方面还有待加强。随着国内劳动力成本持续上升、人民币汇率变动、环保压力及国际贸易壁垒加大，中国纺织服装行业的国际比较优势已被削弱，产业迁移尤其是中低端产品向东南亚国家迁移的格局已形成。行业进入平稳增长期。公司将在做好拉链主业，以打造“百年浔兴、世界品牌”为愿景，重点服务全球时尚品牌，致力于成为全球拉链行业领袖，使SBS成为世界知名品牌。公司将通过不断主动变革，优化创新，加快转型升级步伐，提升价值创造能力，构建多方利益协同机制，共同推动公司实现长期的可持续发展。同时积极寻求符合国家发展战略，有技术、法律体系保障、快速增长趋势且是国家鼓励行业的并购标的，实现公司的转型升级，不断利用上市公司的资源整合优势进一步扩大并购标的在所处行业的市场份额，保持竞争优势，分享收购资产所属行业高速增长的红利。,您认为目前公司面临的最大问题是什么、,2,answer_pressure,dep_reason,Q2重复追问Q1中'最大挑战'，A1未正面回答该问题。,公司现阶段发展过程中有何不足？面临的最大挑战是什么？公司有何应对措施？,随着经济的发展和人们收入水平的提高，消费者在消费服装箱包时越来越倾向于购买品牌产品，导致服装箱包等下游企业对拉链产品的性能、品质、款式等提出了更高的质量和技术要求，市场竞争从传统的价格竞争逐步转向对产品品牌及服务能力的竞争。目前，YKK在中高端市场优势明显，而浔兴股份则是中端市场的有力竞争者，在高端客户的开拓方面还有待加强。随着国内劳动力成本持续上升、人民币汇率变动、环保压力及国际贸易壁垒加大，中国纺织服装行业的国际比较优势已被削弱，产业迁移尤其是中低端产品向东南亚国家迁移的格局已形成。行业进入平稳增长期。公司将在做好拉链主业，以打造“百年浔兴、世界品牌”为愿景，重点服务全球时尚品牌，致力于成为全球拉链行业领袖，使SBS成为世界知名品牌。公司将通过不断主动变革，优化创新，加快转型升级步伐，提升价值创造能力，构建多方利益协同机制，共同推动公司实现长期的可持续发展。同时积极寻求符合国家发展战略，有技术、法律体系保障、快速增长趋势且是国家鼓励行业的并购标的，实现公司的转型升级，不断利用上市公司的资源整合优势进一步扩大并购标的在所处行业的市场份额，保持竞争优势，分享收购资产所属行业高速增长的红利。,您认为目前公司面临的最大问题是什么、,002098_2016,17,21,4,Complaint,Q2重复追问Q1中'最大挑战'，A1未正面回答该问题。,,,1
positive,请问曾总公司停牌半年中小板调整超10%，公司复牌后有什么措施来稳定股价？公司未来发展的规划是什么，有什么具体举措来支撑现在的市值？ 公司本次停牌拟剥离发展平稳、估值较低的拉链业务，预计将收回超过10亿的资金。公司去年进入的跨境电商行业发展前景良好，二级市场对行业的估值也较高，充足的资金将推动跨境电商业务更快的增长，从而稳定或助推公司市值的增长。,目前公司拉链主业的情况如何？,2,strategy_planning,dep_reason,Q2围绕A1中提到的拟剥离拉链业务，追问目前拉链主业具体情况。,请问曾总公司停牌半年中小板调整超10%，公司复牌后有什么措施来稳定股价？公司未来发展的规划是什么，有什么具体举措来支撑现在的市值？,公司本次停牌拟剥离发展平稳、估值较低的拉链业务，预计将收回超过10亿的资金。公司去年进入的跨境电商行业发展前景良好，二级市场对行业的估值也较高，充足的资金将推动跨境电商业务更快的增长，从而稳定或助推公司市值的增长。,目前公司拉链主业的情况如何？,002098_2017,5,8,3,Elaboration,Q2围绕A1中提到的拟剥离拉链业务，追问目前拉链主业具体情况。,,,1
positive,请问曾总公司停牌半年中小板调整超10%，公司复牌后有什么措施来稳定股价？公司未来发展的规划是什么，有什么具体举措来支撑现在的市值？ 公司本次停牌拟剥离发展平稳、估值较低的拉链业务，预计将收回超过10亿的资金。公司去年进入的跨境电商行业发展前景良好，二级市场对行业的估值也较高，充足的资金将推动跨境电商业务更快的增长，从而稳定或助推公司市值的增长。,王立军董事长，你入主公司以来，15.6倍PE收购价之链，然而第一年价之链就没有完成业绩承诺，2017年度净利润同比只有0.42%的增长，在这种情况下剥离稳健发展的拉链资产是否合适？对公司发展战略你是怎样考虑的？,2,performance_governance,dep_reason,Q2针对A1剥离拉链业务计划提出质疑，引用收购业绩未完成作为挑战依据。,请问曾总公司停牌半年中小板调整超10%，公司复牌后有什么措施来稳定股价？公司未来发展的规划是什么，有什么具体举措来支撑现在的市值？,公司本次停牌拟剥离发展平稳、估值较低的拉链业务，预计将收回超过10亿的资金。公司去年进入的跨境电商行业发展前景良好，二级市场对行业的估值也较高，充足的资金将推动跨境电商业务更快的增长，从而稳定或助推公司市值的增长。,王立军董事长，你入主公司以来，15.6倍PE收购价之链，然而第一年价之链就没有完成业绩承诺，2017年度净利润同比只有0.42%的增长，在这种情况下剥离稳健发展的拉链资产是否合适？对公司发展战略你是怎样考虑的？,002098_2017,5,10,5,Challenge,Q2针对A1剥离拉链业务计划提出质疑，引用收购业绩未完成作为挑战依据。,,,1
positive,公司的双主业方向是什么？ 你好！公司目前是拉链、跨境电商双主业并行，为更专注于高增长的跨境电商行业，集中优质资源，强化公司核心竞争力、夯实公司可持续经营基础，优化公司资产质量，切实提升公司价值，提升公司综合竞争力和盈利能力，公司未来发展方向是聚焦跨境电商主业。谢谢！,目前公司拉链主业的情况如何？,2,strategy_planning,dep_reason,Q2针对A1中提到的拉链主业继续追问其现状。,公司的双主业方向是什么？,你好！公司目前是拉链、跨境电商双主业并行，为更专注于高增长的跨境电商行业，集中优质资源，强化公司核心竞争力、夯实公司可持续经营基础，优化公司资产质量，切实提升公司价值，提升公司综合竞争力和盈利能力，公司未来发展方向是聚焦跨境电商主业。谢谢！,目前公司拉链主业的情况如何？,002098_2017,7,8,1,Elaboration,Q2针对A1中提到的拉链主业继续追问其现状。,,,1
positive,公司的双主业方向是什么？ 你好！公司目前是拉链、跨境电商双主业并行，为更专注于高增长的跨境电商行业，集中优质资源，强化公司核心竞争力、夯实公司可持续经营基础，优化公司资产质量，切实提升公司价值，提升公司综合竞争力和盈利能力，公司未来发展方向是聚焦跨境电商主业。谢谢！,王立军董事长，你入主公司以来，15.6倍PE收购价之链，然而第一年价之链就没有完成业绩承诺，2017年度净利润同比只有0.42%的增长，在这种情况下剥离稳健发展的拉链资产是否合适？对公司发展战略你是怎样考虑的？,2,strategy_planning,dep_reason,Q2针对A1中‘聚焦跨境电商主业’隐含剥离拉链的表述，质疑在收购标的业绩未达标情况下剥离原主业的合理性。,公司的双主业方向是什么？,你好！公司目前是拉链、跨境电商双主业并行，为更专注于高增长的跨境电商行业，集中优质资源，强化公司核心竞争力、夯实公司可持续经营基础，优化公司资产质量，切实提升公司价值，提升公司综合竞争力和盈利能力，公司未来发展方向是聚焦跨境电商主业。谢谢！,王立军董事长，你入主公司以来，15.6倍PE收购价之链，然而第一年价之链就没有完成业绩承诺，2017年度净利润同比只有0.42%的增长，在这种情况下剥离稳健发展的拉链资产是否合适？对公司发展战略你是怎样考虑的？,002098_2017,7,10,3,Challenge,Q2针对A1中‘聚焦跨境电商主业’隐含剥离拉链的表述，质疑在收购标的业绩未达标情况下剥离原主业的合理性。,,,1
positive,公司的双主业方向是什么？ 你好！公司目前是拉链、跨境电商双主业并行，为更专注于高增长的跨境电商行业，集中优质资源，强化公司核心竞争力、夯实公司可持续经营基础，优化公司资产质量，切实提升公司价值，提升公司综合竞争力和盈利能力，公司未来发展方向是聚焦跨境电商主业。谢谢！,公司今后发展重点放在哪里？,2,strategy_planning,dep_reason,Q2要求明确今后发展重点，直接针对A1中已提及的聚焦跨境电商主业方向进行追问。,公司的双主业方向是什么？,你好！公司目前是拉链、跨境电商双主业并行，为更专注于高增长的跨境电商行业，集中优质资源，强化公司核心竞争力、夯实公司可持续经营基础，优化公司资产质量，切实提升公司价值，提升公司综合竞争力和盈利能力，公司未来发展方向是聚焦跨境电商主业。谢谢！,公司今后发展重点放在哪里？,002098_2017,7,11,4,Elaboration,Q2要求明确今后发展重点，直接针对A1中已提及的聚焦跨境电商主业方向进行追问。,,,1
positive,"王立军董事长，你入主公司以来，15.6倍PE收购价之链，然而第一年价之链就没有完成业绩承诺，2017年度净利润同比只有0.42%的增长，在这种情况下剥离稳健发展的拉链资产是否合适？对公司发展战略你是怎样考虑的？ 上市十多年来，浔兴股份一直以拉链为主业，长期以来的经营业绩表明拉链是过度竞争、固定资产投资重的劳动密集型辅料行业，行业增速较慢，且受制于纺织服装的景气周期。跨境电商通过搭建一个自由、开放、通用、惠普的全球贸易平台，并透过互联网实现了全世界的连接，未来随着跨境电商不断取代传统贸易市场，有望成为全球贸易的主要形式。根据此前阿里的数据测算，2020年我国跨境电商交易额将达到12万亿，三年复合增长率为16.44%、渗透率达37.6%，跨境电商发展市场空间巨大。为了集中公司优质资源提升公司价值，我与公司原控股股东、拉链业务的创始人施家协商，并经公司董事会审议通过启动出售拉链资产的重大资产重组。2017年度价之链实现净利润10,256.36万元，扣除非经常性损益后归属于母公司所有者权益的净利润为9,685.96万元。虽然比业绩承诺稍低，但比2016年净利润仍然增长了86.87%，增长势头好于拉链业务，因此公司认为，剥离拉链业务、集中资源发展跨境电商业务符合公司发展战略和股东利益。",公司今后发展重点放在哪里？,2,strategy_planning,dep_reason,Q2针对A1中提出的跨境电商发展战略继续追问具体发展重点。,王立军董事长，你入主公司以来，15.6倍PE收购价之链，然而第一年价之链就没有完成业绩承诺，2017年度净利润同比只有0.42%的增长，在这种情况下剥离稳健发展的拉链资产是否合适？对公司发展战略你是怎样考虑的？,"上市十多年来，浔兴股份一直以拉链为主业，长期以来的经营业绩表明拉链是过度竞争、固定资产投资重的劳动密集型辅料行业，行业增速较慢，且受制于纺织服装的景气周期。跨境电商通过搭建一个自由、开放、通用、惠普的全球贸易平台，并透过互联网实现了全世界的连接，未来随着跨境电商不断取代传统贸易市场，有望成为全球贸易的主要形式。根据此前阿里的数据测算，2020年我国跨境电商交易额将达到12万亿，三年复合增长率为16.44%、渗透率达37.6%，跨境电商发展市场空间巨大。为了集中公司优质资源提升公司价值，我与公司原控股股东、拉链业务的创始人施家协商，并经公司董事会审议通过启动出售拉链资产的重大资产重组。2017年度价之链实现净利润10,256.36万元，扣除非经常性损益后归属于母公司所有者权益的净利润为9,685.96万元。虽然比业绩承诺稍低，但比2016年净利润仍然增长了86.87%，增长势头好于拉链业务，因此公司认为，剥离拉链业务、集中资源发展跨境电商业务符合公司发展战略和股东利益。",公司今后发展重点放在哪里？,002098_2017,10,11,1,Elaboration,Q2针对A1中提出的跨境电商发展战略继续追问具体发展重点。,,,1
positive,目前公司业绩受哪方面影响较大？ 你好！淡旺季、资金成本、原材料成本、贸易环境对公司业绩影响较大。公司业务淡旺季明显，一季度是拉链业务、也是价之链欧美销售淡季，故一季度业绩处于全年最低点。谢谢！,甘总目前中美贸易战对我们公司实现1.6亿净利有多少影响？如果有影响，影响营收的比重有多少？,2,performance_governance,dep_reason,Q2针对A1中提到的贸易环境，要求量化中美贸易战对净利润和营收的具体影响。,目前公司业绩受哪方面影响较大？,你好！淡旺季、资金成本、原材料成本、贸易环境对公司业绩影响较大。公司业务淡旺季明显，一季度是拉链业务、也是价之链欧美销售淡季，故一季度业绩处于全年最低点。谢谢！,甘总目前中美贸易战对我们公司实现1.6亿净利有多少影响？如果有影响，影响营收的比重有多少？,002098_2017,13,18,5,Elaboration,Q2针对A1中提到的贸易环境，要求量化中美贸易战对净利润和营收的具体影响。,,,1
positive,公司一季度业绩为何大幅下滑？ 2018年一季度净利润下滑有以下两个原因：1、一季度是公司拉链业务传统淡季，也是价之链跨境电商欧美销售淡季。2、并购贷款导致财务费用支出大幅度增加。二季度拉链进入销售旺季、价之链销售也会转暖。如果公司董事会、股东大会审议通过出售拉链资产并能顺利实施，则公司可以优化财务结构、降低财务费用，将资源集中到跨境电商业务，从而提升经营业绩。,问:王立军董事长，你入主公司以来，16.815.6倍PE高溢价收购价之链，然而第一年价之链就没有完成业绩承诺，2017年度净利润同比只有0.42%的增长，在这种情况下剥离稳健发展的拉链资产是否合适？对公司发展战略你是怎样考虑的？,2,strategy_planning,dep_reason,Q2直接针对A1中提到的出售拉链资产计划，结合价之链业绩未完成背景，质疑该决策的合适性及整体战略。,公司一季度业绩为何大幅下滑？,2018年一季度净利润下滑有以下两个原因：1、一季度是公司拉链业务传统淡季，也是价之链跨境电商欧美销售淡季。2、并购贷款导致财务费用支出大幅度增加。二季度拉链进入销售旺季、价之链销售也会转暖。如果公司董事会、股东大会审议通过出售拉链资产并能顺利实施，则公司可以优化财务结构、降低财务费用，将资源集中到跨境电商业务，从而提升经营业绩。,问:王立军董事长，你入主公司以来，16.815.6倍PE高溢价收购价之链，然而第一年价之链就没有完成业绩承诺，2017年度净利润同比只有0.42%的增长，在这种情况下剥离稳健发展的拉链资产是否合适？对公司发展战略你是怎样考虑的？,002098_2017,24,27,3,Challenge,Q2直接针对A1中提到的出售拉链资产计划，结合价之链业绩未完成背景，质疑该决策的合适性及整体战略。,,,1
positive,今年一季度销售额同比有增长吗？ 你好！拉链业务一季度小幅增长3.04%；控股子公司价之链销售同比下降，亏损持续。谢谢！,由于价之链未完成业绩承诺，补偿如何追回，挽回损失？？,2,performance_governance,dep_reason,Q2针对A1中价之链亏损信息追问业绩补偿追回措施。,今年一季度销售额同比有增长吗？,你好！拉链业务一季度小幅增长3.04%；控股子公司价之链销售同比下降，亏损持续。谢谢！,由于价之链未完成业绩承诺，补偿如何追回，挽回损失？？,002098_2018,7,11,4,Elaboration,Q2针对A1中价之链亏损信息追问业绩补偿追回措施。,,,1
positive,2018年，公司实现营业收入22.72亿元，同比增长22.18%；而归属于上市公司股东的净利润却为-6.5亿元，同比下滑648.48%。出现这种结果的具体原因是什么？公司将采取哪些措施扭亏？ 出现亏损的原因主要是对并购价之链产生的商誉按会计准则要求进行减值测试后发生减值7.48亿元及价之链并表利润为负数导致的。公司拉链业务经营稳健、业绩稳步增长；如果价之链经营管理层、业绩承诺方能够减亏、不亏，公司2019年业绩将不至于亏损，有关公司经营情况我们会及时披露。,公司管理层，对今年净利润增长有信心吗？今年的盈利主要会在哪一块业务上？相较去年，有没有新的盈利点？,2,performance_governance,dep_reason,Q2针对A1中2019年业绩预期，追问盈利信心、业务来源和新增盈利点。,2018年，公司实现营业收入22.72亿元，同比增长22.18%；而归属于上市公司股东的净利润却为-6.5亿元，同比下滑648.48%。出现这种结果的具体原因是什么？公司将采取哪些措施扭亏？,出现亏损的原因主要是对并购价之链产生的商誉按会计准则要求进行减值测试后发生减值7.48亿元及价之链并表利润为负数导致的。公司拉链业务经营稳健、业绩稳步增长；如果价之链经营管理层、业绩承诺方能够减亏、不亏，公司2019年业绩将不至于亏损，有关公司经营情况我们会及时披露。,公司管理层，对今年净利润增长有信心吗？今年的盈利主要会在哪一块业务上？相较去年，有没有新的盈利点？,002098_2018,13,14,1,Elaboration,Q2针对A1中2019年业绩预期，追问盈利信心、业务来源和新增盈利点。,,,1
positive,一季度业绩怎么样？有没有机构来调研？ 一季度拉链业务小幅增长，价之链持续亏损，股份公司合并报表亏损622.06万元。一季度至今没有机构到公司调研。谢谢！,垮境电商这个领域将来有什么规划,2,strategy_planning,dep_reason,Q2针对A1中提到的价之链（跨境电商）业务进一步询问未来规划。,一季度业绩怎么样？有没有机构来调研？,一季度拉链业务小幅增长，价之链持续亏损，股份公司合并报表亏损622.06万元。一季度至今没有机构到公司调研。谢谢！,垮境电商这个领域将来有什么规划,002098_2018,15,18,3,Elaboration,Q2针对A1中提到的价之链（跨境电商）业务进一步询问未来规划。,,,1
positive,能否谈谈，贵公司未来3年发展前景如何?有什么远景目标？ 公司上市12年因为跨界并购深圳价之链电商有限公司65%股权巨亏拖累首次亏损，被证监会立案调查，必须妥善解决好这两个问题。待这两个问题处理好才能恢复再融资功能，聚焦主业，轻装前进。公司对拉链主业谨慎乐观，中国布局、全球渗透，智能化、信息化提升效率，公司的远景目标是成为拉链行业领导企业。谢谢！,对甘情操，朱玲等二人是否有向中国国际经济贸易仲裁委员会申请财产保全措施，冻结甘情操和朱玲的个人银行账户,2,restructuring,dep_reason,Q2追问A1中价之链并购问题的处理措施，申请财产保全，属同一经营风险链条。,能否谈谈，贵公司未来3年发展前景如何?有什么远景目标？,公司上市12年因为跨界并购深圳价之链电商有限公司65%股权巨亏拖累首次亏损，被证监会立案调查，必须妥善解决好这两个问题。待这两个问题处理好才能恢复再融资功能，聚焦主业，轻装前进。公司对拉链主业谨慎乐观，中国布局、全球渗透，智能化、信息化提升效率，公司的远景目标是成为拉链行业领导企业。谢谢！,对甘情操，朱玲等二人是否有向中国国际经济贸易仲裁委员会申请财产保全措施，冻结甘情操和朱玲的个人银行账户,002098_2018,19,20,1,Elaboration,Q2追问A1中价之链并购问题的处理措施，申请财产保全，属同一经营风险链条。,,,1
positive,尽管2023年公司总体营业收入有所下降，但净利润却实现了显著增长。请问净利润增长的主要原因是什么？拉链业务增长的背后驱动因素有哪些？对于跨境电商业务的下滑，公司有何具体分析，以及采取了哪些措施以应对这一下滑趋势？ 你好！2023年度公司净利润增长，一方面受益于拉链业务原材料价格下降，毛利上升及公司持续推进精益管理，降本增效等举措；另一方面，公司跨境电商业务亏损同比收窄。公司拉链业务稳步增长的驱动因素主要来源于公司拥有深厚的行业积累、品牌影响力、创新能力、领先的质量管理体系以及快速交付能力和优秀的成本控制能力。受欧美高通胀导致消费疲软，及公司滞销库存消化完毕，营收贡献相对减少的影响，公司跨境电商业务营收同比下滑。公司拟采取诸如强化原创产品投入、加强产品规划、开发新品、打造爆品、优化库存管理及加大平台拓展等举措应对跨境电商业务下滑趋势。谢谢！,您好，公司2023年跨境电商业务出现下降，且过去跨境电商业务发展也较差。请问公司未来将采取哪些措施促进跨境电商业务的发展？,2,strategy_planning,dep_reason,Q2针对A1已提及的跨境电商措施继续追问未来发展计划。,尽管2023年公司总体营业收入有所下降，但净利润却实现了显著增长。请问净利润增长的主要原因是什么？拉链业务增长的背后驱动因素有哪些？对于跨境电商业务的下滑，公司有何具体分析，以及采取了哪些措施以应对这一下滑趋势？,你好！2023年度公司净利润增长，一方面受益于拉链业务原材料价格下降，毛利上升及公司持续推进精益管理，降本增效等举措；另一方面，公司跨境电商业务亏损同比收窄。公司拉链业务稳步增长的驱动因素主要来源于公司拥有深厚的行业积累、品牌影响力、创新能力、领先的质量管理体系以及快速交付能力和优秀的成本控制能力。受欧美高通胀导致消费疲软，及公司滞销库存消化完毕，营收贡献相对减少的影响，公司跨境电商业务营收同比下滑。公司拟采取诸如强化原创产品投入、加强产品规划、开发新品、打造爆品、优化库存管理及加大平台拓展等举措应对跨境电商业务下滑趋势。谢谢！,您好，公司2023年跨境电商业务出现下降，且过去跨境电商业务发展也较差。请问公司未来将采取哪些措施促进跨境电商业务的发展？,002098_2023,0,1,1,Elaboration,Q2针对A1已提及的跨境电商措施继续追问未来发展计划。,,,1
positive,报告中提到公司面临宏观经济与景气度下行风险、应收账款坏账风险、原材料价格波动风险等。请问公司如何量化这些风险对业务的潜在影响？ 你好！为应对宏观经济与景气度下行、应收账款坏账、原材料价格波动等风险方面公司采取了一系列有针对性的防控措施，经过实践检验，相关措施取得了积极的效果。这些措施不仅提高了公司的风险管理能力，还为公司拉链业务的稳定发展提供了有力的保障。未来公司仍需密切关注市场变化，持续优化调整策略，以应对可能出现的新的风险和挑战。谢谢！,针对贵公司年报亮点中的第4点，请问贵公司：针对公司面临的风险因素，如宏观经济与景气度下行风险、应收账款坏账风险、原材料价格波动风险等，贵公司采取了哪些具体的应对措施？这些措施是否已经在降低风险方面取得了实际效果？贵公司如何确保这些措施在未来继续有效应对风险，保障公司的平稳发展？,2,strategy_planning,dep_reason,Q2针对A1中笼统的防控措施要求具体化，并追问实际效果与未来保障。,报告中提到公司面临宏观经济与景气度下行风险、应收账款坏账风险、原材料价格波动风险等。请问公司如何量化这些风险对业务的潜在影响？,你好！为应对宏观经济与景气度下行、应收账款坏账、原材料价格波动等风险方面公司采取了一系列有针对性的防控措施，经过实践检验，相关措施取得了积极的效果。这些措施不仅提高了公司的风险管理能力，还为公司拉链业务的稳定发展提供了有力的保障。未来公司仍需密切关注市场变化，持续优化调整策略，以应对可能出现的新的风险和挑战。谢谢！,针对贵公司年报亮点中的第4点，请问贵公司：针对公司面临的风险因素，如宏观经济与景气度下行风险、应收账款坏账风险、原材料价格波动风险等，贵公司采取了哪些具体的应对措施？这些措施是否已经在降低风险方面取得了实际效果？贵公司如何确保这些措施在未来继续有效应对风险，保障公司的平稳发展？,002098_2023,4,8,4,Elaboration,Q2针对A1中笼统的防控措施要求具体化，并追问实际效果与未来保障。,,,1
positive,面对宏观经济与景气度下行、应收账款坏账、原材料价格波动等风险，公司采取了多项应对措施。请问这些措施的实施效果如何？在实践中是否遇到新的挑战，以及公司是否有调整或新增的应对策略？ 你好！报告期内，为应对宏观经济与景气度下行、应收账款坏账、原材料价格波动风险，公司采取一系列有针对性的应对措施，经过实践检验，相关措施行之有效，取得积极效果。这些措施不仅提高了公司的风险管理能力，还为公司业务的稳定发展提供了有力保障。未来公司仍需密切关注市场变化，持续优化调整策略，以应对可能出现的新的风险和挑战。谢谢！,针对贵公司年报亮点中的第4点，请问贵公司：针对公司面临的风险因素，如宏观经济与景气度下行风险、应收账款坏账风险、原材料价格波动风险等，贵公司采取了哪些具体的应对措施？这些措施是否已经在降低风险方面取得了实际效果？贵公司如何确保这些措施在未来继续有效应对风险，保障公司的平稳发展？,1,disclosure_detail,dep_reason,A1未给出具体措施和效果细节，Q2重复追问并要求具体化。,面对宏观经济与景气度下行、应收账款坏账、原材料价格波动等风险，公司采取了多项应对措施。请问这些措施的实施效果如何？在实践中是否遇到新的挑战，以及公司是否有调整或新增的应对策略？,你好！报告期内，为应对宏观经济与景气度下行、应收账款坏账、原材料价格波动风险，公司采取一系列有针对性的应对措施，经过实践检验，相关措施行之有效，取得积极效果。这些措施不仅提高了公司的风险管理能力，还为公司业务的稳定发展提供了有力保障。未来公司仍需密切关注市场变化，持续优化调整策略，以应对可能出现的新的风险和挑战。谢谢！,针对贵公司年报亮点中的第4点，请问贵公司：针对公司面临的风险因素，如宏观经济与景气度下行风险、应收账款坏账风险、原材料价格波动风险等，贵公司采取了哪些具体的应对措施？这些措施是否已经在降低风险方面取得了实际效果？贵公司如何确保这些措施在未来继续有效应对风险，保障公司的平稳发展？,002098_2023,7,8,1,Complaint,A1未给出具体措施和效果细节，Q2重复追问并要求具体化。,,,1
positive,我打算长期投资你公司，请问将来分红的方式是送股为主还是现金为主？ 公司非常重视对投资者的回报，并愿意灵活采用各种方式回报广大股东。谢谢。,为什么总是不答我的问题?,1,disclosure_detail,dep_reason,Q2直接针对A1回避未正面回答进行催促抱怨。,我打算长期投资你公司，请问将来分红的方式是送股为主还是现金为主？,公司非常重视对投资者的回报，并愿意灵活采用各种方式回报广大股东。谢谢。,为什么总是不答我的问题?,002113_2006,30,35,5,Complaint,Q2直接针对A1回避未正面回答进行催促抱怨。,,,1
positive,请问李庆国：建议公司今后多进行一些形相宣传 谢谢您对公司的关心。,为什么总是不答我的问题?,2,answer_pressure,dep_reason,Q2明确针对A1未正面回答问题进行抱怨和催促。,请问李庆国：建议公司今后多进行一些形相宣传,谢谢您对公司的关心。,为什么总是不答我的问题?,002113_2006,33,35,2,Complaint,Q2明确针对A1未正面回答问题进行抱怨和催促。,,,1
positive,2007-01-24，有个名叫李清理的记者报导贵公司停产二个月却在披露的招股意向书及其他公告中从未提及停产一事是否属实？如属实，为何当时停产？为何不披露？ 感谢您的关心！2007年1月中证报刊登了关于我公司“停产”的报道，由于该报道与事实不符，我公司随即发布了澄清公告；该次停车完全属于化工企业的正常年度大修，停车时间为45天。公司对该次大修做了周密的计划和审慎的部署，并提前作出了相应的存货安排，因此此次大修没有对公司销售产生任何影响。2007年1月中旬大修结束后，公司的生产经营很快就恢复了正常。谢谢！,为什么总是不答我的问题?,2,answer_pressure,dep_reason,Q2直接抱怨A1未回答问题，针对回答状态进行催促。,2007-01-24，有个名叫李清理的记者报导贵公司停产二个月却在披露的招股意向书及其他公告中从未提及停产一事是否属实？如属实，为何当时停产？为何不披露？,感谢您的关心！2007年1月中证报刊登了关于我公司“停产”的报道，由于该报道与事实不符，我公司随即发布了澄清公告；该次停车完全属于化工企业的正常年度大修，停车时间为45天。公司对该次大修做了周密的计划和审慎的部署，并提前作出了相应的存货安排，因此此次大修没有对公司销售产生任何影响。2007年1月中旬大修结束后，公司的生产经营很快就恢复了正常。谢谢！,为什么总是不答我的问题?,002113_2006,34,35,1,Complaint,Q2直接抱怨A1未回答问题，针对回答状态进行催促。,,,1
positive,为什么总是不答我的问题? 什么问题？,公司生产对当地的环境有没有什么影响？公司对环保方面的支出大概有多少？占成本的比例多少？,2,answer_pressure,dep_reason,Q2针对A1的反问明确了具体问题内容，属于交互依赖。,为什么总是不答我的问题?,什么问题？,公司生产对当地的环境有没有什么影响？公司对环保方面的支出大概有多少？占成本的比例多少？,002113_2006,35,39,4,Elaboration,Q2针对A1的反问明确了具体问题内容，属于交互依赖。,,,1
positive,建议中期进行较大比例送股的分红，这样有利于公司在股民心里树立一个好的形象。 谢谢您的建议！,难道公司没有长期规划？怎么让人放心对公司进行长期投资呢？,2,strategy_planning,dep_reason,Q2 针对 A1 仅感谢建议而未提供实质信息，抱怨公司没有展示长期规划，表达对回应方式的不满。,建议中期进行较大比例送股的分红，这样有利于公司在股民心里树立一个好的形象。,谢谢您的建议！,难道公司没有长期规划？怎么让人放心对公司进行长期投资呢？,002113_2006,65,69,4,Complaint,Q2 针对 A1 仅感谢建议而未提供实质信息，抱怨公司没有展示长期规划，表达对回应方式的不满。,,,1
positive,"请问李庆国：现在流传公司财务作假,或有贪腐问题,你们作何解释? 公司接受监管和有权部门的检查，从监管部门检查的情况看尚未发现作假和其他问题，谢谢您的关心！",请问李庆国：建议你趁着募集资金还没有用完赶快补上窟窿，趁着壳还干净尽快卖掉，实现国资的最大化增值。,2,answer_pressure,dep_reason,Q2暗指A1否认不可信，施压要求补窟窿卖壳。,"请问李庆国：现在流传公司财务作假,或有贪腐问题,你们作何解释?",公司接受监管和有权部门的检查，从监管部门检查的情况看尚未发现作假和其他问题，谢谢您的关心！,请问李庆国：建议你趁着募集资金还没有用完赶快补上窟窿，趁着壳还干净尽快卖掉，实现国资的最大化增值。,002113_2007,3,4,1,Challenge,Q2暗指A1否认不可信，施压要求补窟窿卖壳。,,,1
positive,请问08年上半年主要产品毛利率水平和07年上半年相比，是否下降，下降幅度有多少？ 有所下降，主要是受雪灾产量下降，煤价上涨所致，谢谢！,请问李庆国：煤紧缺对生产成本造成多大影响，如何解决！？为啥老缺煤啊？！,2,performance_governance,dep_reason,Q2针对A1中煤价上涨因素，追问生产成本影响、解决方案及缺煤原因。,请问08年上半年主要产品毛利率水平和07年上半年相比，是否下降，下降幅度有多少？,有所下降，主要是受雪灾产量下降，煤价上涨所致，谢谢！,请问李庆国：煤紧缺对生产成本造成多大影响，如何解决！？为啥老缺煤啊？！,002113_2007,6,8,2,Elaboration,Q2针对A1中煤价上涨因素，追问生产成本影响、解决方案及缺煤原因。,,,1
positive,请问张作良：请问08年化肥补贴政策明确了吗？ 2008年湖南省化肥补贴政策尚未出台.谢谢!,"请问李庆国：李董,外加李总,你好!谢谢什么建议,关注等,很客气的哈,总觉得没回答到问题的实质,对不?",2,answer_pressure,dep_reason,Q2明确抱怨A1回答客套、未触及实质，属交互依赖。,请问张作良：请问08年化肥补贴政策明确了吗？,2008年湖南省化肥补贴政策尚未出台.谢谢!,"请问李庆国：李董,外加李总,你好!谢谢什么建议,关注等,很客气的哈,总觉得没回答到问题的实质,对不?",002113_2007,14,19,5,Complaint,Q2明确抱怨A1回答客套、未触及实质，属交互依赖。,,,1
positive,"请问李庆国：李董,外加李总,你好!谢谢什么建议,关注等,很客气的哈,总觉得没回答到问题的实质,对不? 坚持实事求是。谢谢！","请问李庆国：李董,你好!不知你看到没有,同一个问,提交发表那么多次,这是为什么?工作中有这种情况吧?",1,disclosure_detail,dep_reason,Q2针对A1回避实质回答继续质问，抱怨重复提问未获回应，属于交互依赖。,"请问李庆国：李董,外加李总,你好!谢谢什么建议,关注等,很客气的哈,总觉得没回答到问题的实质,对不?",坚持实事求是。谢谢！,"请问李庆国：李董,你好!不知你看到没有,同一个问,提交发表那么多次,这是为什么?工作中有这种情况吧?",002113_2007,19,23,4,Complaint,Q2针对A1回避实质回答继续质问，抱怨重复提问未获回应，属于交互依赖。,,,1
positive,请问罗林雄：1。热电联产进度怎样了？2。甲醇扩建项目投产吗？情况如何？3。现在库存煤多少？是否非常紧张？ 热电联产，甲醇扩建项目在年报中公司进行了详细披露，目前未投产，公司用煤相对紧张。谢谢！,"请问李庆国：李董,你好!不知你看到没有,同一个问,提交发表那么多次,这是为什么?工作中有这种情况吧?",2,answer_pressure,dep_reason,Q2抱怨同一问题多次提交仍被敷衍，针对A1回答状态催促。,请问罗林雄：1。热电联产进度怎样了？2。甲醇扩建项目投产吗？情况如何？3。现在库存煤多少？是否非常紧张？,热电联产，甲醇扩建项目在年报中公司进行了详细披露，目前未投产，公司用煤相对紧张。谢谢！,"请问李庆国：李董,你好!不知你看到没有,同一个问,提交发表那么多次,这是为什么?工作中有这种情况吧?",002113_2007,20,23,3,Complaint,Q2抱怨同一问题多次提交仍被敷衍，针对A1回答状态催促。,,,1
positive,请问罗林雄：想知道什么时候开始送配 请关注本公司年度股东大会后的决议公告。谢谢！,请问李庆国：合适召开股东大会，什么时候派息！具体时间！,2,shareholder_return,dep_reason,Q2针对A1中'年度股东大会'继续追问具体召开时间与派息时间，要求细化。,请问罗林雄：想知道什么时候开始送配,请关注本公司年度股东大会后的决议公告。谢谢！,请问李庆国：合适召开股东大会，什么时候派息！具体时间！,002113_2007,31,35,4,Elaboration,Q2针对A1中'年度股东大会'继续追问具体召开时间与派息时间，要求细化。,,,1
positive,"请问李庆国：1、请问公司总经理：“公司制定的热电联产综合利用项目，建设期为2年，截至2007年期末已投入募集资金2,074.00万元进行建设。人司称由于项目选址地征地、拆迁等原因，未能完成计划进度。我们请问该项目目前实际进展情况如何,先前投入的2千多万元资金是否有存在因实际困难造成损失的局面”?2、请说公司董事长：“公司07年报业绩快报中称、报告期内，2007年实现利润总额、净利润分别为38,907,862.73元和26,266,038.40元，较上年度分别下降了2.58%和0.16%,主要是年内湖南省政府尿素生产补贴资金未到位所致,…..请问总经理，为什么在07年的年报中对该项政府补贴资金未做任何说明呢？该项补贴后来有没有到位？应该给广大股民有个交待吧”另外08年化肥的政府补贴还有没有？3、请问公司总经理：“近期网上称由于07年国家逐步取消化肥生产优惠，放开化肥市场政策的实施时间一直悬而未决，2008年化肥市场因煤等成本的提升，加之国家对化肥价格的限制等综合因素的影响，致使网上很多股民称内部职工传说的公司产销亏损严重，说车间都有时停产了，我们不清楚贵公司的实际情况，公司生产经营是否正常,公司股票是否存在停牌的风险,请予解释”？4、请问公司董事长：“网上流传公司天润的部分职工说在磷肥厂上班是怎么一回事呢？请问是什么时间收购了磷肥厂的事件的，如有为何没有公告”？ 目前该项目以进行设备订货，项目由公司和政府承诺，不会造成损失，请放心，财政补贴的下发由省财政决定，该补贴在3月已到位，08财政补贴的具体文件政府尚未下发，公司目前是遇到煤等成本提升，国家对化肥价格限价的影响，但公司生产经营正常，公司无职工在磷肥厂上班，磷肥厂目前在改制，公司收购磷肥厂的事我们也注意到网上的流传，但该事项如果实施，尚需政府和股东大会批准，谢谢您的关心！","1、请问公司总经理：“公司制定的热电联产综合利用项目，建设期为2年，截至2007年期末已投入募集资金2,074.00万元进行建设。人司称由于项目选址地征地、拆迁等原因，未能完成计划进度。我们请问该项目目前实际进展情况如何,先前投入的2千多万元资金是否有存在因实际困难造成损失的局面”?2、请说公司董事长：“公司07年报业绩快报中称、报告期内，2007年实现利润总额、净利润分别为38,907,862.73元和26,266,038.40元，较上年度分别下降了2.58%和0.16%,主要是年内湖南省政府尿素生产补贴资金未到位所致,…..请问总经理，为什么在07年的年报中对该项政府补贴资金未做任何说明呢？该项补贴后来有没有到位？应该给广大股民有个交待吧”另外08年化肥的政府补贴还有没有？3、请问公司总经理：“近期网上称由于07年国家逐步取消化肥生产优惠，放开化肥市场政策的实施时间一直悬而未决，2008年化肥市场因煤等成本的提升，加之国家对化肥价格的限制等综合因素的影响，致使网上很多股民称内部职工传说的公司产销亏损严重，说车间都有时停产了，我们不清楚贵公司的实际情况，公司生产经营是否正常,公司股票是否存在停牌的风险,请予解释”？4、请问公司董事长：“网上流传公司天润的部分职工说在磷肥厂上班是怎么一回事呢？请问是什么时间收购了磷肥厂的事件的，如有为何没有公告”？",2,answer_pressure,dep_reason,Q2完全复制Q1，对A1回答不满，要求重新回答所有问题，属于催促行为。,"请问李庆国：1、请问公司总经理：“公司制定的热电联产综合利用项目，建设期为2年，截至2007年期末已投入募集资金2,074.00万元进行建设。人司称由于项目选址地征地、拆迁等原因，未能完成计划进度。我们请问该项目目前实际进展情况如何,先前投入的2千多万元资金是否有存在因实际困难造成损失的局面”?2、请说公司董事长：“公司07年报业绩快报中称、报告期内，2007年实现利润总额、净利润分别为38,907,862.73元和26,266,038.40元，较上年度分别下降了2.58%和0.16%,主要是年内湖南省政府尿素生产补贴资金未到位所致,…..请问总经理，为什么在07年的年报中对该项政府补贴资金未做任何说明呢？该项补贴后来有没有到位？应该给广大股民有个交待吧”另外08年化肥的政府补贴还有没有？3、请问公司总经理：“近期网上称由于07年国家逐步取消化肥生产优惠，放开化肥市场政策的实施时间一直悬而未决，2008年化肥市场因煤等成本的提升，加之国家对化肥价格的限制等综合因素的影响，致使网上很多股民称内部职工传说的公司产销亏损严重，说车间都有时停产了，我们不清楚贵公司的实际情况，公司生产经营是否正常,公司股票是否存在停牌的风险,请予解释”？4、请问公司董事长：“网上流传公司天润的部分职工说在磷肥厂上班是怎么一回事呢？请问是什么时间收购了磷肥厂的事件的，如有为何没有公告”？",目前该项目以进行设备订货，项目由公司和政府承诺，不会造成损失，请放心，财政补贴的下发由省财政决定，该补贴在3月已到位，08财政补贴的具体文件政府尚未下发，公司目前是遇到煤等成本提升，国家对化肥价格限价的影响，但公司生产经营正常，公司无职工在磷肥厂上班，磷肥厂目前在改制，公司收购磷肥厂的事我们也注意到网上的流传，但该事项如果实施，尚需政府和股东大会批准，谢谢您的关心！,"1、请问公司总经理：“公司制定的热电联产综合利用项目，建设期为2年，截至2007年期末已投入募集资金2,074.00万元进行建设。人司称由于项目选址地征地、拆迁等原因，未能完成计划进度。我们请问该项目目前实际进展情况如何,先前投入的2千多万元资金是否有存在因实际困难造成损失的局面”?2、请说公司董事长：“公司07年报业绩快报中称、报告期内，2007年实现利润总额、净利润分别为38,907,862.73元和26,266,038.40元，较上年度分别下降了2.58%和0.16%,主要是年内湖南省政府尿素生产补贴资金未到位所致,…..请问总经理，为什么在07年的年报中对该项政府补贴资金未做任何说明呢？该项补贴后来有没有到位？应该给广大股民有个交待吧”另外08年化肥的政府补贴还有没有？3、请问公司总经理：“近期网上称由于07年国家逐步取消化肥生产优惠，放开化肥市场政策的实施时间一直悬而未决，2008年化肥市场因煤等成本的提升，加之国家对化肥价格的限制等综合因素的影响，致使网上很多股民称内部职工传说的公司产销亏损严重，说车间都有时停产了，我们不清楚贵公司的实际情况，公司生产经营是否正常,公司股票是否存在停牌的风险,请予解释”？4、请问公司董事长：“网上流传公司天润的部分职工说在磷肥厂上班是怎么一回事呢？请问是什么时间收购了磷肥厂的事件的，如有为何没有公告”？",002113_2007,48,49,1,Complaint,Q2完全复制Q1，对A1回答不满，要求重新回答所有问题，属于催促行为。,,,1
positive,"请问李庆国：1、请问公司总经理：“公司制定的热电联产综合利用项目，建设期为2年，截至2007年期末已投入募集资金2,074.00万元进行建设。人司称由于项目选址地征地、拆迁等原因，未能完成计划进度。我们请问该项目目前实际进展情况如何,先前投入的2千多万元资金是否有存在因实际困难造成损失的局面”?2、请说公司董事长：“公司07年报业绩快报中称、报告期内，2007年实现利润总额、净利润分别为38,907,862.73元和26,266,038.40元，较上年度分别下降了2.58%和0.16%,主要是年内湖南省政府尿素生产补贴资金未到位所致,…..请问总经理，为什么在07年的年报中对该项政府补贴资金未做任何说明呢？该项补贴后来有没有到位？应该给广大股民有个交待吧”另外08年化肥的政府补贴还有没有？3、请问公司总经理：“近期网上称由于07年国家逐步取消化肥生产优惠，放开化肥市场政策的实施时间一直悬而未决，2008年化肥市场因煤等成本的提升，加之国家对化肥价格的限制等综合因素的影响，致使网上很多股民称内部职工传说的公司产销亏损严重，说车间都有时停产了，我们不清楚贵公司的实际情况，公司生产经营是否正常,公司股票是否存在停牌的风险,请予解释”？4、请问公司董事长：“网上流传公司天润的部分职工说在磷肥厂上班是怎么一回事呢？请问是什么时间收购了磷肥厂的事件的，如有为何没有公告”？ 目前该项目以进行设备订货，项目由公司和政府承诺，不会造成损失，请放心，财政补贴的下发由省财政决定，该补贴在3月已到位，08财政补贴的具体文件政府尚未下发，公司目前是遇到煤等成本提升，国家对化肥价格限价的影响，但公司生产经营正常，公司无职工在磷肥厂上班，磷肥厂目前在改制，公司收购磷肥厂的事我们也注意到网上的流传，但该事项如果实施，尚需政府和股东大会批准，谢谢您的关心！",请问张作良：既然补贴三月已到账，为什么一季报没有反应,1,disclosure_detail,dep_reason,Q2针对A1所述补贴三月已到账，质疑一季报未反应，基于具体回答内容追问矛盾。,"请问李庆国：1、请问公司总经理：“公司制定的热电联产综合利用项目，建设期为2年，截至2007年期末已投入募集资金2,074.00万元进行建设。人司称由于项目选址地征地、拆迁等原因，未能完成计划进度。我们请问该项目目前实际进展情况如何,先前投入的2千多万元资金是否有存在因实际困难造成损失的局面”?2、请说公司董事长：“公司07年报业绩快报中称、报告期内，2007年实现利润总额、净利润分别为38,907,862.73元和26,266,038.40元，较上年度分别下降了2.58%和0.16%,主要是年内湖南省政府尿素生产补贴资金未到位所致,…..请问总经理，为什么在07年的年报中对该项政府补贴资金未做任何说明呢？该项补贴后来有没有到位？应该给广大股民有个交待吧”另外08年化肥的政府补贴还有没有？3、请问公司总经理：“近期网上称由于07年国家逐步取消化肥生产优惠，放开化肥市场政策的实施时间一直悬而未决，2008年化肥市场因煤等成本的提升，加之国家对化肥价格的限制等综合因素的影响，致使网上很多股民称内部职工传说的公司产销亏损严重，说车间都有时停产了，我们不清楚贵公司的实际情况，公司生产经营是否正常,公司股票是否存在停牌的风险,请予解释”？4、请问公司董事长：“网上流传公司天润的部分职工说在磷肥厂上班是怎么一回事呢？请问是什么时间收购了磷肥厂的事件的，如有为何没有公告”？",目前该项目以进行设备订货，项目由公司和政府承诺，不会造成损失，请放心，财政补贴的下发由省财政决定，该补贴在3月已到位，08财政补贴的具体文件政府尚未下发，公司目前是遇到煤等成本提升，国家对化肥价格限价的影响，但公司生产经营正常，公司无职工在磷肥厂上班，磷肥厂目前在改制，公司收购磷肥厂的事我们也注意到网上的流传，但该事项如果实施，尚需政府和股东大会批准，谢谢您的关心！,请问张作良：既然补贴三月已到账，为什么一季报没有反应,002113_2007,48,52,4,Challenge,Q2针对A1所述补贴三月已到账，质疑一季报未反应，基于具体回答内容追问矛盾。,,,1
positive,"1、请问公司总经理：“公司制定的热电联产综合利用项目，建设期为2年，截至2007年期末已投入募集资金2,074.00万元进行建设。人司称由于项目选址地征地、拆迁等原因，未能完成计划进度。我们请问该项目目前实际进展情况如何,先前投入的2千多万元资金是否有存在因实际困难造成损失的局面”?2、请说公司董事长：“公司07年报业绩快报中称、报告期内，2007年实现利润总额、净利润分别为38,907,862.73元和26,266,038.40元，较上年度分别下降了2.58%和0.16%,主要是年内湖南省政府尿素生产补贴资金未到位所致,…..请问总经理，为什么在07年的年报中对该项政府补贴资金未做任何说明呢？该项补贴后来有没有到位？应该给广大股民有个交待吧”另外08年化肥的政府补贴还有没有？3、请问公司总经理：“近期网上称由于07年国家逐步取消化肥生产优惠，放开化肥市场政策的实施时间一直悬而未决，2008年化肥市场因煤等成本的提升，加之国家对化肥价格的限制等综合因素的影响，致使网上很多股民称内部职工传说的公司产销亏损严重，说车间都有时停产了，我们不清楚贵公司的实际情况，公司生产经营是否正常,公司股票是否存在停牌的风险,请予解释”？4、请问公司董事长：“网上流传公司天润的部分职工说在磷肥厂上班是怎么一回事呢？请问是什么时间收购了磷肥厂的事件的，如有为何没有公告”？ 目前该项目以进行设备订货，项目由公司和政府承诺，不会造成损失，请放心，财政补贴的下发由省财政决定，该补贴在3月已到位，08财政补贴的具体文件政府尚未下发，公司目前是遇到煤等成本提升，国家对化肥价格限价的影响，但公司生产经营正常，公司无职工在磷肥厂上班，磷肥厂目前在改制，公司收购磷肥厂的事我们也注意到网上的流传，但该事项如果实施，尚需政府和股东大会批准，谢谢您的关注！",请问张作良：既然补贴三月已到账，为什么一季报没有反应,1,disclosure_detail,dep_reason,Q2基于A1中补贴三月到账的信息，追问一季报为何未反映，属内容依赖质疑。,"1、请问公司总经理：“公司制定的热电联产综合利用项目，建设期为2年，截至2007年期末已投入募集资金2,074.00万元进行建设。人司称由于项目选址地征地、拆迁等原因，未能完成计划进度。我们请问该项目目前实际进展情况如何,先前投入的2千多万元资金是否有存在因实际困难造成损失的局面”?2、请说公司董事长：“公司07年报业绩快报中称、报告期内，2007年实现利润总额、净利润分别为38,907,862.73元和26,266,038.40元，较上年度分别下降了2.58%和0.16%,主要是年内湖南省政府尿素生产补贴资金未到位所致,…..请问总经理，为什么在07年的年报中对该项政府补贴资金未做任何说明呢？该项补贴后来有没有到位？应该给广大股民有个交待吧”另外08年化肥的政府补贴还有没有？3、请问公司总经理：“近期网上称由于07年国家逐步取消化肥生产优惠，放开化肥市场政策的实施时间一直悬而未决，2008年化肥市场因煤等成本的提升，加之国家对化肥价格的限制等综合因素的影响，致使网上很多股民称内部职工传说的公司产销亏损严重，说车间都有时停产了，我们不清楚贵公司的实际情况，公司生产经营是否正常,公司股票是否存在停牌的风险,请予解释”？4、请问公司董事长：“网上流传公司天润的部分职工说在磷肥厂上班是怎么一回事呢？请问是什么时间收购了磷肥厂的事件的，如有为何没有公告”？",目前该项目以进行设备订货，项目由公司和政府承诺，不会造成损失，请放心，财政补贴的下发由省财政决定，该补贴在3月已到位，08财政补贴的具体文件政府尚未下发，公司目前是遇到煤等成本提升，国家对化肥价格限价的影响，但公司生产经营正常，公司无职工在磷肥厂上班，磷肥厂目前在改制，公司收购磷肥厂的事我们也注意到网上的流传，但该事项如果实施，尚需政府和股东大会批准，谢谢您的关注！,请问张作良：既然补贴三月已到账，为什么一季报没有反应,002113_2007,49,52,3,Challenge,Q2基于A1中补贴三月到账的信息，追问一季报为何未反映，属内容依赖质疑。,,,1
positive,08年业绩会增长吗? 08年业绩估计会有所增长。谢谢！,"请问张作良：你好,根据你对财务报表的分析,你认为08年怎么样做才能够降低成本,提高利润额实现08年预增呢?",2,performance_governance,dep_reason,Q2基于A1的业绩增长预期，追问降低成本提高利润的具体措施以实现预增。,08年业绩会增长吗?,08年业绩估计会有所增长。谢谢！,"请问张作良：你好,根据你对财务报表的分析,你认为08年怎么样做才能够降低成本,提高利润额实现08年预增呢?",002113_2007,50,53,3,Elaboration,Q2基于A1的业绩增长预期，追问降低成本提高利润的具体措施以实现预增。,,,1
positive,"你们的公司网站即窗口一直处于无法打开状态,电话经常处于无人接听,希望管理岗位做点实事.搞好盈利 谢谢您的批评，我们将积极改进。","请问李庆国：在网上公布的电话都无人接听,叫人不放心.就怪不得报表会老出错了.总经理,你说呢?还说年薪低,想一想,小岗位上都没有人坚守会有多少坚守自己的岗位呢?10多万的年薪够小老百姓忙活好几年了,我认为像你们这们尽职也够值的了,你认为呢??",2,answer_pressure,dep_reason,Q2明确针对A1笼统回应继续投诉电话无人接听，并引申质疑管理层，要求总经理直接回应。,"你们的公司网站即窗口一直处于无法打开状态,电话经常处于无人接听,希望管理岗位做点实事.搞好盈利",谢谢您的批评，我们将积极改进。,"请问李庆国：在网上公布的电话都无人接听,叫人不放心.就怪不得报表会老出错了.总经理,你说呢?还说年薪低,想一想,小岗位上都没有人坚守会有多少坚守自己的岗位呢?10多万的年薪够小老百姓忙活好几年了,我认为像你们这们尽职也够值的了,你认为呢??",002113_2007,60,63,3,Complaint,Q2明确针对A1笼统回应继续投诉电话无人接听，并引申质疑管理层，要求总经理直接回应。,,,1
positive,请问罗林雄：试过多少次了，你们证券部的电话从来没有人接听，刻意回避和股东交流吗？有没有改进现在的工作的打算，怎么改进，有没有开始实施？ 谢谢你对本公司的关注！我们将努力改进。谢谢！,请问罗林雄：对在网上公布的电话就是无人接。???,1,disclosure_detail,dep_reason,Q2针对A1回避具体改进措施继续抱怨电话无人接，对回答状态不满。,请问罗林雄：试过多少次了，你们证券部的电话从来没有人接听，刻意回避和股东交流吗？有没有改进现在的工作的打算，怎么改进，有没有开始实施？,谢谢你对本公司的关注！我们将努力改进。谢谢！,请问罗林雄：对在网上公布的电话就是无人接。???,002113_2007,73,76,3,Complaint,Q2针对A1回避具体改进措施继续抱怨电话无人接，对回答状态不满。,,,1
positive,请问罗林雄：能对公司现状作一下报告吗？ 公司生产经营正常，谢谢！,"请问李庆国：你好我想知道公司生产经营情况,业绩会比原来有提升",2,performance_governance,dep_reason,Q2基于A1的'生产经营正常'进一步追问具体业绩提升情况。,请问罗林雄：能对公司现状作一下报告吗？,公司生产经营正常，谢谢！,"请问李庆国：你好我想知道公司生产经营情况,业绩会比原来有提升",002113_2007,83,88,5,Elaboration,Q2基于A1的'生产经营正常'进一步追问具体业绩提升情况。,,,1
positive,"请问李庆国：1.2007年国家给予补贴是否到帐,金额是多少?2,转让子公司转让金额是多少,是否到帐3.是否有新项目投产,如果投产,对业绩影响有多大 2007年补贴款已到帐，金额为207万元；转让子公司转让金额3400万元，已到帐3000万元；公司本年3月份20万吨尿基复合肥已竣工投产。谢谢！",请问李庆国：我的问题是第22个，你一直也没有一个答复,2,answer_pressure,dep_reason,Q2针对A1未答复其问题进行投诉催促，依赖上一轮回答状态。,"请问李庆国：1.2007年国家给予补贴是否到帐,金额是多少?2,转让子公司转让金额是多少,是否到帐3.是否有新项目投产,如果投产,对业绩影响有多大",2007年补贴款已到帐，金额为207万元；转让子公司转让金额3400万元，已到帐3000万元；公司本年3月份20万吨尿基复合肥已竣工投产。谢谢！,请问李庆国：我的问题是第22个，你一直也没有一个答复,002113_2007,91,96,5,Complaint,Q2针对A1未答复其问题进行投诉催促，依赖上一轮回答状态。,,,1
positive,请问李庆国：地震对公司的影响能说得具体点吗？是销售受影响还是生产设备受影响？ 主要是煤炭运输受影响。谢谢！,请问李庆国：我的问题是第22个，你一直也没有一个答复,2,answer_pressure,dep_reason,Q2明确针对A1回答不充分，抱怨一直没有答复，属于交互依赖。,请问李庆国：地震对公司的影响能说得具体点吗？是销售受影响还是生产设备受影响？,主要是煤炭运输受影响。谢谢！,请问李庆国：我的问题是第22个，你一直也没有一个答复,002113_2007,93,96,3,Complaint,Q2明确针对A1回答不充分，抱怨一直没有答复，属于交互依赖。,,,1
positive,"请问李庆国：请问李总:记者李清理说公司已停产,还有照片,到底咋回事 公司当时已发表澄清公告.谢谢!",请问李庆国：我的问题是第22个，你一直也没有一个答复,2,answer_pressure,dep_reason,Q2明确针对A1没有直接答复Q1而进行催促和抱怨。,"请问李庆国：请问李总:记者李清理说公司已停产,还有照片,到底咋回事",公司当时已发表澄清公告.谢谢!,请问李庆国：我的问题是第22个，你一直也没有一个答复,002113_2007,94,96,2,Complaint,Q2明确针对A1没有直接答复Q1而进行催促和抱怨。,,,1
positive,"请问李庆国：贵公司早期卖掉管理层持股是不是故意的?年报股东人数居然也会搞错,然后又有财务报表出错.象你们这种工作态度和责任感,怎么会让股民的资金感到安全.湖南没有人才了吗? 对不起，请原谅！谢谢！",请问李庆国：我的问题是第22个，你一直也没有一个答复,2,answer_pressure,dep_reason,Q2明确针对A1未答复状态进行催促，依赖上一轮回答缺失。,"请问李庆国：贵公司早期卖掉管理层持股是不是故意的?年报股东人数居然也会搞错,然后又有财务报表出错.象你们这种工作态度和责任感,怎么会让股民的资金感到安全.湖南没有人才了吗?",对不起，请原谅！谢谢！,请问李庆国：我的问题是第22个，你一直也没有一个答复,002113_2007,95,96,1,Complaint,Q2明确针对A1未答复状态进行催促，依赖上一轮回答缺失。,,,1
positive,我想问一下，您能简单总结一下2008年公司财务状况如何？以及预估一下2009年公司的业绩增长? 请您关注一些公司2008年年报，谢谢,请问公司08年业绩如何？,1,disclosure_detail,dep_reason,Q2重复追问08年业绩，A1回避未正面回答，属催促性质。,我想问一下，您能简单总结一下2008年公司财务状况如何？以及预估一下2009年公司的业绩增长?,请您关注一些公司2008年年报，谢谢,请问公司08年业绩如何？,002113_2008,9,10,1,Complaint,Q2重复追问08年业绩，A1回避未正面回答，属催促性质。,,,1
positive,你公司近2年业绩每股效益会不会出现亏损？ 不会，谢谢。,我的问题没有回音？是不是不方便回答？,2,answer_pressure,dep_reason,Q2抱怨A1回答无回音，质疑是否不方便回答，属催促追问。,你公司近2年业绩每股效益会不会出现亏损？,不会，谢谢。,我的问题没有回音？是不是不方便回答？,002113_2008,22,25,3,Complaint,Q2抱怨A1回答无回音，质疑是否不方便回答，属催促追问。,,,1
positive,公司有没有投资房地产？ 没有。谢谢！,我的问题没有回音？是不是不方便回答？,2,answer_pressure,dep_reason,Q2针对A1回答状态抱怨“没有回音”，催促详细回应。,公司有没有投资房地产？,没有。谢谢！,我的问题没有回音？是不是不方便回答？,002113_2008,23,25,2,Complaint,Q2针对A1回答状态抱怨“没有回音”，催促详细回应。,,,1
positive,能否简单谈谈公司今年的经营前景 做大大强化肥主业，稳定提高尿素和复合肥的产量。同时变更募投增加新的利润点。,请问，幕投项目，何时实施，一年还是两年，有具体时间表吗。,2,restructuring,dep_reason,Q2针对A1中提到的募投项目追问具体实施时间表。,能否简单谈谈公司今年的经营前景,做大大强化肥主业，稳定提高尿素和复合肥的产量。同时变更募投增加新的利润点。,请问，幕投项目，何时实施，一年还是两年，有具体时间表吗。,002113_2008,42,43,1,Elaboration,Q2针对A1中提到的募投项目追问具体实施时间表。,,,1
positive,请问最近有没有机构来调研？调研涉及的方面有哪些? 公司接待过投资者调研，主要涉及公司的基本情况。谢谢,"去年有机构投资者去公司做调研吗,都是哪些机构？",2,answer_pressure,dep_reason,Q2针对A1中笼统提及的投资者调研继续追问具体年份和机构名称。,请问最近有没有机构来调研？调研涉及的方面有哪些?,公司接待过投资者调研，主要涉及公司的基本情况。谢谢,"去年有机构投资者去公司做调研吗,都是哪些机构？",002113_2008,52,53,1,Elaboration,Q2针对A1中笼统提及的投资者调研继续追问具体年份和机构名称。,,,1
positive,公司今年年内有什么大动作没有？ 因公司募集资金投资热电联产项目选址与政府沿湖风光带建设相冲突而被叫停，今年力争完成变更募投项目，上一个新的与公司主业相关联的项目，正在考察论证中。,请问公司的热电联产综合利用项目今年以来的进展怎样？,1,disclosure_detail,dep_reason,Q2针对A1中提到的热电联产项目追问其今年进展。,公司今年年内有什么大动作没有？,因公司募集资金投资热电联产项目选址与政府沿湖风光带建设相冲突而被叫停，今年力争完成变更募投项目，上一个新的与公司主业相关联的项目，正在考察论证中。,请问公司的热电联产综合利用项目今年以来的进展怎样？,002113_2008,55,57,2,Elaboration,Q2针对A1中提到的热电联产项目追问其今年进展。,,,1
positive,公司经营目前遇到最大的困难是什么? 市场下滑，业绩倒挂，谢谢,公司对扭亏有无方案,2,performance_governance,dep_reason,Q2针对A1中提到的业绩倒挂追问扭亏方案。,公司经营目前遇到最大的困难是什么?,市场下滑，业绩倒挂，谢谢,公司对扭亏有无方案,002113_2009,5,9,4,Elaboration,Q2针对A1中提到的业绩倒挂追问扭亏方案。,,,1
positive,"职工是企业的财富,特别是有机能,有技术的工程技术人员.一线技术工人培养出来不易.要为企业长远发展着想. 是的。我们公司正是践行以人为本办企业。谢谢！公司始终坚持以人为本办企业，谢谢谢谢",你们的回答，太令我们失望了，我们要到证监会投诉你们。,2,answer_pressure,dep_reason,Q2明确针对A1回答内容表达不满并威胁投诉，属于交互依赖。,"职工是企业的财富,特别是有机能,有技术的工程技术人员.一线技术工人培养出来不易.要为企业长远发展着想.",是的。我们公司正是践行以人为本办企业。谢谢！公司始终坚持以人为本办企业，谢谢谢谢,你们的回答，太令我们失望了，我们要到证监会投诉你们。,002113_2009,12,16,4,Complaint,Q2明确针对A1回答内容表达不满并威胁投诉，属于交互依赖。,,,1
positive,请问你们看重的是机构投资者还是中小散户？ 股东有同等的权利，公司同样看重，谢谢,你们的回答，太令我们失望了，我们要到证监会投诉你们。,2,answer_pressure,dep_reason,Q2明确对A1的回答表达失望并威胁投诉，针对回答方式。,请问你们看重的是机构投资者还是中小散户？,股东有同等的权利，公司同样看重，谢谢,你们的回答，太令我们失望了，我们要到证监会投诉你们。,002113_2009,13,16,3,Complaint,Q2明确对A1的回答表达失望并威胁投诉，针对回答方式。,,,1
positive,"亏空几个亿你们是否考虑集体辞职?不要浪费国家的财产,当然辞职也是要勇气的. 公司相关财务情况请您关注公司相关信息披露，谢谢",你们的回答，太令我们失望了，我们要到证监会投诉你们。,1,disclosure_detail,dep_reason,Q2针对A1回避性回答表达失望并投诉，属于交互依赖。,"亏空几个亿你们是否考虑集体辞职?不要浪费国家的财产,当然辞职也是要勇气的.",公司相关财务情况请您关注公司相关信息披露，谢谢,你们的回答，太令我们失望了，我们要到证监会投诉你们。,002113_2009,14,16,2,Complaint,Q2针对A1回避性回答表达失望并投诉，属于交互依赖。,,,1
positive,公司的股权啥时候进行，又何时引进战略投资人？ 公司重大资产重组尚未完成，目前尚无新的重组计划，谢谢,你们的回答，太令我们失望了，我们要到证监会投诉你们。,2,answer_pressure,dep_reason,Q2明确抱怨A1回答令人失望并威胁投诉，针对回答方式互动。,公司的股权啥时候进行，又何时引进战略投资人？,公司重大资产重组尚未完成，目前尚无新的重组计划，谢谢,你们的回答，太令我们失望了，我们要到证监会投诉你们。,002113_2009,15,16,1,Complaint,Q2明确抱怨A1回答令人失望并威胁投诉，针对回答方式互动。,,,1
positive,第四十七条上市公司董事、监事、高级管理人员、持有上市公司股份百分之五以上的股东，将其持有的该公司的股票在买入后六个月内卖出，或者在卖出后六个月内又买入，由此所得收益归该公司所有，公司董事会应当收回其所得收益。 立案稽查尚未收到结果，监管部门会严格按照相关规定执行，谢谢,立案稽查是否有结果了？如果没有结果，而对方股票抛掉了，是否涉嫌违规？,1,disclosure_detail,dep_reason,Q2针对A1中的“立案稽查尚未收到结果”追问进展，并进一步询问违规情形。,第四十七条上市公司董事、监事、高级管理人员、持有上市公司股份百分之五以上的股东，将其持有的该公司的股票在买入后六个月内卖出，或者在卖出后六个月内又买入，由此所得收益归该公司所有，公司董事会应当收回其所得收益。,立案稽查尚未收到结果，监管部门会严格按照相关规定执行，谢谢,立案稽查是否有结果了？如果没有结果，而对方股票抛掉了，是否涉嫌违规？,002113_2009,24,29,5,Elaboration,Q2针对A1中的“立案稽查尚未收到结果”追问进展，并进一步询问违规情形。,,,1
positive,请问天润重组为何流产了 请见重组公告,兆山一走，你们就出公告说重组不确定性，难道你们和他们真没有关系么？！,1,disclosure_detail,dep_reason,Q2基于A1所指重组公告中“不确定性”内容，追问是否与兆山有关，属于质疑A1隐含信息。,请问天润重组为何流产了,请见重组公告,兆山一走，你们就出公告说重组不确定性，难道你们和他们真没有关系么？！,002113_2009,30,35,5,Challenge,Q2基于A1所指重组公告中“不确定性”内容，追问是否与兆山有关，属于质疑A1隐含信息。,,,1
positive,"天润不是高耗能,高污染,高排放?尿素不是产能严重过剩? 天润也不属“三高”请您关注相关“三高”的定义，谢谢","国家限制""两高"",天润应在其中.如何应对?",2,restructuring,dep_reason,Q2针对A1否认天润属三高的说法，提出两高限制并质疑天润在其中，追问应对措施。,"天润不是高耗能,高污染,高排放?尿素不是产能严重过剩?",天润也不属“三高”请您关注相关“三高”的定义，谢谢,"国家限制""两高"",天润应在其中.如何应对?",002113_2009,32,37,5,Challenge,Q2针对A1否认天润属三高的说法，提出两高限制并质疑天润在其中，追问应对措施。,,,1
positive,高管能力有问题吧? 公司亏损一方面是市场的原因，另一方面也不排除高管的管理能力，谢谢,兆山一走，你们就出公告说重组不确定性，难道你们和他们真没有关系么？！,1,disclosure_detail,dep_reason,Q2针对A1中高管管理能力问题，具体追问兆山离职与重组公告的关联。,高管能力有问题吧?,公司亏损一方面是市场的原因，另一方面也不排除高管的管理能力，谢谢,兆山一走，你们就出公告说重组不确定性，难道你们和他们真没有关系么？！,002113_2009,34,35,1,Elaboration,Q2针对A1中高管管理能力问题，具体追问兆山离职与重组公告的关联。,,,1
positive,金叶肥料的股份是国有全资的，没有经过程序，不能卖给股份公司，请问上市公司公告重组之前，您没有出过意见表示这是不合理的么？ 国有资产出让是有一定程序，公司正在履行相关程序，请关注公司相关公告，谢谢,如果重组金叶不成功，公司有没有其他想法，我个人认为即使金叶重组成功，也很难从根本上摆脱公司的困境，您是否认同，谢谢,2,restructuring,dep_reason,Q2围绕Q1中的金叶重组事项追问失败后措施与效果，属于内容依赖。,金叶肥料的股份是国有全资的，没有经过程序，不能卖给股份公司，请问上市公司公告重组之前，您没有出过意见表示这是不合理的么？,国有资产出让是有一定程序，公司正在履行相关程序，请关注公司相关公告，谢谢,如果重组金叶不成功，公司有没有其他想法，我个人认为即使金叶重组成功，也很难从根本上摆脱公司的困境，您是否认同，谢谢,002113_2009,44,48,4,Elaboration,Q2围绕Q1中的金叶重组事项追问失败后措施与效果，属于内容依赖。,,,1
positive,建议公司每月发月度经营公报，很多优秀的公司都在这样做哟! 公司的信息披露我们会严格按照上市公司的法律法规进行。谢谢！谢谢，可能目前还难做到，谢谢,"没有希望,高管水平太差.",2,performance_governance,dep_reason,Q2针对A1表示难以做到，直接抱怨高管水平差，属于对回答方式的负面互动。,建议公司每月发月度经营公报，很多优秀的公司都在这样做哟!,公司的信息披露我们会严格按照上市公司的法律法规进行。谢谢！谢谢，可能目前还难做到，谢谢,"没有希望,高管水平太差.",002113_2009,45,47,2,Complaint,Q2针对A1表示难以做到，直接抱怨高管水平差，属于对回答方式的负面互动。,,,1
positive,辞职也是要勇气的啊. 谢谢提醒,"亏损额巨大,是否考虑辞职?",1,disclosure_detail,dep_reason,Q1暗示辞职，A1回避仅谢提醒，Q2直接追问是否考虑辞职，针对A1的回避性回应施压。,辞职也是要勇气的啊.,谢谢提醒,"亏损额巨大,是否考虑辞职?",002113_2009,52,55,3,Challenge,Q1暗示辞职，A1回避仅谢提醒，Q2直接追问是否考虑辞职，针对A1的回避性回应施压。,,,1
positive,公司今年的销售目标是多少? 请关注公司公告谢谢,我对贵公司抱有很大期望，也非常相信贵公司领导团队的能力，今年我公司的业绩指标计划在什么地方查到？？是多少？谢谢,2,strategy_planning,dep_reason,Q2重复追问Q1中销售目标问题，因A1未正面回答而催促并询问查询渠道。,公司今年的销售目标是多少?,请关注公司公告谢谢,我对贵公司抱有很大期望，也非常相信贵公司领导团队的能力，今年我公司的业绩指标计划在什么地方查到？？是多少？谢谢,002113_2009,54,58,4,Complaint,Q2重复追问Q1中销售目标问题，因A1未正面回答而催促并询问查询渠道。,,,1
positive,简单总结一下2009年公司财务状况？预估一下2010年公司的经营前景? 2009年财务状况见2009年年报，2010年上半年业绩已预告，谢谢。请关注公司公告。谢谢！,我对贵公司抱有很大期望，也非常相信贵公司领导团队的能力，今年我公司的业绩指标计划在什么地方查到？？是多少？谢谢,2,performance_governance,dep_reason,Q2针对A1提及的2010年业绩预告追问查询渠道和具体指标。,简单总结一下2009年公司财务状况？预估一下2010年公司的经营前景?,2009年财务状况见2009年年报，2010年上半年业绩已预告，谢谢。请关注公司公告。谢谢！,我对贵公司抱有很大期望，也非常相信贵公司领导团队的能力，今年我公司的业绩指标计划在什么地方查到？？是多少？谢谢,002113_2009,57,58,1,Elaboration,Q2针对A1提及的2010年业绩预告追问查询渠道和具体指标。,,,1
positive,同行业内有哪些主要竞争对手？公司有信心战胜他们吗? 主要是湖北宜化、柳化股份、华鲁恒升等煤化工企业，但公司目前生产规模小，还需要在成本控制、生产规模上做大做强，谢谢,"天润生产尿素既没有规模效益,又没有资源优势,又是高能耗项目,尿素工艺也不先进.热电厂又未上...天润出路?",2,performance_governance,dep_reason,Q2针对A1承认的规模小、成本控制不足，进一步列举多个具体劣势并追问出路。,同行业内有哪些主要竞争对手？公司有信心战胜他们吗?,主要是湖北宜化、柳化股份、华鲁恒升等煤化工企业，但公司目前生产规模小，还需要在成本控制、生产规模上做大做强，谢谢,"天润生产尿素既没有规模效益,又没有资源优势,又是高能耗项目,尿素工艺也不先进.热电厂又未上...天润出路?",002113_2009,66,68,2,Elaboration,Q2针对A1承认的规模小、成本控制不足，进一步列举多个具体劣势并追问出路。,,,1
positive,你好，公司对外接收投资者信件的邮箱是多少？ 公司已有公告。谢谢！,你好，公司对外接收投资者信件的邮箱是多少？,2,answer_pressure,dep_reason,Q2重复追问A1未正面回答的同一问题。,你好，公司对外接收投资者信件的邮箱是多少？,公司已有公告。谢谢！,你好，公司对外接收投资者信件的邮箱是多少？,002113_2010,3,6,3,Complaint,Q2重复追问A1未正面回答的同一问题。,,,1
positive,简单总结一下2010年公司财务状况？预估一下2011年公司的经营前景? 请关注公司披露的年报。谢谢！,你们对2010年业绩满意不?,1,disclosure_detail,dep_reason,Q2针对A1回避要求对2010年业绩表态，构成交互依赖施压。,简单总结一下2010年公司财务状况？预估一下2011年公司的经营前景?,请关注公司披露的年报。谢谢！,你们对2010年业绩满意不?,002113_2010,15,16,1,Challenge,Q2针对A1回避要求对2010年业绩表态，构成交互依赖施压。,,,1
positive,"一季度广东水利设计院已介入该股,请问公司今后的项目与该设计院会有关联吗?网上传水利设计院将借公司壳上市,但设计院还未进行股份制改造,是否可行?请问公司会有卖壳资源的想法吗? 至少目前未与公司进行过任何接触，他们有什么想法，我们不清楚。","一季度广东水利设计院已介入该股,请问公司今后的项目与该设计院会有关联吗?网上传水利设计院将借公司壳上市,但设计院还未进行股份制改造,是否可行?请问公司会有卖壳资源的想法吗?",1,disclosure_detail,dep_reason,Q2完全重复Q1的问题，而A1以“未接触、不清楚”回避，Q2实际是催促正面回答。,"一季度广东水利设计院已介入该股,请问公司今后的项目与该设计院会有关联吗?网上传水利设计院将借公司壳上市,但设计院还未进行股份制改造,是否可行?请问公司会有卖壳资源的想法吗?",至少目前未与公司进行过任何接触，他们有什么想法，我们不清楚。,"一季度广东水利设计院已介入该股,请问公司今后的项目与该设计院会有关联吗?网上传水利设计院将借公司壳上市,但设计院还未进行股份制改造,是否可行?请问公司会有卖壳资源的想法吗?",002113_2010,23,26,3,Complaint,Q2完全重复Q1的问题，而A1以“未接触、不清楚”回避，Q2实际是催促正面回答。,,,1
positive,"近期金融街网上有一篇文章,内容如下:002113一只多好的股票。1、在两市中属大圆弧底图形，现在处于波浪式上升途中，越早介入，赚的越多；2、大股东为广东佬，已有广东水利设计院于一季度大幅介入，还有其他广东人在不断介入该股，每天均有大单买入，腾飞指日可待；3、公司出售完设备及亏损的资产后，将迎来大重组，重组方式为：A、整体转型为房地产，因为在岳阳楼边公司有200多亩的土地，加之岳阳市“退二进三”政策的扶持，岳阳市将公司控股权相让给一家地产物业公司，司马昭之心路人皆知。B、出售设备及资产的钱收购华晟大厦的收租权，每年有1000多万的纯利润，加之买断职工后基本没有任何开支，去ST帽指日可待，万一公司利润不足，董事长、总经理及高管人员的工资可不在上市公司支出，由大股东的公司支付，可确保上市公司有持续优良的业绩。C、将公司现金及人员处置完后，将上市公司干净的壳出售，如果出售给一家未上市的证券公司，股东们将大发了。D、引进高新技术项目，将200多亩地开发成高新技术区，股票市值将增值10倍以上。4、这是一家干净的公司，有钱、有土地、有政府扶持，加之这么漂亮的图形，这样的股票不买，还等什么，君不见600259股票，重组后，股价从2元多直上100多元。请问赖总,你对此是否认同,或者部分认同? 1、我十分关注公司股票走势，2、我看好公司的发展前景，3、岳阳市政府十分支持企业的发展，4、大股东自从进入后一直给予公司支持，5、大股东目前没有退出公司的意愿，6、公司退二进三是市政府的政策，7、股市有风险，请谨慎行事。","贵司重组的方向是哪个行业?化工还是地产,还是一个实业,进行多种经营?贵司承诺3年不退出,三年后呢?",2,restructuring,dep_reason,Q2追问重组方向源自Q1重组猜测，提问三年后退出承诺源自A1中大股东暂无退出意愿。,"近期金融街网上有一篇文章,内容如下:002113一只多好的股票。1、在两市中属大圆弧底图形，现在处于波浪式上升途中，越早介入，赚的越多；2、大股东为广东佬，已有广东水利设计院于一季度大幅介入，还有其他广东人在不断介入该股，每天均有大单买入，腾飞指日可待；3、公司出售完设备及亏损的资产后，将迎来大重组，重组方式为：A、整体转型为房地产，因为在岳阳楼边公司有200多亩的土地，加之岳阳市“退二进三”政策的扶持，岳阳市将公司控股权相让给一家地产物业公司，司马昭之心路人皆知。B、出售设备及资产的钱收购华晟大厦的收租权，每年有1000多万的纯利润，加之买断职工后基本没有任何开支，去ST帽指日可待，万一公司利润不足，董事长、总经理及高管人员的工资可不在上市公司支出，由大股东的公司支付，可确保上市公司有持续优良的业绩。C、将公司现金及人员处置完后，将上市公司干净的壳出售，如果出售给一家未上市的证券公司，股东们将大发了。D、引进高新技术项目，将200多亩地开发成高新技术区，股票市值将增值10倍以上。4、这是一家干净的公司，有钱、有土地、有政府扶持，加之这么漂亮的图形，这样的股票不买，还等什么，君不见600259股票，重组后，股价从2元多直上100多元。请问赖总,你对此是否认同,或者部分认同?",1、我十分关注公司股票走势，2、我看好公司的发展前景，3、岳阳市政府十分支持企业的发展，4、大股东自从进入后一直给予公司支持，5、大股东目前没有退出公司的意愿，6、公司退二进三是市政府的政策，7、股市有风险，请谨慎行事。,"贵司重组的方向是哪个行业?化工还是地产,还是一个实业,进行多种经营?贵司承诺3年不退出,三年后呢?",002113_2010,33,35,2,Elaboration,Q2追问重组方向源自Q1重组猜测，提问三年后退出承诺源自A1中大股东暂无退出意愿。,,,1
positive,"贵司重组的方向是哪个行业?化工还是地产,还是一个实业,进行多种经营?贵司承诺3年不退出,三年后呢? 公司将会逐步实现公司转型，公司将会发展壮大。谢谢！",我高兴的看到公司重组以来，新股东对公司进行了大刀阔斧的改制，使公司一季度扭亏为盈。请问公司下部向转型方向是什么？是房地产还是其他产业。目前房地产业国家政策一直打压。我看过赖董的简历有做高科技产业的经历，是否有向高科技产业转型的打算。,2,answer_pressure,dep_reason,Q2重复追问转型方向，因A1笼统未答，类似抱怨未回答。,"贵司重组的方向是哪个行业?化工还是地产,还是一个实业,进行多种经营?贵司承诺3年不退出,三年后呢?",公司将会逐步实现公司转型，公司将会发展壮大。谢谢！,我高兴的看到公司重组以来，新股东对公司进行了大刀阔斧的改制，使公司一季度扭亏为盈。请问公司下部向转型方向是什么？是房地产还是其他产业。目前房地产业国家政策一直打压。我看过赖董的简历有做高科技产业的经历，是否有向高科技产业转型的打算。,002113_2010,35,38,3,Complaint,Q2重复追问转型方向，因A1笼统未答，类似抱怨未回答。,,,1
positive,您认为现在公司股价是否已真实反应公司能力和地位？ 股价的构成是多方面的，您需要全方位来看待，谢谢！,学一学吴帮国的“五个不搞”！,1,disclosure_detail,dep_reason,Q2借“五个不搞”批评A1回避股价问题，暗示要求真诚回应。,您认为现在公司股价是否已真实反应公司能力和地位？,股价的构成是多方面的，您需要全方位来看待，谢谢！,学一学吴帮国的“五个不搞”！,002113_2010,39,41,2,Complaint,Q2借“五个不搞”批评A1回避股价问题，暗示要求真诚回应。,,,1
positive,"你们都是公司的高层了,你们如何判断公司未来的二级市场走势？如果购买公司的股票能赚钱吗？ 股票有风险，投资需谨慎。谢谢！",各位高管，你们如何判断公司未来的二级市场走势？如果购买公司的股票能赚钱吗？,1,disclosure_detail,dep_reason,Q2重复Q1，A1回避未答，Q2催促具体回答。,"你们都是公司的高层了,你们如何判断公司未来的二级市场走势？如果购买公司的股票能赚钱吗？",股票有风险，投资需谨慎。谢谢！,各位高管，你们如何判断公司未来的二级市场走势？如果购买公司的股票能赚钱吗？,002113_2011,6,10,4,Complaint,Q2重复Q1，A1回避未答，Q2催促具体回答。,,,1
positive,"公司的核心客互都有哪几家,主要竟争对手又有谁,我们的优势在哪了,不足呢? 请您查阅年报相关信息披露，谢谢！",您认为公司在激烈的竞争环境下有哪些方面需要加强吗？,1,disclosure_detail,dep_reason,Q2继续追问Q1中不足的方面，而A1回避未答，依赖未答状态。,"公司的核心客互都有哪几家,主要竟争对手又有谁,我们的优势在哪了,不足呢?",请您查阅年报相关信息披露，谢谢！,您认为公司在激烈的竞争环境下有哪些方面需要加强吗？,002113_2011,7,8,1,Elaboration,Q2继续追问Q1中不足的方面，而A1回避未答，依赖未答状态。,,,1
positive,各位高管，你们如何判断公司未来的二级市场走势？如果购买公司的股票能赚钱吗？ 股票涨跌只能是投资者自己作出判断，谢谢关心！,"我前一陈买的公司股票,后市如何操作，给个建议?",1,disclosure_detail,dep_reason,Q2在A1回避回答后继续索要操作建议，属于交互依赖。,各位高管，你们如何判断公司未来的二级市场走势？如果购买公司的股票能赚钱吗？,股票涨跌只能是投资者自己作出判断，谢谢关心！,"我前一陈买的公司股票,后市如何操作，给个建议?",002113_2011,10,11,1,Complaint,Q2在A1回避回答后继续索要操作建议，属于交互依赖。,,,1
positive,目前市场上的股价能代表公司的价值吗？公司未来3年发展前景如何? 股价与价值只能由投资者自行判断。公司将利用自有资金收购资产或是向控股股东定向发行股票收购其具有持续盈利能力的优质资产，快速向商业性房地产开发、物业经营及租赁、教育传媒、商业贸易及现代服务业等方面转型，实现公司做大做强。谢谢！,你们把股价做上去我们举双手欢迎你们？！,1,disclosure_detail,dep_reason,Q2针对A1回避股价判断的官方说辞，以反问形式要求公司拉升股价，具有挑战意味。,目前市场上的股价能代表公司的价值吗？公司未来3年发展前景如何?,股价与价值只能由投资者自行判断。公司将利用自有资金收购资产或是向控股股东定向发行股票收购其具有持续盈利能力的优质资产，快速向商业性房地产开发、物业经营及租赁、教育传媒、商业贸易及现代服务业等方面转型，实现公司做大做强。谢谢！,你们把股价做上去我们举双手欢迎你们？！,002113_2011,21,23,2,Challenge,Q2针对A1回避股价判断的官方说辞，以反问形式要求公司拉升股价，具有挑战意味。,,,1
positive,本季度净利润是多少，与去年同期相比是增还是减？ 与去年相比变动不大，谢谢关心！,赖总：我们问的问题，很多您都不能直接回答。您能不能给我们投资者讲点可以讲的东西，在法律法规允许的范围内。谢谢！,1,disclosure_detail,dep_reason,Q2抱怨A1回避问题，要求讲可讲的内容，是针对回答方式的互动。,本季度净利润是多少，与去年同期相比是增还是减？,与去年相比变动不大，谢谢关心！,赖总：我们问的问题，很多您都不能直接回答。您能不能给我们投资者讲点可以讲的东西，在法律法规允许的范围内。谢谢！,002113_2011,32,37,5,Complaint,Q2抱怨A1回避问题，要求讲可讲的内容，是针对回答方式的互动。,,,1
positive,在管理经营中，董事长最关注的问题是什么？ 最关注是企业经营决策，谢谢！,赖总：我们问的问题，很多您都不能直接回答。您能不能给我们投资者讲点可以讲的东西，在法律法规允许的范围内。谢谢！,2,answer_pressure,dep_reason,Q2抱怨之前的提问未能得到直接回答，并请求在法规允许范围内讲点内容，明确针对交互中的回答方式。,在管理经营中，董事长最关注的问题是什么？,最关注是企业经营决策，谢谢！,赖总：我们问的问题，很多您都不能直接回答。您能不能给我们投资者讲点可以讲的东西，在法律法规允许的范围内。谢谢！,002113_2011,33,37,4,Complaint,Q2抱怨之前的提问未能得到直接回答，并请求在法规允许范围内讲点内容，明确针对交互中的回答方式。,,,1
positive,"2011年的年报出来，很多上市公司业绩并不好，相比之下,公司给自己打多少分？ 公司2011年能够实现盈利确实来之不易，公司为股东创造利润是公司的奋斗目标，谢谢关心！",赖总：我们问的问题，很多您都不能直接回答。您能不能给我们投资者讲点可以讲的东西，在法律法规允许的范围内。谢谢！,2,answer_pressure,dep_reason,Q2抱怨赖总很多问题不能直接回答，催促在法律法规允许范围内讲点东西，针对回答状态。,"2011年的年报出来，很多上市公司业绩并不好，相比之下,公司给自己打多少分？",公司2011年能够实现盈利确实来之不易，公司为股东创造利润是公司的奋斗目标，谢谢关心！,赖总：我们问的问题，很多您都不能直接回答。您能不能给我们投资者讲点可以讲的东西，在法律法规允许的范围内。谢谢！,002113_2011,35,37,2,Complaint,Q2抱怨赖总很多问题不能直接回答，催促在法律法规允许范围内讲点东西，针对回答状态。,,,1
positive,公司管理层成员的诚信与否对于公司的长期稳定发展有着至关重要的作用，请问公司在管理层的诚信方面有什么措施吗？ 公司管理层成员的诚信主要靠自律，同时公司制定了内部控制制度。谢谢！,赖总：我们问的问题，很多您都不能直接回答。您能不能给我们投资者讲点可以讲的东西，在法律法规允许的范围内。谢谢！,2,answer_pressure,dep_reason,Q2抱怨A1不直接回答，针对交互状态催促更多信息。,公司管理层成员的诚信与否对于公司的长期稳定发展有着至关重要的作用，请问公司在管理层的诚信方面有什么措施吗？,公司管理层成员的诚信主要靠自律，同时公司制定了内部控制制度。谢谢！,赖总：我们问的问题，很多您都不能直接回答。您能不能给我们投资者讲点可以讲的东西，在法律法规允许的范围内。谢谢！,002113_2011,36,37,1,Complaint,Q2抱怨A1不直接回答，针对交互状态催促更多信息。,,,1
positive,赖总：我们问的问题，很多您都不能直接回答。您能不能给我们投资者讲点可以讲的东西，在法律法规允许的范围内。谢谢！ 公司的投资项目及经营业绩等信息会在第一时间向投资者披露，谢谢！,募投资金项目进展是否顺利?是否会如期开工?,1,disclosure_detail,dep_reason,Q2针对A1中“投资项目”信息继续追问募投项目进展。,赖总：我们问的问题，很多您都不能直接回答。您能不能给我们投资者讲点可以讲的东西，在法律法规允许的范围内。谢谢！,公司的投资项目及经营业绩等信息会在第一时间向投资者披露，谢谢！,募投资金项目进展是否顺利?是否会如期开工?,002113_2011,37,41,4,Elaboration,Q2针对A1中“投资项目”信息继续追问募投项目进展。,,,1
positive,你母子花巨资买了天润壳.平均9.58元/股从目前股价8元计算被套近5000万元.而且把一块稳收的租金注入天润.应该说你是雷峰精神.不过.任何人都要计算投入与产出.因此你后续计划希望能在新产业.新项目.新能源.等拿出真本事回报自已和股民.谢谢? 确实如你说。我对天润的未来充满信心。谢谢！,2012年那些项目能给公司带来利润增长点？,1,disclosure_detail,dep_reason,Q2针对Q1中希望的新产业、新项目等笼统期望，要求具体说明哪些项目能带来利润增长点。,你母子花巨资买了天润壳.平均9.58元/股从目前股价8元计算被套近5000万元.而且把一块稳收的租金注入天润.应该说你是雷峰精神.不过.任何人都要计算投入与产出.因此你后续计划希望能在新产业.新项目.新能源.等拿出真本事回报自已和股民.谢谢?,确实如你说。我对天润的未来充满信心。谢谢！,2012年那些项目能给公司带来利润增长点？,002113_2011,42,46,4,Elaboration,Q2针对Q1中希望的新产业、新项目等笼统期望，要求具体说明哪些项目能带来利润增长点。,,,1
positive,"公司的持续良性发展是投资者投资信心的有力保证,愿公司的发展能为投资者带来良好的回报! 公司将规范公司治理，创造业绩，回报全体股东。谢谢关心！",强烈建议把股价炒上去!提振股东信心!否则你们靠什么来赢得投资者的信心？,2,answer_pressure,dep_reason,Q2针对A1笼统的回报承诺，要求通过炒股价的具体行动来赢得信心，属于对承诺执行方式的追问。,"公司的持续良性发展是投资者投资信心的有力保证,愿公司的发展能为投资者带来良好的回报!",公司将规范公司治理，创造业绩，回报全体股东。谢谢关心！,强烈建议把股价炒上去!提振股东信心!否则你们靠什么来赢得投资者的信心？,002113_2011,48,52,4,Elaboration,Q2针对A1笼统的回报承诺，要求通过炒股价的具体行动来赢得信心，属于对承诺执行方式的追问。,,,1
positive,"问:赖总:总是听到你谈,条件成熟,会推进重组.你所说条件成熟的标准是什么或条件是什么 是指国家相关的产业政策，谢谢！","除了坚定不移发展方向,有好项目,不是坚定不移范围,都不考虑吗?",2,restructuring,dep_reason,Q2针对A1中重组条件（国家产业政策）的排他性继续追问。,"问:赖总:总是听到你谈,条件成熟,会推进重组.你所说条件成熟的标准是什么或条件是什么",是指国家相关的产业政策，谢谢！,"除了坚定不移发展方向,有好项目,不是坚定不移范围,都不考虑吗?",002113_2012,5,10,5,Elaboration,Q2针对A1中重组条件（国家产业政策）的排他性继续追问。,,,1
positive,"问:赖总:贵司年报称坚定不移的投资方向:房地产,商业地产,商业贸易三个方面,其它行业会兼并和注入重组,会考虑吗 公司将根据自身发展需要，会予以考虑。谢谢！","除了坚定不移发展方向,有好项目,不是坚定不移范围,都不考虑吗?",2,answer_pressure,dep_reason,Q2针对A1笼统回答继续追问，质疑是否真的不考虑非主营业务项目。,"问:赖总:贵司年报称坚定不移的投资方向:房地产,商业地产,商业贸易三个方面,其它行业会兼并和注入重组,会考虑吗",公司将根据自身发展需要，会予以考虑。谢谢！,"除了坚定不移发展方向,有好项目,不是坚定不移范围,都不考虑吗?",002113_2012,6,10,4,Challenge,Q2针对A1笼统回答继续追问，质疑是否真的不考虑非主营业务项目。,,,1
positive,试过多次，在工作时间电话0730--3338763确实一直没有人接过.. 好像湖南省证监局对上市公司咨询电话进行过多次暗访，对7家公司要求进行整改，天润公司没有列入名单进行整改，谢谢！,怎么叫你们提供一个可以联系的电话都不给，这种态度，投资者是不能认同的，希望能够散户联合起来，把你们的董事会给罢免了，我是前十大流通股股东之一,1,disclosure_detail,dep_reason,Q2针对A1未提供电话的回避态度继续抱怨，并威胁罢免董事会。,试过多次，在工作时间电话0730--3338763确实一直没有人接过..,好像湖南省证监局对上市公司咨询电话进行过多次暗访，对7家公司要求进行整改，天润公司没有列入名单进行整改，谢谢！,怎么叫你们提供一个可以联系的电话都不给，这种态度，投资者是不能认同的，希望能够散户联合起来，把你们的董事会给罢免了，我是前十大流通股股东之一,002113_2012,7,8,1,Complaint,Q2针对A1未提供电话的回避态度继续抱怨，并威胁罢免董事会。,,,1
positive,怎么叫你们提供一个可以联系的电话都不给，这种态度，投资者是不能认同的，希望能够散户联合起来，把你们的董事会给罢免了，我是前十大流通股股东之一 好像湖南省证监局对上市公司咨询电话进行过多次暗访，对7家公司要求进行整改，天润公司没有列入名单进行整改，谢谢！,我是一家有色金属公司的老总，现在缺钱，有资源，想注入贵公司，但是证券部电话无人接听，打了半年了，请告诉我其他联系方式，最好是手机号码。,1,disclosure_detail,dep_reason,Q2针对A1回避提供联系电话，继续要求联系方式。,怎么叫你们提供一个可以联系的电话都不给，这种态度，投资者是不能认同的，希望能够散户联合起来，把你们的董事会给罢免了，我是前十大流通股股东之一,好像湖南省证监局对上市公司咨询电话进行过多次暗访，对7家公司要求进行整改，天润公司没有列入名单进行整改，谢谢！,我是一家有色金属公司的老总，现在缺钱，有资源，想注入贵公司，但是证券部电话无人接听，打了半年了，请告诉我其他联系方式，最好是手机号码。,002113_2012,8,13,5,Complaint,Q2针对A1回避提供联系电话，继续要求联系方式。,,,1
positive,我在山西有煤矿，最近缺资金，想借壳上市，和谁联系 可以先与证券部沟通，谢谢！,感觉赖总的回答问题都是在应付，能否对投资者真诚一点，为什么你们公司电话永远是无人接听状态。,2,answer_pressure,dep_reason,Q2 明确批评 A1 的回答是在应付，针对回答态度进行投诉和催促。,我在山西有煤矿，最近缺资金，想借壳上市，和谁联系,可以先与证券部沟通，谢谢！,感觉赖总的回答问题都是在应付，能否对投资者真诚一点，为什么你们公司电话永远是无人接听状态。,002113_2012,9,12,3,Complaint,Q2 明确批评 A1 的回答是在应付，针对回答态度进行投诉和催促。,,,1
positive,"天润在你掌控中,达到什么程度,才合乎你的要求?例如年营业总收入,利润等.能给个大慨描述吗? 对不起，这个还真不好说，也不敢说。",感觉赖总的回答问题都是在应付，能否对投资者真诚一点，为什么你们公司电话永远是无人接听状态。,1,disclosure_detail,dep_reason,Q2针对A1敷衍回避的回答态度进行投诉，并质疑公司沟通渠道。,"天润在你掌控中,达到什么程度,才合乎你的要求?例如年营业总收入,利润等.能给个大慨描述吗?",对不起，这个还真不好说，也不敢说。,感觉赖总的回答问题都是在应付，能否对投资者真诚一点，为什么你们公司电话永远是无人接听状态。,002113_2012,11,12,1,Complaint,Q2针对A1敷衍回避的回答态度进行投诉，并质疑公司沟通渠道。,,,1
positive,感觉赖总的回答问题都是在应付，能否对投资者真诚一点，为什么你们公司电话永远是无人接听状态。 哈哈，本人实话实说。0730--3338763这个电话不会没人接听。谢谢！,着急啊，我如何能够和你们取得联系，想资产注入怎么这么困难，什么都可以谈的吗，但是至少要表现出你谈的诚意吧，赖总。请告诉我你的联系方式。,2,answer_pressure,dep_reason,Q2针对A1仅提供电话但仍无法联系的状态继续催促，要求个人联系方式。,感觉赖总的回答问题都是在应付，能否对投资者真诚一点，为什么你们公司电话永远是无人接听状态。,哈哈，本人实话实说。0730--3338763这个电话不会没人接听。谢谢！,着急啊，我如何能够和你们取得联系，想资产注入怎么这么困难，什么都可以谈的吗，但是至少要表现出你谈的诚意吧，赖总。请告诉我你的联系方式。,002113_2012,12,17,5,Complaint,Q2针对A1仅提供电话但仍无法联系的状态继续催促，要求个人联系方式。,,,1
positive,我是一家有色金属公司的老总，现在缺钱，有资源，想注入贵公司，但是证券部电话无人接听，打了半年了，请告诉我其他联系方式，最好是手机号码。 证券部的电话是有人接的，除公休日外，天天有人接听电话，电话是0730-3338763，联系人，刘先生、梁女士。,着急啊，我如何能够和你们取得联系，想资产注入怎么这么困难，什么都可以谈的吗，但是至少要表现出你谈的诚意吧，赖总。请告诉我你的联系方式。,2,answer_pressure,dep_reason,Q2针对A1仅提供证券部电话仍无法联系的问题，继续索要赖总个人联系方式，表达不满与催促。,我是一家有色金属公司的老总，现在缺钱，有资源，想注入贵公司，但是证券部电话无人接听，打了半年了，请告诉我其他联系方式，最好是手机号码。,证券部的电话是有人接的，除公休日外，天天有人接听电话，电话是0730-3338763，联系人，刘先生、梁女士。,着急啊，我如何能够和你们取得联系，想资产注入怎么这么困难，什么都可以谈的吗，但是至少要表现出你谈的诚意吧，赖总。请告诉我你的联系方式。,002113_2012,13,17,4,Complaint,Q2针对A1仅提供证券部电话仍无法联系的问题，继续索要赖总个人联系方式，表达不满与催促。,,,1
positive,"贵司重组能给企业可持续发展,国家会不批吗?请问你担心什么? 就目前的房地产注入上市公司，就不符合相关政策啊，谢谢！","如何保证天润的持续发展?能承诺注入资产会推进企业高速发展吗?不会注入失败,又再次注入,令人失望吗?",2,restructuring,dep_reason,Q2针对A1中重组不符合政策的障碍，继续质疑如何保证发展和避免失败，属同链条追问。,"贵司重组能给企业可持续发展,国家会不批吗?请问你担心什么?",就目前的房地产注入上市公司，就不符合相关政策啊，谢谢！,"如何保证天润的持续发展?能承诺注入资产会推进企业高速发展吗?不会注入失败,又再次注入,令人失望吗?",002113_2012,31,32,1,Challenge,Q2针对A1中重组不符合政策的障碍，继续质疑如何保证发展和避免失败，属同链条追问。,,,1
positive,"贵司重组能给企业可持续发展,国家会不批吗?请问你担心什么? 就目前的房地产注入上市公司，就不符合相关政策啊，谢谢！","一年365日,12个月,这么长时间都不进行重组,在等什么,是否等酒店项目建成注入?政府厉行节俭,严控公费消费.你能保证注入资产,能给天润持续,稳定收入?假若不能,就不要注入.持续,可发展.有前途的资产才是天润所费,仅为眼前为重组而重组,请三思",2,strategy_planning,dep_reason,Q2基于A1现行房地产注入受阻的信息，追问等待原因并质疑未来酒店资产能否持续盈利。,"贵司重组能给企业可持续发展,国家会不批吗?请问你担心什么?",就目前的房地产注入上市公司，就不符合相关政策啊，谢谢！,"一年365日,12个月,这么长时间都不进行重组,在等什么,是否等酒店项目建成注入?政府厉行节俭,严控公费消费.你能保证注入资产,能给天润持续,稳定收入?假若不能,就不要注入.持续,可发展.有前途的资产才是天润所费,仅为眼前为重组而重组,请三思",002113_2012,31,34,3,Challenge,Q2基于A1现行房地产注入受阻的信息，追问等待原因并质疑未来酒店资产能否持续盈利。,,,1
positive,"如何保证天润的持续发展?能承诺注入资产会推进企业高速发展吗?不会注入失败,又再次注入,令人失望吗? 如果真是项目要启动，作为注入方，肯定是要承诺业绩保证的，谢谢！","一年365日,12个月,这么长时间都不进行重组,在等什么,是否等酒店项目建成注入?政府厉行节俭,严控公费消费.你能保证注入资产,能给天润持续,稳定收入?假若不能,就不要注入.持续,可发展.有前途的资产才是天润所费,仅为眼前为重组而重组,请三思",2,restructuring,dep_reason,Q2针对A1中业绩承诺的笼统回应，进一步质疑能否保证持续稳定收入，并施压重组动机。,"如何保证天润的持续发展?能承诺注入资产会推进企业高速发展吗?不会注入失败,又再次注入,令人失望吗?",如果真是项目要启动，作为注入方，肯定是要承诺业绩保证的，谢谢！,"一年365日,12个月,这么长时间都不进行重组,在等什么,是否等酒店项目建成注入?政府厉行节俭,严控公费消费.你能保证注入资产,能给天润持续,稳定收入?假若不能,就不要注入.持续,可发展.有前途的资产才是天润所费,仅为眼前为重组而重组,请三思",002113_2012,32,34,2,Challenge,Q2针对A1中业绩承诺的笼统回应，进一步质疑能否保证持续稳定收入，并施压重组动机。,,,1
positive,投资者关注的是企业诚信和效益，作为董事长您认为在物业租赁、商业贸易、房地产、酒店经营项目上，哪一项是公司的重要支柱产业？还有哪些是需要继续做大做强的？ 说实在，就目前的一些租金收入，这么些营业收入，确实有点对不起投资者，但这是在天润已连续亏损，面临着退市的情况下取得的，也属不容易，公司的近期目标是采取向大股东定向增发的方式，注入资产，实现做大做强，谢谢！,请问何时可以摘帽，2013年公司主要向哪方面发展。,2,strategy_planning,dep_reason,Q2针对A1中退市风险及注入资产做大做强计划，追问摘帽时间和具体发展方向。,投资者关注的是企业诚信和效益，作为董事长您认为在物业租赁、商业贸易、房地产、酒店经营项目上，哪一项是公司的重要支柱产业？还有哪些是需要继续做大做强的？,说实在，就目前的一些租金收入，这么些营业收入，确实有点对不起投资者，但这是在天润已连续亏损，面临着退市的情况下取得的，也属不容易，公司的近期目标是采取向大股东定向增发的方式，注入资产，实现做大做强，谢谢！,请问何时可以摘帽，2013年公司主要向哪方面发展。,002113_2012,35,38,3,Elaboration,Q2针对A1中退市风险及注入资产做大做强计划，追问摘帽时间和具体发展方向。,,,1
positive,投资者关注的是企业诚信和效益，作为董事长您认为在物业租赁、商业贸易、房地产、酒店经营项目上，哪一项是公司的重要支柱产业？还有哪些是需要继续做大做强的？ 说实在，就目前的一些租金收入，这么些营业收入，确实有点对不起投资者，但这是在天润已连续亏损，面临着退市的情况下取得的，也属不容易，公司的近期目标是采取向大股东定向增发的方式，注入资产，实现做大做强，谢谢！,公司近期和长远的发展目标是？,2,strategy_planning,dep_reason,Q2承接A1中提及的近期目标，进一步追问近期和长远发展目标，属于内容延伸。,投资者关注的是企业诚信和效益，作为董事长您认为在物业租赁、商业贸易、房地产、酒店经营项目上，哪一项是公司的重要支柱产业？还有哪些是需要继续做大做强的？,说实在，就目前的一些租金收入，这么些营业收入，确实有点对不起投资者，但这是在天润已连续亏损，面临着退市的情况下取得的，也属不容易，公司的近期目标是采取向大股东定向增发的方式，注入资产，实现做大做强，谢谢！,公司近期和长远的发展目标是？,002113_2012,35,39,4,Elaboration,Q2承接A1中提及的近期目标，进一步追问近期和长远发展目标，属于内容延伸。,,,1
positive,公司近期和长远的发展目标是？ 近期维护好公司正常经营，力争不亏损，远期目标是注入大股东优良资产，实现做大做强，谢谢！,你回答投资者的问题為什么不正视实际？我们感觉十分失望？如我问你是用真金白银搞增发还是用实物资产？你不明不白回答!我表示抗议!,1,disclosure_detail,dep_reason,Q2明确批评A1未正视实际、回答不明白并表达抗议，针对A1的回避式回答方式进行投诉。,公司近期和长远的发展目标是？,近期维护好公司正常经营，力争不亏损，远期目标是注入大股东优良资产，实现做大做强，谢谢！,你回答投资者的问题為什么不正视实际？我们感觉十分失望？如我问你是用真金白银搞增发还是用实物资产？你不明不白回答!我表示抗议!,002113_2012,39,43,4,Complaint,Q2明确批评A1未正视实际、回答不明白并表达抗议，针对A1的回避式回答方式进行投诉。,,,1
positive,"请问原厂址地块,定为住房用地,有规定要多长时间开发的吗?假若没有,贵司有开发冲动吗?有规划吗?还是赖总需说等时机成熟?难道你不能加速成熟吗? 谢谢关心！这一事项目前还不具备条件，以后将根据政府整体规划予以执行。",你回答投资者的问题為什么不正视实际？我们感觉十分失望？如我问你是用真金白银搞增发还是用实物资产？你不明不白回答!我表示抗议!,1,disclosure_detail,dep_reason,Q2针对A1回避性回答表达失望和抗议，直接批评其不正视实际。,"请问原厂址地块,定为住房用地,有规定要多长时间开发的吗?假若没有,贵司有开发冲动吗?有规划吗?还是赖总需说等时机成熟?难道你不能加速成熟吗?",谢谢关心！这一事项目前还不具备条件，以后将根据政府整体规划予以执行。,你回答投资者的问题為什么不正视实际？我们感觉十分失望？如我问你是用真金白银搞增发还是用实物资产？你不明不白回答!我表示抗议!,002113_2012,40,43,3,Complaint,Q2针对A1回避性回答表达失望和抗议，直接批评其不正视实际。,,,1
positive,提问你个问题；2011.1.18日公告；中国长城资产公司征集股权转让提示；43365867股以9.35元价格由宁夏宝塔石化公司受让；为此总价405470856.45元。2012.6.7日董事会公告；定向增发30870666股份，以5.78元增发价由大股东全部认购，证监会于2013.2.18日核准增发方案。为此第一大股东需支付认购款178432449.48元。你当初2010.6.24日收到征集通知，公告日期2010.8.27日受让国有股权2540万股，以9.58元价格花费2.43332亿元。你与宁夏宝塔石化公司非常雷同的。请问赖总；你增发用真金白银？还是用实物资产？而且最关键性项目；是否符合国家调整产业转型升级范围？因为；从年报上看公司未来发展目标是以商业贸易，物业租赁，房地产方面战略转移。这样三个领域称得上用‘战略转移吗？’有前途吗？有没有科技含量？我们担心；这是三个传统型行业，更没有什么科技含量，而且其中房地产业受宏观调控，就拿你当初将房屋租赁合同注入上公司最终你还是掏腰包来补足差额？因此这三个行业也谈不上“做大”“做强”而言的。因此我们认为；转型升级；应该是战略性新兴产业并带有一定科技含量才能算‘转型升级’。另外请问你打算‘增发价格’设定在什么价位上？是不是也采用“低价增发”来拉平当初“高价”受让所造成的损失？从而降低持股成本？要是低于你当初受让价位增发是极不道德的行为。 这个问题问得相当尖锐，现在要发展高科技产业，讲起来好听，但要在短期内实现突破是极其艰难的，我们天润目前还不具备这方面的人才，所以很难发展高科技产业，谢谢！,你回答投资者的问题為什么不正视实际？我们感觉十分失望？如我问你是用真金白银搞增发还是用实物资产？你不明不白回答!我表示抗议!,1,disclosure_detail,dep_reason,Q2针对A1回避增发支付方式问题，抗议其未正面回答。,提问你个问题；2011.1.18日公告；中国长城资产公司征集股权转让提示；43365867股以9.35元价格由宁夏宝塔石化公司受让；为此总价405470856.45元。2012.6.7日董事会公告；定向增发30870666股份，以5.78元增发价由大股东全部认购，证监会于2013.2.18日核准增发方案。为此第一大股东需支付认购款178432449.48元。你当初2010.6.24日收到征集通知，公告日期2010.8.27日受让国有股权2540万股，以9.58元价格花费2.43332亿元。你与宁夏宝塔石化公司非常雷同的。请问赖总；你增发用真金白银？还是用实物资产？而且最关键性项目；是否符合国家调整产业转型升级范围？因为；从年报上看公司未来发展目标是以商业贸易，物业租赁，房地产方面战略转移。这样三个领域称得上用‘战略转移吗？’有前途吗？有没有科技含量？我们担心；这是三个传统型行业，更没有什么科技含量，而且其中房地产业受宏观调控，就拿你当初将房屋租赁合同注入上公司最终你还是掏腰包来补足差额？因此这三个行业也谈不上“做大”“做强”而言的。因此我们认为；转型升级；应该是战略性新兴产业并带有一定科技含量才能算‘转型升级’。另外请问你打算‘增发价格’设定在什么价位上？是不是也采用“低价增发”来拉平当初“高价”受让所造成的损失？从而降低持股成本？要是低于你当初受让价位增发是极不道德的行为。,这个问题问得相当尖锐，现在要发展高科技产业，讲起来好听，但要在短期内实现突破是极其艰难的，我们天润目前还不具备这方面的人才，所以很难发展高科技产业，谢谢！,你回答投资者的问题為什么不正视实际？我们感觉十分失望？如我问你是用真金白银搞增发还是用实物资产？你不明不白回答!我表示抗议!,002113_2012,41,43,2,Complaint,Q2针对A1回避增发支付方式问题，抗议其未正面回答。,,,1
positive,哈哈，本人实话实说。0730--3338763这个电话不会没人接听。本人怎么从来没打通过，永远无人接听，赖总要实诚一点啊。 好像湖南省证监局对上市公司咨询电话进行过多次暗访，对7家公司要求进行整改，天润公司没有列入名单进行整改，谢谢！,你回答投资者的问题為什么不正视实际？我们感觉十分失望？如我问你是用真金白银搞增发还是用实物资产？你不明不白回答!我表示抗议!,1,disclosure_detail,dep_reason,Q2明确针对A1回避态度和之前增发问题回答不明确，直接表达失望和抗议。,哈哈，本人实话实说。0730--3338763这个电话不会没人接听。本人怎么从来没打通过，永远无人接听，赖总要实诚一点啊。,好像湖南省证监局对上市公司咨询电话进行过多次暗访，对7家公司要求进行整改，天润公司没有列入名单进行整改，谢谢！,你回答投资者的问题為什么不正视实际？我们感觉十分失望？如我问你是用真金白银搞增发还是用实物资产？你不明不白回答!我表示抗议!,002113_2012,42,43,1,Complaint,Q2明确针对A1回避态度和之前增发问题回答不明确，直接表达失望和抗议。,,,1
positive,公司今年利润会有哪些新的增长点?有新的利润增长线投产吗？ 公司正在进行资产重组，谢谢！,赖董事长，您曾在1月20日回答提问时说过，选择项目要慎重考虑，要有超前眼光，现在正在重组，请问这种超前眼光是不是指向新兴产业方向发展，而不再是传统产业。,2,restructuring,dep_reason,Q2承接A1中的重组话题，追问是否指向新兴产业方向。,公司今年利润会有哪些新的增长点?有新的利润增长线投产吗？,公司正在进行资产重组，谢谢！,赖董事长，您曾在1月20日回答提问时说过，选择项目要慎重考虑，要有超前眼光，现在正在重组，请问这种超前眼光是不是指向新兴产业方向发展，而不再是传统产业。,002113_2013,10,14,4,Elaboration,Q2承接A1中的重组话题，追问是否指向新兴产业方向。,,,1
positive,面对目前市场的不景气，你们采取了怎样的应对措施？对市场的预期如何？ 公司努力做好产业转型的文章，加快重组进程，实现快速发展。谢谢！,赖董事长，您曾在1月20日回答提问时说过，选择项目要慎重考虑，要有超前眼光，现在正在重组，请问这种超前眼光是不是指向新兴产业方向发展，而不再是传统产业。,2,restructuring,dep_reason,Q2针对A1中‘加快重组进程’继续追问重组方向，依赖A1的具体内容。,面对目前市场的不景气，你们采取了怎样的应对措施？对市场的预期如何？,公司努力做好产业转型的文章，加快重组进程，实现快速发展。谢谢！,赖董事长，您曾在1月20日回答提问时说过，选择项目要慎重考虑，要有超前眼光，现在正在重组，请问这种超前眼光是不是指向新兴产业方向发展，而不再是传统产业。,002113_2013,12,14,2,Elaboration,Q2针对A1中‘加快重组进程’继续追问重组方向，依赖A1的具体内容。,,,1
positive,您认为公司在激烈的竞争环境下有哪些方面需要加强吗？ 公司去年主要是依靠租金收入，收入稳定，今年公司拟进行了重大战略重组，增加新的利润增长点，谢谢！,赖董事长，您曾在1月20日回答提问时说过，选择项目要慎重考虑，要有超前眼光，现在正在重组，请问这种超前眼光是不是指向新兴产业方向发展，而不再是传统产业。,2,restructuring,dep_reason,Q2针对A1中的重大战略重组继续追问具体产业方向。,您认为公司在激烈的竞争环境下有哪些方面需要加强吗？,公司去年主要是依靠租金收入，收入稳定，今年公司拟进行了重大战略重组，增加新的利润增长点，谢谢！,赖董事长，您曾在1月20日回答提问时说过，选择项目要慎重考虑，要有超前眼光，现在正在重组，请问这种超前眼光是不是指向新兴产业方向发展，而不再是传统产业。,002113_2013,13,14,1,Elaboration,Q2针对A1中的重大战略重组继续追问具体产业方向。,,,1
positive,能谈谈公司短期目标与长期目标吗？ 短期目标的完成本次重大资产重组，实现公司持续稳定地增长，谢谢！,本次重组产业的前景怎么样？,2,restructuring,dep_reason,Q2针对A1提到的重组继续追问产业前景。,能谈谈公司短期目标与长期目标吗？,短期目标的完成本次重大资产重组，实现公司持续稳定地增长，谢谢！,本次重组产业的前景怎么样？,002113_2013,22,26,4,Elaboration,Q2针对A1提到的重组继续追问产业前景。,,,1
positive,能谈谈公司短期目标与长期目标吗？ 短期目标的完成本次重大资产重组，实现公司持续稳定地增长，谢谢！,赖董事长，请问重组进程顺利吗？大概什么时候能复牌？,2,restructuring,dep_reason,Q2针对A1中提到的重组继续追问进程与复牌时间。,能谈谈公司短期目标与长期目标吗？,短期目标的完成本次重大资产重组，实现公司持续稳定地增长，谢谢！,赖董事长，请问重组进程顺利吗？大概什么时候能复牌？,002113_2013,22,27,5,Elaboration,Q2针对A1中提到的重组继续追问进程与复牌时间。,,,1
positive,公司今年的业绩增长点是哪些？ 谢谢您的关心！公司正在进行资产重组。,本次重组产业的前景怎么样？,2,restructuring,dep_reason,Q2 针对 A1 提到的资产重组继续追问产业前景。,公司今年的业绩增长点是哪些？,谢谢您的关心！公司正在进行资产重组。,本次重组产业的前景怎么样？,002113_2013,23,26,3,Elaboration,Q2 针对 A1 提到的资产重组继续追问产业前景。,,,1
positive,公司今年的业绩增长点是哪些？ 谢谢您的关心！公司正在进行资产重组。,赖董事长，请问重组进程顺利吗？大概什么时候能复牌？,2,restructuring,dep_reason,Q2围绕A1中的资产重组继续追问进程和复牌时间。,公司今年的业绩增长点是哪些？,谢谢您的关心！公司正在进行资产重组。,赖董事长，请问重组进程顺利吗？大概什么时候能复牌？,002113_2013,23,27,4,Elaboration,Q2围绕A1中的资产重组继续追问进程和复牌时间。,,,1
positive,贵公司这个行业成长性如何？ 谢谢您关心！公司正在进行重组。,本次重组产业的前景怎么样？,2,restructuring,dep_reason,Q2针对A1中提到的重组继续追问其产业前景。,贵公司这个行业成长性如何？,谢谢您关心！公司正在进行重组。,本次重组产业的前景怎么样？,002113_2013,25,26,1,Elaboration,Q2针对A1中提到的重组继续追问其产业前景。,,,1
positive,贵公司这个行业成长性如何？ 谢谢您关心！公司正在进行重组。,赖董事长，请问重组进程顺利吗？大概什么时候能复牌？,2,restructuring,dep_reason,Q2针对A1中提及的重组继续追问进程和复牌时间。,贵公司这个行业成长性如何？,谢谢您关心！公司正在进行重组。,赖董事长，请问重组进程顺利吗？大概什么时候能复牌？,002113_2013,25,27,2,Elaboration,Q2针对A1中提及的重组继续追问进程和复牌时间。,,,1
positive,你们对2013年的业绩满意不？ 谢谢您关心！不很满意，所以公司进行资产重组。,现在行业的并购都比较频繁，导致上市公司并购的成本提高，请问您是如何看待这一现象？公司在并购中会否出现高价并购的问题？,2,restructuring,dep_reason,Q2基于A1中资产重组信息，追问并购现象和公司高价并购风险。,你们对2013年的业绩满意不？,谢谢您关心！不很满意，所以公司进行资产重组。,现在行业的并购都比较频繁，导致上市公司并购的成本提高，请问您是如何看待这一现象？公司在并购中会否出现高价并购的问题？,002113_2013,30,33,3,Elaboration,Q2基于A1中资产重组信息，追问并购现象和公司高价并购风险。,,,1
positive,"公司的持续良性发展是投资者投资信心的有力保证,愿公司的发展能为投资者带来良好的回报! 公司将通过此次重大资产重组，实现持续良性发展，回报广大投资者，谢谢！",股票已停牌，是否可以大致说说重组方所处的行业？是采用定向增发方式吗？,1,disclosure_detail,dep_reason,Q2围绕A1中披露的重大资产重组，追问重组方行业及是否采用定向增发方式。,"公司的持续良性发展是投资者投资信心的有力保证,愿公司的发展能为投资者带来良好的回报!",公司将通过此次重大资产重组，实现持续良性发展，回报广大投资者，谢谢！,股票已停牌，是否可以大致说说重组方所处的行业？是采用定向增发方式吗？,002113_2013,36,41,5,Elaboration,Q2围绕A1中披露的重大资产重组，追问重组方行业及是否采用定向增发方式。,,,1
positive,请问公司去年业绩大增，但是资产收益率仍然偏低，公司的财务状况是不是还可以继续优化？ 谢谢您的关心！公司正努力做好产业转型的文章，加快重组进程，实现快速发展。,股票已停牌，是否可以大致说说重组方所处的行业？是采用定向增发方式吗？,1,disclosure_detail,dep_reason,Q2围绕A1中提到的重组进程，追问重组方行业和增发方式，索要具体细节。,请问公司去年业绩大增，但是资产收益率仍然偏低，公司的财务状况是不是还可以继续优化？,谢谢您的关心！公司正努力做好产业转型的文章，加快重组进程，实现快速发展。,股票已停牌，是否可以大致说说重组方所处的行业？是采用定向增发方式吗？,002113_2013,39,41,2,Elaboration,Q2围绕A1中提到的重组进程，追问重组方行业和增发方式，索要具体细节。,,,1
positive,请问公司去年业绩大增，但是资产收益率仍然偏低，公司的财务状况是不是还可以继续优化？ 谢谢您的关心！公司正努力做好产业转型的文章，加快重组进程，实现快速发展。,本次重组，大股东控股权有没有增强？大股东会认购增发股份占比是多少？,2,restructuring,dep_reason,Q2针对A1中提到的重组进程，进一步追问大股东控股权和认购股份比例。,请问公司去年业绩大增，但是资产收益率仍然偏低，公司的财务状况是不是还可以继续优化？,谢谢您的关心！公司正努力做好产业转型的文章，加快重组进程，实现快速发展。,本次重组，大股东控股权有没有增强？大股东会认购增发股份占比是多少？,002113_2013,39,42,3,Elaboration,Q2针对A1中提到的重组进程，进一步追问大股东控股权和认购股份比例。,,,1
positive,1.请问公司2013年的产能和产能利用率情况？2.公司是否已经恢复到2010年的经营情况了？3.公司的现金流情况怎么样？ 谢谢您的关心！我公司已彻底退出了化工生产，在向商业贸易、物业租赁等方面稳步推进。,能否介绍下公司的关于生产能力方面的情况？,2,answer_pressure,dep_reason,Q2重复Q1中产能问题，而A1未正面回应，属于隐性催促。,1.请问公司2013年的产能和产能利用率情况？2.公司是否已经恢复到2010年的经营情况了？3.公司的现金流情况怎么样？,谢谢您的关心！我公司已彻底退出了化工生产，在向商业贸易、物业租赁等方面稳步推进。,能否介绍下公司的关于生产能力方面的情况？,002113_2013,40,43,3,Complaint,Q2重复Q1中产能问题，而A1未正面回应，属于隐性催促。,,,1
positive,公司有没有一个目标，增值业务收入要占到全部收入的多少比例？ 公司目前进行战略转型中，若转型在成功，收入将会发生很大的改变，所以目前还不好说，谢谢！,公司在筹划什么类型的事项？,2,strategy_planning,dep_reason,Q2围绕A1中的战略转型继续追问具体筹划事项。,公司有没有一个目标，增值业务收入要占到全部收入的多少比例？,公司目前进行战略转型中，若转型在成功，收入将会发生很大的改变，所以目前还不好说，谢谢！,公司在筹划什么类型的事项？,002113_2014,3,6,3,Elaboration,Q2围绕A1中的战略转型继续追问具体筹划事项。,,,1
positive,公司股票下周能复牌吗 正在做相关工作，力争复牌，谢谢！,目前重大事项进展如何？清明长假节能复牌吗？所定增的企业质地怎样？在互联网业前景如何？,1,disclosure_detail,dep_reason,Q2追问清明复牌时间和重大事项进展，依赖A1中“正在做相关工作力争复牌”的回应。,公司股票下周能复牌吗,正在做相关工作，力争复牌，谢谢！,目前重大事项进展如何？清明长假节能复牌吗？所定增的企业质地怎样？在互联网业前景如何？,002113_2014,15,17,2,Elaboration,Q2追问清明复牌时间和重大事项进展，依赖A1中“正在做相关工作力争复牌”的回应。,,,1
positive,公司的新的项目的进展情况怎样？麻烦告知 正在积极筹划中，力争在下星期出公告，谢谢关心！,目前重大事项进展如何？清明长假节能复牌吗？所定增的企业质地怎样？在互联网业前景如何？,1,disclosure_detail,dep_reason,Q2围绕A1的“下星期出公告”追问复牌时间，并细化标的质地和前景。,公司的新的项目的进展情况怎样？麻烦告知,正在积极筹划中，力争在下星期出公告，谢谢关心！,目前重大事项进展如何？清明长假节能复牌吗？所定增的企业质地怎样？在互联网业前景如何？,002113_2014,16,17,1,Elaboration,Q2围绕A1的“下星期出公告”追问复牌时间，并细化标的质地和前景。,,,1
positive,2014年已经过去了，大家更想知道这一年公司的发展规划。 公司正处于战略转型阶段，谢谢！,公司目前已无主业靠大股东划转的房产租金维系保壳，中长期公司有何规划做大做强，此次停牌如顺利增发引进互联网类企业，所引进的企业前景如何？目前企业资产不大为了不失去控股权所引进的企业应也不大吧。如此次成功公司后期还有何打算继续收购互联网类企业还是有其它打算？公司对于以后的发展应有定位吧？向何方向转型并最终做大做好做强？请如实回答让中小股东知道企业的发展前景从而有信心持有。,1,disclosure_detail,dep_reason,Q2针对A1笼统回答“战略转型阶段”要求具体化发展规划并如实回答，属于对回避态度的追讨。,2014年已经过去了，大家更想知道这一年公司的发展规划。,公司正处于战略转型阶段，谢谢！,公司目前已无主业靠大股东划转的房产租金维系保壳，中长期公司有何规划做大做强，此次停牌如顺利增发引进互联网类企业，所引进的企业前景如何？目前企业资产不大为了不失去控股权所引进的企业应也不大吧。如此次成功公司后期还有何打算继续收购互联网类企业还是有其它打算？公司对于以后的发展应有定位吧？向何方向转型并最终做大做好做强？请如实回答让中小股东知道企业的发展前景从而有信心持有。,002113_2014,20,25,5,Complaint,Q2针对A1笼统回答“战略转型阶段”要求具体化发展规划并如实回答，属于对回避态度的追讨。,,,1
positive,请问既然不重组，为什么停这么时间，既然停牌了，为何不透露究竟什么重大事项 正在筹划中，还没有形成最终方案，请您多理解！,能否告知下一季度的具体规划?,1,disclosure_detail,dep_reason,Q2针对A1中“正在筹划”要求具体规划细节。,请问既然不重组，为什么停这么时间，既然停牌了，为何不透露究竟什么重大事项,正在筹划中，还没有形成最终方案，请您多理解！,能否告知下一季度的具体规划?,002113_2014,31,34,3,Elaboration,Q2针对A1中“正在筹划”要求具体规划细节。,,,1
positive,能否告知下一季度的具体规划? 公司目前主要精力放在战略转型中，下一季度也会加紧落实董事会的相关决议，加紧做转型工作，谢谢！,公司的战略投资现在怎么样了？,1,disclosure_detail,dep_reason,Q2针对A1中‘战略转型’笼统表述，追问战略投资具体进展。,能否告知下一季度的具体规划?,公司目前主要精力放在战略转型中，下一季度也会加紧落实董事会的相关决议，加紧做转型工作，谢谢！,公司的战略投资现在怎么样了？,002113_2014,34,38,4,Elaboration,Q2针对A1中‘战略转型’笼统表述，追问战略投资具体进展。,,,1
positive,你对公司的股价有何看法？管理层能采取更多的措施提振公司股价？ 公司在尽最大努力进行战略转型，但公司控制不了股价，谢谢关心！,虽说股价波动是市场行为，但是，还是希望公司在提振股价、提升股东信心方面有所作为，不知公司有何举措？,1,disclosure_detail,dep_reason,Q2针对A1回避具体措施，继续追问提振股价的举措。,你对公司的股价有何看法？管理层能采取更多的措施提振公司股价？,公司在尽最大努力进行战略转型，但公司控制不了股价，谢谢关心！,虽说股价波动是市场行为，但是，还是希望公司在提振股价、提升股东信心方面有所作为，不知公司有何举措？,002113_2014,35,36,1,Elaboration,Q2针对A1回避具体措施，继续追问提振股价的举措。,,,1
positive,虽说股价波动是市场行为，但是，还是希望公司在提振股价、提升股东信心方面有所作为，不知公司有何举措？ 公司正在努力进行战略转型，谢谢您的关心与支持！,公司的战略投资现在怎么样了？,1,disclosure_detail,dep_reason,Q2针对A1中“战略转型”进一步追问战略投资进展。,虽说股价波动是市场行为，但是，还是希望公司在提振股价、提升股东信心方面有所作为，不知公司有何举措？,公司正在努力进行战略转型，谢谢您的关心与支持！,公司的战略投资现在怎么样了？,002113_2014,36,38,2,Elaboration,Q2针对A1中“战略转型”进一步追问战略投资进展。,,,1
positive,公司有考虑收购兼并其他品牌吗？近期有规划吗？ 公司目前工作重心是尽快完成本次非公开发行股票的后续工作，暂无考虑收购其他品牌的计划，谢谢！,请正面回应，公可非公开发行四月能否完成。,2,restructuring,dep_reason,Q2针对A1中提到的非公开发行工作追问四月能否完成的时间表。,公司有考虑收购兼并其他品牌吗？近期有规划吗？,公司目前工作重心是尽快完成本次非公开发行股票的后续工作，暂无考虑收购其他品牌的计划，谢谢！,请正面回应，公可非公开发行四月能否完成。,002113_2015,25,29,4,Elaboration,Q2针对A1中提到的非公开发行工作追问四月能否完成的时间表。,,,1
positive,请问公司如何应对不断上升的各项成本?如何稳定毛利水平? 公司目前的毛利率比较稳定，谢谢！,"请问面对原材料价格的不断上涨,公司成本控制方面采取的策略?",2,performance_governance,dep_reason,Q2重复追问Q1中未回答的成本控制策略，A1未正面回应。,请问公司如何应对不断上升的各项成本?如何稳定毛利水平?,公司目前的毛利率比较稳定，谢谢！,"请问面对原材料价格的不断上涨,公司成本控制方面采取的策略?",002113_2015,30,33,3,Complaint,Q2重复追问Q1中未回答的成本控制策略，A1未正面回应。,,,1
positive,请问公司如何应对不断上升的各项成本?如何稳定毛利水平? 公司目前的毛利率比较稳定，谢谢！,我问的是本部，点点乐是子公司，他有自己一套班子，还要业绩对赌。我说你本部就是一个空壳，租赁个物业，就满足了？,2,answer_pressure,dep_reason,Q2指出A1未回答本部情况，抱怨回答笼统并质疑本部空壳。,请问公司如何应对不断上升的各项成本?如何稳定毛利水平?,公司目前的毛利率比较稳定，谢谢！,我问的是本部，点点乐是子公司，他有自己一套班子，还要业绩对赌。我说你本部就是一个空壳，租赁个物业，就满足了？,002113_2015,30,35,5,Complaint,Q2指出A1未回答本部情况，抱怨回答笼统并质疑本部空壳。,,,1
positive,"请问面对原材料价格的不断上涨,公司成本控制方面采取的策略? 公司已经退出了化工行业，现主营物业租赁，将转型为移动网络游戏的研发及运营业务行业。谢谢！",我问的是本部，点点乐是子公司，他有自己一套班子，还要业绩对赌。我说你本部就是一个空壳，租赁个物业，就满足了？,2,answer_pressure,dep_reason,Q2明确针对A1未回答本部问题而提出质疑，并指出本部空壳现象。,"请问面对原材料价格的不断上涨,公司成本控制方面采取的策略?",公司已经退出了化工行业，现主营物业租赁，将转型为移动网络游戏的研发及运营业务行业。谢谢！,我问的是本部，点点乐是子公司，他有自己一套班子，还要业绩对赌。我说你本部就是一个空壳，租赁个物业，就满足了？,002113_2015,33,35,2,Challenge,Q2明确针对A1未回答本部问题而提出质疑，并指出本部空壳现象。,,,1
positive,你好，今年公司在市场开拓方面有什么计划？能否详细谈谈？ 公司拟收购的上海点点乐游戏公司计划每年推出两款新产品，谢谢！,我问的是本部，点点乐是子公司，他有自己一套班子，还要业绩对赌。我说你本部就是一个空壳，租赁个物业，就满足了？,1,disclosure_detail,dep_reason,Q2针对A1回避本部问题、转向子公司作答的回避行为进行抱怨和追问。,你好，今年公司在市场开拓方面有什么计划？能否详细谈谈？,公司拟收购的上海点点乐游戏公司计划每年推出两款新产品，谢谢！,我问的是本部，点点乐是子公司，他有自己一套班子，还要业绩对赌。我说你本部就是一个空壳，租赁个物业，就满足了？,002113_2015,34,35,1,Complaint,Q2针对A1回避本部问题、转向子公司作答的回避行为进行抱怨和追问。,,,1
positive,我问的是本部，点点乐是子公司，他有自己一套班子，还要业绩对赌。我说你本部就是一个空壳，租赁个物业，就满足了？ 公司本部暂无发展新业务计划，谢谢！,今年预计有多少合同金额？预计能确认多少营业收入呢？,1,disclosure_detail,dep_reason,Q2针对A1回避本部空壳问题，追问具体合同和收入数据来验证。,我问的是本部，点点乐是子公司，他有自己一套班子，还要业绩对赌。我说你本部就是一个空壳，租赁个物业，就满足了？,公司本部暂无发展新业务计划，谢谢！,今年预计有多少合同金额？预计能确认多少营业收入呢？,002113_2015,35,36,1,Challenge,Q2针对A1回避本部空壳问题，追问具体合同和收入数据来验证。,,,1
positive,公司今年有确定的订单吗？金额有多大？净利润怎样？ 公司暂没有接到确定的订单，谢谢！,公司此平台平时回复较慢。能否规定每个周五回答一次。现在手机上回答很方便。不要以出差为借口。,2,answer_pressure,dep_reason,Q2针对A1回答不及时进行抱怨和催促。,公司今年有确定的订单吗？金额有多大？净利润怎样？,公司暂没有接到确定的订单，谢谢！,公司此平台平时回复较慢。能否规定每个周五回答一次。现在手机上回答很方便。不要以出差为借口。,002113_2015,39,41,2,Complaint,Q2针对A1回答不及时进行抱怨和催促。,,,1
positive,请问公司现在在什么发展阶段？是成熟期？还是什么时期？ 公司已向互联网游戏文化传媒行业进行转型，目前还处于起步阶段，谢谢！,公司既然转型，那么土地能否处置,1,disclosure_detail,dep_reason,Q2基于A1的转型表述进一步追问土地处置细节，属于对转型后果的细化。,请问公司现在在什么发展阶段？是成熟期？还是什么时期？,公司已向互联网游戏文化传媒行业进行转型，目前还处于起步阶段，谢谢！,公司既然转型，那么土地能否处置,002113_2015,49,50,1,Elaboration,Q2基于A1的转型表述进一步追问土地处置细节，属于对转型后果的细化。,,,1
positive,请问贵司今后有新增多少产能？下游客户能吸收的完吗？ 公司目前已正在停牌进行重大资产重组，收购新项目，方案正在制定，谢谢关心。,公司新项目何时能对公司贡献利润？预计每年可实现净利润多少？,2,performance_governance,dep_reason,Q2依赖A1中提及的“收购新项目”，继续追问利润贡献时间和净利润预测。,请问贵司今后有新增多少产能？下游客户能吸收的完吗？,公司目前已正在停牌进行重大资产重组，收购新项目，方案正在制定，谢谢关心。,公司新项目何时能对公司贡献利润？预计每年可实现净利润多少？,002113_2016,3,4,1,Elaboration,Q2依赖A1中提及的“收购新项目”，继续追问利润贡献时间和净利润预测。,,,1
positive,公司新项目何时能对公司贡献利润？预计每年可实现净利润多少？ 公司2016年年度报告中已有体现。请随时关注公司公告。谢谢！,请问公司明年净利润能做到多少？,2,performance_governance,dep_reason,Q2重复Q1中净利润预测问题，A1未正面回答。,公司新项目何时能对公司贡献利润？预计每年可实现净利润多少？,公司2016年年度报告中已有体现。请随时关注公司公告。谢谢！,请问公司明年净利润能做到多少？,002113_2016,4,7,3,Complaint,Q2重复Q1中净利润预测问题，A1未正面回答。,,,1
positive,年年重组，年年亏，请问贵司有没考虑到投资者的利益？ 这两年公司通过重组购买资产都实现了盈利，没有出现亏损。谢谢关心！,贵公司发布的业绩预告加上并购的两家公司报表了吗？,2,restructuring,dep_reason,Q2针对A1中重组购买资产实现盈利，追问业绩预告是否已包含并购公司报表。,年年重组，年年亏，请问贵司有没考虑到投资者的利益？,这两年公司通过重组购买资产都实现了盈利，没有出现亏损。谢谢关心！,贵公司发布的业绩预告加上并购的两家公司报表了吗？,002113_2017,9,12,3,Elaboration,Q2针对A1中重组购买资产实现盈利，追问业绩预告是否已包含并购公司报表。,,,1
positive,请问公司的手游悠悠恋物语流水是否符合预期？ 公司子公司上海点点乐未完成预期收益，悠悠恋物语流水也未达到预期。谢谢关心！,收购的公司有没有达到预期收益，贵公司如何提升业绩？,2,performance_governance,dep_reason,Q2基于A1中提及的收购公司未达预期收益，进一步追问提升业绩的具体措施。,请问公司的手游悠悠恋物语流水是否符合预期？,公司子公司上海点点乐未完成预期收益，悠悠恋物语流水也未达到预期。谢谢关心！,收购的公司有没有达到预期收益，贵公司如何提升业绩？,002113_2017,17,20,3,Elaboration,Q2基于A1中提及的收购公司未达预期收益，进一步追问提升业绩的具体措施。,,,1
positive,请问高管层对公司的经营状况如何看？ 公司目前除上海点点乐失去控制，其他子公司均经营正常，谢谢您的关心。,公司与上海点点乐原股东就业绩补偿达成协议，对于该协议广大股东应该有知情权，请问公司方面为何没有披露，以后打算披露吗？,1,disclosure_detail,dep_reason,Q2 针对 A1 中上海点点乐失控事项，追问相关业绩补偿协议未披露的原因及计划。,请问高管层对公司的经营状况如何看？,公司目前除上海点点乐失去控制，其他子公司均经营正常，谢谢您的关心。,公司与上海点点乐原股东就业绩补偿达成协议，对于该协议广大股东应该有知情权，请问公司方面为何没有披露，以后打算披露吗？,002113_2018,3,6,3,Challenge,Q2 针对 A1 中上海点点乐失控事项，追问相关业绩补偿协议未披露的原因及计划。,,,1
positive,公司与上海点点乐原股东就业绩补偿达成协议，对于该协议广大股东应该有知情权，请问公司方面为何没有披露，以后打算披露吗？ 公司已进行披露，详见2018年8月31日、10月10日关于债权转让的公告，谢谢！,公司与上海点点乐原股东就业绩补偿达成协议，该协议是否需要公告？据查公司实际控制人赖淦峰近年官司缠身，债务累累，他归还占用的公司资金以及解除公司担保的可能性是多少？,1,disclosure_detail,dep_reason,Q2第一个子问题质疑A1所称'已披露'是否满足公告要求，直接针对A1回应继续追问。,公司与上海点点乐原股东就业绩补偿达成协议，对于该协议广大股东应该有知情权，请问公司方面为何没有披露，以后打算披露吗？,公司已进行披露，详见2018年8月31日、10月10日关于债权转让的公告，谢谢！,公司与上海点点乐原股东就业绩补偿达成协议，该协议是否需要公告？据查公司实际控制人赖淦峰近年官司缠身，债务累累，他归还占用的公司资金以及解除公司担保的可能性是多少？,002113_2018,6,11,5,Challenge,Q2第一个子问题质疑A1所称'已披露'是否满足公告要求，直接针对A1回应继续追问。,,,1
positive,公司一直说努力解决问题，那现在到解决问题的哪一步了，能给我们这些散户一个期限吧，还是任务事件继续发酵 因违规担保涉及金额较大，公司将逐步解决问题，目前已解决了几笔违规担保，控股股东也在积极筹措资金，谢谢关注！,控股股东利用上市公司进行违规担保，还对上市公司有欠款，这样的控股股东要了有何用？这么长时间了，什么时候能解决问题？,2,answer_pressure,dep_reason,Q2针对A1未给出具体期限，催促解决问题时间。,公司一直说努力解决问题，那现在到解决问题的哪一步了，能给我们这些散户一个期限吧，还是任务事件继续发酵,因违规担保涉及金额较大，公司将逐步解决问题，目前已解决了几笔违规担保，控股股东也在积极筹措资金，谢谢关注！,控股股东利用上市公司进行违规担保，还对上市公司有欠款，这样的控股股东要了有何用？这么长时间了，什么时候能解决问题？,002113_2019,0,2,2,Complaint,Q2针对A1未给出具体期限，催促解决问题时间。,,,1
positive,我就想问问，公司会被退市吗？？ 您好！2018年度和2019年度连续两年净利润为负值，如果2020年度再亏损的话，公司股票将被暂停上市，公司会力争2020年度盈利。谢谢关心。,请问麦董事长，公司已经实施退市风险警示，2020年公司有信心能扭亏吗,2,performance_governance,dep_reason,Q2围绕A1中力争2020年盈利的表述，继续追问扭亏信心。,我就想问问，公司会被退市吗？？,您好！2018年度和2019年度连续两年净利润为负值，如果2020年度再亏损的话，公司股票将被暂停上市，公司会力争2020年度盈利。谢谢关心。,请问麦董事长，公司已经实施退市风险警示，2020年公司有信心能扭亏吗,002113_2019,4,5,1,Elaboration,Q2围绕A1中力争2020年盈利的表述，继续追问扭亏信心。,,,1
positive,"请问俞凤英：下半年宁行大小非解禁数量很大,对股价压力肯定不小,有什么对策? 大小非解禁之后，按照目前的情况确实对股价有很大的压力，我相信不管哪个公司其股价最终是靠业绩来支撑的，我们管理层尽心把这个银行做好，尽量减小大小解禁对银行股价的压力。谢谢！",请问俞凤英：以宁行现在的业绩能支撑目前的股价吗?,2,performance_governance,dep_reason,Q2质疑A1中“业绩支撑股价”的说法，针对当前业绩是否足够。,"请问俞凤英：下半年宁行大小非解禁数量很大,对股价压力肯定不小,有什么对策?",大小非解禁之后，按照目前的情况确实对股价有很大的压力，我相信不管哪个公司其股价最终是靠业绩来支撑的，我们管理层尽心把这个银行做好，尽量减小大小解禁对银行股价的压力。谢谢！,请问俞凤英：以宁行现在的业绩能支撑目前的股价吗?,002142_2007,2,7,5,Challenge,Q2质疑A1中“业绩支撑股价”的说法，针对当前业绩是否足够。,,,1
positive,"请问俞凤英：下半年宁行大小非解禁压力很大,对股价也会产生压力请问有什么对策吗? 大小非解禁之后，按照目前的情况确实对股价有很大的压力，我相信不管哪个公司其股价最终是靠业绩来支撑的，我们管理层尽心把这个银行做好，尽量减小大小解禁对银行股价的压力。谢谢！",请问俞凤英：请原谅，可以告诉大家，您在多长的时间内不会减持你手中的宁行股票？谢谢？,2,shareholder_return,dep_reason,Q2针对A1中管理层尽心的表态，追问个人减持时间承诺，属于内容依赖。,"请问俞凤英：下半年宁行大小非解禁压力很大,对股价也会产生压力请问有什么对策吗?",大小非解禁之后，按照目前的情况确实对股价有很大的压力，我相信不管哪个公司其股价最终是靠业绩来支撑的，我们管理层尽心把这个银行做好，尽量减小大小解禁对银行股价的压力。谢谢！,请问俞凤英：请原谅，可以告诉大家，您在多长的时间内不会减持你手中的宁行股票？谢谢？,002142_2007,44,45,1,Elaboration,Q2针对A1中管理层尽心的表态，追问个人减持时间承诺，属于内容依赖。,,,1
positive,请问陆华裕：请问陆总，假设你离开宁波银行，你是否会抛售你持有的股票，谢谢 谢谢您的提问。我挚爱宁波银行，没有想过要离开宁波银行。谢谢。,请问陆华裕：请原谅，我还是想问您，你在多长的时间内不会减持你行的股票？谢谢！,2,shareholder_return,dep_reason,Q2针对A1未具体回答减持时间继续追问。,请问陆华裕：请问陆总，假设你离开宁波银行，你是否会抛售你持有的股票，谢谢,谢谢您的提问。我挚爱宁波银行，没有想过要离开宁波银行。谢谢。,请问陆华裕：请原谅，我还是想问您，你在多长的时间内不会减持你行的股票？谢谢！,002142_2007,53,57,4,Complaint,Q2针对A1未具体回答减持时间继续追问。,,,1
positive,请问陆华裕：请原谅，我还是想问您，你在多长的时间内不会减持你行的股票？谢谢！ 谢谢您的关心。我对我行的发展充满信心，挚爱宁波银行，目前还没有减持的打算。再次谢谢您的提问。,请问陆华裕：请问您和俞凤英行长在多久的时间内不会减持你行的股票？可以给大家点承诺吗？谢谢,2,shareholder_return,dep_reason,Q2针对A1模糊表态追问具体减持时间承诺，并扩展对象至俞凤英行长。,请问陆华裕：请原谅，我还是想问您，你在多长的时间内不会减持你行的股票？谢谢！,谢谢您的关心。我对我行的发展充满信心，挚爱宁波银行，目前还没有减持的打算。再次谢谢您的提问。,请问陆华裕：请问您和俞凤英行长在多久的时间内不会减持你行的股票？可以给大家点承诺吗？谢谢,002142_2007,57,59,2,Elaboration,Q2针对A1模糊表态追问具体减持时间承诺，并扩展对象至俞凤英行长。,,,1
positive,"请问贵行与其他城商行相比,有何优势? 谢谢你的提问。&lt;br&gt;我行与其它城商行相比，我们立足于中小企业，我们有比较稳定的团队，我们有明确的发展战略，我们有新加坡华侨银行的大力支持，还有像你们这样中小股东的关心，这些对于我们银行的稳健发展是非常有优势的。&lt;br&gt;再次感谢！",贵行目前立足长三角的发展战略从长远看是否短视？银行网络分布全国主要经济带是发展银行业务的重要优势，也是企业选择银行的重要标准之一。,2,strategy_planning,dep_reason,Q2针对A1中“明确的发展战略”进一步质疑其长远性，属于对A1内容的追问。,"请问贵行与其他城商行相比,有何优势?",谢谢你的提问。&lt;br&gt;我行与其它城商行相比，我们立足于中小企业，我们有比较稳定的团队，我们有明确的发展战略，我们有新加坡华侨银行的大力支持，还有像你们这样中小股东的关心，这些对于我们银行的稳健发展是非常有优势的。&lt;br&gt;再次感谢！,贵行目前立足长三角的发展战略从长远看是否短视？银行网络分布全国主要经济带是发展银行业务的重要优势，也是企业选择银行的重要标准之一。,002142_2008,16,17,1,Challenge,Q2针对A1中“明确的发展战略”进一步质疑其长远性，属于对A1内容的追问。,,,1
positive,贵行目前立足长三角的发展战略从长远看是否短视？银行网络分布全国主要经济带是发展银行业务的重要优势，也是企业选择银行的重要标准之一。 是的。目前，我们的发展主要在长三角，随着长三角的布局的完成，我们会考虑在其他区域开拓业务。谢谢！,请问陆总，在向外扩张的城市，公司遇到经营上有啥难题？因为从报表上看只有杭州有赢利，其它还没看到赢利。,2,performance_governance,dep_reason,Q2基于A1向外扩张的表述，追问具体经营难题，属于内容依赖。,贵行目前立足长三角的发展战略从长远看是否短视？银行网络分布全国主要经济带是发展银行业务的重要优势，也是企业选择银行的重要标准之一。,是的。目前，我们的发展主要在长三角，随着长三角的布局的完成，我们会考虑在其他区域开拓业务。谢谢！,请问陆总，在向外扩张的城市，公司遇到经营上有啥难题？因为从报表上看只有杭州有赢利，其它还没看到赢利。,002142_2008,17,19,2,Elaboration,Q2基于A1向外扩张的表述，追问具体经营难题，属于内容依赖。,,,1
positive,贵行目前立足长三角的发展战略从长远看是否短视？银行网络分布全国主要经济带是发展银行业务的重要优势，也是企业选择银行的重要标准之一。 是的。目前，我们的发展主要在长三角，随着长三角的布局的完成，我们会考虑在其他区域开拓业务。谢谢！,请问宁波银行未来向外地扩张设分行有没有具体的计划?,2,strategy_planning,dep_reason,Q2针对A1中未来在其他区域开拓业务的承诺要求具体计划。,贵行目前立足长三角的发展战略从长远看是否短视？银行网络分布全国主要经济带是发展银行业务的重要优势，也是企业选择银行的重要标准之一。,是的。目前，我们的发展主要在长三角，随着长三角的布局的完成，我们会考虑在其他区域开拓业务。谢谢！,请问宁波银行未来向外地扩张设分行有没有具体的计划?,002142_2008,17,21,4,Elaboration,Q2针对A1中未来在其他区域开拓业务的承诺要求具体计划。,,,1
positive,上市前贵行坏账率在业界最低，拨备最高，为什么去年连续几个季度坏账双升？对比同行，招行08年坏账实现了双降。主要是什么原因造成的？管理层如何应对，控制坏账的增长？09年坏账还会双升么？能否做到至少坏账率是下降的？ 宁波银行上市以前，宁波银行的主要业务主要是在宁波地区，宁波的经济是以中小企业、民营企业为主，在经济上升期，这些企业经营情况都非常良好，因此，我们行不良贷款率非常地低。去年，四季度开始，由于受到国际金融风波影响，特别是出口影响非常大，因此也影响了宁波的出口企业的经营，有些企业也出现了问题，因此也影响了我行的不良贷款，我们行在其他地区的分行资产质量均较好。&lt;br&gt;对于这个情况我们管理层高度重视，加强风险的预警，深入了解企业经营情况，从现在的情况来看，情况已经基本好转，预计09年会比较稳定。谢谢！,行长先生，请问宁波银行2009年控制风险的措施与未来三年发展目标是什么？,2,answer_pressure,dep_reason,Q2要求具体化A1中笼统的“加强风险预警”等控制风险措施。,上市前贵行坏账率在业界最低，拨备最高，为什么去年连续几个季度坏账双升？对比同行，招行08年坏账实现了双降。主要是什么原因造成的？管理层如何应对，控制坏账的增长？09年坏账还会双升么？能否做到至少坏账率是下降的？,宁波银行上市以前，宁波银行的主要业务主要是在宁波地区，宁波的经济是以中小企业、民营企业为主，在经济上升期，这些企业经营情况都非常良好，因此，我们行不良贷款率非常地低。去年，四季度开始，由于受到国际金融风波影响，特别是出口影响非常大，因此也影响了宁波的出口企业的经营，有些企业也出现了问题，因此也影响了我行的不良贷款，我们行在其他地区的分行资产质量均较好。&lt;br&gt;对于这个情况我们管理层高度重视，加强风险的预警，深入了解企业经营情况，从现在的情况来看，情况已经基本好转，预计09年会比较稳定。谢谢！,行长先生，请问宁波银行2009年控制风险的措施与未来三年发展目标是什么？,002142_2008,24,29,5,Elaboration,Q2要求具体化A1中笼统的“加强风险预警”等控制风险措施。,,,1
positive,公司的网站上能不能开通股东向管理层的对话框?很多上市企业都已经开通了. 谢谢你的问题，我们会作研究，再次感谢！,您好，刚刚您说“今后将进一步加强与股东的联系和沟通”，公司的官方网站可不可以增加投资者留言建议这一功能，以便加强沟通！,2,answer_pressure,dep_reason,Q2引用A1笼统回应后继续追问同一建议的具体功能，催促明确答复。,公司的网站上能不能开通股东向管理层的对话框?很多上市企业都已经开通了.,谢谢你的问题，我们会作研究，再次感谢！,您好，刚刚您说“今后将进一步加强与股东的联系和沟通”，公司的官方网站可不可以增加投资者留言建议这一功能，以便加强沟通！,002142_2008,34,39,5,Complaint,Q2引用A1笼统回应后继续追问同一建议的具体功能，催促明确答复。,,,1
positive,"我们银行的成本收入比偏高,对此我们有什么措施呢? 第一，我们加快分行的业务发展，增加收入总量；第二，坚持节约的原则，要求全行树立成本控制意识，减少不必要的开支。谢谢！","1、宁波银行新设分行步伐加快,请介绍新设分行的成本和年度收益预测，第一年年能实现赢亏平衡？第二、第三年能赢利多少？2、银行员工持股总比例上市后有变化吗？是上升了还是下降了？以后有什么安排？",2,performance_governance,dep_reason,Q2第一个子问题针对A1中加快分行发展的措施追问成本和收益预测，属于内容依赖。,"我们银行的成本收入比偏高,对此我们有什么措施呢?",第一，我们加快分行的业务发展，增加收入总量；第二，坚持节约的原则，要求全行树立成本控制意识，减少不必要的开支。谢谢！,"1、宁波银行新设分行步伐加快,请介绍新设分行的成本和年度收益预测，第一年年能实现赢亏平衡？第二、第三年能赢利多少？2、银行员工持股总比例上市后有变化吗？是上升了还是下降了？以后有什么安排？",002142_2008,44,49,5,Elaboration,Q2第一个子问题针对A1中加快分行发展的措施追问成本和收益预测，属于内容依赖。,,,1
positive,"我们银行的ROA一直都是比较高的,这个很好.请问一下行长你们管理层自己分析过是什么原因吗?希望能够一直保持较高的ROA 因为我们的客户定位是中小企业，贷款的利率与大的企业相比会比较高些。今后我们还会以这个定位为主，争取能够保持较高的ROA&lt;br&gt;谢谢！","宁波银行立足于中小企业,长远来看非常有吸引力,但是此服务在国内市场上我们排位如何?同国际上类是银行比较,我们差距大不?",2,strategy_planning,dep_reason,Q2围绕A1中的中小企业定位继续追问市场排位和国际差距。,"我们银行的ROA一直都是比较高的,这个很好.请问一下行长你们管理层自己分析过是什么原因吗?希望能够一直保持较高的ROA",因为我们的客户定位是中小企业，贷款的利率与大的企业相比会比较高些。今后我们还会以这个定位为主，争取能够保持较高的ROA&lt;br&gt;谢谢！,"宁波银行立足于中小企业,长远来看非常有吸引力,但是此服务在国内市场上我们排位如何?同国际上类是银行比较,我们差距大不?",002142_2008,52,57,5,Elaboration,Q2围绕A1中的中小企业定位继续追问市场排位和国际差距。,,,1
positive,现在公司遇到了什么困难？是否影响到公司的业务发展？现阶段的风险是否可控？ 谢谢你的提问。&lt;br&gt;现阶段的风险是可控的，公司目前遇到了百年不遇的金融危机，有一定的经营压力。&lt;br&gt;再次感谢！,请问陆董事长，贵行2009年实施人才招聘，是否与改善人员队伍状况，实施以人为本管理有关？你最希望招聘什么样的人才？优秀人才对你们的经营管理有帮助吗？2009年上半年经营状况，是否已经克服金融危机影响？,2,performance_governance,dep_reason,Q2尾句询问是否克服金融危机影响，直接针对A1中提到的金融危机和经营压力。,现在公司遇到了什么困难？是否影响到公司的业务发展？现阶段的风险是否可控？,谢谢你的提问。&lt;br&gt;现阶段的风险是可控的，公司目前遇到了百年不遇的金融危机，有一定的经营压力。&lt;br&gt;再次感谢！,请问陆董事长，贵行2009年实施人才招聘，是否与改善人员队伍状况，实施以人为本管理有关？你最希望招聘什么样的人才？优秀人才对你们的经营管理有帮助吗？2009年上半年经营状况，是否已经克服金融危机影响？,002142_2008,62,64,2,Elaboration,Q2尾句询问是否克服金融危机影响，直接针对A1中提到的金融危机和经营压力。,,,1
positive,"俞行长,你好2008年宁波银行取得了不错业绩,但在成本控制方面与同等总资产和收入规模的南京银行相比又有不小的差距。2008年宁波银行实现收入340379万元。营业成本185289万元，管理费136925万元。分别占营业收入的54。4，40。5。而南京银行2008年实现收入322367万元。营业成本148848万元，管理费81755万。分别占营业收入的46。1，25。3。从中可看出成本与管理费都比南京银行高出8个与15个百分点，请说明一下为什么会有这么大的差距。谢谢！ 第一，我们已经拥有五家分行，南京分行目前是三家，在分行开业第一、第二年费用会比较多；第二，我们的客户定位不同，我们是以零售为主，相对的，员工的数量会比较多。谢谢！",行长先生，请问在长三角增设过多的网点，导致固定资产投资加大，你们如何控制资产规模扩张与利润分配的关系？有什么管理依据与措施？可否回答？,2,performance_governance,dep_reason,Q2围绕A1中分行数量和扩张，追问固定资产投资和利润分配的控制措施。,"俞行长,你好2008年宁波银行取得了不错业绩,但在成本控制方面与同等总资产和收入规模的南京银行相比又有不小的差距。2008年宁波银行实现收入340379万元。营业成本185289万元，管理费136925万元。分别占营业收入的54。4，40。5。而南京银行2008年实现收入322367万元。营业成本148848万元，管理费81755万。分别占营业收入的46。1，25。3。从中可看出成本与管理费都比南京银行高出8个与15个百分点，请说明一下为什么会有这么大的差距。谢谢！",第一，我们已经拥有五家分行，南京分行目前是三家，在分行开业第一、第二年费用会比较多；第二，我们的客户定位不同，我们是以零售为主，相对的，员工的数量会比较多。谢谢！,行长先生，请问在长三角增设过多的网点，导致固定资产投资加大，你们如何控制资产规模扩张与利润分配的关系？有什么管理依据与措施？可否回答？,002142_2008,78,83,5,Elaboration,Q2围绕A1中分行数量和扩张，追问固定资产投资和利润分配的控制措施。,,,1
positive,招行现在正在实施第二次转形，二次转形主要是服务中小企业，你们如何应对其它银行带来的冲击和压力？ 谢谢你的提问！我们会向招商银行学习的。细分好我们的市场，为我们的中小企业服务好。只有服务地更好，才能应对其他银行的挑战！谢谢,陆董事长：现在像工商银行这些大块头也有开始进军中小企业了。将要如何突出自己的特色，来在中小企业的服务上，让他们赶不上？,2,answer_pressure,dep_reason,Q2针对A1笼统表示服务更好，追问如何突出特色以应对大银行竞争。,招行现在正在实施第二次转形，二次转形主要是服务中小企业，你们如何应对其它银行带来的冲击和压力？,谢谢你的提问！我们会向招商银行学习的。细分好我们的市场，为我们的中小企业服务好。只有服务地更好，才能应对其他银行的挑战！谢谢,陆董事长：现在像工商银行这些大块头也有开始进军中小企业了。将要如何突出自己的特色，来在中小企业的服务上，让他们赶不上？,002142_2010,1,2,1,Elaboration,Q2针对A1笼统表示服务更好，追问如何突出特色以应对大银行竞争。,,,1
positive,公司前几年开的分行现在进入盈利状况没啊，今年有没有开新的分行计划？ 除温州分行新开的以外都实现了盈利，而且每年的盈利额有大幅度的提升。今年计划开两家分行，还在监管部门沟通争取中。谢谢您的提问。,公司各地分行的发展业绩差别很大，原因是什么？,2,performance_governance,dep_reason,Q2针对A1中温州分行未盈利及其他分行盈利情况，追问业绩差别原因。,公司前几年开的分行现在进入盈利状况没啊，今年有没有开新的分行计划？,除温州分行新开的以外都实现了盈利，而且每年的盈利额有大幅度的提升。今年计划开两家分行，还在监管部门沟通争取中。谢谢您的提问。,公司各地分行的发展业绩差别很大，原因是什么？,002142_2010,6,11,5,Elaboration,Q2针对A1中温州分行未盈利及其他分行盈利情况，追问业绩差别原因。,,,1
positive,"央行进入加息周期,请问:加息对公司的经营有何影响? 从去年下半年以来的几次加息情况来看，我对我们公司的影响是中性偏正面，主要是存贷款比较对称的加息，谢谢。",按照宁行的资产负债结构，央行加息对公司经营应该是正面影响，但为什么2011年一季报利息支出增长幅度远远高于利息收入增长幅度嗯？,1,disclosure_detail,dep_reason,Q2针对A1'中性偏正面'的结论，引用2011一季报利息支出与收入增幅矛盾进行质疑。,"央行进入加息周期,请问:加息对公司的经营有何影响?",从去年下半年以来的几次加息情况来看，我对我们公司的影响是中性偏正面，主要是存贷款比较对称的加息，谢谢。,按照宁行的资产负债结构，央行加息对公司经营应该是正面影响，但为什么2011年一季报利息支出增长幅度远远高于利息收入增长幅度嗯？,002142_2010,13,18,5,Challenge,Q2针对A1'中性偏正面'的结论，引用2011一季报利息支出与收入增幅矛盾进行质疑。,,,1
positive,宁波银行是区域性银行到北京等地设立分行是否偏离初衷？在外地竞争不过他人，业绩会下滑？ 谢谢您的提问！宁波银行立足于长三角，扎根于长三角。但同时向珠三角和环渤海湾发展。在这些区域，也都有我们宁波银行可以服务好的客户！现在已经设立的分行，都按照这样的定位，取得了良好的效益！谢谢！,公司目前分行区域小企业业务在当地是否有竞争力？,2,answer_pressure,dep_reason,Q2针对A1笼统提及的'良好效益'，进一步追问小企业业务在当地的具体竞争力，属于细化落实。,宁波银行是区域性银行到北京等地设立分行是否偏离初衷？在外地竞争不过他人，业绩会下滑？,谢谢您的提问！宁波银行立足于长三角，扎根于长三角。但同时向珠三角和环渤海湾发展。在这些区域，也都有我们宁波银行可以服务好的客户！现在已经设立的分行，都按照这样的定位，取得了良好的效益！谢谢！,公司目前分行区域小企业业务在当地是否有竞争力？,002142_2010,15,20,5,Elaboration,Q2针对A1笼统提及的'良好效益'，进一步追问小企业业务在当地的具体竞争力，属于细化落实。,,,1
positive,"那我再问一下,既然拿出这么多的额度来,那为什么不给大企业呢,我觉得对于一个银行来说,盈利才是最重要的. 再次感谢您的提问！贷款结构的配置与银行的结构有关，中小企业是宁波银行的主要经营战略，因此在该方面的信贷配置会多一些。无论是大企业还是中小企业，赢利的关键是有效控制风险。",公司目前客户以中小企业为主，请问公司在2012年有哪些措施来支持中小企业客户？,2,strategy_planning,dep_reason,Q2针对A1中提到的中小企业经营战略，进一步追问具体支持措施。,"那我再问一下,既然拿出这么多的额度来,那为什么不给大企业呢,我觉得对于一个银行来说,盈利才是最重要的.",再次感谢您的提问！贷款结构的配置与银行的结构有关，中小企业是宁波银行的主要经营战略，因此在该方面的信贷配置会多一些。无论是大企业还是中小企业，赢利的关键是有效控制风险。,公司目前客户以中小企业为主，请问公司在2012年有哪些措施来支持中小企业客户？,002142_2011,18,21,3,Elaboration,Q2针对A1中提到的中小企业经营战略，进一步追问具体支持措施。,,,1
positive,请问陆董，您对银行业在未来几年的发展趋势如何看待？面对利率市场化，宁波银行将做怎样的准备？是否可以给股东带来持续的回报？ 谢谢您的提问。中国的银行业未来几年还是可以可持续发展的。我们面对利率市场化，正在积极地调整业务结构，大力发展零售和个人业务，加大IT的投入，以保证业绩的可持续性，给股东带来持续的回报。,口口声声说，为了投资者的长期利益，为什么高管要急于减持，是不是口是心非呢,2,shareholder_return,dep_reason,Q2针对A1声称给投资者持续回报而质疑高管减持行为，形成挑战。,请问陆董，您对银行业在未来几年的发展趋势如何看待？面对利率市场化，宁波银行将做怎样的准备？是否可以给股东带来持续的回报？,谢谢您的提问。中国的银行业未来几年还是可以可持续发展的。我们面对利率市场化，正在积极地调整业务结构，大力发展零售和个人业务，加大IT的投入，以保证业绩的可持续性，给股东带来持续的回报。,口口声声说，为了投资者的长期利益，为什么高管要急于减持，是不是口是心非呢,002142_2012,10,15,5,Challenge,Q2针对A1声称给投资者持续回报而质疑高管减持行为，形成挑战。,,,1
positive,做为宁波银行的长期投资者，对于公司的分红政策感到不可理解，希望能够重视对股东的回报。就是分现金目前的比例远低于30%，强烈要求你们重新更解分红方案。 谢谢您的提问。公司分红的政策既要考虑股东眼前的利益，更要兼顾股东长远的利益。,公司年年有利润，成长那么高，为什么分红总是那么低，不关心向股东做出回报，我怀疑利润有水分，要不然年年都是10股2元，当然今年多了5分，可怜。强烈要求你们重新更解分红方案，用转赠股份和分现金相结合的方式进行，按照实际重视给股东的回报。,2,shareholder_return,dep_reason,Q2针对A1笼统回应继续指责分红政策，并重复要求重新更解分红方案。,做为宁波银行的长期投资者，对于公司的分红政策感到不可理解，希望能够重视对股东的回报。就是分现金目前的比例远低于30%，强烈要求你们重新更解分红方案。,谢谢您的提问。公司分红的政策既要考虑股东眼前的利益，更要兼顾股东长远的利益。,公司年年有利润，成长那么高，为什么分红总是那么低，不关心向股东做出回报，我怀疑利润有水分，要不然年年都是10股2元，当然今年多了5分，可怜。强烈要求你们重新更解分红方案，用转赠股份和分现金相结合的方式进行，按照实际重视给股东的回报。,002142_2012,26,30,4,Complaint,Q2针对A1笼统回应继续指责分红政策，并重复要求重新更解分红方案。,,,1
positive,公司收益很好，为什么回报可怜。 分红仅仅是回报的途径之一，关键在于股东的权益有没有增加，因此我们也是基于对银行的长远和可持续发展，同时给股东更多的投资回报出发来综合考虑分红比例的。谢谢您的提问！,谢谢您的提问。我们深信只要有良好的业绩，就会有投资的价值。赚再多，又不分，对投资者有意义吗。与上市公司初宗？就是为了圈钱为自己吗,2,shareholder_return,dep_reason,Q2针对A1的解释进行反驳，质疑不分红无意义，并质问是否圈钱，构成对回答的继续互动。,公司收益很好，为什么回报可怜。,分红仅仅是回报的途径之一，关键在于股东的权益有没有增加，因此我们也是基于对银行的长远和可持续发展，同时给股东更多的投资回报出发来综合考虑分红比例的。谢谢您的提问！,谢谢您的提问。我们深信只要有良好的业绩，就会有投资的价值。赚再多，又不分，对投资者有意义吗。与上市公司初宗？就是为了圈钱为自己吗,002142_2012,33,37,4,Challenge,Q2针对A1的解释进行反驳，质疑不分红无意义，并质问是否圈钱，构成对回答的继续互动。,,,1
positive,谢谢您的提问。我们深信只要有良好的业绩，就会有投资的价值。赚再多，又不分，对投资者有意义吗。与上市公司初宗？就是为了圈钱为自己吗 分红利在当下，利润留存有利银行持续发展。分红政策既要考虑当下，又要兼顾长远。,一、公司分红照比其他银行太少了，能不能增加些？二、我非常理解公司管理层减持股票，目前贵公司的管理层持有的公司股份仍然是各银行管理层中持有本公司股份最多的管理层，但我想陆董事长能不能带头承诺一下，至少持有多少股五年或十年不减持，以增强小股东持股信心,2,shareholder_return,dep_reason,Q2第一部分针对A1未直接回应分红增加诉求，继续催促要求增加分红。,谢谢您的提问。我们深信只要有良好的业绩，就会有投资的价值。赚再多，又不分，对投资者有意义吗。与上市公司初宗？就是为了圈钱为自己吗,分红利在当下，利润留存有利银行持续发展。分红政策既要考虑当下，又要兼顾长远。,一、公司分红照比其他银行太少了，能不能增加些？二、我非常理解公司管理层减持股票，目前贵公司的管理层持有的公司股份仍然是各银行管理层中持有本公司股份最多的管理层，但我想陆董事长能不能带头承诺一下，至少持有多少股五年或十年不减持，以增强小股东持股信心,002142_2012,37,42,5,Complaint,Q2第一部分针对A1未直接回应分红增加诉求，继续催促要求增加分红。,,,1
positive,为什么分红总比南京银行差多了呢？ 谢谢您的提问！我行的分红政策即要考虑股东的眼前利益，更要兼顾长远的发展。,为什么分红比南京银行差那么多呢？,1,disclosure_detail,dep_reason,Q2重复Q1的问题，针对A1回避性回答继续追问。,为什么分红总比南京银行差多了呢？,谢谢您的提问！我行的分红政策即要考虑股东的眼前利益，更要兼顾长远的发展。,为什么分红比南京银行差那么多呢？,002142_2012,48,51,3,Complaint,Q2重复Q1的问题，针对A1回避性回答继续追问。,,,1
positive,最近华夏银行的走势明显好于宁波银行。华夏银行的股本比宁波银行大得多，两银行业绩大体相当。原因就在于华夏银行的分红比宁波银行好的多。挣了很多钱，分红确少的可怜，高管又不断减持，宁波银行是不是让投资者太失望了！ 谢谢您的提问。我们深信只要有良好的业绩，就会有投资的价值。,请问陆董事长:宁波银行股份是否被市场低估了?,2,performance_governance,dep_reason,Q2基于A1中业绩与投资价值的关系追问估值是否低估。,最近华夏银行的走势明显好于宁波银行。华夏银行的股本比宁波银行大得多，两银行业绩大体相当。原因就在于华夏银行的分红比宁波银行好的多。挣了很多钱，分红确少的可怜，高管又不断减持，宁波银行是不是让投资者太失望了！,谢谢您的提问。我们深信只要有良好的业绩，就会有投资的价值。,请问陆董事长:宁波银行股份是否被市场低估了?,002142_2012,50,55,5,Elaboration,Q2基于A1中业绩与投资价值的关系追问估值是否低估。,,,1
positive,请问陆董，银行业竞争日趋激烈，请问贵行如何持续保持在业内竞争力？ 谢谢您的提问。在银行竞争持续激烈的情况下，我们银行要保持核心的竞争力，首先公司治理比较完善，定位和战略要正确；第二，银行的管理团队和员工要有水平；第三，IT和流程要领先和科学；第四，风险的管理体系要健全；第五，银行要有文化。谢谢！,请问宁波银行的公司治理如何？,2,performance_governance,dep_reason,Q2针对A1中提及的公司治理进行追问，要求细化。,请问陆董，银行业竞争日趋激烈，请问贵行如何持续保持在业内竞争力？,谢谢您的提问。在银行竞争持续激烈的情况下，我们银行要保持核心的竞争力，首先公司治理比较完善，定位和战略要正确；第二，银行的管理团队和员工要有水平；第三，IT和流程要领先和科学；第四，风险的管理体系要健全；第五，银行要有文化。谢谢！,请问宁波银行的公司治理如何？,002142_2012,52,53,1,Elaboration,Q2针对A1中提及的公司治理进行追问，要求细化。,,,1
positive,宁波行一季度不良率上升很快，二季度和下半年还会快速上升吗？不良贷款上升主要是什么方面的原因呢？ 谢谢您的提问。我行的不良率总体是可控的，现有的不良贷款有适当的增加主要是金融危机后一些中小企业经营困难造成的。,贵行对小微企业业务在加强，小微企业是否也是产生不良贷款的源头之一？另外，贵行江浙一带是否有贷款投向政府主导的基建或保障房项目的贷款，这些贷款目前是否有回收上的问题？采取怎样的措施来减少不良贷款？,2,performance_governance,dep_reason,Q2追问小微企业是否是不良源头，直接针对A1中中小企业经营困难的原因进行细化。,宁波行一季度不良率上升很快，二季度和下半年还会快速上升吗？不良贷款上升主要是什么方面的原因呢？,谢谢您的提问。我行的不良率总体是可控的，现有的不良贷款有适当的增加主要是金融危机后一些中小企业经营困难造成的。,贵行对小微企业业务在加强，小微企业是否也是产生不良贷款的源头之一？另外，贵行江浙一带是否有贷款投向政府主导的基建或保障房项目的贷款，这些贷款目前是否有回收上的问题？采取怎样的措施来减少不良贷款？,002142_2012,65,69,4,Elaboration,Q2追问小微企业是否是不良源头，直接针对A1中中小企业经营困难的原因进行细化。,,,1
positive,一直指望公司会推出高送转方案，不知道今年是否有希望，什么时候能出预告，能给投资者一个定心丸吗？ 谢谢您的提问，公司管理层将努力提高公司盈利能力，争取给投资者带来不断增长的投资回报。,请问陆董，如何持续为股东带来收益，2014年有何新的措施？,2,answer_pressure,dep_reason,Q2针对A1中'给投资者带来不断增长的投资回报'的笼统表述，追问具体措施。,一直指望公司会推出高送转方案，不知道今年是否有希望，什么时候能出预告，能给投资者一个定心丸吗？,谢谢您的提问，公司管理层将努力提高公司盈利能力，争取给投资者带来不断增长的投资回报。,请问陆董，如何持续为股东带来收益，2014年有何新的措施？,002142_2013,17,19,2,Elaboration,Q2针对A1中'给投资者带来不断增长的投资回报'的笼统表述，追问具体措施。,,,1
positive,提问罗孟波行长，宁波银行始终着力推进综合化经营，创新特色业务，听说最近在打造九大利润中心，能否就利润中心的建设情况作个介绍？ 谢谢您的提问！通过前面几年的努力，我行初步形成了公司银行、零售公司、个人银行、信用卡、金融市场、投资银行、票据业务、国际业务和资产托管九大利润中心。按照“大银行做不好，小银行做不了”的原则，在各大利润中心确定我们的目标客户和重点产品，努力形成我行的经营特色和比较优势。,宁波银行托管资金超过2万亿，似乎是个奇迹？怎么做到的？,2,performance_governance,dep_reason,Q2针对A1中资产托管利润中心，追问规模与成功原因。,提问罗孟波行长，宁波银行始终着力推进综合化经营，创新特色业务，听说最近在打造九大利润中心，能否就利润中心的建设情况作个介绍？,谢谢您的提问！通过前面几年的努力，我行初步形成了公司银行、零售公司、个人银行、信用卡、金融市场、投资银行、票据业务、国际业务和资产托管九大利润中心。按照“大银行做不好，小银行做不了”的原则，在各大利润中心确定我们的目标客户和重点产品，努力形成我行的经营特色和比较优势。,宁波银行托管资金超过2万亿，似乎是个奇迹？怎么做到的？,002142_2015,16,18,2,Elaboration,Q2针对A1中资产托管利润中心，追问规模与成功原因。,,,1
positive,我认为宁波银行分红偏低，但圈钱太多。请问分红有提高吗？ 宁波银行上市之后几次的股权融资，由原来的老股东认购的，为公司进一步的发展提供了保障。,公司什么时候分红啊？？？,2,shareholder_return,dep_reason,Q2针对A1未正面回答分红提高问题，继续追问分红时间，表达不满。,我认为宁波银行分红偏低，但圈钱太多。请问分红有提高吗？,宁波银行上市之后几次的股权融资，由原来的老股东认购的，为公司进一步的发展提供了保障。,公司什么时候分红啊？？？,002142_2015,54,55,1,Complaint,Q2针对A1未正面回答分红提高问题，继续追问分红时间，表达不满。,,,1
positive,公司在计划推出的还有哪些新产品？ 谢谢您的提问。公司的每个利润中心为了适应市场的变化，服务好客户，准备相应的新产品，我们会通过推荐会的方式，把相应的新产品推荐给客户。,刚刚提到的九大利润中心，哪些是新的利润增长点？公司在中间业务发展方面如何拓展？,2,performance_governance,dep_reason,Q2承接A1中的利润中心概念，追问哪些是新的利润增长点，属于对A1内容的细化追问。,公司在计划推出的还有哪些新产品？,谢谢您的提问。公司的每个利润中心为了适应市场的变化，服务好客户，准备相应的新产品，我们会通过推荐会的方式，把相应的新产品推荐给客户。,刚刚提到的九大利润中心，哪些是新的利润增长点？公司在中间业务发展方面如何拓展？,002142_2015,57,59,2,Elaboration,Q2承接A1中的利润中心概念，追问哪些是新的利润增长点，属于对A1内容的细化追问。,,,1
positive,银行业利差大幅收窄情况下，公司如何保持良好业绩？有无应对措施？ 谢谢您的提问。银行业利差收窄的情况下，公司主要依靠增加新的盈利点，依靠增加新的业务来保持盈利的持续增加。,刚刚提到的九大利润中心，哪些是新的利润增长点？公司在中间业务发展方面如何拓展？,2,performance_governance,dep_reason,Q2针对A1中增加新盈利点追问具体内容并拓展中间业务，要求细化。,银行业利差大幅收窄情况下，公司如何保持良好业绩？有无应对措施？,谢谢您的提问。银行业利差收窄的情况下，公司主要依靠增加新的盈利点，依靠增加新的业务来保持盈利的持续增加。,刚刚提到的九大利润中心，哪些是新的利润增长点？公司在中间业务发展方面如何拓展？,002142_2015,58,59,1,Elaboration,Q2针对A1中增加新盈利点追问具体内容并拓展中间业务，要求细化。,,,1
positive,公司如何看待此次行业整顿，重点针对同业、理财和委外等业务，会否削弱利润来源或持续增长能力，管理者将采取什么样的对策合理控制相关风险并保持行业竞争力？谢谢！ 谢谢您的提问。这次专项治理是为了进一步提升银行业服务实体经济质效，规范经营行为，维护金融秩序，防范金融风险。推动银行业金融机构按照回归本源、专注主业的要求，强化合规意识，规范经营行为，自觉维护良好金融秩序。使银行回归本源，专注本业，对银行的发展是有利的。,"公司采取了具体怎样的应对措施,在同业中不断做大做强?",2,answer_pressure,dep_reason,Q2重复Q1中未获具体回答的应对措施问题，针对A1笼统表态继续追问。,公司如何看待此次行业整顿，重点针对同业、理财和委外等业务，会否削弱利润来源或持续增长能力，管理者将采取什么样的对策合理控制相关风险并保持行业竞争力？谢谢！,谢谢您的提问。这次专项治理是为了进一步提升银行业服务实体经济质效，规范经营行为，维护金融秩序，防范金融风险。推动银行业金融机构按照回归本源、专注主业的要求，强化合规意识，规范经营行为，自觉维护良好金融秩序。使银行回归本源，专注本业，对银行的发展是有利的。,"公司采取了具体怎样的应对措施,在同业中不断做大做强?",002142_2016,8,13,5,Complaint,Q2重复Q1中未获具体回答的应对措施问题，针对A1笼统表态继续追问。,,,1
positive,昨天来自东方资产管理公司的权威报告指出，未来3-5年，银行业的不良率会继续爬升、2017年的企稳只是探底。请问领导们对未来几年银行业的资产质量情况如何看待？ 谢谢您的提问。在现有的经济环境下，银行业要确保现有的资产质量持续改善确实是不容易的，我公司一贯以来审慎经营，在业务发展的同时严控风险，主要采取以下措施：一是在总行的垂直管理体系下，所有的授信业务由审批官统一审批；二是明确的授信政策，根据公司的风险偏好，明确业务的目标和对象；三是实行严格的信贷管理，建立风险预警体系，实时监测，及时处置；四是全行员工树立审慎经营的风险的理念，稳健经营。,公司风险管理体系完善的如何，是怎样做的？,1,disclosure_detail,dep_reason,Q2针对A1中风险预警体系等风控措施继续追问体系细节。,昨天来自东方资产管理公司的权威报告指出，未来3-5年，银行业的不良率会继续爬升、2017年的企稳只是探底。请问领导们对未来几年银行业的资产质量情况如何看待？,谢谢您的提问。在现有的经济环境下，银行业要确保现有的资产质量持续改善确实是不容易的，我公司一贯以来审慎经营，在业务发展的同时严控风险，主要采取以下措施：一是在总行的垂直管理体系下，所有的授信业务由审批官统一审批；二是明确的授信政策，根据公司的风险偏好，明确业务的目标和对象；三是实行严格的信贷管理，建立风险预警体系，实时监测，及时处置；四是全行员工树立审慎经营的风险的理念，稳健经营。,公司风险管理体系完善的如何，是怎样做的？,002142_2017,7,11,4,Elaboration,Q2针对A1中风险预警体系等风控措施继续追问体系细节。,,,1
positive,公司都获得了哪些奖项？资产多少？迈入中型银行行列了没？ 谢谢您的提问。我公司最近获得了中上协和沪深交易所主办的“2017年度最受投资者尊重的上市公司”的奖项，其他还有一些业务条线方面的奖项。资产规模已经突破一万亿元，是一家中等规模的城市商业银行。,公司的总资产已经过万亿，站上了一个台阶，公司的策略或者战略是否会做相应的调整？在与互联网金融融合方面，公司是否会和一些互联网金融企业开展战略深层次合作？,2,strategy_planning,dep_reason,Q2基于A1中资产突破万亿事实继续追问战略调整。,公司都获得了哪些奖项？资产多少？迈入中型银行行列了没？,谢谢您的提问。我公司最近获得了中上协和沪深交易所主办的“2017年度最受投资者尊重的上市公司”的奖项，其他还有一些业务条线方面的奖项。资产规模已经突破一万亿元，是一家中等规模的城市商业银行。,公司的总资产已经过万亿，站上了一个台阶，公司的策略或者战略是否会做相应的调整？在与互联网金融融合方面，公司是否会和一些互联网金融企业开展战略深层次合作？,002142_2017,37,38,1,Elaboration,Q2基于A1中资产突破万亿事实继续追问战略调整。,,,1
positive,贵行目前个人业务占比多少？ 谢谢您的提问！公司的零售战略实施一步显现，利润规模保持良性增长，利润占比持续提升，截止到2017年末个人业务利润比上年增长15.91%，占全部税前利润的34.85%。,贵行目前零售业务发展如何？,1,disclosure_detail,dep_reason,Q2在A1给出占比后，继续追问零售业务整体发展，要求补充细节。,贵行目前个人业务占比多少？,谢谢您的提问！公司的零售战略实施一步显现，利润规模保持良性增长，利润占比持续提升，截止到2017年末个人业务利润比上年增长15.91%，占全部税前利润的34.85%。,贵行目前零售业务发展如何？,002142_2017,55,57,2,Elaboration,Q2在A1给出占比后，继续追问零售业务整体发展，要求补充细节。,,,1
positive,宁波银行2017年投资收益同比增速400%，占净利润比例也较高；其中大部分投资了货币基金。请问投资收益的增速2018年是否延续？投资策略是否有变化？谢谢 谢谢您的提问。货币基金的新规对我们的影响不大，我们会根据我行的资产负债的结构和MPA考核的要求适度调整我们的资产配置，保证收入的可持续增长。,宁波银行2017年投资收益翻了四倍，且绝对值占净利润占比也较高；其中大都投向了货币基金。请问此种受益会否延续？2018年投资策略是怎样的？,2,answer_pressure,dep_reason,Q2重复Q1问题，A1未正面回答，属于催促补答。,宁波银行2017年投资收益同比增速400%，占净利润比例也较高；其中大部分投资了货币基金。请问投资收益的增速2018年是否延续？投资策略是否有变化？谢谢,谢谢您的提问。货币基金的新规对我们的影响不大，我们会根据我行的资产负债的结构和MPA考核的要求适度调整我们的资产配置，保证收入的可持续增长。,宁波银行2017年投资收益翻了四倍，且绝对值占净利润占比也较高；其中大都投向了货币基金。请问此种受益会否延续？2018年投资策略是怎样的？,002142_2017,76,78,2,Complaint,Q2重复Q1问题，A1未正面回答，属于催促补答。,,,1
positive,2019年度业务及管理费用大幅增加的原因 谢谢您的提问。公司的各项业务管理费用同比增加，主要是由于公司持续加强金融科技的投入，业务拓展、员工队伍建设及网点机构布局等原因。,请问公司在2020年是否准备在其他城市开设分行？目前的网点布局策略如何？,2,strategy_planning,dep_reason,Q2针对A1中‘网点机构布局’原因，追问具体分行开设计划和布局策略。,2019年度业务及管理费用大幅增加的原因,谢谢您的提问。公司的各项业务管理费用同比增加，主要是由于公司持续加强金融科技的投入，业务拓展、员工队伍建设及网点机构布局等原因。,请问公司在2020年是否准备在其他城市开设分行？目前的网点布局策略如何？,002142_2019,2,4,2,Elaboration,Q2针对A1中‘网点机构布局’原因，追问具体分行开设计划和布局策略。,,,1
positive,"宁波银行的核心资本充足率不断上升，主要有三点：一是盈利好；二是债券投资类业务的回升；三是可转债累计转股25亿，同时可转债期权部分是可以计入核心资本。第三项属于融资，第二项是难以持续的，第一项更多的也是债券和规模增长。想问您如何看待以上？谢谢。 谢谢您的提问。公司资本补充主要为确保资本充足率水平持续满足监管要求,夯实各项业务稳健发展所必需的资本基础。未来，公司资本补充工作将按照监管要求和业务发展的需要有序推进，在不断增强内源性资本补充能力的同时积极拓展外源性资本补充渠道，强化资本管理，提升服务实体经济动能。",请问公司之前发行的100亿可转债转股情况如何？公司是否有其他发债计划？是否会发行永续债？,1,disclosure_detail,dep_reason,Q2针对A1中'拓展外源性资本补充渠道'追问具体发债计划及永续债，并延续Q1可转债转股问进展。,宁波银行的核心资本充足率不断上升，主要有三点：一是盈利好；二是债券投资类业务的回升；三是可转债累计转股25亿，同时可转债期权部分是可以计入核心资本。第三项属于融资，第二项是难以持续的，第一项更多的也是债券和规模增长。想问您如何看待以上？谢谢。,"谢谢您的提问。公司资本补充主要为确保资本充足率水平持续满足监管要求,夯实各项业务稳健发展所必需的资本基础。未来，公司资本补充工作将按照监管要求和业务发展的需要有序推进，在不断增强内源性资本补充能力的同时积极拓展外源性资本补充渠道，强化资本管理，提升服务实体经济动能。",请问公司之前发行的100亿可转债转股情况如何？公司是否有其他发债计划？是否会发行永续债？,002142_2019,3,8,5,Elaboration,Q2针对A1中'拓展外源性资本补充渠道'追问具体发债计划及永续债，并延续Q1可转债转股问进展。,,,1
positive,请问公司之前发行的100亿可转债转股情况如何？公司是否有其他发债计划？是否会发行永续债？ 谢谢您的提问。公司于2017年12月5日公开发行了100亿元可转债。2019年8月，“宁行转债”顺利完成赎回，转股率高达99.89%，公司总股本增加5.59亿股至56.28亿股，核心一级资本进一步充实。公司目前暂无发行永续债的计划。,请问在接下来的资本补充计划中，宁波银行是否有考虑过永续债？,1,disclosure_detail,dep_reason,Q2针对A1中“暂无发行永续债的计划”继续追问是否有考虑过，要求更详细说明。,请问公司之前发行的100亿可转债转股情况如何？公司是否有其他发债计划？是否会发行永续债？,谢谢您的提问。公司于2017年12月5日公开发行了100亿元可转债。2019年8月，“宁行转债”顺利完成赎回，转股率高达99.89%，公司总股本增加5.59亿股至56.28亿股，核心一级资本进一步充实。公司目前暂无发行永续债的计划。,请问在接下来的资本补充计划中，宁波银行是否有考虑过永续债？,002142_2019,8,11,3,Elaboration,Q2针对A1中“暂无发行永续债的计划”继续追问是否有考虑过，要求更详细说明。,,,1
positive,您好，想问宁波银行在融资方面的计划及原因 谢谢您的提问。公司已于近日完成非公开发行股票发行及上市登记工作，核心一级资本得到有效补充。目前，公司申请发行100亿元二级资本债也已由中国人民银行受理。后续进展公司将及时进行披露，敬请关注。未来，公司的融资计划将按照监管要求和业务发展的需要有序推进，在不断增强内源性资本补充能力的同时积极拓展外源性资本补充渠道，强化资本管理，提升服务实体经济动能。,能否介绍下公司非公开发行的进展情况，非公开发行会不会损害中小股东的利益？,1,disclosure_detail,dep_reason,Q2针对A1中提到的非公开发行事项追问进展和对中小股东的影响。,您好，想问宁波银行在融资方面的计划及原因,谢谢您的提问。公司已于近日完成非公开发行股票发行及上市登记工作，核心一级资本得到有效补充。目前，公司申请发行100亿元二级资本债也已由中国人民银行受理。后续进展公司将及时进行披露，敬请关注。未来，公司的融资计划将按照监管要求和业务发展的需要有序推进，在不断增强内源性资本补充能力的同时积极拓展外源性资本补充渠道，强化资本管理，提升服务实体经济动能。,能否介绍下公司非公开发行的进展情况，非公开发行会不会损害中小股东的利益？,002142_2019,16,21,5,Elaboration,Q2针对A1中提到的非公开发行事项追问进展和对中小股东的影响。,,,1
positive,宁波银行的业绩从来没有令投资者失望，请问董事长，有哪些因素可以影响宁波银行的业绩？ 谢谢您的提问。感谢您对我们长期的关注和支持，一直以来，公司以“大银行做不好，小银行做不了”为经营策略，持续积累在各个领域差异化的比较优势。目前来看，公司完善的法人治理、优质的经营区域、多元的利润中心、全流程风险管理体系、金融科技支撑能力以及人才培养体系，上述因素都直接决定了宁波银行下一步的发展。,请问在目前政策不允许城商行在省外增开营业网点的情况下，会限制公司的未来增速，形成公司的成长的天花板吗,2,restructuring,dep_reason,Q2针对A1中“优质的经营区域”进一步质疑省外网点政策限制可能限制增速，构成内容依赖。,宁波银行的业绩从来没有令投资者失望，请问董事长，有哪些因素可以影响宁波银行的业绩？,谢谢您的提问。感谢您对我们长期的关注和支持，一直以来，公司以“大银行做不好，小银行做不了”为经营策略，持续积累在各个领域差异化的比较优势。目前来看，公司完善的法人治理、优质的经营区域、多元的利润中心、全流程风险管理体系、金融科技支撑能力以及人才培养体系，上述因素都直接决定了宁波银行下一步的发展。,请问在目前政策不允许城商行在省外增开营业网点的情况下，会限制公司的未来增速，形成公司的成长的天花板吗,002142_2019,20,25,5,Challenge,Q2针对A1中“优质的经营区域”进一步质疑省外网点政策限制可能限制增速，构成内容依赖。,,,1
positive,在利差收窄的情况下，请问贵行未来如何保持业绩良好增长？ 谢谢您的提问。随着利率市场化进一步推进，息差收入承压，银行业经营发展面临更大的挑战。公司将继续坚持“大银行做不好，小银行做不了”的经营策略：在业务拓展上，主动适应环境变化，抢抓市场机遇；在风险管理上，抓好风控措施执行落地，坚守风险底线；在金融科技上，加大金融科技应用，提升科技支撑能力；在员工管理上，进一步强化专业经营理念，提高员工和机构的经营效能，持续积累差异化的比较优势，推动银行可持续发展。,现阶段银行都比较重视金融科技的发展，对比其他中小银行，请问贵行在金融科技方面有哪些优势？另外，能否具体说一下哪些产品、服务比较能让客户产生粘性的？,2,performance_governance,dep_reason,Q2针对A1提及的金融科技及业绩增长措施要求具体化优势与产品。,在利差收窄的情况下，请问贵行未来如何保持业绩良好增长？,谢谢您的提问。随着利率市场化进一步推进，息差收入承压，银行业经营发展面临更大的挑战。公司将继续坚持“大银行做不好，小银行做不了”的经营策略：在业务拓展上，主动适应环境变化，抢抓市场机遇；在风险管理上，抓好风控措施执行落地，坚守风险底线；在金融科技上，加大金融科技应用，提升科技支撑能力；在员工管理上，进一步强化专业经营理念，提高员工和机构的经营效能，持续积累差异化的比较优势，推动银行可持续发展。,现阶段银行都比较重视金融科技的发展，对比其他中小银行，请问贵行在金融科技方面有哪些优势？另外，能否具体说一下哪些产品、服务比较能让客户产生粘性的？,002142_2019,32,37,5,Elaboration,Q2针对A1提及的金融科技及业绩增长措施要求具体化优势与产品。,,,1
positive,贵行去年营收增速仅为9.67%，可以说是近五年来最低的增速了吧，请问领导们怎么看？ 感谢您的提问。去年四季度营收下降的原因主要是债券的波动，导致了公允价值的大幅下降。但我们利息净收入的增幅仍然达到了15%。,一季报非息有好转？,1,disclosure_detail,dep_reason,Q2针对A1中非息收入受公允价值波动影响的情况，追问一季报非息是否好转。,贵行去年营收增速仅为9.67%，可以说是近五年来最低的增速了吧，请问领导们怎么看？,感谢您的提问。去年四季度营收下降的原因主要是债券的波动，导致了公允价值的大幅下降。但我们利息净收入的增幅仍然达到了15%。,一季报非息有好转？,002142_2022,0,4,4,Elaboration,Q2针对A1中非息收入受公允价值波动影响的情况，追问一季报非息是否好转。,,,1
positive,为什么分红这么少？ 感谢您的提问。作为上市公司，公司始终高度重视股东回报，2022年度利润分配方案为每10股普通股派发现金红利5元（含税），主要考虑到公司业务仍保持较快增速，目前的分配方案在保证投资者流动性需要的同时有利于公司内源性资本增长，夯实业务稳健发展所必需的资本基础。未来，公司将在资本充足率满足监管要求和业务长远发展的前提下，充分考虑投资者自身需要，实施积极的利润分配方案。,为何分红率比大部分其他上市银行明显低？,2,shareholder_return,dep_reason,Q2针对A1中关于业务增速和资本需求的解释，通过与同行比较质疑分红率偏低。,为什么分红这么少？,感谢您的提问。作为上市公司，公司始终高度重视股东回报，2022年度利润分配方案为每10股普通股派发现金红利5元（含税），主要考虑到公司业务仍保持较快增速，目前的分配方案在保证投资者流动性需要的同时有利于公司内源性资本增长，夯实业务稳健发展所必需的资本基础。未来，公司将在资本充足率满足监管要求和业务长远发展的前提下，充分考虑投资者自身需要，实施积极的利润分配方案。,为何分红率比大部分其他上市银行明显低？,002142_2022,5,10,5,Challenge,Q2针对A1中关于业务增速和资本需求的解释，通过与同行比较质疑分红率偏低。,,,1
positive,为何分红率比大部分其他上市银行明显低？ 感谢您的提问。作为上市公司，公司始终高度重视股东回报，主要考虑到公司业务仍保持较快增速，同时满足公司内源性资本增长，夯实业务稳健发展所必需的资本基础。未来，公司将在资本充足率满足监管要求和业务长远发展的前提下，充分考虑投资者自身需要，实施积极的利润分配方案。,您好，想了解下貴公司未來的分紅政策？,2,shareholder_return,dep_reason,Q2针对A1中提到的未来分红政策方向继续追问细则。,为何分红率比大部分其他上市银行明显低？,感谢您的提问。作为上市公司，公司始终高度重视股东回报，主要考虑到公司业务仍保持较快增速，同时满足公司内源性资本增长，夯实业务稳健发展所必需的资本基础。未来，公司将在资本充足率满足监管要求和业务长远发展的前提下，充分考虑投资者自身需要，实施积极的利润分配方案。,您好，想了解下貴公司未來的分紅政策？,002142_2022,10,13,3,Elaboration,Q2针对A1中提到的未来分红政策方向继续追问细则。,,,1
positive,为何分红率比大部分其他上市银行明显低？ 感谢您的提问。作为上市公司，公司始终高度重视股东回报，主要考虑到公司业务仍保持较快增速，同时满足公司内源性资本增长，夯实业务稳健发展所必需的资本基础。未来，公司将在资本充足率满足监管要求和业务长远发展的前提下，充分考虑投资者自身需要，实施积极的利润分配方案。,为什么年年分红0.5元？为什么不学习成都银行招商银行公司章程写进分红为净利润的30%?定增配股可转债搞了很多了，就不提高分红水平？,2,shareholder_return,dep_reason,Q2针对A1中资本需求解释，用融资行为反驳并要求提高分红，构成持续质疑。,为何分红率比大部分其他上市银行明显低？,感谢您的提问。作为上市公司，公司始终高度重视股东回报，主要考虑到公司业务仍保持较快增速，同时满足公司内源性资本增长，夯实业务稳健发展所必需的资本基础。未来，公司将在资本充足率满足监管要求和业务长远发展的前提下，充分考虑投资者自身需要，实施积极的利润分配方案。,为什么年年分红0.5元？为什么不学习成都银行招商银行公司章程写进分红为净利润的30%?定增配股可转债搞了很多了，就不提高分红水平？,002142_2022,10,15,5,Challenge,Q2针对A1中资本需求解释，用融资行为反驳并要求提高分红，构成持续质疑。,,,1
positive,您好，想了解下貴公司未來的分紅政策？ 感谢您的提问。作为上市公司，公司始终高度重视股东回报，主要考虑到公司业务要保持较快增速，留足必要的资本需求，同时实现公司内生性资本增长。未来，公司将在资本充足率满足监管要求和业务长远发展的前提下，充分考虑投资者需求，实施积极的利润分配方案。,为什么年年分红0.5元？为什么不学习成都银行招商银行公司章程写进分红为净利润的30%?定增配股可转债搞了很多了，就不提高分红水平？,2,shareholder_return,dep_reason,Q2针对A1笼统分红政策，引用具体分红数字和同业做法质疑其实际水平低。,您好，想了解下貴公司未來的分紅政策？,感谢您的提问。作为上市公司，公司始终高度重视股东回报，主要考虑到公司业务要保持较快增速，留足必要的资本需求，同时实现公司内生性资本增长。未来，公司将在资本充足率满足监管要求和业务长远发展的前提下，充分考虑投资者需求，实施积极的利润分配方案。,为什么年年分红0.5元？为什么不学习成都银行招商银行公司章程写进分红为净利润的30%?定增配股可转债搞了很多了，就不提高分红水平？,002142_2022,13,15,2,Challenge,Q2针对A1笼统分红政策，引用具体分红数字和同业做法质疑其实际水平低。,,,1
positive,您好，想了解下貴公司未來的分紅政策？ 感谢您的提问。作为上市公司，公司始终高度重视股东回报，主要考虑到公司业务要保持较快增速，留足必要的资本需求，同时实现公司内生性资本增长。未来，公司将在资本充足率满足监管要求和业务长远发展的前提下，充分考虑投资者需求，实施积极的利润分配方案。,请问贵行是否考虑加大分红比例？,2,shareholder_return,dep_reason,Q2围绕A1未明确的分红比例继续追问是否加大。,您好，想了解下貴公司未來的分紅政策？,感谢您的提问。作为上市公司，公司始终高度重视股东回报，主要考虑到公司业务要保持较快增速，留足必要的资本需求，同时实现公司内生性资本增长。未来，公司将在资本充足率满足监管要求和业务长远发展的前提下，充分考虑投资者需求，实施积极的利润分配方案。,请问贵行是否考虑加大分红比例？,002142_2022,13,17,4,Elaboration,Q2围绕A1未明确的分红比例继续追问是否加大。,,,1
positive,为什么年年分红0.5元？为什么不学习成都银行招商银行公司章程写进分红为净利润的30%?定增配股可转债搞了很多了，就不提高分红水平？ 感谢您的提问。作为上市公司，公司始终高度重视股东回报，2022年度利润分配方案为每10股普通股派发现金红利5元（含税），主要考虑到公司业务仍保持较快增速，目前的分配方案在保证投资者流动性需要的同时有利于公司内源性资本增长，夯实业务稳健发展所必需的资本基础。未来，公司将在资本充足率满足监管要求和业务长远发展的前提下，充分考虑投资者自身需要，实施积极的利润分配方案。,请问贵行是否考虑加大分红比例？,2,shareholder_return,dep_reason,Q2针对A1中'充分考虑投资者需要'的笼统表述，进一步追问是否加大分红比例，要求具体承诺。,为什么年年分红0.5元？为什么不学习成都银行招商银行公司章程写进分红为净利润的30%?定增配股可转债搞了很多了，就不提高分红水平？,感谢您的提问。作为上市公司，公司始终高度重视股东回报，2022年度利润分配方案为每10股普通股派发现金红利5元（含税），主要考虑到公司业务仍保持较快增速，目前的分配方案在保证投资者流动性需要的同时有利于公司内源性资本增长，夯实业务稳健发展所必需的资本基础。未来，公司将在资本充足率满足监管要求和业务长远发展的前提下，充分考虑投资者自身需要，实施积极的利润分配方案。,请问贵行是否考虑加大分红比例？,002142_2022,15,17,2,Elaboration,Q2针对A1中'充分考虑投资者需要'的笼统表述，进一步追问是否加大分红比例，要求具体承诺。,,,1
positive,请问贵行是否考虑加大分红比例？ 感谢您的提问。作为上市公司，公司始终高度重视股东回报，主要考虑到公司业务要保持较快增速，留足必要的资本需求，同时实现公司内生性资本增长。未来，公司将在资本充足率满足监管要求和业务长远发展的前提下，充分考虑投资者需求，实施积极的利润分配方案。,为什么宁波银行现金分红这么少？,2,shareholder_return,dep_reason,Q2针对A1中解释的分红少原因（资本需求）进一步追问，要求更具体理由。,请问贵行是否考虑加大分红比例？,感谢您的提问。作为上市公司，公司始终高度重视股东回报，主要考虑到公司业务要保持较快增速，留足必要的资本需求，同时实现公司内生性资本增长。未来，公司将在资本充足率满足监管要求和业务长远发展的前提下，充分考虑投资者需求，实施积极的利润分配方案。,为什么宁波银行现金分红这么少？,002142_2022,17,22,5,Elaboration,Q2针对A1中解释的分红少原因（资本需求）进一步追问，要求更具体理由。,,,1
positive,为什么数年不提高分红？投资银行不就是为了合适的分红！ 感谢您的提问。作为上市公司，公司始终高度重视股东回报，主要考虑到公司业务要保持较快增速，留足必要的资本需求，同时实现公司内生性资本增长。未来，公司将在资本充足率满足监管要求和业务长远发展的前提下，充分考虑投资者需求，实施积极的利润分配方案。,为什么你们银行的分红是最差的？,2,shareholder_return,dep_reason,Q2在A1解释后继续抱怨分红最差，认为A1解释不充分。,为什么数年不提高分红？投资银行不就是为了合适的分红！,感谢您的提问。作为上市公司，公司始终高度重视股东回报，主要考虑到公司业务要保持较快增速，留足必要的资本需求，同时实现公司内生性资本增长。未来，公司将在资本充足率满足监管要求和业务长远发展的前提下，充分考虑投资者需求，实施积极的利润分配方案。,为什么你们银行的分红是最差的？,002142_2022,37,40,3,Complaint,Q2在A1解释后继续抱怨分红最差，认为A1解释不充分。,,,1
positive,为什么数年不提高分红？投资银行不就是为了合适的分红！ 感谢您的提问。作为上市公司，公司始终高度重视股东回报，主要考虑到公司业务要保持较快增速，留足必要的资本需求，同时实现公司内生性资本增长。未来，公司将在资本充足率满足监管要求和业务长远发展的前提下，充分考虑投资者需求，实施积极的利润分配方案。,未来是否会提升分红比例？,2,shareholder_return,dep_reason,Q2针对A1中未来积极分配方案的承诺，追问是否具体提升分红比例。,为什么数年不提高分红？投资银行不就是为了合适的分红！,感谢您的提问。作为上市公司，公司始终高度重视股东回报，主要考虑到公司业务要保持较快增速，留足必要的资本需求，同时实现公司内生性资本增长。未来，公司将在资本充足率满足监管要求和业务长远发展的前提下，充分考虑投资者需求，实施积极的利润分配方案。,未来是否会提升分红比例？,002142_2022,37,42,5,Elaboration,Q2针对A1中未来积极分配方案的承诺，追问是否具体提升分红比例。,,,1
positive,为什么你们银行的分红是最差的？ 感谢您的提问。作为上市公司，公司始终高度重视股东回报，主要考虑到公司业务要保持较快增速，留足必要的资本需求，同时实现公司内生性资本增长。未来，公司将在资本充足率满足监管要求和业务长远发展的前提下，充分考虑投资者需求，实施积极的利润分配方案。,未来是否会提升分红比例？,2,shareholder_return,dep_reason,Q2针对A1中“未来实施积极的利润分配方案”追问具体提升分红比例的承诺。,为什么你们银行的分红是最差的？,感谢您的提问。作为上市公司，公司始终高度重视股东回报，主要考虑到公司业务要保持较快增速，留足必要的资本需求，同时实现公司内生性资本增长。未来，公司将在资本充足率满足监管要求和业务长远发展的前提下，充分考虑投资者需求，实施积极的利润分配方案。,未来是否会提升分红比例？,002142_2022,40,42,2,Elaboration,Q2针对A1中“未来实施积极的利润分配方案”追问具体提升分红比例的承诺。,,,1
positive,宁波银行是业界估值最高的，有什么独特优势？ 感谢您的提问。长期以来，公司始终坚持“大银行做不好，小银行做不了”的经营策略，积极探索差异化的发展道路，持续积累差异化的比较优势，用专业为客户创造价值，努力将公司打造成中国银行业中一家具备核心竞争力、在细分市场客户服务上具备比较优势的优秀商业银行。公司的核心竞争力主要包括健全的法人治理、优质的经营区域、多元的盈利来源、高效的风险管理、有力的金融科技支撑以及扎实的人才队伍。,请问陆董事长，现阶段，宁波银行和其他银行相比，有哪些比较优势和核心竞争力？,2,answer_pressure,dep_reason,Q2重复追问Q1核心问题，A1虽列举但回答笼统，隐含对不具体答复的不满。,宁波银行是业界估值最高的，有什么独特优势？,感谢您的提问。长期以来，公司始终坚持“大银行做不好，小银行做不了”的经营策略，积极探索差异化的发展道路，持续积累差异化的比较优势，用专业为客户创造价值，努力将公司打造成中国银行业中一家具备核心竞争力、在细分市场客户服务上具备比较优势的优秀商业银行。公司的核心竞争力主要包括健全的法人治理、优质的经营区域、多元的盈利来源、高效的风险管理、有力的金融科技支撑以及扎实的人才队伍。,请问陆董事长，现阶段，宁波银行和其他银行相比，有哪些比较优势和核心竞争力？,002142_2022,44,47,3,Complaint,Q2重复追问Q1核心问题，A1虽列举但回答笼统，隐含对不具体答复的不满。,,,1
positive,请问一季报到底是惊喜还是惊吓，最近股价如此暴跌，为什么不出来说几句，增强信心，或者回购股票 感谢您的提问。股价的波动是正常的现象，只要我们保持良好的经营业绩，一定会给投资者一个满意的回报。,最近宁波银行的股价走势，是不是公司会启动回购计划？,1,disclosure_detail,dep_reason,Q2针对A1回避回购问题继续催促，核心追问Q1中已提出的回购计划。,请问一季报到底是惊喜还是惊吓，最近股价如此暴跌，为什么不出来说几句，增强信心，或者回购股票,感谢您的提问。股价的波动是正常的现象，只要我们保持良好的经营业绩，一定会给投资者一个满意的回报。,最近宁波银行的股价走势，是不是公司会启动回购计划？,002142_2022,45,49,4,Complaint,Q2针对A1回避回购问题继续催促，核心追问Q1中已提出的回购计划。,,,1
positive,请问一季度业绩会不会暴雷，还有增长吗？ 感谢您的提问。一季度的业绩结果如何，请参见本周五的一季报。,股价跌这么多，什么原因？管理是否有问题，或者第一季度暴雷？,1,disclosure_detail,dep_reason,Q2重复Q1的暴雷问题，A1回避回答称请参见一季报，Q2再次追问同一问题，构成交互依赖。,请问一季度业绩会不会暴雷，还有增长吗？,感谢您的提问。一季度的业绩结果如何，请参见本周五的一季报。,股价跌这么多，什么原因？管理是否有问题，或者第一季度暴雷？,002142_2022,67,70,3,Complaint,Q2重复Q1的暴雷问题，A1回避回答称请参见一季报，Q2再次追问同一问题，构成交互依赖。,,,1
positive,请问公司是不是有重大利空未公开造成股票今天这种下跌趋势 感谢您的提问。公司不存在应披露而未披露的事项，各项经营保持稳定，公司一切正常。,近期股价行情下跌伶俐，想问下一季度公司的业绩是否出现异常,2,performance_governance,dep_reason,"Q2针对A1中‘各项经营保持稳定’的表述,进一步追问一季度业绩是否异常。",请问公司是不是有重大利空未公开造成股票今天这种下跌趋势,感谢您的提问。公司不存在应披露而未披露的事项，各项经营保持稳定，公司一切正常。,近期股价行情下跌伶俐，想问下一季度公司的业绩是否出现异常,002142_2022,78,83,5,Elaboration,"Q2针对A1中‘各项经营保持稳定’的表述,进一步追问一季度业绩是否异常。",,,1
positive,请问宁波银行2023年有哪些新的经营策略？ 感谢您的提问。2023年是公司新三年战略规划的开局之年，公司将在董事会的领导下，继续坚持“大银行做不好，小银行做不了”的发展定位，主动适应经营环境变化，持续积累差异化的比较优势，推动银行高质量发展：一是深化经营主线，推动持续发展；二是强化专业经营，夯实核心优势；三是加快科技转型，赋能经营管理；四是守牢风险底线，确保平稳运营。,大行今年也要发力消费贷，是否会抢占贵行市场份额，挤压消费贷利率呢？,2,strategy_planning,dep_reason,Q2针对A1中'大银行做不好'的发展定位，质疑大行发力消费贷是否会碾压宁波银行市场份额。,请问宁波银行2023年有哪些新的经营策略？,感谢您的提问。2023年是公司新三年战略规划的开局之年，公司将在董事会的领导下，继续坚持“大银行做不好，小银行做不了”的发展定位，主动适应经营环境变化，持续积累差异化的比较优势，推动银行高质量发展：一是深化经营主线，推动持续发展；二是强化专业经营，夯实核心优势；三是加快科技转型，赋能经营管理；四是守牢风险底线，确保平稳运营。,大行今年也要发力消费贷，是否会抢占贵行市场份额，挤压消费贷利率呢？,002142_2022,106,110,4,Challenge,Q2针对A1中'大银行做不好'的发展定位，质疑大行发力消费贷是否会碾压宁波银行市场份额。,,,1
positive,宁波银行每年的分红的股息率基本保持在银行系垫底的位置，这与国九条的规定相比有很大的差距，也和宁波银行的业绩也不相匹配，可以用抠门两个字来形容也不委过，对此您有什么想对投资者的说法吗？ 感谢您的提问。目前国内外形势复杂多变，银行业发展面临很多不确定性，我们的分配方案在保证投资者合理诉求的同时，也要考虑到公司内源性资本增长、业务稳健发展所必需的资本的相关情况。未来，公司将在资本充足率满足监管要求和业务长远发展的前提下，充分考虑投资者自身需要，实施积极的利润分配方案。,为什么分红如此吝啬，贵行如何取信于民，投资贵行的投资者亏惨了。公司赚了钱为何不真心回报股东，公司赚再多的钱却让投资人亏损累累。,2,shareholder_return,dep_reason,Q2针对A1中分红保留资本的解释继续质问并施压。,宁波银行每年的分红的股息率基本保持在银行系垫底的位置，这与国九条的规定相比有很大的差距，也和宁波银行的业绩也不相匹配，可以用抠门两个字来形容也不委过，对此您有什么想对投资者的说法吗？,感谢您的提问。目前国内外形势复杂多变，银行业发展面临很多不确定性，我们的分配方案在保证投资者合理诉求的同时，也要考虑到公司内源性资本增长、业务稳健发展所必需的资本的相关情况。未来，公司将在资本充足率满足监管要求和业务长远发展的前提下，充分考虑投资者自身需要，实施积极的利润分配方案。,为什么分红如此吝啬，贵行如何取信于民，投资贵行的投资者亏惨了。公司赚了钱为何不真心回报股东，公司赚再多的钱却让投资人亏损累累。,002142_2023,33,34,1,Challenge,Q2针对A1中分红保留资本的解释继续质问并施压。,,,1
positive,宁波银行每年的分红的股息率基本保持在银行系垫底的位置，这与国九条的规定相比有很大的差距，也和宁波银行的业绩也不相匹配，可以用抠门两个字来形容也不委过，对此您有什么想对投资者的说法吗？ 感谢您的提问。目前国内外形势复杂多变，银行业发展面临很多不确定性，我们的分配方案在保证投资者合理诉求的同时，也要考虑到公司内源性资本增长、业务稳健发展所必需的资本的相关情况。未来，公司将在资本充足率满足监管要求和业务长远发展的前提下，充分考虑投资者自身需要，实施积极的利润分配方案。,公司在董事会决议中提到2023年度分红低于净利润30%主要是由于支撑业务发展以及满足资本充足率要求，考虑到同业的分红占利润比例普遍较宁波银行高，例如招商银行分红达到净利润的35%，是否可以理解为宁波银行留存更多的利润是为了接下来进行以量补价以提高营收和利润？那么管理层是否有信心能够让留存下的利润产生比优秀同业更好的ROE，以及如何平衡规模与风险的关系？,2,performance_governance,dep_reason,Q2追问A1中留存的利润用途和资本需求，要求管理层展示信心并平衡风险。,宁波银行每年的分红的股息率基本保持在银行系垫底的位置，这与国九条的规定相比有很大的差距，也和宁波银行的业绩也不相匹配，可以用抠门两个字来形容也不委过，对此您有什么想对投资者的说法吗？,感谢您的提问。目前国内外形势复杂多变，银行业发展面临很多不确定性，我们的分配方案在保证投资者合理诉求的同时，也要考虑到公司内源性资本增长、业务稳健发展所必需的资本的相关情况。未来，公司将在资本充足率满足监管要求和业务长远发展的前提下，充分考虑投资者自身需要，实施积极的利润分配方案。,公司在董事会决议中提到2023年度分红低于净利润30%主要是由于支撑业务发展以及满足资本充足率要求，考虑到同业的分红占利润比例普遍较宁波银行高，例如招商银行分红达到净利润的35%，是否可以理解为宁波银行留存更多的利润是为了接下来进行以量补价以提高营收和利润？那么管理层是否有信心能够让留存下的利润产生比优秀同业更好的ROE，以及如何平衡规模与风险的关系？,002142_2023,33,38,5,Elaboration,Q2追问A1中留存的利润用途和资本需求，要求管理层展示信心并平衡风险。,,,1
positive,为什么分红如此吝啬，贵行如何取信于民，投资贵行的投资者亏惨了。公司赚了钱为何不真心回报股东，公司赚再多的钱却让投资人亏损累累。 您好！感谢您的长期支持，公司一直致力于切实提升公司质量和投资价值，增强投资者的获得感，为稳市场、稳信心贡献力量。公司将努力提升经营质效，让广大投资者分享公司发展的成果。目前的分配方案在保证投资者合理诉求的同时，也要考虑公司内源性资本增长、业务稳健发展所必需的资本的情况。未来，公司将在资本充足率满足监管要求和业务长远发展的前提下，充分考虑投资者合理诉求，实施积极的利润分配方案。,公司在董事会决议中提到2023年度分红低于净利润30%主要是由于支撑业务发展以及满足资本充足率要求，考虑到同业的分红占利润比例普遍较宁波银行高，例如招商银行分红达到净利润的35%，是否可以理解为宁波银行留存更多的利润是为了接下来进行以量补价以提高营收和利润？那么管理层是否有信心能够让留存下的利润产生比优秀同业更好的ROE，以及如何平衡规模与风险的关系？,2,performance_governance,dep_reason,Q2针对A1中资本充足和业务发展理由继续追问留存利润用途、ROE和风险平衡。,为什么分红如此吝啬，贵行如何取信于民，投资贵行的投资者亏惨了。公司赚了钱为何不真心回报股东，公司赚再多的钱却让投资人亏损累累。,您好！感谢您的长期支持，公司一直致力于切实提升公司质量和投资价值，增强投资者的获得感，为稳市场、稳信心贡献力量。公司将努力提升经营质效，让广大投资者分享公司发展的成果。目前的分配方案在保证投资者合理诉求的同时，也要考虑公司内源性资本增长、业务稳健发展所必需的资本的情况。未来，公司将在资本充足率满足监管要求和业务长远发展的前提下，充分考虑投资者合理诉求，实施积极的利润分配方案。,公司在董事会决议中提到2023年度分红低于净利润30%主要是由于支撑业务发展以及满足资本充足率要求，考虑到同业的分红占利润比例普遍较宁波银行高，例如招商银行分红达到净利润的35%，是否可以理解为宁波银行留存更多的利润是为了接下来进行以量补价以提高营收和利润？那么管理层是否有信心能够让留存下的利润产生比优秀同业更好的ROE，以及如何平衡规模与风险的关系？,002142_2023,34,38,4,Elaboration,Q2针对A1中资本充足和业务发展理由继续追问留存利润用途、ROE和风险平衡。,,,1
positive,公司在董事会决议中提到2023年度分红低于净利润30%主要是由于支撑业务发展以及满足资本充足率要求，考虑到同业的分红占利润比例普遍较宁波银行高，例如招商银行分红达到净利润的35%，是否可以理解为宁波银行留存更多的利润是为了接下来进行以量补价以提高营收和利润？那么管理层是否有信心能够让留存下的利润产生比优秀同业更好的ROE，以及如何平衡规模与风险的关系？ 感谢您的提问。目前的分配方案在保证投资者合理诉求的同时，也要考虑公司资本充足率的相关情况。未来，公司将在资本充足率满足监管要求和业务长远发展的前提下，充分考虑投资者合理诉求，实施积极的利润分配方案。公司将坚定不移地实施差异化的经营策略，深耕优质经营区域，从客户需求出发，持续升级商业模式，聚焦大零售和轻资本业务的拓展，努力构筑发展护城河，争取在银行业分化的大背景下，持续实现我们自身的高质量发展。,公司作为经营优质的商业银行，在分红安排上低于同行，请问管理层是如何考虑？24年会将分红提高总利润的30%以上吗？,2,shareholder_return,dep_reason,Q2针对A1中分红安排继续追问低于同行的考虑和24年具体比例，要求落实承诺。,公司在董事会决议中提到2023年度分红低于净利润30%主要是由于支撑业务发展以及满足资本充足率要求，考虑到同业的分红占利润比例普遍较宁波银行高，例如招商银行分红达到净利润的35%，是否可以理解为宁波银行留存更多的利润是为了接下来进行以量补价以提高营收和利润？那么管理层是否有信心能够让留存下的利润产生比优秀同业更好的ROE，以及如何平衡规模与风险的关系？,感谢您的提问。目前的分配方案在保证投资者合理诉求的同时，也要考虑公司资本充足率的相关情况。未来，公司将在资本充足率满足监管要求和业务长远发展的前提下，充分考虑投资者合理诉求，实施积极的利润分配方案。公司将坚定不移地实施差异化的经营策略，深耕优质经营区域，从客户需求出发，持续升级商业模式，聚焦大零售和轻资本业务的拓展，努力构筑发展护城河，争取在银行业分化的大背景下，持续实现我们自身的高质量发展。,公司作为经营优质的商业银行，在分红安排上低于同行，请问管理层是如何考虑？24年会将分红提高总利润的30%以上吗？,002142_2023,38,42,4,Elaboration,Q2针对A1中分红安排继续追问低于同行的考虑和24年具体比例，要求落实承诺。,,,1
positive,公司作为经营优质的商业银行，在分红安排上低于同行，请问管理层是如何考虑？24年会将分红提高总利润的30%以上吗？ 感谢您的提问。目前的分配方案在保证投资者合理诉求的同时，也要考虑公司内源性资本增长、业务稳健发展所必需的资本的情况。未来，公司将在资本充足率满足监管要求和业务长远发展的前提下，充分考虑投资者合理诉求，实施积极的利润分配方案。关于24年分红比例，管理层将积极讨论，争取分红比例逐年有所提高。,公司是否考虑加大分红比例？,2,shareholder_return,dep_reason,Q2针对A1中'争取分红比例逐年有所提高'继续确认是否加大分红比例。,公司作为经营优质的商业银行，在分红安排上低于同行，请问管理层是如何考虑？24年会将分红提高总利润的30%以上吗？,感谢您的提问。目前的分配方案在保证投资者合理诉求的同时，也要考虑公司内源性资本增长、业务稳健发展所必需的资本的情况。未来，公司将在资本充足率满足监管要求和业务长远发展的前提下，充分考虑投资者合理诉求，实施积极的利润分配方案。关于24年分红比例，管理层将积极讨论，争取分红比例逐年有所提高。,公司是否考虑加大分红比例？,002142_2023,42,46,4,Elaboration,Q2针对A1中'争取分红比例逐年有所提高'继续确认是否加大分红比例。,,,1
positive,按照证监会的最新要求：“长期破净公司应当制定上市公司估值提升计划，并经董事会审议后披露。”请问贵公司在市值管理方面有何具体计划？ 感谢您的提问。针对您提出的关于股价破净的问题，我们非常理解您的关切。股价破净是银行业面临的普遍共性问题。我们一直高度重视公司的市值管理和股价表现，致力于为投资者创造更大的价值。一是聚焦主业，通过稳健的经营策略、持续的创新投入以及高效的运营管理，推动公司业绩的长期增长，增强核心盈利指标，进而提高市场对公司估值的认可。二是制定积极的利润分配预案，继去年之后连续第二年增加分红金额，切实让投资者分享公司的发展成果，提升投资者获得感。三是我们继续高度重视与投资者的沟通交流，致力于通过丰富多样的渠道，确保信息传递的及时性、透明性和有效性，讲好宁波银行的故事。我们将一如既往地努力提升公司的业绩和价值，为股东创造更多的回报。,请问分红比例是否有提升的计划？,2,shareholder_return,dep_reason,Q2针对A1中增加分红金额的表述，追问分红比例提升计划。,按照证监会的最新要求：“长期破净公司应当制定上市公司估值提升计划，并经董事会审议后披露。”请问贵公司在市值管理方面有何具体计划？,感谢您的提问。针对您提出的关于股价破净的问题，我们非常理解您的关切。股价破净是银行业面临的普遍共性问题。我们一直高度重视公司的市值管理和股价表现，致力于为投资者创造更大的价值。一是聚焦主业，通过稳健的经营策略、持续的创新投入以及高效的运营管理，推动公司业绩的长期增长，增强核心盈利指标，进而提高市场对公司估值的认可。二是制定积极的利润分配预案，继去年之后连续第二年增加分红金额，切实让投资者分享公司的发展成果，提升投资者获得感。三是我们继续高度重视与投资者的沟通交流，致力于通过丰富多样的渠道，确保信息传递的及时性、透明性和有效性，讲好宁波银行的故事。我们将一如既往地努力提升公司的业绩和价值，为股东创造更多的回报。,请问分红比例是否有提升的计划？,002142_2024,0,1,1,Elaboration,Q2针对A1中增加分红金额的表述，追问分红比例提升计划。,,,1
positive,对于关注类贷款以及关注类贷款迁徙率变化的原因，能否给出更具体的信息 感谢您的提问。关注类贷款迁徙率24年底是52.6%，比2023年下降了7.02%。,对于关注类贷款以及关注类贷款迁徙率变化，能否给出更具体的信息,2,answer_pressure,dep_reason,Q2重复Q1问题，因A1未提供足够具体信息而再次催促。,对于关注类贷款以及关注类贷款迁徙率变化的原因，能否给出更具体的信息,感谢您的提问。关注类贷款迁徙率24年底是52.6%，比2023年下降了7.02%。,对于关注类贷款以及关注类贷款迁徙率变化，能否给出更具体的信息,002142_2024,19,20,1,Complaint,Q2重复Q1问题，因A1未提供足够具体信息而再次催促。,,,1
positive,能说下贵公司的资本补充计划么? 感谢您的提问。近年来，我行不断优化业务结构，节约资本使用，同时通过内生性补充资本，资本基础得到持续夯实，2024年末资本充足率为15.32%，保持了行业较好水平。截至目前，我行已披露将发行不超过450亿元的资本类债券。后续资本补充的相关情况将及时进行披露，敬请关注。,贵行的净资产收益率剔除现金分红后，最近几年一直落后于风险加权资产增速，成为其中一个导致贵行的资本一直处于一个偏紧的状况的因素。最近国有大行的资本补充计划打破了外部资本补充不能破净的限制。请问贵行是否有外部补充资本的计划？谢谢。,1,disclosure_detail,dep_reason,Q2针对A1中仅提及的债券资本补充计划，进一步询问是否还有外部资本补充计划，属于细节追问。,能说下贵公司的资本补充计划么?,感谢您的提问。近年来，我行不断优化业务结构，节约资本使用，同时通过内生性补充资本，资本基础得到持续夯实，2024年末资本充足率为15.32%，保持了行业较好水平。截至目前，我行已披露将发行不超过450亿元的资本类债券。后续资本补充的相关情况将及时进行披露，敬请关注。,贵行的净资产收益率剔除现金分红后，最近几年一直落后于风险加权资产增速，成为其中一个导致贵行的资本一直处于一个偏紧的状况的因素。最近国有大行的资本补充计划打破了外部资本补充不能破净的限制。请问贵行是否有外部补充资本的计划？谢谢。,002142_2024,21,24,3,Elaboration,Q2针对A1中仅提及的债券资本补充计划，进一步询问是否还有外部资本补充计划，属于细节追问。,,,1
positive,贵行2025年一季报每股净资产失速明显，远低于预期，是什么原因？ 感谢您的提问。今年一季度受制于国债收益率的震荡上行，FVOCI资产的公允价值影响非常大，减少了其他综合收益，每股净资产的增幅有所放缓。,宁波银行去年一季报每股净资资产增长6%，今年仅增1%？为什么差距这么大？,1,disclosure_detail,dep_reason,Q2引用去年数据对比，针对A1解释继续追问差距原因，要求更多细节。,贵行2025年一季报每股净资产失速明显，远低于预期，是什么原因？,感谢您的提问。今年一季度受制于国债收益率的震荡上行，FVOCI资产的公允价值影响非常大，减少了其他综合收益，每股净资产的增幅有所放缓。,宁波银行去年一季报每股净资资产增长6%，今年仅增1%？为什么差距这么大？,002142_2024,32,33,1,Elaboration,Q2引用去年数据对比，针对A1解释继续追问差距原因，要求更多细节。,,,1
positive,请问公司对公房地产业贷款是否有长期规划，以及如何看待这个行业的相关风险？ 感谢您的提问。我们的对公房地产贷款不是房地产开发贷款，一是住房保障类贷款，二是园区和开发区经营性物业贷款。没有实质性风险。,贵行的对公房地产贷款从2021年以来增长迅速，但是在这一时期国内的房地产市场经历了深度调整。这种情况容易引起市场人士对贵行资产质量的担忧。请问贵行加大投放对公房地产贷款背后的逻辑是什么？具体投放的项目类型有哪些？贵行如何把控相关的潜在风险？谢谢。,1,disclosure_detail,dep_reason,Q2基于A1澄清的贷款类型，追问投放逻辑、项目类型和风险把控，要求更详细说明。,请问公司对公房地产业贷款是否有长期规划，以及如何看待这个行业的相关风险？,感谢您的提问。我们的对公房地产贷款不是房地产开发贷款，一是住房保障类贷款，二是园区和开发区经营性物业贷款。没有实质性风险。,贵行的对公房地产贷款从2021年以来增长迅速，但是在这一时期国内的房地产市场经历了深度调整。这种情况容易引起市场人士对贵行资产质量的担忧。请问贵行加大投放对公房地产贷款背后的逻辑是什么？具体投放的项目类型有哪些？贵行如何把控相关的潜在风险？谢谢。,002142_2024,42,43,1,Elaboration,Q2基于A1澄清的贷款类型，追问投放逻辑、项目类型和风险把控，要求更详细说明。,,,1
positive,宁波银行近年的股价表现一般，甚至明显落后于很多上市银行股？除了股票市场的因素以外，贵行有没有思考过自身的业绩增速、分红比例等也有关系？引申的提问是：有否实质性市值管理的举措？ 感谢您的提问。投资者常说，股价短期是一台投票机，但长期是一台称重器。作为宁波银行的经营管理层，我们始终致力于通过稳健的经营策略、持续的创新投入以及高效的运营管理，推动公司业绩的长期增长。我们相信，公司的基本面是股价稳定和增长的坚实基础。同时，我们也注意到市场情绪和投资者预期对股价的短期影响。管理层会持续关注市场动态，持续丰富沟通形式，通过多重渠道与投资者保持良好互动，积极回应市场关切，增进投资者对公司的了解和认同。,请问贵公司近期有无回购计划？,2,shareholder_return,dep_reason,Q2追问回购计划，是Q1中市值管理举措的具体化，A1未正面回答，属于对笼统回答的细化追问。,宁波银行近年的股价表现一般，甚至明显落后于很多上市银行股？除了股票市场的因素以外，贵行有没有思考过自身的业绩增速、分红比例等也有关系？引申的提问是：有否实质性市值管理的举措？,感谢您的提问。投资者常说，股价短期是一台投票机，但长期是一台称重器。作为宁波银行的经营管理层，我们始终致力于通过稳健的经营策略、持续的创新投入以及高效的运营管理，推动公司业绩的长期增长。我们相信，公司的基本面是股价稳定和增长的坚实基础。同时，我们也注意到市场情绪和投资者预期对股价的短期影响。管理层会持续关注市场动态，持续丰富沟通形式，通过多重渠道与投资者保持良好互动，积极回应市场关切，增进投资者对公司的了解和认同。,请问贵公司近期有无回购计划？,002142_2024,51,52,1,Elaboration,Q2追问回购计划，是Q1中市值管理举措的具体化，A1未正面回答，属于对笼统回答的细化追问。,,,1
positive,请问公司一季度，净息差环比大幅下降的原因，我们看到不少同行都走稳了。 感谢您的提问。一季度的息差下降受制于两个方面的因素：一是存款增长超过预期，影响了净息差下降；二是资产端价格的下降。从25年全年的情况来看，如果不考虑未来降准降的影响，随着贷款投放的增加，我行的净息差会慢慢回升。,请问贵行能否分享一下对2025年息差走势的展望，包括对资产收益率和负债成本的展望？贵行有没有对今年息差水平的一个具体目标？谢谢。,2,strategy_planning,dep_reason,Q2针对A1中2025年息差回升的展望继续追问具体走势和目标。,请问公司一季度，净息差环比大幅下降的原因，我们看到不少同行都走稳了。,感谢您的提问。一季度的息差下降受制于两个方面的因素：一是存款增长超过预期，影响了净息差下降；二是资产端价格的下降。从25年全年的情况来看，如果不考虑未来降准降的影响，随着贷款投放的增加，我行的净息差会慢慢回升。,请问贵行能否分享一下对2025年息差走势的展望，包括对资产收益率和负债成本的展望？贵行有没有对今年息差水平的一个具体目标？谢谢。,002142_2024,57,58,1,Elaboration,Q2针对A1中2025年息差回升的展望继续追问具体走势和目标。,,,1
positive,公司未来管理人员会有变动么？对公司有影响么？ 感谢您的提问。上市以来，公司核心管理团队一直保持着高度稳定，形成了分工明确且配合默契的决策体系。这不仅得益于每位成员丰富的行业经验，更源于对“将公司打造成中国银行业中一家具备核心竞争力、在细分市场客户服务上具备比较优势的优秀商业银行”这一发展愿景的不懈追求。公司管理团队将继续坚持既定的业务定位和发展纲领，确保公司发展战略的连续性与连贯性，让公司在稳定中前行。 此外，公司已构建起完善的管理人员梯队建设机制，为管理人才的培养与补充提供了坚实的保障。公司衷心感谢投资者长期以来的关注与支持。我们将继续努力，力争以优异的业绩回报广大投资者的信任。,各位领导好，我是宁波银行老股东。请问公司未来管理人员的变动对公司是否有影响？,2,answer_pressure,dep_reason,A1未直接回应管理人员变动是否有影响，Q2重新提问以催促更明确答复。,公司未来管理人员会有变动么？对公司有影响么？,感谢您的提问。上市以来，公司核心管理团队一直保持着高度稳定，形成了分工明确且配合默契的决策体系。这不仅得益于每位成员丰富的行业经验，更源于对“将公司打造成中国银行业中一家具备核心竞争力、在细分市场客户服务上具备比较优势的优秀商业银行”这一发展愿景的不懈追求。公司管理团队将继续坚持既定的业务定位和发展纲领，确保公司发展战略的连续性与连贯性，让公司在稳定中前行。 此外，公司已构建起完善的管理人员梯队建设机制，为管理人才的培养与补充提供了坚实的保障。公司衷心感谢投资者长期以来的关注与支持。我们将继续努力，力争以优异的业绩回报广大投资者的信任。,各位领导好，我是宁波银行老股东。请问公司未来管理人员的变动对公司是否有影响？,002142_2024,59,60,1,Complaint,A1未直接回应管理人员变动是否有影响，Q2重新提问以催促更明确答复。,,,1
positive,您好，能否告知下贵公司的分红方案及未来的分红政策？ 感谢您的提问。稳定的分红是股东投资回报的重要组成部分，2024年度利润分配方案为每10股普通股派发现金红利9元（含税），今年我们根据监管要求和公司实际情况增加了股东分红的金额。同时我们还必须着眼长远，统筹好分红与内源性资本增长的关系，夯实业务稳健可持续发展所必需的资本基础。宁波银行的发展离不开每一位股东的支持。我们将一如既往地努力提升公司的业绩和价值，为股东创造更多的回报！,随着监管层鼓励上市公司优化投资者回报机制，系统性重要银行在分红政策上已逐步对标国际成熟市场。请问宁波银行在分红政策上是否有明确的优化计划，以缩小与同业差距并提升投资者信心？ 宁波银行2024年现金分红比例仅为22.77，而同为系统性重要银行的上海银行、江苏银行现金分红比例已达到30，并且实施了一年两次分红。请问管理层是否有计划提升现金分红比例至30或更高？,2,shareholder_return,dep_reason,Q2引用A1分红比例并对比同业，质疑提升计划。,您好，能否告知下贵公司的分红方案及未来的分红政策？,感谢您的提问。稳定的分红是股东投资回报的重要组成部分，2024年度利润分配方案为每10股普通股派发现金红利9元（含税），今年我们根据监管要求和公司实际情况增加了股东分红的金额。同时我们还必须着眼长远，统筹好分红与内源性资本增长的关系，夯实业务稳健可持续发展所必需的资本基础。宁波银行的发展离不开每一位股东的支持。我们将一如既往地努力提升公司的业绩和价值，为股东创造更多的回报！,随着监管层鼓励上市公司优化投资者回报机制，系统性重要银行在分红政策上已逐步对标国际成熟市场。请问宁波银行在分红政策上是否有明确的优化计划，以缩小与同业差距并提升投资者信心？ 宁波银行2024年现金分红比例仅为22.77，而同为系统性重要银行的上海银行、江苏银行现金分红比例已达到30，并且实施了一年两次分红。请问管理层是否有计划提升现金分红比例至30或更高？,002142_2024,65,68,3,Challenge,Q2引用A1分红比例并对比同业，质疑提升计划。,,,1
positive,"公司去年上市，募集资金好像超过5亿元，能否给我们介绍一下公司募集资金的使用情况，还有超募资金这块企业打算如何使用？ 您好，2010年公司累计使用募集资金232,182,420.62元，累计利息收入2,229,269.67元，累计支付银行手续费1,456.74元。截至2010年12月31日，公司募集资金余额应为301,573,792.31元，募集资金余额实际为293,748,792.31元。募投项目“7-氨基-3-去乙酰氧基头孢烷酸生产线搬迁扩建项目二期工程”的募集资金5000万元，已置换预先已投入该项目的自筹资金，同时拟使用超募资金8,050万元投资建设“年产400吨六氟磷酸锂项目”、使用超募资金4,200万元投资建设“7-氨基-3-去乙酰氧基头孢烷酸后续扩建项目”、拟使用超募资金8,720.34万元投资建设“年产1320万m2锂电池隔膜项目”。谢谢！",大多公司都有超募现象，请问九九久超额募集资金总额是多少？,1,disclosure_detail,dep_reason,Q2针对A1中披露的超募资金使用项目，进一步追问超募资金总额。,公司去年上市，募集资金好像超过5亿元，能否给我们介绍一下公司募集资金的使用情况，还有超募资金这块企业打算如何使用？,"您好，2010年公司累计使用募集资金232,182,420.62元，累计利息收入2,229,269.67元，累计支付银行手续费1,456.74元。截至2010年12月31日，公司募集资金余额应为301,573,792.31元，募集资金余额实际为293,748,792.31元。募投项目“7-氨基-3-去乙酰氧基头孢烷酸生产线搬迁扩建项目二期工程”的募集资金5000万元，已置换预先已投入该项目的自筹资金，同时拟使用超募资金8,050万元投资建设“年产400吨六氟磷酸锂项目”、使用超募资金4,200万元投资建设“7-氨基-3-去乙酰氧基头孢烷酸后续扩建项目”、拟使用超募资金8,720.34万元投资建设“年产1320万m2锂电池隔膜项目”。谢谢！",大多公司都有超募现象，请问九九久超额募集资金总额是多少？,002411_2010,6,9,3,Elaboration,Q2针对A1中披露的超募资金使用项目，进一步追问超募资金总额。,,,1
positive,您好：自从本公司上市以来，股价的走势令人乐观。请问本公司在六氟磷酸锂、锂电隔膜在未来发展的战略？ 您好，首先感谢您对我公司的关注。目前公司的六氟磷酸锂项目处于设备调试和试生产准备阶段，锂电池隔膜目前处于筹备初期。若成功实施将有利于进一步调整和优化公司的产品结构，有利于提升公司的盈利能力和综合竞争力，确保公司在今后的可持续发展。公司目前尚未有新的开发计划，未来如有新的投资计划，公司将按照证监会和深交所的相关要求及时予以公告，谢谢！,"公司最近新投资的两个项目的可行性报告中对设备的折旧率计提费用是否太快了,介绍一下好吗?去年向政府交的税超过了全年公司的净利润一倍多,合理吗?",1,disclosure_detail,dep_reason,Q2针对A1中的两个新投资项目追问折旧率细节。,您好：自从本公司上市以来，股价的走势令人乐观。请问本公司在六氟磷酸锂、锂电隔膜在未来发展的战略？,您好，首先感谢您对我公司的关注。目前公司的六氟磷酸锂项目处于设备调试和试生产准备阶段，锂电池隔膜目前处于筹备初期。若成功实施将有利于进一步调整和优化公司的产品结构，有利于提升公司的盈利能力和综合竞争力，确保公司在今后的可持续发展。公司目前尚未有新的开发计划，未来如有新的投资计划，公司将按照证监会和深交所的相关要求及时予以公告，谢谢！,"公司最近新投资的两个项目的可行性报告中对设备的折旧率计提费用是否太快了,介绍一下好吗?去年向政府交的税超过了全年公司的净利润一倍多,合理吗?",002411_2010,17,19,2,Elaboration,Q2针对A1中的两个新投资项目追问折旧率细节。,,,1
positive,您好：自从本公司上市以来，股价的走势令人乐观。请问本公司在六氟磷酸锂、锂电隔膜在未来发展的战略？ 您好，首先感谢您对我公司的关注。目前公司的六氟磷酸锂项目处于设备调试和试生产准备阶段，锂电池隔膜目前处于筹备初期。若成功实施将有利于进一步调整和优化公司的产品结构，有利于提升公司的盈利能力和综合竞争力，确保公司在今后的可持续发展。公司目前尚未有新的开发计划，未来如有新的投资计划，公司将按照证监会和深交所的相关要求及时予以公告，谢谢！,"周总,陈兵:你们好!请介绍一下六氟磷酸锂项目的最新进展情况?",1,disclosure_detail,dep_reason,Q2针对A1中已提及的六氟磷酸锂项目阶段追问最新进展。,您好：自从本公司上市以来，股价的走势令人乐观。请问本公司在六氟磷酸锂、锂电隔膜在未来发展的战略？,您好，首先感谢您对我公司的关注。目前公司的六氟磷酸锂项目处于设备调试和试生产准备阶段，锂电池隔膜目前处于筹备初期。若成功实施将有利于进一步调整和优化公司的产品结构，有利于提升公司的盈利能力和综合竞争力，确保公司在今后的可持续发展。公司目前尚未有新的开发计划，未来如有新的投资计划，公司将按照证监会和深交所的相关要求及时予以公告，谢谢！,"周总,陈兵:你们好!请介绍一下六氟磷酸锂项目的最新进展情况?",002411_2010,17,20,3,Elaboration,Q2针对A1中已提及的六氟磷酸锂项目阶段追问最新进展。,,,1
positive,刚才看了周董的年度计划，请问这利润总额目标是目前的主营能够产生的还是含有公司去年超募资金投向的新能源所能带来的？超募资金锁投的新能源目前进展如何？失败的概率有多大？若失败，对公司原有的主营有多大程度的拖累？ 您好！2011年公司利润来源主要还是公司传统产业。目前，利用超募资金投资建设的新能源项目正按序时进度计划组织进行。我们对新建项目有信心。谢谢！,多氟多投数亿建年产200吨的生产线（后来放卫星又扩至2000吨），您用八千万如何能建成年产400吨？隔膜项目1亿够吗？目前好像国内还没有谁声称自己弄成隔膜了？您不怕这一亿打水漂了吗？,2,answer_pressure,dep_reason,Q2对A1笼统的新能源项目信心，用具体投资和产能数字质疑其可行性。,刚才看了周董的年度计划，请问这利润总额目标是目前的主营能够产生的还是含有公司去年超募资金投向的新能源所能带来的？超募资金锁投的新能源目前进展如何？失败的概率有多大？若失败，对公司原有的主营有多大程度的拖累？,您好！2011年公司利润来源主要还是公司传统产业。目前，利用超募资金投资建设的新能源项目正按序时进度计划组织进行。我们对新建项目有信心。谢谢！,多氟多投数亿建年产200吨的生产线（后来放卫星又扩至2000吨），您用八千万如何能建成年产400吨？隔膜项目1亿够吗？目前好像国内还没有谁声称自己弄成隔膜了？您不怕这一亿打水漂了吗？,002411_2010,35,40,5,Challenge,Q2对A1笼统的新能源项目信心，用具体投资和产能数字质疑其可行性。,,,1
positive,请问董事长公司未来高速发展的主要优势和所面对的问题是什么?土地储备如何?和院校合作的技术储备?新能源材料的拓展开发? 您好！1、公司发展的主要优势有技术优势、客户优势、产品质量优势等；公司在发展过程也存在原材料价格的上涨、人工成本的上升、人才的紧缺等困扰。2、公司土地储备较充足。3、公司和高等院校、科研院所长期保持良好的合作关系，共同进行新产品、新技术、新材料研发。4、公司在将向新能源领域积极拓展，力争开发成功六氟磷酸锂、锂电池隔膜项目。谢谢！,公司在围绕着六氟磷酸锂产品开发上有新的计划吗?譬如提高六氟磷酸锂的产量到2000吨，电解液的开发生产?,2,strategy_planning,dep_reason,Q2针对A1中提到的六氟磷酸锂开发计划追问新计划和具体产量目标。,请问董事长公司未来高速发展的主要优势和所面对的问题是什么?土地储备如何?和院校合作的技术储备?新能源材料的拓展开发?,您好！1、公司发展的主要优势有技术优势、客户优势、产品质量优势等；公司在发展过程也存在原材料价格的上涨、人工成本的上升、人才的紧缺等困扰。2、公司土地储备较充足。3、公司和高等院校、科研院所长期保持良好的合作关系，共同进行新产品、新技术、新材料研发。4、公司在将向新能源领域积极拓展，力争开发成功六氟磷酸锂、锂电池隔膜项目。谢谢！,公司在围绕着六氟磷酸锂产品开发上有新的计划吗?譬如提高六氟磷酸锂的产量到2000吨，电解液的开发生产?,002411_2010,50,52,2,Elaboration,Q2针对A1中提到的六氟磷酸锂开发计划追问新计划和具体产量目标。,,,1
positive,请问贵公司的股东权益能不能得到合理的保证，信息有没有不够及时的公布等情况。以及今后关于公司自我监管有没有具体的负责人和措施？ 您好，公司一直注重股东权益特别是中小企业股东权益的维护。公司严格按照证监会及交易所等相关监管部门的规定履行信息披露义务，不存在应披露而未披露的信息。公司建立了较为完善的内部控制监督体系，公司监事会负责对董事、经理及其他高管人员的履职情形及公司依法运作情况进行监督，对股东负责。审计委员会主要负责公司内外部审计的沟通、监督和核查工作，确保董事会对经理层的有效监督。审计监察部作为公司内审部门配有专职审计人员，对公司各内部机构、公司及子公司财务信息的真实性和完整性、内部控制制度的建立和实施等情况进行监督检查。谢谢！,请问贵公司关于财务，人事的内部监管的具体负责人和措施是什么？,1,disclosure_detail,dep_reason,Q2针对A1未具体化的财务与人事监管负责人和措施继续追问细节。,请问贵公司的股东权益能不能得到合理的保证，信息有没有不够及时的公布等情况。以及今后关于公司自我监管有没有具体的负责人和措施？,您好，公司一直注重股东权益特别是中小企业股东权益的维护。公司严格按照证监会及交易所等相关监管部门的规定履行信息披露义务，不存在应披露而未披露的信息。公司建立了较为完善的内部控制监督体系，公司监事会负责对董事、经理及其他高管人员的履职情形及公司依法运作情况进行监督，对股东负责。审计委员会主要负责公司内外部审计的沟通、监督和核查工作，确保董事会对经理层的有效监督。审计监察部作为公司内审部门配有专职审计人员，对公司各内部机构、公司及子公司财务信息的真实性和完整性、内部控制制度的建立和实施等情况进行监督检查。谢谢！,请问贵公司关于财务，人事的内部监管的具体负责人和措施是什么？,002411_2011,0,4,4,Elaboration,Q2针对A1未具体化的财务与人事监管负责人和措施继续追问细节。,,,1
positive,"请问周董事长,公司未来的利润增长点? 随着六氟磷酸锂和高强高模聚乙烯纤维项目的实施，这两个产品将成为公司未来利润的重要增长点，谢谢！",公司业务涉及到多个不同板块，请问未来公司主攻方向是哪里，为什么？,2,answer_pressure,dep_reason,Q2针对A1提出的两个增长点，追问主攻方向，要求明确重点和原因。,"请问周董事长,公司未来的利润增长点?",随着六氟磷酸锂和高强高模聚乙烯纤维项目的实施，这两个产品将成为公司未来利润的重要增长点，谢谢！,公司业务涉及到多个不同板块，请问未来公司主攻方向是哪里，为什么？,002411_2011,22,25,3,Elaboration,Q2针对A1提出的两个增长点，追问主攻方向，要求明确重点和原因。,,,1
positive,公司业务涉及到多个不同板块，请问未来公司主攻方向是哪里，为什么？ 您好！公司的发展战略是：进一步巩固医药、农药中间体传统产业，积极向新能源新材料产业拓展，加快企业转型升级，提升企业核心竞争力。新能源新材料领域将是公司产品结构调整和转型升级的主攻方向。谢谢！,请周董详细的说下贵公司12年-15的详细运营规划~,2,strategy_planning,dep_reason,Q2要求对A1中的战略转型给出详细运营规划。,公司业务涉及到多个不同板块，请问未来公司主攻方向是哪里，为什么？,您好！公司的发展战略是：进一步巩固医药、农药中间体传统产业，积极向新能源新材料产业拓展，加快企业转型升级，提升企业核心竞争力。新能源新材料领域将是公司产品结构调整和转型升级的主攻方向。谢谢！,请周董详细的说下贵公司12年-15的详细运营规划~,002411_2011,25,29,4,Elaboration,Q2要求对A1中的战略转型给出详细运营规划。,,,1
positive,请告知今年以来新能源项目的具体情况？ 您好！公司年产400吨六氟磷酸锂项目，于2012年1月30日已全面投产运行，达到年产400吨的产能。该产品质量达标，含量达99.99%，产品质量得到下游客户的认可；年产1320万m2锂电池隔膜项目，正在进行厂房施工、设备采购；新增年产1600吨六氟磷酸锂扩建项目，正在进行土建施工。谢谢！,公司六氟磷酸锂产品实现销售收入多少，利润多少？毛利率怎样？,2,performance_governance,dep_reason,Q2针对A1中提到的六氟磷酸锂项目追问销售收入、利润和毛利率等具体财务数据。,请告知今年以来新能源项目的具体情况？,您好！公司年产400吨六氟磷酸锂项目，于2012年1月30日已全面投产运行，达到年产400吨的产能。该产品质量达标，含量达99.99%，产品质量得到下游客户的认可；年产1320万m2锂电池隔膜项目，正在进行厂房施工、设备采购；新增年产1600吨六氟磷酸锂扩建项目，正在进行土建施工。谢谢！,公司六氟磷酸锂产品实现销售收入多少，利润多少？毛利率怎样？,002411_2011,37,39,2,Elaboration,Q2针对A1中提到的六氟磷酸锂项目追问销售收入、利润和毛利率等具体财务数据。,,,1
positive,看了公司的报表，公司的多数产品的毛利率都比较低，营业额很高，营业利润却很低，公司未来有无措施或者对策，改善这种状况呢？ 您好！公司今后的发展战略是：在巩固并做好医药、农药中间体传统产业的同时，积极向新能源新材料产业拓展，加快企业转型升级，提升企业核心竞争力。谢谢！,请问公司“年产400吨六氟磷酸锂项目”今年的进展情况怎样？,1,disclosure_detail,dep_reason,Q2就A1中提出的新能源新材料战略追问具体项目进展。,看了公司的报表，公司的多数产品的毛利率都比较低，营业额很高，营业利润却很低，公司未来有无措施或者对策，改善这种状况呢？,您好！公司今后的发展战略是：在巩固并做好医药、农药中间体传统产业的同时，积极向新能源新材料产业拓展，加快企业转型升级，提升企业核心竞争力。谢谢！,请问公司“年产400吨六氟磷酸锂项目”今年的进展情况怎样？,002411_2011,41,44,3,Elaboration,Q2就A1中提出的新能源新材料战略追问具体项目进展。,,,1
positive,一些投资者的建议，关于年终分配的事宜，我觉得比较妥当，只要合法、合规、兼顾了各方面的利益，公司管理层应该充分考虑这些建议，毕竟，普通投资者投资一只股票不是来亏钱的，公司有能力、有条件推出高送转、适当派现，就应该公开、透明的发公告。 你好，谢谢广大投资者对公司的关注及支持，公司一定按照证监会的要求及时准确公告，谢谢！,认为高送转是数字游戏的认识很肤浅，根本上说高送转是公司做大做强的必由之路，股本大小代表实力，在公司快速发展，规模产能扩大的情况下高送转实属必然。资本市场利用高送转做大做强的例子比比皆是，苏宁、三一等等。相信公司管理层对此认识比一般投资者认识更深刻，更有体会。今年如何分红，是否高送转，有计划吗？,2,shareholder_return,dep_reason,Q2继续追问Q1中的分红与高送转计划，A1仅笼统回复，Q2要求具体方案并施加压力。,一些投资者的建议，关于年终分配的事宜，我觉得比较妥当，只要合法、合规、兼顾了各方面的利益，公司管理层应该充分考虑这些建议，毕竟，普通投资者投资一只股票不是来亏钱的，公司有能力、有条件推出高送转、适当派现，就应该公开、透明的发公告。,你好，谢谢广大投资者对公司的关注及支持，公司一定按照证监会的要求及时准确公告，谢谢！,认为高送转是数字游戏的认识很肤浅，根本上说高送转是公司做大做强的必由之路，股本大小代表实力，在公司快速发展，规模产能扩大的情况下高送转实属必然。资本市场利用高送转做大做强的例子比比皆是，苏宁、三一等等。相信公司管理层对此认识比一般投资者认识更深刻，更有体会。今年如何分红，是否高送转，有计划吗？,002411_2012,24,29,5,Challenge,Q2继续追问Q1中的分红与高送转计划，A1仅笼统回复，Q2要求具体方案并施加压力。,,,1
positive,做大、做好市值管理是每个公司成长的必然追求，公司是如何进行市值管理的？ 您好，公司通过与资本市场保持准确、及时的信息交互传导，维持各关联方之间关系的相对动态平衡，在公司力所能及的范范内设法使公司股票价格服务于公司整体战略目标的实现。谢谢！,公司上市三年，股价总体程下行趋势，目产处理低位，公司主要流通股都是个人投资者，罕见机构投资者，公司有无反省其中原因，是公司基本面问题？是公司与机色投资者沟通不畅？公司是否关注市值的维护？,2,answer_pressure,dep_reason,Q2针对A1中市值管理的笼统说法，指出股价下行、机构缺失等具体问题，要求公司反省原因并关注市值维护。,做大、做好市值管理是每个公司成长的必然追求，公司是如何进行市值管理的？,您好，公司通过与资本市场保持准确、及时的信息交互传导，维持各关联方之间关系的相对动态平衡，在公司力所能及的范范内设法使公司股票价格服务于公司整体战略目标的实现。谢谢！,公司上市三年，股价总体程下行趋势，目产处理低位，公司主要流通股都是个人投资者，罕见机构投资者，公司有无反省其中原因，是公司基本面问题？是公司与机色投资者沟通不畅？公司是否关注市值的维护？,002411_2012,31,32,1,Challenge,Q2针对A1中市值管理的笼统说法，指出股价下行、机构缺失等具体问题，要求公司反省原因并关注市值维护。,,,1
positive,做大、做好市值管理是每个公司成长的必然追求，公司是如何进行市值管理的？ 您好，公司通过与资本市场保持准确、及时的信息交互传导，维持各关联方之间关系的相对动态平衡，在公司力所能及的范范内设法使公司股票价格服务于公司整体战略目标的实现。谢谢！,虽说股价波动是市场行为，但是，还是希望公司在提振股价、提升股东信心方面有所作为，不知公司有何想法举措？,2,answer_pressure,dep_reason,Q2针对A1笼统表述要求提振股价、提升股东信心的具体举措。,做大、做好市值管理是每个公司成长的必然追求，公司是如何进行市值管理的？,您好，公司通过与资本市场保持准确、及时的信息交互传导，维持各关联方之间关系的相对动态平衡，在公司力所能及的范范内设法使公司股票价格服务于公司整体战略目标的实现。谢谢！,虽说股价波动是市场行为，但是，还是希望公司在提振股价、提升股东信心方面有所作为，不知公司有何想法举措？,002411_2012,31,36,5,Elaboration,Q2针对A1笼统表述要求提振股价、提升股东信心的具体举措。,,,1
positive,公司上市三年，股价总体程下行趋势，目产处理低位，公司主要流通股都是个人投资者，罕见机构投资者，公司有无反省其中原因，是公司基本面问题？是公司与机色投资者沟通不畅？公司是否关注市值的维护？ 您好！公司目前生产经营情况正常，也注重与投资者的沟通，股票价格在二级市场的走势受市场原因等多种因素影响，公司重点是强化生产经营管理，力争取得较好业绩。谢谢！,虽说股价波动是市场行为，但是，还是希望公司在提振股价、提升股东信心方面有所作为，不知公司有何想法举措？,2,answer_pressure,dep_reason,Q2针对A1笼统表述要求具体提振股价举措。,公司上市三年，股价总体程下行趋势，目产处理低位，公司主要流通股都是个人投资者，罕见机构投资者，公司有无反省其中原因，是公司基本面问题？是公司与机色投资者沟通不畅？公司是否关注市值的维护？,您好！公司目前生产经营情况正常，也注重与投资者的沟通，股票价格在二级市场的走势受市场原因等多种因素影响，公司重点是强化生产经营管理，力争取得较好业绩。谢谢！,虽说股价波动是市场行为，但是，还是希望公司在提振股价、提升股东信心方面有所作为，不知公司有何想法举措？,002411_2012,32,36,4,Elaboration,Q2针对A1笼统表述要求具体提振股价举措。,,,1
positive,虽说股价波动是市场行为，但是，还是希望公司在提振股价、提升股东信心方面有所作为，不知公司有何想法举措？ 您好，我们认为一家公司的股票的价格是和公司的业绩及未来潜力相关的，公司将努力搞好生产经营，以提升公司的业绩和价值。谢谢！,2013年公司准备采取哪些行之有效的措施来扩大销售业绩和产品的全国覆盖率，提高业绩?希望公司早点抢占市场。,2,performance_governance,dep_reason,Q2针对A1中搞好生产经营提升业绩的回应，进一步追问具体销售措施。,虽说股价波动是市场行为，但是，还是希望公司在提振股价、提升股东信心方面有所作为，不知公司有何想法举措？,您好，我们认为一家公司的股票的价格是和公司的业绩及未来潜力相关的，公司将努力搞好生产经营，以提升公司的业绩和价值。谢谢！,2013年公司准备采取哪些行之有效的措施来扩大销售业绩和产品的全国覆盖率，提高业绩?希望公司早点抢占市场。,002411_2012,36,41,5,Elaboration,Q2针对A1中搞好生产经营提升业绩的回应，进一步追问具体销售措施。,,,1
positive,公司的产品多点开花，是否战线拉得太长，请问将来重点发展的产品或方向是什么？公司的发展愿景是什么？ 您好！公司新产品开发均符合国家产业政策。公司未来的发展方向是巩固药物中间体优势地位，向新能源新材料领域拓展，力促企业转型升级。谢谢！,公司锂电池隔膜项目的进展情况如何？,1,disclosure_detail,dep_reason,Q2针对A1中新能源新材料领域的具体项目追问进展。,公司的产品多点开花，是否战线拉得太长，请问将来重点发展的产品或方向是什么？公司的发展愿景是什么？,您好！公司新产品开发均符合国家产业政策。公司未来的发展方向是巩固药物中间体优势地位，向新能源新材料领域拓展，力促企业转型升级。谢谢！,公司锂电池隔膜项目的进展情况如何？,002411_2012,46,48,2,Elaboration,Q2针对A1中新能源新材料领域的具体项目追问进展。,,,1
positive,公司的产品多点开花，是否战线拉得太长，请问将来重点发展的产品或方向是什么？公司的发展愿景是什么？ 您好！公司新产品开发均符合国家产业政策。公司未来的发展方向是巩固药物中间体优势地位，向新能源新材料领域拓展，力促企业转型升级。谢谢！,"公司与沈同德教授等组建""九九久""纳米新材料,目前进展如何?除了向锂电池正.负极材料发展外,有无向其它产业方面研发纳米材料的应用?",1,disclosure_detail,dep_reason,Q2针对A1中“向新能源新材料领域拓展”的方向，追问具体纳米新材料项目进展，属于内容依赖。,公司的产品多点开花，是否战线拉得太长，请问将来重点发展的产品或方向是什么？公司的发展愿景是什么？,您好！公司新产品开发均符合国家产业政策。公司未来的发展方向是巩固药物中间体优势地位，向新能源新材料领域拓展，力促企业转型升级。谢谢！,"公司与沈同德教授等组建""九九久""纳米新材料,目前进展如何?除了向锂电池正.负极材料发展外,有无向其它产业方面研发纳米材料的应用?",002411_2012,46,49,3,Elaboration,Q2针对A1中“向新能源新材料领域拓展”的方向，追问具体纳米新材料项目进展，属于内容依赖。,,,1
positive,公司的产品多点开花，是否战线拉得太长，请问将来重点发展的产品或方向是什么？公司的发展愿景是什么？ 您好！公司新产品开发均符合国家产业政策。公司未来的发展方向是巩固药物中间体优势地位，向新能源新材料领域拓展，力促企业转型升级。谢谢！,公司是否会进军新的细分市场和领域，以及扩大市场占有率？如果会，请问新的领域现在占公司营业收入比重是多少？未来打算提升到多少？多长时间能实现？,2,restructuring,dep_reason,Q2针对A1中新能源新材料拓展方向追问具体细分市场、收入占比及时间表。,公司的产品多点开花，是否战线拉得太长，请问将来重点发展的产品或方向是什么？公司的发展愿景是什么？,您好！公司新产品开发均符合国家产业政策。公司未来的发展方向是巩固药物中间体优势地位，向新能源新材料领域拓展，力促企业转型升级。谢谢！,公司是否会进军新的细分市场和领域，以及扩大市场占有率？如果会，请问新的领域现在占公司营业收入比重是多少？未来打算提升到多少？多长时间能实现？,002411_2012,46,50,4,Elaboration,Q2针对A1中新能源新材料拓展方向追问具体细分市场、收入占比及时间表。,,,1
positive,能否告知一下新年第一季度的情况怎么样? 2013年一季度经营情况已在网上公告，请查询，谢谢！,请问公司上一季生产经营状况如何？与去年同期相比如何呢？,1,disclosure_detail,dep_reason,Q2针对A1仅告知公告而未提供具体信息继续追问生产经营状况。,能否告知一下新年第一季度的情况怎么样?,2013年一季度经营情况已在网上公告，请查询，谢谢！,请问公司上一季生产经营状况如何？与去年同期相比如何呢？,002411_2012,52,55,3,Complaint,Q2针对A1仅告知公告而未提供具体信息继续追问生产经营状况。,,,1
positive,公司今年有没有新产品和新业务拓展？对城镇一体化带来大发展机遇，公司有没有具体的发展计划？ 您好，公司目前正在抓紧做好已投资的项目建设工作，后续如有新产品和新业务的拓展公司会按照相关规定履行必要的审批程序。发展规划可参阅公司2012年度报告相关章节。谢谢！,请问咱们公司今年还有没有收购其它公司的计划啊?,1,disclosure_detail,dep_reason,Q2针对A1未正面回答新产品拓展而继续追问收购计划，属于对回避回答的进一步追问。,公司今年有没有新产品和新业务拓展？对城镇一体化带来大发展机遇，公司有没有具体的发展计划？,您好，公司目前正在抓紧做好已投资的项目建设工作，后续如有新产品和新业务的拓展公司会按照相关规定履行必要的审批程序。发展规划可参阅公司2012年度报告相关章节。谢谢！,请问咱们公司今年还有没有收购其它公司的计划啊?,002411_2012,54,59,5,Complaint,Q2针对A1未正面回答新产品拓展而继续追问收购计划，属于对回避回答的进一步追问。,,,1
positive,希望公司在本专业领域专注于做强做大做实，提升公司的行业地位，给投资者以回报！ 感谢你对公司的关注，公司上下会努力搞好生产经营，以提升公司业绩，谢谢！,公司今年的业绩增长点是哪些？,2,performance_governance,dep_reason,Q2针对A1中“提升公司业绩”的笼统承诺进一步追问具体增长点。,希望公司在本专业领域专注于做强做大做实，提升公司的行业地位，给投资者以回报！,感谢你对公司的关注，公司上下会努力搞好生产经营，以提升公司业绩，谢谢！,公司今年的业绩增长点是哪些？,002411_2013,16,18,2,Elaboration,Q2针对A1中“提升公司业绩”的笼统承诺进一步追问具体增长点。,,,1
positive,公司2014年上半年业绩预计怎么那么差啊？目前生产经营情况怎样？未来业绩预计如何？ 您好！今年上半年预计业绩下降的影响因素主要是：1、工资性支出增加和产品研发力度加大，使产品制造成本和研发费用比去年同期增加；2、公司锂电池隔膜及高强高模聚乙烯纤维的设备调试、试生产费用增加；3、由于银行借款利息较去年同期增加，财务费用同比增加；4、生产运行费用增加，使产品制造成本比去年同期增加。公司目前生产经营情况正常。我们将努力搞好生产经营管理，克服各种不利因素的影响，提升企业业绩，确保公司持续、稳定、健康发展。谢谢！,公司预计2014年业绩较去年同期是上升还是下降？若上升，则增幅是多少？,2,strategy_planning,dep_reason,Q2针对A1中未明确回复的未来业绩方向继续追问，要求给出具体增幅。,公司2014年上半年业绩预计怎么那么差啊？目前生产经营情况怎样？未来业绩预计如何？,您好！今年上半年预计业绩下降的影响因素主要是：1、工资性支出增加和产品研发力度加大，使产品制造成本和研发费用比去年同期增加；2、公司锂电池隔膜及高强高模聚乙烯纤维的设备调试、试生产费用增加；3、由于银行借款利息较去年同期增加，财务费用同比增加；4、生产运行费用增加，使产品制造成本比去年同期增加。公司目前生产经营情况正常。我们将努力搞好生产经营管理，克服各种不利因素的影响，提升企业业绩，确保公司持续、稳定、健康发展。谢谢！,公司预计2014年业绩较去年同期是上升还是下降？若上升，则增幅是多少？,002411_2013,34,35,1,Elaboration,Q2针对A1中未明确回复的未来业绩方向继续追问，要求给出具体增幅。,,,1
positive,公司倾向于何种方式回报股东，现金股利还是送股？ 您好！按照《公司章程》和《公司利润分配管理制度》的规定，公司将采取现金分红为主的分配方式。谢谢！,建议董事会提出适当送股或分红提案.谢谢!!!,2,shareholder_return,dep_reason,Q2针对A1现金分红为主的表述提出送股建议，围绕同一分配政策展开互动。,公司倾向于何种方式回报股东，现金股利还是送股？,您好！按照《公司章程》和《公司利润分配管理制度》的规定，公司将采取现金分红为主的分配方式。谢谢！,建议董事会提出适当送股或分红提案.谢谢!!!,002411_2013,39,41,2,Challenge,Q2针对A1现金分红为主的表述提出送股建议，围绕同一分配政策展开互动。,,,1
positive,建议董事会提出适当送股或分红提案.谢谢!!! 您好！公司董事会已提出2013年度利润分配预案，经董事会审议通过的利润分配预案为：以2013年12月31日的公司总股本为基数，向全体股东每10股派发现金红利0.20元（含税），送红股0股（含税），不以公积金转增股本。,建议公司决策层再考虑年度分红时主要以送股和转赠为主。,2,shareholder_return,dep_reason,Q2针对A1中无送转方案，建议以送股转赠为主，继续施压修改分红方式。,建议董事会提出适当送股或分红提案.谢谢!!!,您好！公司董事会已提出2013年度利润分配预案，经董事会审议通过的利润分配预案为：以2013年12月31日的公司总股本为基数，向全体股东每10股派发现金红利0.20元（含税），送红股0股（含税），不以公积金转增股本。,建议公司决策层再考虑年度分红时主要以送股和转赠为主。,002411_2013,41,45,4,Challenge,Q2针对A1中无送转方案，建议以送股转赠为主，继续施压修改分红方式。,,,1
positive,"公司的核心客互都有哪几家,主要竟争对手又有谁,我们的优势在哪了,不足呢? 您好！公司的核心客户主要是国内医药和农药制造企业，主要竞争对手有山东新时代等一些头孢类药物中间体制造企业和红太阳等一些三氯吡啶醇钠农药中间体制造企业。公司的优势有规模优势、质量优势、生产技术优势等等，公司的市场开拓力度需要进一步加强，尤其是新产品的市场开拓要进一步加大力度。谢谢！",公司在市场方面的开拓有什么计划？,2,answer_pressure,dep_reason,Q2针对A1中明确指出的市场开拓不足继续追问具体计划。,"公司的核心客互都有哪几家,主要竟争对手又有谁,我们的优势在哪了,不足呢?",您好！公司的核心客户主要是国内医药和农药制造企业，主要竞争对手有山东新时代等一些头孢类药物中间体制造企业和红太阳等一些三氯吡啶醇钠农药中间体制造企业。公司的优势有规模优势、质量优势、生产技术优势等等，公司的市场开拓力度需要进一步加强，尤其是新产品的市场开拓要进一步加大力度。谢谢！,公司在市场方面的开拓有什么计划？,002411_2013,47,50,3,Elaboration,Q2针对A1中明确指出的市场开拓不足继续追问具体计划。,,,1
positive,"能否介绍一下公司新的年度制定的经营计划，另外对于经营业绩方面有怎样的期许和奋斗目标？ 您好！2015年，公司将继续围绕主营业务开展工作，推进资产重组，优化产业结构，继续集中优势力量开拓六氟磷酸锂、高强高模聚乙烯纤维、锂电池隔膜为代表的新能源新材料领域市场，开发纳米复合二氧化锆粉体产品项目，力争在新兴产品领域取得突破，为公司创收增效拓宽渠道。公司2015年全年计划实现营业收入13亿元，利润总额6,000万元。（上述经营目标并不代表公司对2015年度的盈利预测，能否实现取决于市场状况变化、经营团队的努力程度等多种因素，存在很大的不确定性，敬请投资者特别注意。）谢谢！",请问此次重组的成功率约有多少？会出现那种停牌N久后宣布重组失败的悲催事件么？,2,restructuring,dep_reason,Q2围绕A1中提到的资产重组继续追问成功率和失败风险。,能否介绍一下公司新的年度制定的经营计划，另外对于经营业绩方面有怎样的期许和奋斗目标？,"您好！2015年，公司将继续围绕主营业务开展工作，推进资产重组，优化产业结构，继续集中优势力量开拓六氟磷酸锂、高强高模聚乙烯纤维、锂电池隔膜为代表的新能源新材料领域市场，开发纳米复合二氧化锆粉体产品项目，力争在新兴产品领域取得突破，为公司创收增效拓宽渠道。公司2015年全年计划实现营业收入13亿元，利润总额6,000万元。（上述经营目标并不代表公司对2015年度的盈利预测，能否实现取决于市场状况变化、经营团队的努力程度等多种因素，存在很大的不确定性，敬请投资者特别注意。）谢谢！",请问此次重组的成功率约有多少？会出现那种停牌N久后宣布重组失败的悲催事件么？,002411_2014,0,1,1,Elaboration,Q2围绕A1中提到的资产重组继续追问成功率和失败风险。,,,1
positive,请问，你们的分红有什么标准没有？ 您好！公司在当年盈利且累计未分配利润为正值的情况下，如未来十二个月内无重大投资计划或重大现金支出计划等事项（募集资金投资项目除外）发生，应采取现金方式分配股利。每年以现金方式分配的利润不低于当期实现的可分配利润的10%。公司连续三年以现金方式累计分配的利润不少于该三年实现的年均可分配利润的30%。谢谢！,请问重组成功后会有分红之类的分享给投资者嘛,1,disclosure_detail,dep_reason,Q2基于A1中的分红标准，进一步追问重组成功这一特定情形下是否会分红。,请问，你们的分红有什么标准没有？,您好！公司在当年盈利且累计未分配利润为正值的情况下，如未来十二个月内无重大投资计划或重大现金支出计划等事项（募集资金投资项目除外）发生，应采取现金方式分配股利。每年以现金方式分配的利润不低于当期实现的可分配利润的10%。公司连续三年以现金方式累计分配的利润不少于该三年实现的年均可分配利润的30%。谢谢！,请问重组成功后会有分红之类的分享给投资者嘛,002411_2014,10,12,2,Elaboration,Q2基于A1中的分红标准，进一步追问重组成功这一特定情形下是否会分红。,,,1
positive,"请问重组成功后会有分红之类的分享给投资者嘛 您好！公司2014年度利润分配预案为：以2014年12月31日总股本348,300,000股为基数，向全体股东按每10股派发现金股利人民币0.50元（含税），共计分配现金股利17,415,000.00元（含税）。剩余未分配利润结转到下年度。不送股，不进行资本公积金转增股本。该议案尚需提交公司2014年度股东大会审议。若审议通过，公司将在审议通过后两个月内尽早实施。谢谢！",请问重组成功后会有分红之类的分享给投资者嘛,2,shareholder_return,dep_reason,Q2完全重复Q1，A1未直接回应重组后分红，视为未正面回答。,请问重组成功后会有分红之类的分享给投资者嘛,"您好！公司2014年度利润分配预案为：以2014年12月31日总股本348,300,000股为基数，向全体股东按每10股派发现金股利人民币0.50元（含税），共计分配现金股利17,415,000.00元（含税）。剩余未分配利润结转到下年度。不送股，不进行资本公积金转增股本。该议案尚需提交公司2014年度股东大会审议。若审议通过，公司将在审议通过后两个月内尽早实施。谢谢！",请问重组成功后会有分红之类的分享给投资者嘛,002411_2014,11,12,1,Complaint,Q2完全重复Q1，A1未直接回应重组后分红，视为未正面回答。,,,1
positive,请问重组成功后会有分红之类的分享给投资者嘛 您好，公司及交易各方目前正在全力推进本次重组的各项相关工作，力争尽早复牌。其他问题公司目前尚未考虑，请关注公司在法定信息披露媒体披露的相关公告。谢谢,要求尽快复盘！牛市最大的风险就是这样停牌。,2,answer_pressure,dep_reason,Q2针对A1'力争尽早复牌'催促加快，抱怨牛市停牌风险。,请问重组成功后会有分红之类的分享给投资者嘛,您好，公司及交易各方目前正在全力推进本次重组的各项相关工作，力争尽早复牌。其他问题公司目前尚未考虑，请关注公司在法定信息披露媒体披露的相关公告。谢谢,要求尽快复盘！牛市最大的风险就是这样停牌。,002411_2014,12,15,3,Complaint,Q2针对A1'力争尽早复牌'催促加快，抱怨牛市停牌风险。,,,1
positive,要求尽快复盘！牛市最大的风险就是这样停牌。 您好！公司正在推进重大资产重组工作，与交易各方会同独立财务顾问、法律顾问、审计机构、评估机构等各中介机构积极开展本次重大资产重组所涉及的方案论证、审计评估、专项核查等各项工作，与此次重组相关的包括重大资产重组预案（或报告书）在内的各类文件正在抓紧准备，力争尽快复牌。谢谢！,重组进度如何？能否确定开盘时间？,1,disclosure_detail,dep_reason,Q2针对A1提及的重组工作和复牌进展，进一步追问具体进度和开盘时间。,要求尽快复盘！牛市最大的风险就是这样停牌。,您好！公司正在推进重大资产重组工作，与交易各方会同独立财务顾问、法律顾问、审计机构、评估机构等各中介机构积极开展本次重大资产重组所涉及的方案论证、审计评估、专项核查等各项工作，与此次重组相关的包括重大资产重组预案（或报告书）在内的各类文件正在抓紧准备，力争尽快复牌。谢谢！,重组进度如何？能否确定开盘时间？,002411_2014,15,20,5,Elaboration,Q2针对A1提及的重组工作和复牌进展，进一步追问具体进度和开盘时间。,,,1
positive,我是持有九九久公司股票的股东，公司股票目前处于停牌状态，请问公司近期是否有机构去调研？调研的相关信息如何获取？ 您好！公司正筹划重大资产重组事项，近期未曾接受机构来实地调研。前期公司有证券机构、投资机构等来实地调研和现场参观厂区，具体的调研活动信息，你可以关注和查看我公司披露在巨潮资讯网上的2014年度报告全文或投资者关系信息板块、互动易平台等。谢谢！,重组进度如何？能否确定开盘时间？,2,restructuring,dep_reason,Q2针对A1中提及的重大资产重组事项追问进度与开盘时间。,我是持有九九久公司股票的股东，公司股票目前处于停牌状态，请问公司近期是否有机构去调研？调研的相关信息如何获取？,您好！公司正筹划重大资产重组事项，近期未曾接受机构来实地调研。前期公司有证券机构、投资机构等来实地调研和现场参观厂区，具体的调研活动信息，你可以关注和查看我公司披露在巨潮资讯网上的2014年度报告全文或投资者关系信息板块、互动易平台等。谢谢！,重组进度如何？能否确定开盘时间？,002411_2014,17,20,3,Elaboration,Q2针对A1中提及的重大资产重组事项追问进度与开盘时间。,,,1
positive,请问，九九公司重组还有哪些工作需要做？重组成功后，公司将在哪些将重点发展哪些领域？公司重组后改名称吗？ 您好！公司重大资产重组工作正在进行方案论证、审计评估、专项核查等各项工作，交易各方就本次重组事项也在进行沟通和商谈，目前与此次重组相关的包括重大资产重组预案（或报告书）在内的各类文件正在有序准备。公司重组成功后的主营业务、发展领域等事项请关注未来在法定披露媒体发布的相关公告。至于公司名称的问题，目前尚未考虑这方面的事情。谢谢！,您好，周董事长，很关心公司和必康重组的事，重组后对公司的主营是否有改变？前景怎样？,1,disclosure_detail,dep_reason,Q2重复Q1中重组后主营与发展领域问题，A1仅请关注公告，属重复回避问题追问。,请问，九九公司重组还有哪些工作需要做？重组成功后，公司将在哪些将重点发展哪些领域？公司重组后改名称吗？,您好！公司重大资产重组工作正在进行方案论证、审计评估、专项核查等各项工作，交易各方就本次重组事项也在进行沟通和商谈，目前与此次重组相关的包括重大资产重组预案（或报告书）在内的各类文件正在有序准备。公司重组成功后的主营业务、发展领域等事项请关注未来在法定披露媒体发布的相关公告。至于公司名称的问题，目前尚未考虑这方面的事情。谢谢！,您好，周董事长，很关心公司和必康重组的事，重组后对公司的主营是否有改变？前景怎样？,002411_2014,34,36,2,Complaint,Q2重复Q1中重组后主营与发展领域问题，A1仅请关注公告，属重复回避问题追问。,,,1
positive,公司加上之前的28亿即将拥有68亿债，加上大股东二股东股权抵押融资50亿左右，相当于短短半年中已经拿了100多亿，既然必康新医药综合体除必康制药新沂集团控股公司外其他的都不属于上市公司，请问这100多亿都用在哪了。 您好！公司子公司发行的公司债券主要用于项目建设、补充流动资金。大股东、二股东股票质押融资主要是公司实际控制人和公司董事长参与认购公司配套募集资金以及投资需求，该部分资金并不属于上市公司。谢谢！,公司加上之前的28亿即将拥有68亿债，加上大股东二股东股权抵押融资50亿左右，相当于短短半年中已经拿了100多亿，既然必康新医药综合体除必康制药新沂集团控股公司外其他的都不属于上市公司，请问这100多亿都用在哪了。,1,disclosure_detail,dep_reason,Q2完全重复Q1，对A1的回避性回答不满，旨在催促正面回应。,公司加上之前的28亿即将拥有68亿债，加上大股东二股东股权抵押融资50亿左右，相当于短短半年中已经拿了100多亿，既然必康新医药综合体除必康制药新沂集团控股公司外其他的都不属于上市公司，请问这100多亿都用在哪了。,您好！公司子公司发行的公司债券主要用于项目建设、补充流动资金。大股东、二股东股票质押融资主要是公司实际控制人和公司董事长参与认购公司配套募集资金以及投资需求，该部分资金并不属于上市公司。谢谢！,公司加上之前的28亿即将拥有68亿债，加上大股东二股东股权抵押融资50亿左右，相当于短短半年中已经拿了100多亿，既然必康新医药综合体除必康制药新沂集团控股公司外其他的都不属于上市公司，请问这100多亿都用在哪了。,002411_2015,4,7,3,Complaint,Q2完全重复Q1，对A1的回避性回答不满，旨在催促正面回应。,,,1
positive,公司新增的保健品研发包括哪些及其进展情况？ 您好！公司新增的保健品研发主要包括1、玉米低聚肽粉固体饮料；公司下属子公司陕西必康已完成该项目中试生产和申报资料的整理。2、沙棘固体饮料；公司下属子公司陕西必康已完成该项目中试生产和申报资料的整理。3、大麦苗粉固体饮料；公司下属子公司陕西必康已完成该项目中试生产及申报，申报获批后就可以生产销售。4、虾青素片（治疗视疲劳）；公司下属子公司陕西必康已完成该项目研究工作，正在进行中试试生产。5、石榴籽油软胶囊；公司下属子公司陕西必康已完成该项目的全部研究工作，正在准备申报。保健品是必康医药大健康概念的重要组成部分，研发中心保健品研究工作是为公司提供保健概念产品，以供生产销售，为公司增添新的利润增长点。谢谢！,公司的发展战略是什么，是否公司未来发展的主打方向？以前没怎么听到这方面的动向，能否详细讲解一下主要是面对哪些品种和市场？谢谢！,2,strategy_planning,dep_reason,Q2基于A1中保健品研发内容，追问公司战略是否主打该方向并要求详细讲解品种和市场。,公司新增的保健品研发包括哪些及其进展情况？,您好！公司新增的保健品研发主要包括1、玉米低聚肽粉固体饮料；公司下属子公司陕西必康已完成该项目中试生产和申报资料的整理。2、沙棘固体饮料；公司下属子公司陕西必康已完成该项目中试生产和申报资料的整理。3、大麦苗粉固体饮料；公司下属子公司陕西必康已完成该项目中试生产及申报，申报获批后就可以生产销售。4、虾青素片（治疗视疲劳）；公司下属子公司陕西必康已完成该项目研究工作，正在进行中试试生产。5、石榴籽油软胶囊；公司下属子公司陕西必康已完成该项目的全部研究工作，正在准备申报。保健品是必康医药大健康概念的重要组成部分，研发中心保健品研究工作是为公司提供保健概念产品，以供生产销售，为公司增添新的利润增长点。谢谢！,公司的发展战略是什么，是否公司未来发展的主打方向？以前没怎么听到这方面的动向，能否详细讲解一下主要是面对哪些品种和市场？谢谢！,002411_2016,0,1,1,Elaboration,Q2基于A1中保健品研发内容，追问公司战略是否主打该方向并要求详细讲解品种和市场。,,,1
positive,公司是否会计划多元化发展？ 您好！目前公司各产品按行业可分为医药板块、新能源新材料板块、药物中间体（医药中间体、农药中间体）板块三大类。未来几年，公司将把握医药产业政策红利和新能源新材料领域的市场机遇，在医药行业和新能源新材料领域进一步拓展，努力提升公司核心竞争力。谢谢！,要实现公司的发展目标，请问信心来自哪里。,2,strategy_planning,dep_reason,Q2针对A1中提出的发展目标追问信心来源，依赖A1内容。,公司是否会计划多元化发展？,您好！目前公司各产品按行业可分为医药板块、新能源新材料板块、药物中间体（医药中间体、农药中间体）板块三大类。未来几年，公司将把握医药产业政策红利和新能源新材料领域的市场机遇，在医药行业和新能源新材料领域进一步拓展，努力提升公司核心竞争力。谢谢！,要实现公司的发展目标，请问信心来自哪里。,002411_2016,6,8,2,Elaboration,Q2针对A1中提出的发展目标追问信心来源，依赖A1内容。,,,1
positive,公司预计2017年业绩较去年同期是上升还是下降？若上升，则增幅是多少？ 您好！感谢您对公司的关注！2017年度公司计划实现营业收入43亿元、净利润11亿元。上述经营目标并不代表公司对2017年度的盈利预测，能否实现取决于市场状况变化、经营团队的努力程度等多种因素，存在很大的不确定性，敬请广大投资者特别注意。谢谢！,请问2017年全年预计销售目标是多少亿元？实现净利润的目标是多少亿元？,2,strategy_planning,dep_reason,Q2针对A1中的营业收入和净利润目标数字进行确认和追问。,公司预计2017年业绩较去年同期是上升还是下降？若上升，则增幅是多少？,您好！感谢您对公司的关注！2017年度公司计划实现营业收入43亿元、净利润11亿元。上述经营目标并不代表公司对2017年度的盈利预测，能否实现取决于市场状况变化、经营团队的努力程度等多种因素，存在很大的不确定性，敬请广大投资者特别注意。谢谢！,请问2017年全年预计销售目标是多少亿元？实现净利润的目标是多少亿元？,002411_2016,19,22,3,Elaboration,Q2针对A1中的营业收入和净利润目标数字进行确认和追问。,,,1
positive,公司高级管理人员的考评及激励情况怎样，有没有股权激励制度？ 您好！为了促进公司的规范运作，增强公司高级管理人员的履责和诚信意识，公司适时制定了《工资、奖金改革方案》，对高级管理人员的工作业绩进行考评、考核。为进一步完善高级管理人员年薪绩效评价和激励、约束机制，最大限度地调动公司高级管理人员的积极性及创造性，确保公司各项经济指标的完成，公司今后将由董事会薪酬与考核委员会根据公司的实际情况，结合目前同行业、本地区上市公司的激励办法，进一步完善高级管理人员薪酬考核办法，拟定股权激励制度，经董事会审议通过后执行。谢谢！,2017年公司是否考虑对高管实行股权激励，如果有的话大概什么时候实行？,2,restructuring,dep_reason,Q2针对A1中提及的拟定股权激励制度进一步追问2017年是否实行及时间表。,公司高级管理人员的考评及激励情况怎样，有没有股权激励制度？,您好！为了促进公司的规范运作，增强公司高级管理人员的履责和诚信意识，公司适时制定了《工资、奖金改革方案》，对高级管理人员的工作业绩进行考评、考核。为进一步完善高级管理人员年薪绩效评价和激励、约束机制，最大限度地调动公司高级管理人员的积极性及创造性，确保公司各项经济指标的完成，公司今后将由董事会薪酬与考核委员会根据公司的实际情况，结合目前同行业、本地区上市公司的激励办法，进一步完善高级管理人员薪酬考核办法，拟定股权激励制度，经董事会审议通过后执行。谢谢！,2017年公司是否考虑对高管实行股权激励，如果有的话大概什么时候实行？,002411_2016,25,29,4,Elaboration,Q2针对A1中提及的拟定股权激励制度进一步追问2017年是否实行及时间表。,,,1
positive,公司在进行全产业链布局方面都有哪些举措 尊敬的投资者，您好！公司将继续聚焦医药大健康领域，并通过内生式增长及外延式并购的方式不断增强公司在医药大健康产业链上的核心竞争力，着重在药品研发、先进制造、商业配送、零售终端、医养融合等方面进行深入布局，从而形成产业链的相对闭环，提升公司的竞争能力。谢谢您的关注！,公司有哪些新药品正在研发？作用是什么？预计什么时候开始量产,2,strategy_planning,dep_reason,Q2围绕A1中“药品研发”布局进一步追问具体新药、作用及量产时间。,公司在进行全产业链布局方面都有哪些举措,尊敬的投资者，您好！公司将继续聚焦医药大健康领域，并通过内生式增长及外延式并购的方式不断增强公司在医药大健康产业链上的核心竞争力，着重在药品研发、先进制造、商业配送、零售终端、医养融合等方面进行深入布局，从而形成产业链的相对闭环，提升公司的竞争能力。谢谢您的关注！,公司有哪些新药品正在研发？作用是什么？预计什么时候开始量产,002411_2017,4,9,5,Elaboration,Q2围绕A1中“药品研发”布局进一步追问具体新药、作用及量产时间。,,,1
positive,去年的年报摘要中好像没有今年1季度收入的预测，能否说明一下主营收入情况 尊敬的投资者，您好！公司2019年一季度报告已于2019年4月29日披露，详情请查看巨潮资讯网（www.cninfo.com.cn）。,在销售收入增加57.35%的时候净利润却下滑了54.72%，公司的经营出现了什么问题？,1,disclosure_detail,dep_reason,Q2基于A1指引查看一季报后，针对其中收入增长但净利润下滑的具体数据追问经营原因。,去年的年报摘要中好像没有今年1季度收入的预测，能否说明一下主营收入情况,尊敬的投资者，您好！公司2019年一季度报告已于2019年4月29日披露，详情请查看巨潮资讯网（www.cninfo.com.cn）。,在销售收入增加57.35%的时候净利润却下滑了54.72%，公司的经营出现了什么问题？,002411_2018,0,4,4,Elaboration,Q2基于A1指引查看一季报后，针对其中收入增长但净利润下滑的具体数据追问经营原因。,,,1
positive,请问公司今年出口业务前景如何，其他产业今年会不会形成新的利润增长点 投资者你好，公司产品主要市场在国内，出口业务影响微小，随着公司产能释放及销售网络布局的加强，公司主营业务将有望保持稳定增长，谢谢！,你好，今年公司在市场开拓方面有什么计划？能否详细谈谈？,2,strategy_planning,dep_reason,Q2针对A1中“销售网络布局加强”要求详谈市场开拓计划。,请问公司今年出口业务前景如何，其他产业今年会不会形成新的利润增长点,投资者你好，公司产品主要市场在国内，出口业务影响微小，随着公司产能释放及销售网络布局的加强，公司主营业务将有望保持稳定增长，谢谢！,你好，今年公司在市场开拓方面有什么计划？能否详细谈谈？,002411_2018,8,9,1,Elaboration,Q2针对A1中“销售网络布局加强”要求详谈市场开拓计划。,,,1
positive,回答问题不能避重就轻，“公司重视保护投资者利益”“生产经营一切正常”这样的回答明显与事实不符，股价长期下降、大股东拼命减持是最有利的证明。 投资者你好，公司回答问题以事实为依据，大股东减持主要以被动减持为主，后期大股东将加强沟通，争取降低被动平仓风险，股价下跌受多重因素影响。,股票这样跌害了多少股民，为什么不增持？,2,shareholder_return,dep_reason,Q2 针对A1中大股东被动减持的解释，质疑为何不增持以稳定股价，形成挑战。,回答问题不能避重就轻，“公司重视保护投资者利益”“生产经营一切正常”这样的回答明显与事实不符，股价长期下降、大股东拼命减持是最有利的证明。,投资者你好，公司回答问题以事实为依据，大股东减持主要以被动减持为主，后期大股东将加强沟通，争取降低被动平仓风险，股价下跌受多重因素影响。,股票这样跌害了多少股民，为什么不增持？,002411_2019,0,5,5,Challenge,Q2 针对A1中大股东被动减持的解释，质疑为何不增持以稳定股价，形成挑战。,,,1
positive,公司的股价在几个月的时间内由24元暴跌到现在的7月多，今日几乎是以最低价收盘，公司有什么利空？ 投资者你好，公司严格按照规定履行信息披露业务，公司对外信息公开透明，真实准确。二级市场股价受多重因素影响，投资有风险，入市需谨慎。,公司股价持续走低，有何潜在利空？,2,answer_pressure,dep_reason,Q2重复Q1的核心问题，A1未正面回答，继续追问潜在利空。,公司的股价在几个月的时间内由24元暴跌到现在的7月多，今日几乎是以最低价收盘，公司有什么利空？,投资者你好，公司严格按照规定履行信息披露业务，公司对外信息公开透明，真实准确。二级市场股价受多重因素影响，投资有风险，入市需谨慎。,公司股价持续走低，有何潜在利空？,002411_2019,4,6,2,Complaint,Q2重复Q1的核心问题，A1未正面回答，继续追问潜在利空。,,,1
positive,公司的股价在几个月的时间内由24元暴跌到现在的7月多，今日几乎是以最低价收盘，公司有什么利空？ 投资者你好，公司严格按照规定履行信息披露业务，公司对外信息公开透明，真实准确。二级市场股价受多重因素影响，投资有风险，入市需谨慎。,你好，你们在回答问题时总是避重就轻，机构可以到你们公司调研，广大散户却不可能做到，我们也有知情的权利。再次请问，延安必康到底出了什么问题？如果像你们回答“生产一切正常”的话，不可能出现如此走势的。,2,answer_pressure,dep_reason,Q2抱怨A1避重就轻、未正面回答，并重复追问Q1中利空问题。,公司的股价在几个月的时间内由24元暴跌到现在的7月多，今日几乎是以最低价收盘，公司有什么利空？,投资者你好，公司严格按照规定履行信息披露业务，公司对外信息公开透明，真实准确。二级市场股价受多重因素影响，投资有风险，入市需谨慎。,你好，你们在回答问题时总是避重就轻，机构可以到你们公司调研，广大散户却不可能做到，我们也有知情的权利。再次请问，延安必康到底出了什么问题？如果像你们回答“生产一切正常”的话，不可能出现如此走势的。,002411_2019,4,7,3,Complaint,Q2抱怨A1避重就轻、未正面回答，并重复追问Q1中利空问题。,,,1
positive,股票这样跌害了多少股民，为什么不增持？ 投资者你好，公司日常生产经营按计划正常进行，是否增持股票需要权衡多方因素，感谢关注。,你好，你们在回答问题时总是避重就轻，机构可以到你们公司调研，广大散户却不可能做到，我们也有知情的权利。再次请问，延安必康到底出了什么问题？如果像你们回答“生产一切正常”的话，不可能出现如此走势的。,2,answer_pressure,dep_reason,Q2明确抱怨A1避重就轻，并继续追问公司真实问题，针对回答方式施压。,股票这样跌害了多少股民，为什么不增持？,投资者你好，公司日常生产经营按计划正常进行，是否增持股票需要权衡多方因素，感谢关注。,你好，你们在回答问题时总是避重就轻，机构可以到你们公司调研，广大散户却不可能做到，我们也有知情的权利。再次请问，延安必康到底出了什么问题？如果像你们回答“生产一切正常”的话，不可能出现如此走势的。,002411_2019,5,7,2,Complaint,Q2明确抱怨A1避重就轻，并继续追问公司真实问题，针对回答方式施压。,,,1
positive,公司股价持续走低，有何潜在利空？ 投资者你好，二级市场股价受多重因素影响，公司严格按照规定履行信息披露义务，目前不存在应披露未披露事项。,你好，你们在回答问题时总是避重就轻，机构可以到你们公司调研，广大散户却不可能做到，我们也有知情的权利。再次请问，延安必康到底出了什么问题？如果像你们回答“生产一切正常”的话，不可能出现如此走势的。,2,answer_pressure,dep_reason,Q2明确指责A1避重就轻，并再次追问公司真实问题，属于对回答方式的投诉和催问。,公司股价持续走低，有何潜在利空？,投资者你好，二级市场股价受多重因素影响，公司严格按照规定履行信息披露义务，目前不存在应披露未披露事项。,你好，你们在回答问题时总是避重就轻，机构可以到你们公司调研，广大散户却不可能做到，我们也有知情的权利。再次请问，延安必康到底出了什么问题？如果像你们回答“生产一切正常”的话，不可能出现如此走势的。,002411_2019,6,7,1,Complaint,Q2明确指责A1避重就轻，并再次追问公司真实问题，属于对回答方式的投诉和催问。,,,1
positive,公司子公司分拆上市之事是真是假，进展如何？ 投资者你好，分拆子公司上市内容已经正式披露，目前处于立案调查期间，相关申报工作已暂停。,关于证监会对公司发起的立案调查，目前是否有证监会或证监会派出机构入驻公司开始调查？或者公司是否有向证监部门提供相关调查证据资料等事实的发生？,1,disclosure_detail,dep_reason,Q2针对A1中首次提到的立案调查继续追问调查进展和证据提供情况。,公司子公司分拆上市之事是真是假，进展如何？,投资者你好，分拆子公司上市内容已经正式披露，目前处于立案调查期间，相关申报工作已暂停。,关于证监会对公司发起的立案调查，目前是否有证监会或证监会派出机构入驻公司开始调查？或者公司是否有向证监部门提供相关调查证据资料等事实的发生？,002411_2019,8,13,5,Elaboration,Q2针对A1中首次提到的立案调查继续追问调查进展和证据提供情况。,,,1
positive,贵公司二季度会否计提由于证监会调查的结果导致的投资者索赔损失？ 投资者你好，公司按照相关会计准则进行核算。,2019年年报营业外支出罚款项4，263，057元,1,disclosure_detail,dep_reason,Q2引用年报罚款数据，与Q1证监会调查索赔属同一事件链，意在质疑会计处理。,贵公司二季度会否计提由于证监会调查的结果导致的投资者索赔损失？,投资者你好，公司按照相关会计准则进行核算。,2019年年报营业外支出罚款项4，263，057元,002411_2019,9,11,2,Challenge,Q2引用年报罚款数据，与Q1证监会调查索赔属同一事件链，意在质疑会计处理。,,,1
positive,年报还不错 投资者你好，感谢你对公司的关注和支持，公司将一如既往做好生产经营相关工作。,天天说回报股民，股价天天创新低，你们就是用嘴回报股民吗。,2,answer_pressure,dep_reason,Q2针对A1中“回报股民”的笼统表态进行质疑。,年报还不错,投资者你好，感谢你对公司的关注和支持，公司将一如既往做好生产经营相关工作。,天天说回报股民，股价天天创新低，你们就是用嘴回报股民吗。,002411_2019,10,12,2,Challenge,Q2针对A1中“回报股民”的笼统表态进行质疑。,,,1
positive,请问公司被立案调查的事情结果如何？ 投资者你好，公司尚未收到监管机构的立案调查结果及进展通知，具体请以公司在巨潮资讯网披露的公告和中国证监会及其派出机构的通告为准。,公司管理者能不能改善管理思路，按照正确的态度对待投资者，不要忽悠糊弄，撒一个谎，要去编一个谎，太难了。,1,disclosure_detail,dep_reason,Q2因A1回避调查进展回答而批评公司态度敷衍。,请问公司被立案调查的事情结果如何？,投资者你好，公司尚未收到监管机构的立案调查结果及进展通知，具体请以公司在巨潮资讯网披露的公告和中国证监会及其派出机构的通告为准。,公司管理者能不能改善管理思路，按照正确的态度对待投资者，不要忽悠糊弄，撒一个谎，要去编一个谎，太难了。,002411_2019,25,29,4,Complaint,Q2因A1回避调查进展回答而批评公司态度敷衍。,,,1
positive,请问贵公司有没有拿出分配方案？或者可准备分红 投资者你好，关于公司2019年利润分配方案，请关注公司年报相关内容。,公司管理者能不能改善管理思路，按照正确的态度对待投资者，不要忽悠糊弄，撒一个谎，要去编一个谎，太难了。,1,disclosure_detail,dep_reason,Q2针对A1回避性回答指责忽悠糊弄，是对回答态度的抱怨。,请问贵公司有没有拿出分配方案？或者可准备分红,投资者你好，关于公司2019年利润分配方案，请关注公司年报相关内容。,公司管理者能不能改善管理思路，按照正确的态度对待投资者，不要忽悠糊弄，撒一个谎，要去编一个谎，太难了。,002411_2019,27,29,2,Complaint,Q2针对A1回避性回答指责忽悠糊弄，是对回答态度的抱怨。,,,1
positive,您好，请问下属子公司实验室项目改造为p3国家实验室进展情况，改造工程是否有所延误？改造工程启动时间为2月几号？ 投资者你好，公司P3实验室改造工程的启动时间为2月7日，工程相关工作已经启动，截至目前已经完成前期实验室设计和招标工作，取得了相关环评报告。,公司的P3实验室进展到什么情况，说好的5月6日，为什么还不公告？,1,disclosure_detail,dep_reason,Q2针对A1中已启动的P3实验室工程继续追问具体进展，并质疑承诺日期未公告。,您好，请问下属子公司实验室项目改造为p3国家实验室进展情况，改造工程是否有所延误？改造工程启动时间为2月几号？,投资者你好，公司P3实验室改造工程的启动时间为2月7日，工程相关工作已经启动，截至目前已经完成前期实验室设计和招标工作，取得了相关环评报告。,公司的P3实验室进展到什么情况，说好的5月6日，为什么还不公告？,002411_2019,52,54,2,Challenge,Q2针对A1中已启动的P3实验室工程继续追问具体进展，并质疑承诺日期未公告。,,,1
positive,您好，请问下属子公司实验室项目改造为p3国家实验室进展情况，改造工程是否有所延误？改造工程启动时间为2月几号？ 投资者你好，公司P3实验室改造工程的启动时间为2月7日，工程相关工作已经启动，截至目前已经完成前期实验室设计和招标工作，取得了相关环评报告。,董秘您好、P3国家实验室之前公告称预期90天完工、目前工程进展如何？,1,disclosure_detail,dep_reason,Q2基于A1确认的2月7日启动时间，追问工程进展是否符合90天预期。,您好，请问下属子公司实验室项目改造为p3国家实验室进展情况，改造工程是否有所延误？改造工程启动时间为2月几号？,投资者你好，公司P3实验室改造工程的启动时间为2月7日，工程相关工作已经启动，截至目前已经完成前期实验室设计和招标工作，取得了相关环评报告。,董秘您好、P3国家实验室之前公告称预期90天完工、目前工程进展如何？,002411_2019,52,56,4,Elaboration,Q2基于A1确认的2月7日启动时间，追问工程进展是否符合90天预期。,,,1
positive,公司的P3实验室进展到什么情况，说好的5月6日，为什么还不公告？ 投资者你好，公司P3实验室改造工程的启动时间为2月7日，工程相关工作已经启动，截至目前已经完成前期实验室设计和招标工作，取得了相关环评报告。,董秘您好、P3国家实验室之前公告称预期90天完工、目前工程进展如何？,1,disclosure_detail,dep_reason,Q2围绕同一P3实验室工程进展继续追问，要求更具体的完工情况。,公司的P3实验室进展到什么情况，说好的5月6日，为什么还不公告？,投资者你好，公司P3实验室改造工程的启动时间为2月7日，工程相关工作已经启动，截至目前已经完成前期实验室设计和招标工作，取得了相关环评报告。,董秘您好、P3国家实验室之前公告称预期90天完工、目前工程进展如何？,002411_2019,54,56,2,Elaboration,Q2围绕同一P3实验室工程进展继续追问，要求更具体的完工情况。,,,1
positive,请问公司在2012年是否有异地发展和境外业务拓展的计划？谢谢！ 公司有异地发展和境外业务拓展的计划。公司坚持“立足省内、拓展省外、开辟海外”的市场开发战略，对市场进行了总体布局。省外、境外项目的信息跟踪、业务洽谈正在积极有序的推进。谢谢！,在海外业务拓展方面的项目储备情况？国外项目进展如何？与国外公司的差距在哪里？,1,disclosure_detail,dep_reason,Q2针对A1中提到的境外拓展计划，进一步追问项目储备、进展和差距。,请问公司在2012年是否有异地发展和境外业务拓展的计划？谢谢！,公司有异地发展和境外业务拓展的计划。公司坚持“立足省内、拓展省外、开辟海外”的市场开发战略，对市场进行了总体布局。省外、境外项目的信息跟踪、业务洽谈正在积极有序的推进。谢谢！,在海外业务拓展方面的项目储备情况？国外项目进展如何？与国外公司的差距在哪里？,002586_2011,33,37,4,Elaboration,Q2针对A1中提到的境外拓展计划，进一步追问项目储备、进展和差距。,,,1
positive,未来省外业务比重规划提高到多大比重？ 随着我国海洋经济的发展，沿海各省市都纷纷出台并实施了各自的海洋开发计划，加大了海洋基础设施的建造，为我们提供了巨大的市场空间。公司坚持“立足省内、拓展省外、开辟海外”的市场开发战略，对市场进行了总体布局。省外项目的信息跟踪、业务洽谈正在积极有序的推进。谢谢！,公司目前业务主要集中在浙江，在省外拓展及海外业务拓展方面的项目储备情况？未来省外业务比重规划提高到多大比重？,2,answer_pressure,dep_reason,Q2重复追问Q1中比重问题，A1未正面回答，属催促回答。,未来省外业务比重规划提高到多大比重？,随着我国海洋经济的发展，沿海各省市都纷纷出台并实施了各自的海洋开发计划，加大了海洋基础设施的建造，为我们提供了巨大的市场空间。公司坚持“立足省内、拓展省外、开辟海外”的市场开发战略，对市场进行了总体布局。省外项目的信息跟踪、业务洽谈正在积极有序的推进。谢谢！,公司目前业务主要集中在浙江，在省外拓展及海外业务拓展方面的项目储备情况？未来省外业务比重规划提高到多大比重？,002586_2011,58,59,1,Complaint,Q2重复追问Q1中比重问题，A1未正面回答，属催促回答。,,,1
positive,公司2011年年报坏账损失1972万元，请具体解释一下 根据公司坏帐准备计提政策相应计提坏帐准备，到目前止，公司未发生一笔坏帐。谢谢。,公司去年资产减值损失同比大幅增加11.9倍（期末应收账款余额增加69%，坏账准备计提比例同比大幅增加0.77个百分点），放在账龄组合分析法中的比例从去年的10.30%提高到33.53%（计提比例比较高，导致坏账准备多计提近1100万），公司今后的坏账计提政策是否会延续今年的分类标准？,1,disclosure_detail,dep_reason,Q2针对A1中的坏账计提政策继续追问未来是否会延续分类标准。,公司2011年年报坏账损失1972万元，请具体解释一下,根据公司坏帐准备计提政策相应计提坏帐准备，到目前止，公司未发生一笔坏帐。谢谢。,公司去年资产减值损失同比大幅增加11.9倍（期末应收账款余额增加69%，坏账准备计提比例同比大幅增加0.77个百分点），放在账龄组合分析法中的比例从去年的10.30%提高到33.53%（计提比例比较高，导致坏账准备多计提近1100万），公司今后的坏账计提政策是否会延续今年的分类标准？,002586_2011,66,71,5,Elaboration,Q2针对A1中的坏账计提政策继续追问未来是否会延续分类标准。,,,1
positive,请问：公司产品的技术含量如何？专利多吗？行业垄断地位如何？那些项目能给公司带来利润增长点？预计是否能保持3年的增长？ 公司有二十多项关键技术成果达到国际领先、国际先进或国内领先水平。拥有专利二十多项。在海堤建设上有着很强的竞争优势，在行业中处于龙头地位。公司的复杂软基爆破挤淤技术、淤泥固化技术都已经进入成果转化阶段，并已取得效益，这些成果的转化都能给公司带来利润增长点。淤泥处理的市场容量不低于海堤工程的市场容量，随着淤泥固化技术的不断成熟，公司未来的淤泥固化业务规模也会越来越大。,请问：1、公司2012年现有主营业务利润中，带来的利润有多少或占多大比例？2、公司对于2013年有怎么样的项目利润预测？是按照原有产能的现有产品情况测算的吗？考虑到新产能因工艺提升、产品结构高端化的影响了吗？预估一下2013年公司的经营前景?,2,performance_governance,dep_reason,Q2针对A1中提到的利润增长点要求量化利润占比并进行2013年预测。,请问：公司产品的技术含量如何？专利多吗？行业垄断地位如何？那些项目能给公司带来利润增长点？预计是否能保持3年的增长？,公司有二十多项关键技术成果达到国际领先、国际先进或国内领先水平。拥有专利二十多项。在海堤建设上有着很强的竞争优势，在行业中处于龙头地位。公司的复杂软基爆破挤淤技术、淤泥固化技术都已经进入成果转化阶段，并已取得效益，这些成果的转化都能给公司带来利润增长点。淤泥处理的市场容量不低于海堤工程的市场容量，随着淤泥固化技术的不断成熟，公司未来的淤泥固化业务规模也会越来越大。,请问：1、公司2012年现有主营业务利润中，带来的利润有多少或占多大比例？2、公司对于2013年有怎么样的项目利润预测？是按照原有产能的现有产品情况测算的吗？考虑到新产能因工艺提升、产品结构高端化的影响了吗？预估一下2013年公司的经营前景?,002586_2012,7,12,5,Elaboration,Q2针对A1中提到的利润增长点要求量化利润占比并进行2013年预测。,,,1
positive,"2013年公司有哪些新的产能释放？公司的持续良性发展是投资者投资信心的有力保证,今年有哪些困难和希望？ 您好！当前，国内宏观经济既面临难得的发展机遇，也面临着十分严峻的形势，宏观经济存在较大下行压力，调控政策面临更多更复杂的两难选择。国际方面，世界经济面临的风险更为严峻，增长动力不足，缺乏新的增长点。世界经济复苏之路充满变数，存在诸多不确定因素。但是，海洋经济发展战略、大水利战略等一系列国家重大发展战略相继出台。十八大更强调，“要优化国土空间开发格局，提高海洋资源开发能力，发展海洋经济，建设海洋强国”。政策利好、需求加大、政府资金保障相对充足，使相关板块迎来大发展的机遇。海洋工程未来发展的新趋势（特别是生态、环境保护以及运营模式方面），也对相关产业提出了新要求、新挑战。公司在经营区域上将立足浙江，拓展省外市场，开辟国外市场；经营领域上以海堤工程建设为主，瞄准大水利市场，适时拓展相关水利业务。",去年公司经营遇到的最大困难是什么?今年有望改善吗？,2,answer_pressure,dep_reason,Q2针对A1未正面回答困难继续追问。,"2013年公司有哪些新的产能释放？公司的持续良性发展是投资者投资信心的有力保证,今年有哪些困难和希望？",您好！当前，国内宏观经济既面临难得的发展机遇，也面临着十分严峻的形势，宏观经济存在较大下行压力，调控政策面临更多更复杂的两难选择。国际方面，世界经济面临的风险更为严峻，增长动力不足，缺乏新的增长点。世界经济复苏之路充满变数，存在诸多不确定因素。但是，海洋经济发展战略、大水利战略等一系列国家重大发展战略相继出台。十八大更强调，“要优化国土空间开发格局，提高海洋资源开发能力，发展海洋经济，建设海洋强国”。政策利好、需求加大、政府资金保障相对充足，使相关板块迎来大发展的机遇。海洋工程未来发展的新趋势（特别是生态、环境保护以及运营模式方面），也对相关产业提出了新要求、新挑战。公司在经营区域上将立足浙江，拓展省外市场，开辟国外市场；经营领域上以海堤工程建设为主，瞄准大水利市场，适时拓展相关水利业务。,去年公司经营遇到的最大困难是什么?今年有望改善吗？,002586_2012,30,34,4,Complaint,Q2针对A1未正面回答困难继续追问。,,,1
positive,做大、做好市值管理是每个公司成长的必然追求，公司是如何进行市值管理的？ 您好！市值管理的前提是真正的公司价格，不高估、不低估。为此，公司首要工作是承接业务，加强安全生产，做出真正的业绩，请投资者满意。谢谢！,虽说股价波动是市场行为，但是，还是希望公司在提振股价、提升股东信心方面有所作为，不知公司有何想法举措？,2,answer_pressure,dep_reason,Q2针对A1笼统的市值管理表述要求具体提振股价和股东信心的举措。,做大、做好市值管理是每个公司成长的必然追求，公司是如何进行市值管理的？,您好！市值管理的前提是真正的公司价格，不高估、不低估。为此，公司首要工作是承接业务，加强安全生产，做出真正的业绩，请投资者满意。谢谢！,虽说股价波动是市场行为，但是，还是希望公司在提振股价、提升股东信心方面有所作为，不知公司有何想法举措？,002586_2012,36,41,5,Elaboration,Q2针对A1笼统的市值管理表述要求具体提振股价和股东信心的举措。,,,1
positive,请公司管理层介绍下2014公司公司的布局，能否说下大概的毛利率是多少，谢谢！ 2014年，是公司实施“2013—2015年发展规划”承前启后的关键之年。公司将继续坚持以经营为龙头，全力推进产融结合战略，着力加强工程管理，以创新的思维、改革的理念，开拓进取、真抓实干，努力实现公司财富和股东利益的最大化。2014年公司毛利率与2013年相当，谢谢。,2014年可以说是市场低靡的一年，公司是怎么开拓市场的？全年战绩如何？,2,strategy_planning,dep_reason,Q2针对A1中经营战略要求具体开拓市场措施和战绩。,请公司管理层介绍下2014公司公司的布局，能否说下大概的毛利率是多少，谢谢！,2014年，是公司实施“2013—2015年发展规划”承前启后的关键之年。公司将继续坚持以经营为龙头，全力推进产融结合战略，着力加强工程管理，以创新的思维、改革的理念，开拓进取、真抓实干，努力实现公司财富和股东利益的最大化。2014年公司毛利率与2013年相当，谢谢。,2014年可以说是市场低靡的一年，公司是怎么开拓市场的？全年战绩如何？,002586_2013,5,6,1,Elaboration,Q2针对A1中经营战略要求具体开拓市场措施和战绩。,,,1
positive,公司近期有无并购计划 您好，公司目前运行一切正常，公司的信息披露也做到的公开、公平、及时，如有相关事宜，公司会及时履行披露义务，谢谢。,"公司股票关注人太少,人气不旺.能否在宣传上多加强.大力宣传公司环保治理.提升公司股票概念.另外是否考虑收购一些好概念技术或公司",2,restructuring,dep_reason,Q2后半部分重复追问A1未正面回答的并购计划。,公司近期有无并购计划,您好，公司目前运行一切正常，公司的信息披露也做到的公开、公平、及时，如有相关事宜，公司会及时履行披露义务，谢谢。,"公司股票关注人太少,人气不旺.能否在宣传上多加强.大力宣传公司环保治理.提升公司股票概念.另外是否考虑收购一些好概念技术或公司",002586_2013,9,14,5,Complaint,Q2后半部分重复追问A1未正面回答的并购计划。,,,1
positive,请问公司一季度的经营情况如何？ 您好，公司一季报已经发布，请留意查看，谢谢。,能否告知一下新年第一季度的情况怎么样?,1,disclosure_detail,dep_reason,Q2重复Q1核心问题，针对A1回避回答继续追问。,请问公司一季度的经营情况如何？,您好，公司一季报已经发布，请留意查看，谢谢。,能否告知一下新年第一季度的情况怎么样?,002586_2013,20,23,3,Complaint,Q2重复Q1核心问题，针对A1回避回答继续追问。,,,1
positive,冯董，希望你多与机构互动，知彼知己百战不殆！ 您好，公司自上市以来一直注重投资者关系，谢谢您的建议。,请问公司在投资者关系管理、媒体关系管理方面是什么态度，有什么部署？,2,answer_pressure,dep_reason,Q2针对A1笼统表述要求具体态度和部署。,冯董，希望你多与机构互动，知彼知己百战不殆！,您好，公司自上市以来一直注重投资者关系，谢谢您的建议。,请问公司在投资者关系管理、媒体关系管理方面是什么态度，有什么部署？,002586_2013,26,30,4,Elaboration,Q2针对A1笼统表述要求具体态度和部署。,,,1
positive,请问公司在投资者关系管理、媒体关系管理方面是什么态度，有什么部署？ 您好，公司自上市以来一直非常重视投资者关系，公司会继续保持，谢谢。,没有机构投资者的积极参与，业绩根本无法完全体现在股价上。希望董秘先生关注。,2,answer_pressure,dep_reason,Q2认为A1笼统重视不够，强调需要机构投资者参与并催促关注。,请问公司在投资者关系管理、媒体关系管理方面是什么态度，有什么部署？,您好，公司自上市以来一直非常重视投资者关系，公司会继续保持，谢谢。,没有机构投资者的积极参与，业绩根本无法完全体现在股价上。希望董秘先生关注。,002586_2013,30,31,1,Challenge,Q2认为A1笼统重视不够，强调需要机构投资者参与并催促关注。,,,1
positive,公司的技术研发目前进展如何？具体是怎么设置的？ 您好，公司相关技术信息已在年报中披露，敬请关注。,有新的科研成果吗有新产品吗,1,disclosure_detail,dep_reason,A1以年报披露回避，Q2继续追问研发具体产出，隐含对未正面回答的不满。,公司的技术研发目前进展如何？具体是怎么设置的？,您好，公司相关技术信息已在年报中披露，敬请关注。,有新的科研成果吗有新产品吗,002586_2014,30,35,5,Complaint,A1以年报披露回避，Q2继续追问研发具体产出，隐含对未正面回答的不满。,,,1
positive,今年来最近公司有什么投资计划没有？ 您好，公司目前正在布局多元化的投资方向，一旦有落实将会及时履行公告义务。,公司布局多元化的投资方向，需要较专业性管理人才，是否对现有业务会产生影响？,2,strategy_planning,dep_reason,Q2针对A1中的'布局多元化投资方向'追问其对现有业务的影响。,今年来最近公司有什么投资计划没有？,您好，公司目前正在布局多元化的投资方向，一旦有落实将会及时履行公告义务。,公司布局多元化的投资方向，需要较专业性管理人才，是否对现有业务会产生影响？,002586_2014,51,54,3,Elaboration,Q2针对A1中的'布局多元化投资方向'追问其对现有业务的影响。,,,1
positive,请问公司财务费用会较去年有所下降吗？主要原因是什么？ 您好，公司财务费用较去年不一定下降，具体看公司投资项目情况，特别是新承接的几个大的投资项目落地，项目资本金的到位将会大大增加公司财务费用开支，谢谢！,据传贵公司在舟山渔山岛绿色石化项目建设中有合作项目，请问这个工程对公司业绩占比大吗，工程建设总额有多少？,2,performance_governance,dep_reason,Q2针对A1提及的“新承接的几个大的投资项目”具体追问其中石化项目的业绩影响与金额。,请问公司财务费用会较去年有所下降吗？主要原因是什么？,您好，公司财务费用较去年不一定下降，具体看公司投资项目情况，特别是新承接的几个大的投资项目落地，项目资本金的到位将会大大增加公司财务费用开支，谢谢！,据传贵公司在舟山渔山岛绿色石化项目建设中有合作项目，请问这个工程对公司业绩占比大吗，工程建设总额有多少？,002586_2015,20,21,1,Elaboration,Q2针对A1提及的“新承接的几个大的投资项目”具体追问其中石化项目的业绩影响与金额。,,,1
positive,请问公司财务费用会较去年有所下降吗？主要原因是什么？ 您好，公司财务费用较去年不一定下降，具体看公司投资项目情况，特别是新承接的几个大的投资项目落地，项目资本金的到位将会大大增加公司财务费用开支，谢谢！,请问投资活动现金净流去是哪些项目，能详细说明吗？,1,disclosure_detail,dep_reason,Q2针对A1中提到的投资项目要求具体说明是哪些项目。,请问公司财务费用会较去年有所下降吗？主要原因是什么？,您好，公司财务费用较去年不一定下降，具体看公司投资项目情况，特别是新承接的几个大的投资项目落地，项目资本金的到位将会大大增加公司财务费用开支，谢谢！,请问投资活动现金净流去是哪些项目，能详细说明吗？,002586_2015,20,22,2,Elaboration,Q2针对A1中提到的投资项目要求具体说明是哪些项目。,,,1
positive,请站在独立董事的角度评价一下这家公司。您的专业态度对我很重要！ 您好，在过去的一年中，围海股份抓住PPP模式发展带来的新机遇，实现了主营业绩的持续增长，第二主业的布局也取得了实质性进展，我看好公司未来的发展前景，谢谢！,公司未来3年发展前景如何?,2,strategy_planning,dep_reason,Q2针对A1中‘看好未来前景’继续追问具体前景和时间范围。,请站在独立董事的角度评价一下这家公司。您的专业态度对我很重要！,您好，在过去的一年中，围海股份抓住PPP模式发展带来的新机遇，实现了主营业绩的持续增长，第二主业的布局也取得了实质性进展，我看好公司未来的发展前景，谢谢！,公司未来3年发展前景如何?,002586_2016,2,7,5,Elaboration,Q2针对A1中‘看好未来前景’继续追问具体前景和时间范围。,,,1
positive,你好，公司今年的盈利能力有所改善了吗？制定了什么目标，实现概率有多大？ 您好，公司将继续做强做大主营业务，在保持原有竞争优势的基础上，努力提升和增加公司相应资质，优化产业结构，促进企业的持续发展。同时积极推进第二主业的布局，增加公司的利润增长点。谢谢！,交流会本来应该是恳谈会，将企业目前的处境，面临的困难，预计的风险和相应应措施清晰告诉股东。,1,disclosure_detail,dep_reason,Q2批评A1未坦诚说明处境与风险，要求恳谈会式沟通，针对A1回避态度。,你好，公司今年的盈利能力有所改善了吗？制定了什么目标，实现概率有多大？,您好，公司将继续做强做大主营业务，在保持原有竞争优势的基础上，努力提升和增加公司相应资质，优化产业结构，促进企业的持续发展。同时积极推进第二主业的布局，增加公司的利润增长点。谢谢！,交流会本来应该是恳谈会，将企业目前的处境，面临的困难，预计的风险和相应应措施清晰告诉股东。,002586_2016,3,6,3,Complaint,Q2批评A1未坦诚说明处境与风险，要求恳谈会式沟通，针对A1回避态度。,,,1
positive,公司经营模式正在由施工总承包想工程总承包转变，这不是不意味着公司的经营成本会降低，利润空间会上升？ 你好，一般情况是这样，谢谢！,请问贵公司是否已从施工总承包转变到工程总承包?,1,disclosure_detail,dep_reason,Q2围绕Q1中的经营模式转变追问是否已实际完成，属于同一事件进展的细化。,公司经营模式正在由施工总承包想工程总承包转变，这不是不意味着公司的经营成本会降低，利润空间会上升？,你好，一般情况是这样，谢谢！,请问贵公司是否已从施工总承包转变到工程总承包?,002586_2017,3,5,2,Elaboration,Q2围绕Q1中的经营模式转变追问是否已实际完成，属于同一事件进展的细化。,,,1
positive,公司收购雄县安杰建筑70%股权，公司大量收购股权有哪些计划？ 您好，公司正在积极布局雄安市场，若有相关工程中标或者进展情况公司会进行公告，谢谢！,贵公司一直在布局雄安市场，缺未有进展，是否可以介绍一下在谈项目和已投标项目？,1,disclosure_detail,dep_reason,Q2依赖A1中布局雄安市场与进展表述，要求介绍在谈和已投标项目细节。,公司收购雄县安杰建筑70%股权，公司大量收购股权有哪些计划？,您好，公司正在积极布局雄安市场，若有相关工程中标或者进展情况公司会进行公告，谢谢！,贵公司一直在布局雄安市场，缺未有进展，是否可以介绍一下在谈项目和已投标项目？,002586_2017,7,11,4,Elaboration,Q2依赖A1中布局雄安市场与进展表述，要求介绍在谈和已投标项目细节。,,,1
positive,审计机构立信会计师事务所对公司2019年财务报告出具了无法表示意见的审计报告。公司是打算退市吗？ 答：因立信会计师事务所对公司2019年财务报告出具了无法表示意见的审计报告，根据《深圳证券交易所股票上市规则》的相关规定，公司股票自2020年4月30日开市起停牌一天，自2020年05月06日实施退市风险警示。公司董事会将采取如下措施，尽快消除2019年审计报告无法表示意见涉及事项的影响，并争取早日撤销退市风险警示：1、关于违规担保、资金占用的解决措施：公司要求控股股东通过包括但不限于股权转让和资产重组、合法借款等多种形式积极筹措资金无条件归还相关银行的贷款，协助公司及时解除存单质押；无条件向公司偿还所占用的资金，并及时支付在占用期间所产生的利息（按同期银行贷款利息计算），消除对公司的影响，尽量减少损失。2、关于预计负债的说明及后续措施：公司计提预计负债是基于专业律师的法律意见书并参考相关案例，基于会计谨慎性原则对可能存在的担保损失进行的合理预估。针对违规担保涉诉案件，公司已通过代理律师搜集证据并积极应诉，争取通过法律途径解决纠纷并取得有利于公司的判决，维护公司合法利益。为杜绝类似事项发生，公司将进一步严格公司印章管理，切实规范担保业务审批流程，防范担保风险。3、优化公司治理结构：公司将按照中国证监会和深圳证券交易所关于上市公司规范运作的要求，进一步优化公司治理结构、规范三会运作，充分保障董事、监事、高管特别是独立董事对于公司重大信息的知情权；充分发挥独立董事的职能和监事会、审计委员会的监督作用；加强内部审计部门对公司经营和内部控制关键环节的“事前、事中、事后”监察审计职能；约束控股股东及实际控制人不规范的决策和经营行为。?4、强化内部审计监督职能：公司将大力加强内部审计部门的建设，完善实时内部监督流程、防范内部控制的执行风险。公司内部审计部门除了至少每季度对关联交易、对外担保、证券投资、风险投资、对外提供财务资助、购买或出售资产、对外投资等重大事项实施情况、公司大额资金往来以及关联方资金往来情况进行一次检查外，还应出具内部控制执行监督检查报告并提交董事会，一经发现异常情况，及时提请公司董事会采取相应措施。同时，为防止再次发生控股股东及其关联方资金占用，公司审计部及财务部门将实时关注和跟踪公司关联方资金往来等情况，定期核查公司与关联人之间的资金往来明细，对相关业务部门大额资金使用进行动态跟踪分析。5、组织相关人员的培训学习：公司董事会责成有关部门，组织全部中高层管理人员，就企业内部控制规范、上市公司规范运作基本要求、《证券法》等相关法律法规进行集中学习，提高相关人员规范运作意识。6、严格履行信息披露义务：根据《上市公司信息披露管理办法》和相关规定，公司将在该事项取得进展或消除影响后，按照法律法规及监管要求及时履行信息披露义务，保护上市公司及全体股东利益。,围海控股利用围海股份违规担保7亿，有什么法律依据支持要由围海股份承担？,1,disclosure_detail,dep_reason,Q2针对A1中提到的违规担保问题，要求说明由上市公司承担的法律依据。,审计机构立信会计师事务所对公司2019年财务报告出具了无法表示意见的审计报告。公司是打算退市吗？,答：因立信会计师事务所对公司2019年财务报告出具了无法表示意见的审计报告，根据《深圳证券交易所股票上市规则》的相关规定，公司股票自2020年4月30日开市起停牌一天，自2020年05月06日实施退市风险警示。公司董事会将采取如下措施，尽快消除2019年审计报告无法表示意见涉及事项的影响，并争取早日撤销退市风险警示：1、关于违规担保、资金占用的解决措施：公司要求控股股东通过包括但不限于股权转让和资产重组、合法借款等多种形式积极筹措资金无条件归还相关银行的贷款，协助公司及时解除存单质押；无条件向公司偿还所占用的资金，并及时支付在占用期间所产生的利息（按同期银行贷款利息计算），消除对公司的影响，尽量减少损失。2、关于预计负债的说明及后续措施：公司计提预计负债是基于专业律师的法律意见书并参考相关案例，基于会计谨慎性原则对可能存在的担保损失进行的合理预估。针对违规担保涉诉案件，公司已通过代理律师搜集证据并积极应诉，争取通过法律途径解决纠纷并取得有利于公司的判决，维护公司合法利益。为杜绝类似事项发生，公司将进一步严格公司印章管理，切实规范担保业务审批流程，防范担保风险。3、优化公司治理结构：公司将按照中国证监会和深圳证券交易所关于上市公司规范运作的要求，进一步优化公司治理结构、规范三会运作，充分保障董事、监事、高管特别是独立董事对于公司重大信息的知情权；充分发挥独立董事的职能和监事会、审计委员会的监督作用；加强内部审计部门对公司经营和内部控制关键环节的“事前、事中、事后”监察审计职能；约束控股股东及实际控制人不规范的决策和经营行为。?4、强化内部审计监督职能：公司将大力加强内部审计部门的建设，完善实时内部监督流程、防范内部控制的执行风险。公司内部审计部门除了至少每季度对关联交易、对外担保、证券投资、风险投资、对外提供财务资助、购买或出售资产、对外投资等重大事项实施情况、公司大额资金往来以及关联方资金往来情况进行一次检查外，还应出具内部控制执行监督检查报告并提交董事会，一经发现异常情况，及时提请公司董事会采取相应措施。同时，为防止再次发生控股股东及其关联方资金占用，公司审计部及财务部门将实时关注和跟踪公司关联方资金往来等情况，定期核查公司与关联人之间的资金往来明细，对相关业务部门大额资金使用进行动态跟踪分析。5、组织相关人员的培训学习：公司董事会责成有关部门，组织全部中高层管理人员，就企业内部控制规范、上市公司规范运作基本要求、《证券法》等相关法律法规进行集中学习，提高相关人员规范运作意识。6、严格履行信息披露义务：根据《上市公司信息披露管理办法》和相关规定，公司将在该事项取得进展或消除影响后，按照法律法规及监管要求及时履行信息披露义务，保护上市公司及全体股东利益。,围海控股利用围海股份违规担保7亿，有什么法律依据支持要由围海股份承担？,002586_2019,3,5,2,Elaboration,Q2针对A1中提到的违规担保问题，要求说明由上市公司承担的法律依据。,,,1
positive,公司目前处于立案调查期间，控股股东股份大部分被质押和冻结。请问如何引入战略投资人？ 公司根据“保上市，稳债务，引战投，强管理”年度总体目标，积极与专业的财务顾问机构、律师事务所、会计师事务所等机构合作，利用其专业能力，从上到下梳理公司情况，积极推进战略投资人的引进工作。相关工作如有进展，公司会及时公告。,公司引入战略投资人是否将公司控股权转让作为选择？还是只是财务投资性战略投资人？,2,strategy_planning,dep_reason,Q2针对A1中战略投资人引进的模糊表态，追问具体类型（控股权转让或财务投资）。,公司目前处于立案调查期间，控股股东股份大部分被质押和冻结。请问如何引入战略投资人？,公司根据“保上市，稳债务，引战投，强管理”年度总体目标，积极与专业的财务顾问机构、律师事务所、会计师事务所等机构合作，利用其专业能力，从上到下梳理公司情况，积极推进战略投资人的引进工作。相关工作如有进展，公司会及时公告。,公司引入战略投资人是否将公司控股权转让作为选择？还是只是财务投资性战略投资人？,002586_2019,6,10,4,Elaboration,Q2针对A1中战略投资人引进的模糊表态，追问具体类型（控股权转让或财务投资）。,,,1
positive,公司目前处于立案调查期间，控股股东股份大部分被质押和冻结。请问如何引入战略投资人？ 公司根据“保上市，稳债务，引战投，强管理”年度总体目标，积极与专业的财务顾问机构、律师事务所、会计师事务所等机构合作，利用其专业能力，从上到下梳理公司情况，积极推进战略投资人的引进工作。相关工作如有进展，公司会及时公告。,对于战略投资人的引入，公司明确表态要国企，公司是在全国范围内选择吗？现在有何进展？,1,disclosure_detail,dep_reason,Q2围绕A1中的战略投资人引进工作追问进展和选择范围。,公司目前处于立案调查期间，控股股东股份大部分被质押和冻结。请问如何引入战略投资人？,公司根据“保上市，稳债务，引战投，强管理”年度总体目标，积极与专业的财务顾问机构、律师事务所、会计师事务所等机构合作，利用其专业能力，从上到下梳理公司情况，积极推进战略投资人的引进工作。相关工作如有进展，公司会及时公告。,对于战略投资人的引入，公司明确表态要国企，公司是在全国范围内选择吗？现在有何进展？,002586_2019,6,11,5,Elaboration,Q2围绕A1中的战略投资人引进工作追问进展和选择范围。,,,1
positive,公司被ST风险警示后，公司筹资难度也在不断增加。公司高管有何良策应对当下问题？ 根据公司一季报，公司目前总资产86.69亿，净资产38.98亿，资产负债率55.05%?，公司资产负债率处于健康水平，1、公司将积极与包括银行在内的债权人积极沟通，取得债权人的认可，稳定现有债务规模，争取银行不抽贷、不压贷，正常转贷；2、公司将积极与管委会、金融办等政府部门积极沟通，争取政府支持，协调债权人；3、公司将积极运用多种融资手段，包括但不限于应收账款融资、票据等，扩宽融资渠道和争取更多融资来源；4、公司目前正在积极引进战略投资人，争取获得战略投资人借款等。,公司引入战略投资人是否将公司控股权转让作为选择？还是只是财务投资性战略投资人？,2,strategy_planning,dep_reason,Q2针对A1中提到的引进战略投资人具体追问其类型（控股权转让或纯财务投资），要求细化。,公司被ST风险警示后，公司筹资难度也在不断增加。公司高管有何良策应对当下问题？,根据公司一季报，公司目前总资产86.69亿，净资产38.98亿，资产负债率55.05%?，公司资产负债率处于健康水平，1、公司将积极与包括银行在内的债权人积极沟通，取得债权人的认可，稳定现有债务规模，争取银行不抽贷、不压贷，正常转贷；2、公司将积极与管委会、金融办等政府部门积极沟通，争取政府支持，协调债权人；3、公司将积极运用多种融资手段，包括但不限于应收账款融资、票据等，扩宽融资渠道和争取更多融资来源；4、公司目前正在积极引进战略投资人，争取获得战略投资人借款等。,公司引入战略投资人是否将公司控股权转让作为选择？还是只是财务投资性战略投资人？,002586_2019,7,10,3,Elaboration,Q2针对A1中提到的引进战略投资人具体追问其类型（控股权转让或纯财务投资），要求细化。,,,1
positive,公司被ST风险警示后，公司筹资难度也在不断增加。公司高管有何良策应对当下问题？ 根据公司一季报，公司目前总资产86.69亿，净资产38.98亿，资产负债率55.05%?，公司资产负债率处于健康水平，1、公司将积极与包括银行在内的债权人积极沟通，取得债权人的认可，稳定现有债务规模，争取银行不抽贷、不压贷，正常转贷；2、公司将积极与管委会、金融办等政府部门积极沟通，争取政府支持，协调债权人；3、公司将积极运用多种融资手段，包括但不限于应收账款融资、票据等，扩宽融资渠道和争取更多融资来源；4、公司目前正在积极引进战略投资人，争取获得战略投资人借款等。,对于战略投资人的引入，公司明确表态要国企，公司是在全国范围内选择吗？现在有何进展？,1,disclosure_detail,dep_reason,Q2针对A1中“引进战略投资人”这一具体措施，追问选择范围和进展细节。,公司被ST风险警示后，公司筹资难度也在不断增加。公司高管有何良策应对当下问题？,根据公司一季报，公司目前总资产86.69亿，净资产38.98亿，资产负债率55.05%?，公司资产负债率处于健康水平，1、公司将积极与包括银行在内的债权人积极沟通，取得债权人的认可，稳定现有债务规模，争取银行不抽贷、不压贷，正常转贷；2、公司将积极与管委会、金融办等政府部门积极沟通，争取政府支持，协调债权人；3、公司将积极运用多种融资手段，包括但不限于应收账款融资、票据等，扩宽融资渠道和争取更多融资来源；4、公司目前正在积极引进战略投资人，争取获得战略投资人借款等。,对于战略投资人的引入，公司明确表态要国企，公司是在全国范围内选择吗？现在有何进展？,002586_2019,7,11,4,Elaboration,Q2针对A1中“引进战略投资人”这一具体措施，追问选择范围和进展细节。,,,1
positive,公司2012年度报告的经营业绩较上年增长率有多少？预计2013年度增长率会不会好于2012年？ 您好，公司已于3月23日披露2012年度报告，具体经营业绩请参考年度报告，2013年具体情况请您持续关注，谢谢。,公司预计2013年业绩较去年同期是上升还是下降？若上升，则增幅是多少？,2,performance_governance,dep_reason,Q2重复追问A1未正面回答的2013年业绩方向及增幅问题。,公司2012年度报告的经营业绩较上年增长率有多少？预计2013年度增长率会不会好于2012年？,您好，公司已于3月23日披露2012年度报告，具体经营业绩请参考年度报告，2013年具体情况请您持续关注，谢谢。,公司预计2013年业绩较去年同期是上升还是下降？若上升，则增幅是多少？,002699_2012,10,14,4,Complaint,Q2重复追问A1未正面回答的2013年业绩方向及增幅问题。,,,1
positive,公司未来五年的目标是多少？能够实现吗？ 您好，公司将根据《招股说明书》中相关发展目标结合公司实际情况进行目标调整，公司将努力经营争取实现目标，谢谢。,要实现公司的发展目标，请问信心来自哪里。,2,strategy_planning,dep_reason,Q2针对A1中努力实现目标的表态追问信心来源，依赖A1内容。,公司未来五年的目标是多少？能够实现吗？,您好，公司将根据《招股说明书》中相关发展目标结合公司实际情况进行目标调整，公司将努力经营争取实现目标，谢谢。,要实现公司的发展目标，请问信心来自哪里。,002699_2012,23,24,1,Elaboration,Q2针对A1中努力实现目标的表态追问信心来源，依赖A1内容。,,,1
positive,公司是否会计划多元化发展？ 你好，公司将在立足动漫服饰产业的基础上，在产业上下游中进行战略发展的考虑。谢谢！,能简单的介绍下新项目的情况吗？,2,strategy_planning,dep_reason,Q2针对A1中提到的上下游战略发展要求介绍具体新项目情况。,公司是否会计划多元化发展？,你好，公司将在立足动漫服饰产业的基础上，在产业上下游中进行战略发展的考虑。谢谢！,能简单的介绍下新项目的情况吗？,002699_2012,28,32,4,Elaboration,Q2针对A1中提到的上下游战略发展要求介绍具体新项目情况。,,,1
positive,公司是否会计划多元化发展？ 你好，公司将在立足动漫服饰产业的基础上，在产业上下游中进行战略发展的考虑。谢谢！,您好请问公司的发展规划是什么？能否详细谈谈。如果今年有合适的投资环境和地域，贵公司是否有在省外投资建设项目的可能？,2,strategy_planning,dep_reason,Q2针对A1中的战略发展要求详细谈谈发展规划，并追问省外投资可能。,公司是否会计划多元化发展？,你好，公司将在立足动漫服饰产业的基础上，在产业上下游中进行战略发展的考虑。谢谢！,您好请问公司的发展规划是什么？能否详细谈谈。如果今年有合适的投资环境和地域，贵公司是否有在省外投资建设项目的可能？,002699_2012,28,33,5,Elaboration,Q2针对A1中的战略发展要求详细谈谈发展规划，并追问省外投资可能。,,,1
positive,请问今年预计主要产品的销售目标是多少？净利润是多少？ 你好，公司目前的生产经营情况正常，敬请持续关注，谢谢！,请问2013年全年预计销售目标是多少亿元？实现净利润的目标是多少亿元？,1,disclosure_detail,dep_reason,Q2重复Q1的销售与利润目标问题，针对A1回避未回答进行催问。,请问今年预计主要产品的销售目标是多少？净利润是多少？,你好，公司目前的生产经营情况正常，敬请持续关注，谢谢！,请问2013年全年预计销售目标是多少亿元？实现净利润的目标是多少亿元？,002699_2012,34,37,3,Complaint,Q2重复Q1的销售与利润目标问题，针对A1回避未回答进行催问。,,,1
positive,新投资的项目今年能否为公司贡献利润？如有利润贡献，公司预计能实现多少利润？ 你好，募投项目一期已正常投产，为公司贡献利润情况视经营具体情况确定，谢谢！,公司募投项目，预期如何？是否谨慎？,1,disclosure_detail,dep_reason,Q2针对A1未给出具体利润预期，继续追问募投项目预期及是否谨慎，属于对回避回答的催促。,新投资的项目今年能否为公司贡献利润？如有利润贡献，公司预计能实现多少利润？,你好，募投项目一期已正常投产，为公司贡献利润情况视经营具体情况确定，谢谢！,公司募投项目，预期如何？是否谨慎？,002699_2012,48,52,4,Complaint,Q2针对A1未给出具体利润预期，继续追问募投项目预期及是否谨慎，属于对回避回答的催促。,,,1
positive,公司2012年有哪些建设项目？对2013年的业绩是否有较大影响？ 你好，12年建设项目为募投一期，13年的业绩请持续关注，谢谢！,公司新项目何时能对公司贡献利润？预计每年可实现净利润多少？,2,performance_governance,dep_reason,Q2针对A1中提到的募投一期新项目追问利润贡献时间和净利润预测。,公司2012年有哪些建设项目？对2013年的业绩是否有较大影响？,你好，12年建设项目为募投一期，13年的业绩请持续关注，谢谢！,公司新项目何时能对公司贡献利润？预计每年可实现净利润多少？,002699_2012,53,58,5,Elaboration,Q2针对A1中提到的募投一期新项目追问利润贡献时间和净利润预测。,,,1
positive,公司是否能持续高速发展？ 当然能，谢谢您。,公司未来五年的目标是多少？能够实现吗？,2,strategy_planning,dep_reason,Q2针对A1中'能持续高速发展'的肯定表态，进一步追问具体五年目标和可实现性，要求将笼统回答具体化。,公司是否能持续高速发展？,当然能，谢谢您。,公司未来五年的目标是多少？能够实现吗？,002699_2013,6,10,4,Elaboration,Q2针对A1中'能持续高速发展'的肯定表态，进一步追问具体五年目标和可实现性，要求将笼统回答具体化。,,,1
positive,公司今年利润会有哪些新的增长点?有新的利润增长线投产吗？ 你好，公司2013年进行转型升级，产业链整合，收购上游企业缔顺科技，下游销售终端荷兰公司，2014年将是公司继续整合转型年，公司将进一步结合现有资源和公司战略布局进行整合升级。,2014年那些项目能给公司带来利润增长点？,2,answer_pressure,dep_reason,Q2重复追问Q1核心问题，A1笼统回应整合升级未提供具体项目，Q2要求具体，属于对回答不充分的催促。,公司今年利润会有哪些新的增长点?有新的利润增长线投产吗？,你好，公司2013年进行转型升级，产业链整合，收购上游企业缔顺科技，下游销售终端荷兰公司，2014年将是公司继续整合转型年，公司将进一步结合现有资源和公司战略布局进行整合升级。,2014年那些项目能给公司带来利润增长点？,002699_2013,36,39,3,Complaint,Q2重复追问Q1核心问题，A1笼统回应整合升级未提供具体项目，Q2要求具体，属于对回答不充分的催促。,,,1
positive,公司14年乃至今后几年最大的挑战是什么？ 您好，2014年乃至以后公司最大的挑战是人才，公司正处在发展阶段人才是公司最需要的资源。,公司高管层稳定性如何？,2,performance_governance,dep_reason,Q2针对A1中“人才是最大挑战”进一步追问高管层稳定性。,公司14年乃至今后几年最大的挑战是什么？,您好，2014年乃至以后公司最大的挑战是人才，公司正处在发展阶段人才是公司最需要的资源。,公司高管层稳定性如何？,002699_2013,54,55,1,Elaboration,Q2针对A1中“人才是最大挑战”进一步追问高管层稳定性。,,,1
positive,公司在今后3到5年，有怎样的规划？ 您好，未来3到5年，文化产业有着较好的发展机遇，针对良好的外部环境，公司将围绕“生态再丰富、资源再融合、产品再延伸、管理再提升、品牌再美誉”为核心的“五个再”战略，力争在未来3到5年，将公司建设成以原创内容为核心，衍生产品为变现途径，多层次平台为出口的完美生态，将公司打造为一家伟大的文化全产业链公司。谢谢！,产品研发上，是否能扩大未来产品储备数量？有产品梯度才能保障未来的发展。,2,strategy_planning,dep_reason,Q2针对A1中“产品再延伸”战略追问产品储备数量，要求具体化。,公司在今后3到5年，有怎样的规划？,您好，未来3到5年，文化产业有着较好的发展机遇，针对良好的外部环境，公司将围绕“生态再丰富、资源再融合、产品再延伸、管理再提升、品牌再美誉”为核心的“五个再”战略，力争在未来3到5年，将公司建设成以原创内容为核心，衍生产品为变现途径，多层次平台为出口的完美生态，将公司打造为一家伟大的文化全产业链公司。谢谢！,产品研发上，是否能扩大未来产品储备数量？有产品梯度才能保障未来的发展。,002699_2014,7,9,2,Elaboration,Q2针对A1中“产品再延伸”战略追问产品储备数量，要求具体化。,,,1
positive,请问公司现在在什么发展阶段？是成熟期？还是什么时期？ 您好，我认为公司目前处于快速发展阶段，谢谢。,公司对未来的持续快速发展有没有信心？,2,strategy_planning,dep_reason,Q2基于A1中的“快速发展阶段”继续追问未来的信心。,请问公司现在在什么发展阶段？是成熟期？还是什么时期？,您好，我认为公司目前处于快速发展阶段，谢谢。,公司对未来的持续快速发展有没有信心？,002699_2014,33,37,4,Elaboration,Q2基于A1中的“快速发展阶段”继续追问未来的信心。,,,1
positive,这个问题财务总监答不了，那只好再问问郭总了，目前公司的经营现金流净收入总是远远小于当期利润，请说明一下为何在近几年来现金始终处于不能积累的原因？还是说目前公司必须不断地将产出的现金尽可能投入到新业务中？ 您好！感谢您对公司的关注。公司目前处于早期发展阶段，公司正在不断完善文化生态圈的建设。公司战略决策及实施包括但不限于战略投资等，会对现金流产生一定影响。再次感谢您的关注！,目前公司的经营现金流净收入总是远远小于当期利润，请说明一下为何在近几年来现金始终处于不能积累的原因？还是说目前公司必须不断地将产出的现金尽可能投入到新业务中？,2,answer_pressure,dep_reason,Q2完全重复Q1，针对A1未正面回答现金流问题继续施压。,这个问题财务总监答不了，那只好再问问郭总了，目前公司的经营现金流净收入总是远远小于当期利润，请说明一下为何在近几年来现金始终处于不能积累的原因？还是说目前公司必须不断地将产出的现金尽可能投入到新业务中？,您好！感谢您对公司的关注。公司目前处于早期发展阶段，公司正在不断完善文化生态圈的建设。公司战略决策及实施包括但不限于战略投资等，会对现金流产生一定影响。再次感谢您的关注！,目前公司的经营现金流净收入总是远远小于当期利润，请说明一下为何在近几年来现金始终处于不能积累的原因？还是说目前公司必须不断地将产出的现金尽可能投入到新业务中？,002699_2016,14,19,5,Complaint,Q2完全重复Q1，针对A1未正面回答现金流问题继续施压。,,,1
positive,请问赵董，公司认为一个IP可以取得成功的最重要条件应该具备哪些？ 感谢您对公司的关注，公司的业务发展，是基于文化创意行业产业链和泛娱乐经营模式进行的业务布局。一方面，基于自身优势的IP衍生品和新媒体业务，向泛娱乐其他业务版块延伸；另一方面，基于完整的泛娱乐生态圈，向产业链源头——IP延伸。这两方面对IP取得成功具有重要的意义，公司在文化产业链包括动漫、游戏、影视、衍生品等上下游进行战略布局，实现转型升级，初步完成了“自有IP+内容制作+内容发行和运营+新媒体运营+衍生品开发设计+线上线下零售渠道”的文化生态圈的构建。感谢。,请问赵董，对于IP的成功打造，除了公司已具备的两个优势基础方面，公司还认为哪些个点是IP成功的关键，并已成为当前公司的工作重点。谢谢。,2,answer_pressure,dep_reason,Q2明确针对A1已提到的两方面优势，追问其他IP成功关键点。,请问赵董，公司认为一个IP可以取得成功的最重要条件应该具备哪些？,感谢您对公司的关注，公司的业务发展，是基于文化创意行业产业链和泛娱乐经营模式进行的业务布局。一方面，基于自身优势的IP衍生品和新媒体业务，向泛娱乐其他业务版块延伸；另一方面，基于完整的泛娱乐生态圈，向产业链源头——IP延伸。这两方面对IP取得成功具有重要的意义，公司在文化产业链包括动漫、游戏、影视、衍生品等上下游进行战略布局，实现转型升级，初步完成了“自有IP+内容制作+内容发行和运营+新媒体运营+衍生品开发设计+线上线下零售渠道”的文化生态圈的构建。感谢。,请问赵董，对于IP的成功打造，除了公司已具备的两个优势基础方面，公司还认为哪些个点是IP成功的关键，并已成为当前公司的工作重点。谢谢。,002699_2016,17,20,3,Elaboration,Q2明确针对A1已提到的两方面优势，追问其他IP成功关键点。,,,1
positive,"请问董事长,关于公司最新项目今年或以后有什么战略规划吗,如果有今年能进展到什么程度? 感谢您对公司的关注与支持，公司在大文化的时代背景下，提出了向产业上下游延伸的发展战略。经过近年来资源整合，公司一体化全产业链格局初步形成，已布局动漫原创、游戏制作、网络平台、国内外终端销售、儿童剧演艺等多个环节。公司先后投资并购了多个标的，由点到面，多方布局，已初步搭建起“自有IP+内容制作（动漫、游戏、电影、儿童剧）+内容发行和运营+衍生品开发设计+新媒体运营+线上线下零售渠道”的文化生态圈，谢谢。",要实现公司的发展目标，请问信心来自哪里。,2,strategy_planning,dep_reason,Q2基于A1中描述的发展目标和战略布局追问信心来源。,"请问董事长,关于公司最新项目今年或以后有什么战略规划吗,如果有今年能进展到什么程度?",感谢您对公司的关注与支持，公司在大文化的时代背景下，提出了向产业上下游延伸的发展战略。经过近年来资源整合，公司一体化全产业链格局初步形成，已布局动漫原创、游戏制作、网络平台、国内外终端销售、儿童剧演艺等多个环节。公司先后投资并购了多个标的，由点到面，多方布局，已初步搭建起“自有IP+内容制作（动漫、游戏、电影、儿童剧）+内容发行和运营+衍生品开发设计+新媒体运营+线上线下零售渠道”的文化生态圈，谢谢。,要实现公司的发展目标，请问信心来自哪里。,002699_2016,24,28,4,Elaboration,Q2基于A1中描述的发展目标和战略布局追问信心来源。,,,1
positive,请问赵董，到目前为止，公司IP生态圈中，公司认为最核心的优势基础是什么？而生态圈里最薄弱的地带又在哪里？公司如何在有限的资源之内，将各个生态目标点，都能协同发展到较好的目标？ 感谢您对公司的关注，公司一体化全产业链格局初步形成，已布局动漫原创、游戏制作、网络平台、国内外终端销售、儿童剧演艺等多个环节。公司先后投资并购了多个标的，由点到面，多方布局，已初步搭建起“自有IP+内容制作（动漫、游戏、电影、儿童剧）+内容发行和运营+衍生品开发设计+新媒体运营+线上线下零售渠道”的文化生态圈。未来公司将在进一步完善布局的同时，加强推进整合工作，具体包括管理整合、资源整合及国内外市场整合，促进各环节的协调发展和协同效应的发挥，以充分发挥产业链布局一体化优势，达到发展目标。,在做项目之前是否对项目进行严谨的可行性研究？,2,restructuring,dep_reason,Q2针对A1中提到的投资并购项目，追问可行性研究情况。,请问赵董，到目前为止，公司IP生态圈中，公司认为最核心的优势基础是什么？而生态圈里最薄弱的地带又在哪里？公司如何在有限的资源之内，将各个生态目标点，都能协同发展到较好的目标？,感谢您对公司的关注，公司一体化全产业链格局初步形成，已布局动漫原创、游戏制作、网络平台、国内外终端销售、儿童剧演艺等多个环节。公司先后投资并购了多个标的，由点到面，多方布局，已初步搭建起“自有IP+内容制作（动漫、游戏、电影、儿童剧）+内容发行和运营+衍生品开发设计+新媒体运营+线上线下零售渠道”的文化生态圈。未来公司将在进一步完善布局的同时，加强推进整合工作，具体包括管理整合、资源整合及国内外市场整合，促进各环节的协调发展和协同效应的发挥，以充分发挥产业链布局一体化优势，达到发展目标。,在做项目之前是否对项目进行严谨的可行性研究？,002699_2016,32,34,2,Elaboration,Q2针对A1中提到的投资并购项目，追问可行性研究情况。,,,1
positive,请问：公司已经投产的募投项目及超募项目，2017年是否可以完全投产并且贡献效益？这部分的折旧和费用对利润影响大吗？谢谢 您好，感谢您对公司的关注！公司目前经营情况良好，公司已经投产的募投项目及超募项目会在经营过程中发挥作用，不会产生重大影响。谢谢！,公司募投项目，预期如何？是否谨慎？,2,answer_pressure,dep_reason,Q2针对A1笼统回答继续追问募投项目预期，要求具体化。,请问：公司已经投产的募投项目及超募项目，2017年是否可以完全投产并且贡献效益？这部分的折旧和费用对利润影响大吗？谢谢,您好，感谢您对公司的关注！公司目前经营情况良好，公司已经投产的募投项目及超募项目会在经营过程中发挥作用，不会产生重大影响。谢谢！,公司募投项目，预期如何？是否谨慎？,002699_2016,44,48,4,Complaint,Q2针对A1笼统回答继续追问募投项目预期，要求具体化。,,,1
positive,去年四季度投资收益亏损主要是因为哪家公司？ 您好，主要是权益法核算JAKKS所致，谢谢关注。,请问赵董，公司认为如果控股JAKKS成功，帮助其达成盈亏平衡，至少需要多少时间？公司对期间产生的利润影响如何做准备？,2,performance_governance,dep_reason,Q2围绕A1中JAKKS公司继续追问控股成功时间和利润影响。,去年四季度投资收益亏损主要是因为哪家公司？,您好，主要是权益法核算JAKKS所致，谢谢关注。,请问赵董，公司认为如果控股JAKKS成功，帮助其达成盈亏平衡，至少需要多少时间？公司对期间产生的利润影响如何做准备？,002699_2017,2,7,5,Elaboration,Q2围绕A1中JAKKS公司继续追问控股成功时间和利润影响。,,,1
positive,知识产权保护受到关注，对公司有何影响？ 您好，感谢您的关注。知识产权保护对公司有十分积极的影响，公司一直从事正版衍生品的开发和原创IP内容的开发、运营，国内知识产权保护的加强，对公司的版权保护十分有利。十分感谢您。,请问郭总，公司认为如果控股JAKKS成功，帮助其达成盈亏平衡，至少需要多少时间？公司对期间产生的利润影响如何做准备？刚才问题回答，不在问题上，关键是时间，和对财务影响的预期。谢谢了。,2,answer_pressure,dep_reason,Q2明确批评A1未回答到关键点，要求提供时间和财务影响预期，针对回答状态继续互动。,知识产权保护受到关注，对公司有何影响？,您好，感谢您的关注。知识产权保护对公司有十分积极的影响，公司一直从事正版衍生品的开发和原创IP内容的开发、运营，国内知识产权保护的加强，对公司的版权保护十分有利。十分感谢您。,请问郭总，公司认为如果控股JAKKS成功，帮助其达成盈亏平衡，至少需要多少时间？公司对期间产生的利润影响如何做准备？刚才问题回答，不在问题上，关键是时间，和对财务影响的预期。谢谢了。,002699_2017,19,22,3,Complaint,Q2明确批评A1未回答到关键点，要求提供时间和财务影响预期，针对回答状态继续互动。,,,1
positive,公司有没有考虑发展动漫模型手办等高毛利行业？ 您好，感谢您的关心与支持。公司一直有该领域的业务。感谢您的关注。,公司与迪士尼、漫威等合作对公司业绩有何影响?,2,performance_governance,dep_reason,Q2针对A1中提到的动漫模型手办业务，追问迪士尼等合作对业绩的影响。,公司有没有考虑发展动漫模型手办等高毛利行业？,您好，感谢您的关心与支持。公司一直有该领域的业务。感谢您的关注。,公司与迪士尼、漫威等合作对公司业绩有何影响?,002699_2017,20,21,1,Elaboration,Q2针对A1中提到的动漫模型手办业务，追问迪士尼等合作对业绩的影响。,,,1
positive,请问赵董，中合国信对公司业务的是否会直接具体介入？如果介入，将重点体现在哪些方面？ 您好！如刚刚我所介绍的，关于控股股东与中合国信的有关股权转让事宜，目前正在进行当中，请关注上市公司的后续公告。谢谢！,请问赵总，根绝3-27跟中合国信等签订的框架协议，至今天已经三十个工作日的，不知道进展怎样,1,disclosure_detail,dep_reason,Q2针对A1中提及的进行中的股权转让事宜追问具体进展。,请问赵董，中合国信对公司业务的是否会直接具体介入？如果介入，将重点体现在哪些方面？,您好！如刚刚我所介绍的，关于控股股东与中合国信的有关股权转让事宜，目前正在进行当中，请关注上市公司的后续公告。谢谢！,请问赵总，根绝3-27跟中合国信等签订的框架协议，至今天已经三十个工作日的，不知道进展怎样,002699_2018,3,8,5,Elaboration,Q2针对A1中提及的进行中的股权转让事宜追问具体进展。,,,1
positive,请问当前的股价会低于7.11元会影响贵公司跟中合国信的股权转让事宜吗？ 您好！关于控股股东与中合国信的有关股权转让事宜，目前正在进行当中，请关注上市公司的后续公告。谢谢！,请问赵总，根绝3-27跟中合国信等签订的框架协议，至今天已经三十个工作日的，不知道进展怎样,1,disclosure_detail,dep_reason,Q2针对A1中“正在进行”的股权转让事宜追问具体进展。,请问当前的股价会低于7.11元会影响贵公司跟中合国信的股权转让事宜吗？,您好！关于控股股东与中合国信的有关股权转让事宜，目前正在进行当中，请关注上市公司的后续公告。谢谢！,请问赵总，根绝3-27跟中合国信等签订的框架协议，至今天已经三十个工作日的，不知道进展怎样,002699_2018,6,8,2,Elaboration,Q2针对A1中“正在进行”的股权转让事宜追问具体进展。,,,1
positive,公司与中合国信等公司签订的控制权转让框架协议中，转让价是7.11元，现在股价是6.73元。你公司计划回购的时间已经过去了几个月，现在股价偏低。如果实施回购，可以注销更多的股份，使股价回升。怎么迟迟不实施回购呢？ 您好！如之前所讲，控股股东与中合国信的有关股权转让事宜正在进行当中，我们会根据相关的规定来实施我们的回购计划。谢谢！,请问赵总，根绝3-27跟中合国信等签订的框架协议，至今天已经三十个工作日的，不知道进展怎样,1,disclosure_detail,dep_reason,Q2针对A1中股权转让事宜正在进行的表述，追问三十个工作日后的具体进展。,公司与中合国信等公司签订的控制权转让框架协议中，转让价是7.11元，现在股价是6.73元。你公司计划回购的时间已经过去了几个月，现在股价偏低。如果实施回购，可以注销更多的股份，使股价回升。怎么迟迟不实施回购呢？,您好！如之前所讲，控股股东与中合国信的有关股权转让事宜正在进行当中，我们会根据相关的规定来实施我们的回购计划。谢谢！,请问赵总，根绝3-27跟中合国信等签订的框架协议，至今天已经三十个工作日的，不知道进展怎样,002699_2018,7,8,1,Elaboration,Q2针对A1中股权转让事宜正在进行的表述，追问三十个工作日后的具体进展。,,,1
positive,公司与中合国信等公司签订的控制权转让框架协议中，转让价是7.11元，现在股价是6.73元。你公司计划回购的时间已经过去了几个月，现在股价偏低。如果实施回购，可以注销更多的股份，使股价回升。怎么迟迟不实施回购呢？ 您好！如之前所讲，控股股东与中合国信的有关股权转让事宜正在进行当中，我们会根据相关的规定来实施我们的回购计划。谢谢！,请问赵总，根据规定，公司回购股份定期报告在当月的前三个交易日要出，为什么到现在还没出，是有什么变故吗,1,disclosure_detail,dep_reason,Q2针对A1笼统称“根据规定”实施回购，但未提及定期报告进展，进一步质疑为何未出公告。,公司与中合国信等公司签订的控制权转让框架协议中，转让价是7.11元，现在股价是6.73元。你公司计划回购的时间已经过去了几个月，现在股价偏低。如果实施回购，可以注销更多的股份，使股价回升。怎么迟迟不实施回购呢？,您好！如之前所讲，控股股东与中合国信的有关股权转让事宜正在进行当中，我们会根据相关的规定来实施我们的回购计划。谢谢！,请问赵总，根据规定，公司回购股份定期报告在当月的前三个交易日要出，为什么到现在还没出，是有什么变故吗,002699_2018,7,10,3,Challenge,Q2针对A1笼统称“根据规定”实施回购，但未提及定期报告进展，进一步质疑为何未出公告。,,,1
positive,请问公司负债率这么低，有没有考虑进行同行业并购？或者引进战略投资者？做大做强公司！再就是公司实控人可否进行一次增持？谢谢。 投资者您好，公司一直在做这两块的动作。19年，公司收购香港NEWTIME公司，IP衍生品生产线扩大至玩具行业。公司也在持续推进股权转让事项，完成后公司将引入新的投资者。感谢您的关注。,请问董秘先生，3月5日互动易回复后，两个月没有回复股东问题，期间多次询问，是太忙了吗？为什么不给股东回复,2,answer_pressure,dep_reason,Q2针对两个月未回复股东问题的状态进行抱怨和催促，属于交互依赖。,请问公司负债率这么低，有没有考虑进行同行业并购？或者引进战略投资者？做大做强公司！再就是公司实控人可否进行一次增持？谢谢。,投资者您好，公司一直在做这两块的动作。19年，公司收购香港NEWTIME公司，IP衍生品生产线扩大至玩具行业。公司也在持续推进股权转让事项，完成后公司将引入新的投资者。感谢您的关注。,请问董秘先生，3月5日互动易回复后，两个月没有回复股东问题，期间多次询问，是太忙了吗？为什么不给股东回复,002699_2019,0,1,1,Complaint,Q2针对两个月未回复股东问题的状态进行抱怨和催促，属于交互依赖。,,,1
positive,最近很多机构，基金，私募等到优秀公司调研，最好的一家，一个月接待959家机构调研，请问，公司最近有去调研的机构吗?是不是公司要加强该方面工作，谢谢 投资者您好，公司近期暂无机构调研，如有相应事宜，公司将及时披露《投资者关系活动记录表》。非常感谢您的建议，,二级市场就是，机构，证券等大资金等规模效应资金将会是主导地位；贵公司在方面最近几年来耕耘表现为零，故二级市场股价一直萎靡不振，广大投资者互相伤害，长期深套其中，希望贵公司在这块领域也能真正的重视起来，但是万万不可，闭门造车，应加强和机构接触，让机构到公司调研，望转达，谢谢！,2,answer_pressure,dep_reason,Q2针对A1确认暂无机构调研的事实，继续批评公司重视不足并施压要求加强机构接触。,最近很多机构，基金，私募等到优秀公司调研，最好的一家，一个月接待959家机构调研，请问，公司最近有去调研的机构吗?是不是公司要加强该方面工作，谢谢,投资者您好，公司近期暂无机构调研，如有相应事宜，公司将及时披露《投资者关系活动记录表》。非常感谢您的建议，,二级市场就是，机构，证券等大资金等规模效应资金将会是主导地位；贵公司在方面最近几年来耕耘表现为零，故二级市场股价一直萎靡不振，广大投资者互相伤害，长期深套其中，希望贵公司在这块领域也能真正的重视起来，但是万万不可，闭门造车，应加强和机构接触，让机构到公司调研，望转达，谢谢！,002699_2019,6,7,1,Challenge,Q2针对A1确认暂无机构调研的事实，继续批评公司重视不足并施压要求加强机构接触。,,,1
positive,二级市场就是，机构，证券等大资金等规模效应资金将会是主导地位；贵公司在方面最近几年来耕耘表现为零，故二级市场股价一直萎靡不振，广大投资者互相伤害，长期深套其中，希望贵公司在这块领域也能真正的重视起来，但是万万不可，闭门造车，应加强和机构接触，让机构到公司调研，望转达，谢谢！ 非常感谢您的意见，公司将努力做好这块工作，保护好投资者利益。,董秘先生在和投资者互动上做的不好，请以后能及时回复投资者，谢谢,2,answer_pressure,dep_reason,Q2针对A1回答状态和互动质量进行抱怨和催促。,二级市场就是，机构，证券等大资金等规模效应资金将会是主导地位；贵公司在方面最近几年来耕耘表现为零，故二级市场股价一直萎靡不振，广大投资者互相伤害，长期深套其中，希望贵公司在这块领域也能真正的重视起来，但是万万不可，闭门造车，应加强和机构接触，让机构到公司调研，望转达，谢谢！,非常感谢您的意见，公司将努力做好这块工作，保护好投资者利益。,董秘先生在和投资者互动上做的不好，请以后能及时回复投资者，谢谢,002699_2019,7,8,1,Complaint,Q2针对A1回答状态和互动质量进行抱怨和催促。,,,1
positive,请问朱董，有时生态圈的构想过于宏大，会超脱公司的能力，乐视是一个教训。公司在泛文化生态圈的打造，同样需要很多的资源以及多点施力，公司在把握投入重点和投入节奏的核心精神是什么样的？ 尊敬的投资者您好，公司是做IP衍生品起家的，未来也会把IP变现这块放在文化生态圈布局中的重点位置，通过不断成熟和完善现有IP变现模式，将其这一模式应用到其他优质的IP上。围绕于IP变现，公司将产业链逐步向上下游延伸。感谢您的关注。,请问朱董，从未来展望的公司发展计划中看，公司主要是发现并囤积优质Ip，进行周边衍生品开发，并寻找其他变现途径。但作为优质Ip的价值核心是长期的优质内容。对这一部分的持续创造，公司有何明确的计划？,2,strategy_planning,dep_reason,Q2针对A1中IP变现布局，追问优质内容持续创造的计划。,请问朱董，有时生态圈的构想过于宏大，会超脱公司的能力，乐视是一个教训。公司在泛文化生态圈的打造，同样需要很多的资源以及多点施力，公司在把握投入重点和投入节奏的核心精神是什么样的？,尊敬的投资者您好，公司是做IP衍生品起家的，未来也会把IP变现这块放在文化生态圈布局中的重点位置，通过不断成熟和完善现有IP变现模式，将其这一模式应用到其他优质的IP上。围绕于IP变现，公司将产业链逐步向上下游延伸。感谢您的关注。,请问朱董，从未来展望的公司发展计划中看，公司主要是发现并囤积优质Ip，进行周边衍生品开发，并寻找其他变现途径。但作为优质Ip的价值核心是长期的优质内容。对这一部分的持续创造，公司有何明确的计划？,002699_2019,13,16,3,Elaboration,Q2针对A1中IP变现布局，追问优质内容持续创造的计划。,,,1
positive,2019年，电影《哪吒》创造了动漫文化作品的爆款现象，请问袁总，公司的动漫类文化Ip，在未来的发展中，能够汲取哪些优秀的经验？ 投资者您好，《哪吒之魔童降世》的火爆透露着国内动漫市场巨大的潜力，公司未来着重创造适合国内观众口味的原创内容，同时IP火爆也将带动衍生品市场，公司将着力开发IP衍生品市场。感谢。,请问朱董，从未来展望的公司发展计划中看，公司主要是发现并囤积优质Ip，进行周边衍生品开发，并寻找其他变现途径。但作为优质Ip的价值核心是长期的优质内容。对这一部分的持续创造，公司有何明确的计划？,2,answer_pressure,dep_reason,Q2针对A1中“创造原创内容”的笼统表述，要求明确持续创造计划，属于细化追问。,2019年，电影《哪吒》创造了动漫文化作品的爆款现象，请问袁总，公司的动漫类文化Ip，在未来的发展中，能够汲取哪些优秀的经验？,投资者您好，《哪吒之魔童降世》的火爆透露着国内动漫市场巨大的潜力，公司未来着重创造适合国内观众口味的原创内容，同时IP火爆也将带动衍生品市场，公司将着力开发IP衍生品市场。感谢。,请问朱董，从未来展望的公司发展计划中看，公司主要是发现并囤积优质Ip，进行周边衍生品开发，并寻找其他变现途径。但作为优质Ip的价值核心是长期的优质内容。对这一部分的持续创造，公司有何明确的计划？,002699_2019,15,16,1,Elaboration,Q2针对A1中“创造原创内容”的笼统表述，要求明确持续创造计划，属于细化追问。,,,1
positive,贵公司与中合国信、锋尚融房、西安明丰及前海欧米茄四方于2019年3月27日分别签署了4份《股份转让框架协议》股权转让是去年3月份公布的，过去一年多了，经常给贵公司打电话询问，为什么一直没下文了，进度是不是太慢了，请尽快实施，谢谢了 您好，感谢您的关注，股权转让事项持续推进中，请关注公司后续公告。,贵公司和中合国信的股权转让是否还在继续进行？如果是，推进到哪个阶段了？有没有相关计划？,2,answer_pressure,dep_reason,Q2针对A1的笼统回应继续追问进度和计划，表达不满和催促。,贵公司与中合国信、锋尚融房、西安明丰及前海欧米茄四方于2019年3月27日分别签署了4份《股份转让框架协议》股权转让是去年3月份公布的，过去一年多了，经常给贵公司打电话询问，为什么一直没下文了，进度是不是太慢了，请尽快实施，谢谢了,您好，感谢您的关注，股权转让事项持续推进中，请关注公司后续公告。,贵公司和中合国信的股权转让是否还在继续进行？如果是，推进到哪个阶段了？有没有相关计划？,002699_2019,17,18,1,Complaint,Q2针对A1的笼统回应继续追问进度和计划，表达不满和催促。,,,1
positive,公司从13年开始连续收购多家公司，几乎是收购一家亏一家，这是公司管理层能力的问题？还是利益输出？ 尊敬的投资者：您好，自公司上市以来，在原有动漫衍生品的基础上，公司重点开拓上下游业务，在文化产业链包括动漫、游戏、影视、衍生品等上下游进行战略布局。理想丰满，现实骨感，公司将继续围绕主业，提高盈利能力，回报投资者。,请问朱董，公司投资的真趣，计提了巨额商誉损失，请问公司如何看待及复盘对真趣网的投资？,2,answer_pressure,dep_reason,Q2从Q1连续收购亏损问题中提取具体收购对象真趣网，要求复盘和评价，是对A1笼统回应的具体化追问。,公司从13年开始连续收购多家公司，几乎是收购一家亏一家，这是公司管理层能力的问题？还是利益输出？,尊敬的投资者：您好，自公司上市以来，在原有动漫衍生品的基础上，公司重点开拓上下游业务，在文化产业链包括动漫、游戏、影视、衍生品等上下游进行战略布局。理想丰满，现实骨感，公司将继续围绕主业，提高盈利能力，回报投资者。,请问朱董，公司投资的真趣，计提了巨额商誉损失，请问公司如何看待及复盘对真趣网的投资？,002699_2020,7,10,3,Elaboration,Q2从Q1连续收购亏损问题中提取具体收购对象真趣网，要求复盘和评价，是对A1笼统回应的具体化追问。,,,1
positive,美盛，股票持续下跌，公司是否考虑回购股份。公司连续亏损3年，今年二季度有望盈利吗？ 投资者您好，请关注公司后续公告，感谢。,今年二季度公司业绩怎么样,1,disclosure_detail,dep_reason,Q2重复Q1关于二季度盈利的问题，A1回避未答，Q2继续追问业绩。,美盛，股票持续下跌，公司是否考虑回购股份。公司连续亏损3年，今年二季度有望盈利吗？,投资者您好，请关注公司后续公告，感谢。,今年二季度公司业绩怎么样,002699_2021,3,4,1,Complaint,Q2重复Q1关于二季度盈利的问题，A1回避未答，Q2继续追问业绩。,,,1
positive,深交所要求公司13号前对占用资金做出解释，请问是否已回复 尊敬的投资者您好，公司正组织人员紧张开展年报问询函回复的工作，争取在问询函期限内进行回复，感谢您的关注。,什么时候回复问询函，本周五前能回复吗，或者已经回复了吗,1,disclosure_detail,dep_reason,Q2针对A1模糊的时间承诺，进一步追问具体回复时间，索要更多细节。,深交所要求公司13号前对占用资金做出解释，请问是否已回复,尊敬的投资者您好，公司正组织人员紧张开展年报问询函回复的工作，争取在问询函期限内进行回复，感谢您的关注。,什么时候回复问询函，本周五前能回复吗，或者已经回复了吗,002699_2021,5,6,1,Elaboration,Q2针对A1模糊的时间承诺，进一步追问具体回复时间，索要更多细节。,,,1
positive,问询函的内容属实吗，公司财务存不存在监管风险 投资者您好，问询函内容请您持续关注公司后续关于问询函的回复公告，感谢。,问询函为何迟迟没有回复,1,disclosure_detail,dep_reason,Q2针对A1中提到的问询函回复公告追问迟迟未回复的原因。,问询函的内容属实吗，公司财务存不存在监管风险,投资者您好，问询函内容请您持续关注公司后续关于问询函的回复公告，感谢。,问询函为何迟迟没有回复,002699_2021,9,14,5,Elaboration,Q2针对A1中提到的问询函回复公告追问迟迟未回复的原因。,,,1
positive,挪用的资金什么时候还上 尊敬的投资者您好：本公司已经积极督促控股股东尽快归还资金，并要求控股股东制定相应的还款计划。感谢您的关注。,请问，截止到一季度，占用未归还的资金到底是6亿多还是还有2亿没归还，公告看不懂，请解释一下，不要让我看公告，我看不懂！,1,disclosure_detail,dep_reason,Q2因A1未直接回答资金占用情况，抱怨看不懂公告并要求解释，属于对回答方式的投诉。,挪用的资金什么时候还上,尊敬的投资者您好：本公司已经积极督促控股股东尽快归还资金，并要求控股股东制定相应的还款计划。感谢您的关注。,请问，截止到一季度，占用未归还的资金到底是6亿多还是还有2亿没归还，公告看不懂，请解释一下，不要让我看公告，我看不懂！,002699_2021,16,18,2,Complaint,Q2因A1未直接回答资金占用情况，抱怨看不懂公告并要求解释，属于对回答方式的投诉。,,,1
positive,挪用的资金什么时候还上 尊敬的投资者您好：本公司已经积极督促控股股东尽快归还资金，并要求控股股东制定相应的还款计划。感谢您的关注。,公司一个月之内可以完成占用资金的归还吗？,1,disclosure_detail,dep_reason,Q2针对A1中模糊的“尽快归还”要求具体化为一月内，追问归还时间细节。,挪用的资金什么时候还上,尊敬的投资者您好：本公司已经积极督促控股股东尽快归还资金，并要求控股股东制定相应的还款计划。感谢您的关注。,公司一个月之内可以完成占用资金的归还吗？,002699_2021,16,21,5,Elaboration,Q2针对A1中模糊的“尽快归还”要求具体化为一月内，追问归还时间细节。,,,1
positive,美盛文化到底欠多少外债，什么时候能盈利 投资者您好，公司2021年末银行短期借款余额2亿元，占公司总资产6.4%。公司2021年营业收入10.3亿元，净利润为亏损2.3亿元，亏损原因主要为计提资产减值损失。公司经营情况良好，IP衍生品订单充足。感谢您的关注！,请问贵公司2022年的整体业绩能否扭亏为盈？,2,performance_governance,dep_reason,Q2针对A1未明确盈利时间，继续追问2022年扭亏可能。,美盛文化到底欠多少外债，什么时候能盈利,投资者您好，公司2021年末银行短期借款余额2亿元，占公司总资产6.4%。公司2021年营业收入10.3亿元，净利润为亏损2.3亿元，亏损原因主要为计提资产减值损失。公司经营情况良好，IP衍生品订单充足。感谢您的关注！,请问贵公司2022年的整体业绩能否扭亏为盈？,002699_2021,17,19,2,Elaboration,Q2针对A1未明确盈利时间，继续追问2022年扭亏可能。,,,1
positive,公司收购的太逗科技和字节有什么关系，发展前景咋样 尊敬的投资者您好：太逗科技是字节旗下今日头条、抖音的广告代理商。非常感谢您的关注。,请解释一下公司作为字节跳动代理商，有哪些合作项目，利润占公司营业额的多少比例,2,performance_governance,dep_reason,Q2基于A1中太逗科技作为字节代理商的信息，继续追问具体合作项目和利润占比，要求细化。,公司收购的太逗科技和字节有什么关系，发展前景咋样,尊敬的投资者您好：太逗科技是字节旗下今日头条、抖音的广告代理商。非常感谢您的关注。,请解释一下公司作为字节跳动代理商，有哪些合作项目，利润占公司营业额的多少比例,002699_2021,26,27,1,Elaboration,Q2基于A1中太逗科技作为字节代理商的信息，继续追问具体合作项目和利润占比，要求细化。,,,1
positive,2019年12月28日，公司改聘大信会计师事务所为2019年度审计机构，之后在每次年报披露的同时续聘了大信，一直续聘至2022年度。本次发布年报，大信审计意见为无法表示意见，公司没有续聘大信为2023年度审计机构。请问公司计划什么时候聘任2023年度审计机构，是否留有足够时间与未来审计师沟通、进场审计？如何及时完成整改2022年度无法表示意见所涉及的事项，以争取在2023年度获得标准无保留意见？ 尊敬的投资者，关于是否续聘大信会计师事务所相关事宜，请关注公司后续公告，感谢您的关注。,明年如果还是非标，就退市了，这可不是闹着玩的，一旦退市，所有股东都是输家。请公司高度重视非标问题，切实妥善解决,2,answer_pressure,dep_reason,Q2针对A1未回应非标整改问题，警告退市风险并催促解决。,2019年12月28日，公司改聘大信会计师事务所为2019年度审计机构，之后在每次年报披露的同时续聘了大信，一直续聘至2022年度。本次发布年报，大信审计意见为无法表示意见，公司没有续聘大信为2023年度审计机构。请问公司计划什么时候聘任2023年度审计机构，是否留有足够时间与未来审计师沟通、进场审计？如何及时完成整改2022年度无法表示意见所涉及的事项，以争取在2023年度获得标准无保留意见？,尊敬的投资者，关于是否续聘大信会计师事务所相关事宜，请关注公司后续公告，感谢您的关注。,明年如果还是非标，就退市了，这可不是闹着玩的，一旦退市，所有股东都是输家。请公司高度重视非标问题，切实妥善解决,002699_2022,5,7,2,Complaint,Q2针对A1未回应非标整改问题，警告退市风险并催促解决。,,,1
positive,袁董：请问公司是否要求实际控制人赵小强做出还款计划？若有请告知实控人还款计划安排，若没有还款计划，公司除了持续督促外，是否有其它方案？ 尊敬的投资者，公司本着对全体股东高度负责的态度，督促美盛控股和实际控制人积极筹措资金尽快偿还占用资金，以消除对公司的影响。同时，公司认真落实内部控制整改措施，进一步完善资金管理等内部控制存在缺陷的环节，强化执行力度，杜绝有关违规行为的再次发生，保证上市公司的规范运作，切实维护全体股东特别是中小股东的利益。感谢您的关注。,卓总，公司在交流互动中声称:将持续督促控股股东及关联方尽快归还占用资金，有什么具体行动？是否要起诉实控人？如果不起诉，公司如何有效督促？作为独立董事是否落实了督促责任？,1,disclosure_detail,dep_reason,Q2引用A1中“督促控股股东归还占用资金”的笼统表述，追问具体行动、起诉及独董责任等细节。,袁董：请问公司是否要求实际控制人赵小强做出还款计划？若有请告知实控人还款计划安排，若没有还款计划，公司除了持续督促外，是否有其它方案？,尊敬的投资者，公司本着对全体股东高度负责的态度，督促美盛控股和实际控制人积极筹措资金尽快偿还占用资金，以消除对公司的影响。同时，公司认真落实内部控制整改措施，进一步完善资金管理等内部控制存在缺陷的环节，强化执行力度，杜绝有关违规行为的再次发生，保证上市公司的规范运作，切实维护全体股东特别是中小股东的利益。感谢您的关注。,卓总，公司在交流互动中声称:将持续督促控股股东及关联方尽快归还占用资金，有什么具体行动？是否要起诉实控人？如果不起诉，公司如何有效督促？作为独立董事是否落实了督促责任？,002699_2022,6,8,2,Elaboration,Q2引用A1中“督促控股股东归还占用资金”的笼统表述，追问具体行动、起诉及独董责任等细节。,,,1
positive,请公司从5月开始，每月披露资金占用进展的同时，一并披露立案调查进展、无法表示意见相关事项的处理进展、否定内控审计相关事项的解决进展，以及聘请审计师的工作安排和未来如何全力配合审计师进场开展审计的计划、措施。 尊敬的投资者，您的提议已收到，感谢关注。,2022年6月，由于涉嫌信息披露违法违规，中国证监会决定对公司和赵小强立案。请问主要违规情形是什么，是不是控股股东资金占用？自该公告之后至今，为什么没有像其他被立案调查的上市公司一样定期披露立案调查进展？该调查已经接近一年，由于截至年报披露日都未有结论，大信以此为由出具了无法表示意见，请问公司是否与监管部门有过沟通，预计什么时候能出调查结论，是否存在导致公司追溯调整以前年度损益报表的情形？,1,disclosure_detail,dep_reason,Q2针对A1未响应Q1要求披露立案进展，追问为何未定期披露，并质疑违规情形和调查进展。,请公司从5月开始，每月披露资金占用进展的同时，一并披露立案调查进展、无法表示意见相关事项的处理进展、否定内控审计相关事项的解决进展，以及聘请审计师的工作安排和未来如何全力配合审计师进场开展审计的计划、措施。,尊敬的投资者，您的提议已收到，感谢关注。,2022年6月，由于涉嫌信息披露违法违规，中国证监会决定对公司和赵小强立案。请问主要违规情形是什么，是不是控股股东资金占用？自该公告之后至今，为什么没有像其他被立案调查的上市公司一样定期披露立案调查进展？该调查已经接近一年，由于截至年报披露日都未有结论，大信以此为由出具了无法表示意见，请问公司是否与监管部门有过沟通，预计什么时候能出调查结论，是否存在导致公司追溯调整以前年度损益报表的情形？,002699_2022,26,29,3,Complaint,Q2针对A1未响应Q1要求披露立案进展，追问为何未定期披露，并质疑违规情形和调查进展。,,,1
positive,"2013年公司有哪些新的产能释放？公司的持续良性发展是投资者投资信心的有力保证,今年有哪些困难和希望？ 公司募集资金投资项目将会在2013年开始逐步产生效益。同时公司将在2013年度加强工业用气客户开发。",请问巴楚县的进展情况如何？,1,disclosure_detail,dep_reason,Q2针对A1中“募投项目产生效益”笼统回答，追问具体项目巴楚县的进展。,"2013年公司有哪些新的产能释放？公司的持续良性发展是投资者投资信心的有力保证,今年有哪些困难和希望？",公司募集资金投资项目将会在2013年开始逐步产生效益。同时公司将在2013年度加强工业用气客户开发。,请问巴楚县的进展情况如何？,002700_2012,6,10,4,Elaboration,Q2针对A1中“募投项目产生效益”笼统回答，追问具体项目巴楚县的进展。,,,1
positive,新疆浩源工业用气的发展情况如何？ 公司工业用气正在积极发展当中，发展工业用气客户是公司2013年的重点业务。,能否告知一下新年第一季度的情况怎么样?,1,disclosure_detail,dep_reason,Q2承接A1中工业用气业务，追问第一季度发展细节。,新疆浩源工业用气的发展情况如何？,公司工业用气正在积极发展当中，发展工业用气客户是公司2013年的重点业务。,能否告知一下新年第一季度的情况怎么样?,002700_2012,31,35,4,Elaboration,Q2承接A1中工业用气业务，追问第一季度发展细节。,,,1
positive,请问：公司产品的技术含量如何？专利多吗？行业垄断地位如何？那些项目能给公司带来利润增长点？预计是否能保持3年的增长？ 公司从事天然管道输送及城市燃气业务，生产技术是从国内外引进的先进成熟技术，长输管线、中压管网的铺设是委托给有资质的企业进行，居民天然气入户安装工程由公司自主实施，生产设备是采购国内外的先进成熟的设备，所以不存在研发和专利情况。公司现从事的民用、车用天然气销售业务和安装业务都是公司的利润增长点。预计未来几年，公司的业绩一直会保持稳定增长。谢谢！,公司管理层2013年的预定目标是什么？有哪些因素会影响到公司2013年的业绩呢？盈利能力跟的上吗？2013年大约会以一个什么样的百分比速度让净利润增长？,2,strategy_planning,dep_reason,Q2针对A1中笼统的‘业绩稳定增长’要求具体目标、因素和增速。,请问：公司产品的技术含量如何？专利多吗？行业垄断地位如何？那些项目能给公司带来利润增长点？预计是否能保持3年的增长？,公司从事天然管道输送及城市燃气业务，生产技术是从国内外引进的先进成熟技术，长输管线、中压管网的铺设是委托给有资质的企业进行，居民天然气入户安装工程由公司自主实施，生产设备是采购国内外的先进成熟的设备，所以不存在研发和专利情况。公司现从事的民用、车用天然气销售业务和安装业务都是公司的利润增长点。预计未来几年，公司的业绩一直会保持稳定增长。谢谢！,公司管理层2013年的预定目标是什么？有哪些因素会影响到公司2013年的业绩呢？盈利能力跟的上吗？2013年大约会以一个什么样的百分比速度让净利润增长？,002700_2012,49,53,4,Elaboration,Q2针对A1中笼统的‘业绩稳定增长’要求具体目标、因素和增速。,,,1
positive,请问：公司产品的技术含量如何？专利多吗？行业垄断地位如何？那些项目能给公司带来利润增长点？预计是否能保持3年的增长？ 公司从事天然管道输送及城市燃气业务，生产技术是从国内外引进的先进成熟技术，长输管线、中压管网的铺设是委托给有资质的企业进行，居民天然气入户安装工程由公司自主实施，生产设备是采购国内外的先进成熟的设备，所以不存在研发和专利情况。公司现从事的民用、车用天然气销售业务和安装业务都是公司的利润增长点。预计未来几年，公司的业绩一直会保持稳定增长。谢谢！,新疆浩源民用天然气使用情况如何？是否是同行业领头羊？,2,performance_governance,dep_reason,Q2针对A1中提到的民用天然气利润增长点继续追问具体使用情况和行业地位。,请问：公司产品的技术含量如何？专利多吗？行业垄断地位如何？那些项目能给公司带来利润增长点？预计是否能保持3年的增长？,公司从事天然管道输送及城市燃气业务，生产技术是从国内外引进的先进成熟技术，长输管线、中压管网的铺设是委托给有资质的企业进行，居民天然气入户安装工程由公司自主实施，生产设备是采购国内外的先进成熟的设备，所以不存在研发和专利情况。公司现从事的民用、车用天然气销售业务和安装业务都是公司的利润增长点。预计未来几年，公司的业绩一直会保持稳定增长。谢谢！,新疆浩源民用天然气使用情况如何？是否是同行业领头羊？,002700_2012,49,54,5,Elaboration,Q2针对A1中提到的民用天然气利润增长点继续追问具体使用情况和行业地位。,,,1
positive,想听听管理层如何看待2013年的经济形势，公司在新的一年里有什么规划？ 公司看好2013年的发展，国家加强城镇建设给公司带来了更多的业务发展机会。公司2013年经营目标为天然气销售量1.2亿立方米，新增民用户1.5万户，营业收入2.75亿元。该经营计划不包括巴楚县，也不包括拟发展的工业用户。,公司管理层2013年的预定目标是什么？有哪些因素会影响到公司2013年的业绩呢？盈利能力跟的上吗？2013年大约会以一个什么样的百分比速度让净利润增长？,1,disclosure_detail,dep_reason,Q2针对A1中已给出的2013年经营目标继续追问业绩影响因素、盈利能力和净利润增长率等细节。,想听听管理层如何看待2013年的经济形势，公司在新的一年里有什么规划？,公司看好2013年的发展，国家加强城镇建设给公司带来了更多的业务发展机会。公司2013年经营目标为天然气销售量1.2亿立方米，新增民用户1.5万户，营业收入2.75亿元。该经营计划不包括巴楚县，也不包括拟发展的工业用户。,公司管理层2013年的预定目标是什么？有哪些因素会影响到公司2013年的业绩呢？盈利能力跟的上吗？2013年大约会以一个什么样的百分比速度让净利润增长？,002700_2012,51,53,2,Elaboration,Q2针对A1中已给出的2013年经营目标继续追问业绩影响因素、盈利能力和净利润增长率等细节。,,,1
positive,请问新疆浩源2013年业务发展目标是什么？ 公司2013年经营目标为天然气销售量1.2亿立方米，新增民用户1.5万户，营业收入2.75亿元。以上经营计划不包括巴楚县，也不包括拟发展的工业用户。谢谢！,请问许总，2013年预计收入利润情况？,2,performance_governance,dep_reason,Q2针对A1已给出的营业收入进一步追问利润，属于细化要求。,请问新疆浩源2013年业务发展目标是什么？,公司2013年经营目标为天然气销售量1.2亿立方米，新增民用户1.5万户，营业收入2.75亿元。以上经营计划不包括巴楚县，也不包括拟发展的工业用户。谢谢！,请问许总，2013年预计收入利润情况？,002700_2012,88,91,3,Elaboration,Q2针对A1已给出的营业收入进一步追问利润，属于细化要求。,,,1
positive,去年的市场行情并不好，物价又涨，今年公司在市场开拓方面有什么计划？能否详细谈谈？ 公司目前销售价格和采购价格方面没有变化，但公司人力成本和材料成本等有所上升。公司2013年将积极推进募集资金投资项目建设，加强工业用气客户开发。,公司募集资金投向项目进展如何，是否顺利?预计多久可以收回投资?,1,disclosure_detail,dep_reason,Q2针对A1中提到的募集资金投资项目追问进展和回收周期。,去年的市场行情并不好，物价又涨，今年公司在市场开拓方面有什么计划？能否详细谈谈？,公司目前销售价格和采购价格方面没有变化，但公司人力成本和材料成本等有所上升。公司2013年将积极推进募集资金投资项目建设，加强工业用气客户开发。,公司募集资金投向项目进展如何，是否顺利?预计多久可以收回投资?,002700_2012,108,110,2,Elaboration,Q2针对A1中提到的募集资金投资项目追问进展和回收周期。,,,1
positive,目前公司经营区域加气轿车数量多少？每年大约增长多少？ 据从阿克苏地区质量技术监督局获得的数据，截止2013年底，全地区（八县一市）油改气的车辆数约8.9万辆。其中阿克苏市约占40%。另据阿克苏地区公安车管所数据，近几年阿克苏地区的小车数量年均增幅约为25%。谢谢。,公司取得特许经营权的区域，潜在市场空间有多大？,2,performance_governance,dep_reason,Q2基于A1中经营区域车辆数量和增长率追问市场空间。,目前公司经营区域加气轿车数量多少？每年大约增长多少？,据从阿克苏地区质量技术监督局获得的数据，截止2013年底，全地区（八县一市）油改气的车辆数约8.9万辆。其中阿克苏市约占40%。另据阿克苏地区公安车管所数据，近几年阿克苏地区的小车数量年均增幅约为25%。谢谢。,公司取得特许经营权的区域，潜在市场空间有多大？,002700_2013,5,9,4,Elaboration,Q2基于A1中经营区域车辆数量和增长率追问市场空间。,,,1
positive,公司如何提高产品的盈利空间? 公司将通过积极拓展市场，开发新业务，保证营业收入的稳步提升，成本费用的有效控制来提升盈利空间。谢谢！,2014年盈利率预计增长多少？,2,performance_governance,dep_reason,Q2针对A1中提升盈利空间的承诺，追问具体增长率，属于量化细化。,公司如何提高产品的盈利空间?,公司将通过积极拓展市场，开发新业务，保证营业收入的稳步提升，成本费用的有效控制来提升盈利空间。谢谢！,2014年盈利率预计增长多少？,002700_2013,11,13,2,Elaboration,Q2针对A1中提升盈利空间的承诺，追问具体增长率，属于量化细化。,,,1
positive,领导，请问您我现在适合买入公司股票不？能赚钱不？ 公司的生产经营一直很平稳，业绩在逐年增长，何时买入公司股票有您自己判断。谢谢。,公司股价还能继续上涨吗？,2,answer_pressure,dep_reason,Q2重复追问Q1中股价上涨的同一问题，A1回答笼统，Q2表达不满并继续追问。,领导，请问您我现在适合买入公司股票不？能赚钱不？,公司的生产经营一直很平稳，业绩在逐年增长，何时买入公司股票有您自己判断。谢谢。,公司股价还能继续上涨吗？,002700_2013,27,32,5,Complaint,Q2重复追问Q1中股价上涨的同一问题，A1回答笼统，Q2表达不满并继续追问。,,,1
positive,请问公司今年有哪些重要项目？ 主要是募集资金计划投资的项目，阿瓦提新增加气站等。谢谢！,预计到2015年底各多少加气站投入使用？一般每个站加气能力多少？,1,disclosure_detail,dep_reason,Q2针对A1提到的加气站进一步追问数量和能力等具体细节。,请问公司今年有哪些重要项目？,主要是募集资金计划投资的项目，阿瓦提新增加气站等。谢谢！,预计到2015年底各多少加气站投入使用？一般每个站加气能力多少？,002700_2013,29,34,5,Elaboration,Q2针对A1提到的加气站进一步追问数量和能力等具体细节。,,,1
positive,公司主营业务有哪些? 公司主营业务是天然气销售和入户安装工程。谢谢。,公司工业用气的发展情况如何？,1,disclosure_detail,dep_reason,Q2围绕A1中天然气销售业务继续追问工业用气细节。,公司主营业务有哪些?,公司主营业务是天然气销售和入户安装工程。谢谢。,公司工业用气的发展情况如何？,002700_2013,61,62,1,Elaboration,Q2围绕A1中天然气销售业务继续追问工业用气细节。,,,1
positive,公司主营业务有哪些? 公司主营业务是天然气销售和入户安装工程。谢谢。,请问城镇化建设的推进是否可以推动公司业务？,2,answer_pressure,dep_reason,Q2围绕A1明确的主营业务，追问城镇化对其的推动作用。,公司主营业务有哪些?,公司主营业务是天然气销售和入户安装工程。谢谢。,请问城镇化建设的推进是否可以推动公司业务？,002700_2013,61,66,5,Elaboration,Q2围绕A1明确的主营业务，追问城镇化对其的推动作用。,,,1
positive,提问1：公司发展战略有无考虑参与中石化成品油销售或未来在原有站点增加充电桩业务纵向发展产业链？提问2：公司发展战略有无考虑参与南疆地区油气资源勘探开发延伸上游产业链？提问3：丝绸之路对公司经营状况有无直接利好？ 公司是以天然气管道输送、城市居民燃气、燃气加气站和居民入户等为主营业务。与中石油、中石化等企业的合作，如果政策允许且对公司发展有利，我们会参与进去。丝绸之路的发展会带动当地经济的发展，进而增加用气需求，提升公司业务。,"请问周总,一座加气站的成本大概多少钱。",1,disclosure_detail,dep_reason,Q2针对A1中提及的加气站业务追问成本细节。,提问1：公司发展战略有无考虑参与中石化成品油销售或未来在原有站点增加充电桩业务纵向发展产业链？提问2：公司发展战略有无考虑参与南疆地区油气资源勘探开发延伸上游产业链？提问3：丝绸之路对公司经营状况有无直接利好？,公司是以天然气管道输送、城市居民燃气、燃气加气站和居民入户等为主营业务。与中石油、中石化等企业的合作，如果政策允许且对公司发展有利，我们会参与进去。丝绸之路的发展会带动当地经济的发展，进而增加用气需求，提升公司业务。,"请问周总,一座加气站的成本大概多少钱。",002700_2013,85,88,3,Elaboration,Q2针对A1中提及的加气站业务追问成本细节。,,,1
positive,请问公司现在股票市场的股价能不能真实反映公司的经营状况，市场对股价是高估了还是低估了？ 公司经营状况良好，但二级市场股价受到多种因素的影响，请投资者自主判断，注意风险。,请问公司股票现在的价格市场方面是高估了还是低估了,2,answer_pressure,dep_reason,Q2重复追问Q1未获正面回答的股价高估低估问题。,请问公司现在股票市场的股价能不能真实反映公司的经营状况，市场对股价是高估了还是低估了？,公司经营状况良好，但二级市场股价受到多种因素的影响，请投资者自主判断，注意风险。,请问公司股票现在的价格市场方面是高估了还是低估了,002700_2014,51,56,5,Complaint,Q2重复追问Q1未获正面回答的股价高估低估问题。,,,1
positive,"建议董事会提出适当送股或分红提案.谢谢!!! 已经提出10转8,10送0.8元的分配方案。请看公司网上公告。",公司2014年度的利润分配情况是否符合证监会和交易所的现金分红政策？,1,disclosure_detail,dep_reason,Q2基于A1披露的10转8送0.8元方案追问是否合规。,建议董事会提出适当送股或分红提案.谢谢!!!,"已经提出10转8,10送0.8元的分配方案。请看公司网上公告。",公司2014年度的利润分配情况是否符合证监会和交易所的现金分红政策？,002700_2014,74,77,3,Elaboration,Q2基于A1披露的10转8送0.8元方案追问是否合规。,,,1
positive,您认为现在公司股价是否已真实反应公司能力和地位？ 我公司会积极努力做好业绩以丰厚的收益回报股东。谢谢！,现在公司的股价与企业实际盈利状况是否匹配？差距有多少？,2,performance_governance,dep_reason,Q2针对A1未正面回应股价合理性问题，继续追问股价与盈利的匹配及差距。,您认为现在公司股价是否已真实反应公司能力和地位？,我公司会积极努力做好业绩以丰厚的收益回报股东。谢谢！,现在公司的股价与企业实际盈利状况是否匹配？差距有多少？,002700_2014,76,81,5,Challenge,Q2针对A1未正面回应股价合理性问题，继续追问股价与盈利的匹配及差距。,,,1
positive,请问公司明年净利润能做到多少？ 你好！公司2017年度的净利润情况请参阅公司2017年度财务预算报告，谢谢。,公司预计2017年业绩较去年同期是上升还是下降？若上升，则增幅是多少？,1,disclosure_detail,dep_reason,A1回避未答具体数据，Q2继续追问业绩变动方向和幅度，依赖A1未答状态。,请问公司明年净利润能做到多少？,你好！公司2017年度的净利润情况请参阅公司2017年度财务预算报告，谢谢。,公司预计2017年业绩较去年同期是上升还是下降？若上升，则增幅是多少？,002700_2016,11,13,2,Complaint,A1回避未答具体数据，Q2继续追问业绩变动方向和幅度，依赖A1未答状态。,,,1
positive,"2018年度的利润分配是如何安排的？ 你好，公司2018年度利润分配预案：以2018年12月31日总股本422,426,880股为基数，向全体股东每10股派发现金0.30元人民币（含税），共计派发股利12,672,806.40元，公司2018年度不进行资本公积金转增股本，不送红股。该事项要经过股东大会批准后实施。谢谢！",18年送股嘛。分红多少？,2,shareholder_return,dep_reason,Q2针对A1中分红和送股方案继续确认具体数字。,2018年度的利润分配是如何安排的？,"你好，公司2018年度利润分配预案：以2018年12月31日总股本422,426,880股为基数，向全体股东每10股派发现金0.30元人民币（含税），共计派发股利12,672,806.40元，公司2018年度不进行资本公积金转增股本，不送红股。该事项要经过股东大会批准后实施。谢谢！",18年送股嘛。分红多少？,002700_2018,0,1,1,Elaboration,Q2针对A1中分红和送股方案继续确认具体数字。,,,1
positive,请问公司大量股份质押，目地是什么？公司有什么新的发展方向？ 你好，公司本身不持有股份，从公告上看到的股份质押情况，是持有公司股份的大股东，因资金需求办理的股份质押融资业务。公司将抓住国家注重低碳发展，推动节能减排，大力推广清洁能源，以及区域资源优势和新疆大开发、大发展的良好机遇，稳步推进现有市场的开发进程。公司在做好天然气输配的主业工作外，也在考虑企业转型和经营模式的转变，寻求盘活企业资产和开展资本运作的新途径。在现有天然气业务的基础上，以天然气化工，新能源推广作为主要的业务拓展方向。,请问公司大量的股份质押，用来发展什么？公告里只字未提,1,disclosure_detail,dep_reason,Q2重复追问质押用途，抱怨公告未提，针对A1未正面回答。,请问公司大量股份质押，目地是什么？公司有什么新的发展方向？,你好，公司本身不持有股份，从公告上看到的股份质押情况，是持有公司股份的大股东，因资金需求办理的股份质押融资业务。公司将抓住国家注重低碳发展，推动节能减排，大力推广清洁能源，以及区域资源优势和新疆大开发、大发展的良好机遇，稳步推进现有市场的开发进程。公司在做好天然气输配的主业工作外，也在考虑企业转型和经营模式的转变，寻求盘活企业资产和开展资本运作的新途径。在现有天然气业务的基础上，以天然气化工，新能源推广作为主要的业务拓展方向。,请问公司大量的股份质押，用来发展什么？公告里只字未提,002700_2018,3,5,2,Complaint,Q2重复追问质押用途，抱怨公告未提，针对A1未正面回答。,,,1
positive,请问公司在没有明显利空的消息之下，连续暴跌，公司为何不采取措施保护投资者？难道发行完股票后，就不用管股价波动了么？让看好你们的投资者有何信心？ 你好，公司股票价格在二级市场上受多方面因素的影响，公司力争以好的业绩回报投资者。谢谢！股市有风险，投资需谨慎。,贵司现股价如此之低，公司是否有市值管理？是否跌破发行价？实控人是否有相关措施振奋股价，如进行增持等？,2,answer_pressure,dep_reason,Q2基于A1笼统回答，追问具体市值管理与增持等保护投资者措施。,请问公司在没有明显利空的消息之下，连续暴跌，公司为何不采取措施保护投资者？难道发行完股票后，就不用管股价波动了么？让看好你们的投资者有何信心？,你好，公司股票价格在二级市场上受多方面因素的影响，公司力争以好的业绩回报投资者。谢谢！股市有风险，投资需谨慎。,贵司现股价如此之低，公司是否有市值管理？是否跌破发行价？实控人是否有相关措施振奋股价，如进行增持等？,002700_2018,4,6,2,Elaboration,Q2基于A1笼统回答，追问具体市值管理与增持等保护投资者措施。,,,1
positive,请问公司大量的股份质押，用来发展什么？公告里只字未提 你好，公司本身不持有股份，公告中披露的质押情况是大股东因融资需求办理的质押回购业务。谢谢！,请问公司大量的股份质押，用来发展什么？近期股价暴跌是否存在平仓可能？,2,answer_pressure,dep_reason,Q2重复Q1未正面回答的质押目的问题，并新增平仓风险追问。,请问公司大量的股份质押，用来发展什么？公告里只字未提,你好，公司本身不持有股份，公告中披露的质押情况是大股东因融资需求办理的质押回购业务。谢谢！,请问公司大量的股份质押，用来发展什么？近期股价暴跌是否存在平仓可能？,002700_2018,5,10,5,Complaint,Q2重复Q1未正面回答的质押目的问题，并新增平仓风险追问。,,,1
positive,贵行董事长在两会中提到“城商行要聚焦优势、专注特色”，请问郑州银行未来的发展将专注于哪一领域？ 感谢您的关注！未来我行将继续聚焦商贸金融、小微金融、市民金融三大特色业务建设上，争取早见成效。商贸金融将打造全国标杆，成为郑州银行重要的“名片”，依托“五朵云”建设，扩大商贸物流银行联盟影响力，围绕“六大行业”核心客户群，打造综合化商贸物流金融服务提供商。小微金融坚持小企业服务专家定位，通过建立专业化营销团队和风控团队，构建端到端商业模式，逐步实现业务结构优化和调整。市民金融围绕打造市民最佳体验的精品银行定位，通过客群拓展、线上下联动的渠道建设、产品供给及营销能力的加强，实现客户综合价值效益的提升。,贵行如何实现小微战略？,2,strategy_planning,dep_reason,Q2针对A1中明确的小微金融定位，追问实现战略的具体方式。,贵行董事长在两会中提到“城商行要聚焦优势、专注特色”，请问郑州银行未来的发展将专注于哪一领域？,感谢您的关注！未来我行将继续聚焦商贸金融、小微金融、市民金融三大特色业务建设上，争取早见成效。商贸金融将打造全国标杆，成为郑州银行重要的“名片”，依托“五朵云”建设，扩大商贸物流银行联盟影响力，围绕“六大行业”核心客户群，打造综合化商贸物流金融服务提供商。小微金融坚持小企业服务专家定位，通过建立专业化营销团队和风控团队，构建端到端商业模式，逐步实现业务结构优化和调整。市民金融围绕打造市民最佳体验的精品银行定位，通过客群拓展、线上下联动的渠道建设、产品供给及营销能力的加强，实现客户综合价值效益的提升。,贵行如何实现小微战略？,002936_2018,13,16,3,Elaboration,Q2针对A1中明确的小微金融定位，追问实现战略的具体方式。,,,1
positive,郑州作为一带一路战略的重要节点城市，贵行作为本土银行有何规划？ 感谢您的关注！郑州作为“一带一路”重要节点城市，拥有承东启西的战略区位优势，具有装备制造等优势产业集聚的资源禀赋，具备贯通南北、连接东西的现代综合立体交通网络体系和成熟配套的现代物流体系。得益于区位优势，郑州银行秉承差异化、特色化、专业化发展理念，重点关注商贸物流金融领域，依托商贸、物流、大消费、食品、先进制造、医疗健康等行业，深入挖掘供应链金融发展，提高了盈利能力，优化了资产负债结构，增强了抗风险能力，提升了客户体验。,郑州银行打造独具特色的“商贸物流银行”的优势因素有哪些?,2,strategy_planning,dep_reason,Q2针对A1中提出的'商贸物流银行'定位，进一步追问其优势因素，要求细化解释。,郑州作为一带一路战略的重要节点城市，贵行作为本土银行有何规划？,感谢您的关注！郑州作为“一带一路”重要节点城市，拥有承东启西的战略区位优势，具有装备制造等优势产业集聚的资源禀赋，具备贯通南北、连接东西的现代综合立体交通网络体系和成熟配套的现代物流体系。得益于区位优势，郑州银行秉承差异化、特色化、专业化发展理念，重点关注商贸物流金融领域，依托商贸、物流、大消费、食品、先进制造、医疗健康等行业，深入挖掘供应链金融发展，提高了盈利能力，优化了资产负债结构，增强了抗风险能力，提升了客户体验。,郑州银行打造独具特色的“商贸物流银行”的优势因素有哪些?,002936_2018,18,22,4,Elaboration,Q2针对A1中提出的'商贸物流银行'定位，进一步追问其优势因素，要求细化解释。,,,1
positive,申行长在财报中表示2019年要“狠抓风险防控，树立以利润为中心的政策导向”，请问有哪些具体计划？ 本行将密切关注宏观经济形势、国内外经济环境和资金市场的变化，进一步加强对小微和民营企业支持力度，进一步提升对市场变化的研判能力，及时调整资金投资的方向和业务开展策略，在风险可控的前提下尽可能提高利差水平。我行还将依托“五朵云”平台建设，把我行打造成为全国标杆的“互联网+产业链金融”商贸物流银行，同时，不断丰富和及时调整对各类存款的吸收方式，增加本行可用资金，丰富业务品种并加强创新研究，以提高本行的资金利用效率，增强本行盈利能力。,郑州银行打造独具特色的“商贸物流银行”的优势因素有哪些?,2,strategy_planning,dep_reason,Q2针对A1中提到的商贸物流银行战略追问其优势因素。,申行长在财报中表示2019年要“狠抓风险防控，树立以利润为中心的政策导向”，请问有哪些具体计划？,本行将密切关注宏观经济形势、国内外经济环境和资金市场的变化，进一步加强对小微和民营企业支持力度，进一步提升对市场变化的研判能力，及时调整资金投资的方向和业务开展策略，在风险可控的前提下尽可能提高利差水平。我行还将依托“五朵云”平台建设，把我行打造成为全国标杆的“互联网+产业链金融”商贸物流银行，同时，不断丰富和及时调整对各类存款的吸收方式，增加本行可用资金，丰富业务品种并加强创新研究，以提高本行的资金利用效率，增强本行盈利能力。,郑州银行打造独具特色的“商贸物流银行”的优势因素有哪些?,002936_2018,20,22,2,Elaboration,Q2针对A1中提到的商贸物流银行战略追问其优势因素。,,,1
positive,剛剛下面有個題問，不知道行長可否回覆：央行LPR形成机制对贵行有什么影响？贵行如何判断2020年资产端收益率、负债端成本率以及净息差趋势？ 尊敬的投资人，感谢您对我们关注和支持！此问题请参见之前相似问题的回复。,请问：央行LPR形成机制对贵行有什么影响？贵行如何判断2020年资产端收益率、负债端成本率以及净息差趋势？,1,disclosure_detail,dep_reason,Q2完全重复Q1，A1回避未答，重复追问构成对未回答状态的投诉。,剛剛下面有個題問，不知道行長可否回覆：央行LPR形成机制对贵行有什么影响？贵行如何判断2020年资产端收益率、负债端成本率以及净息差趋势？,尊敬的投资人，感谢您对我们关注和支持！此问题请参见之前相似问题的回复。,请问：央行LPR形成机制对贵行有什么影响？贵行如何判断2020年资产端收益率、负债端成本率以及净息差趋势？,002936_2019,6,9,3,Complaint,Q2完全重复Q1，A1回避未答，重复追问构成对未回答状态的投诉。,,,1
positive,公司股价长期破发，作为行长，你怎么看？ 尊敬的投资人，感谢您对我们关注和支持！此问题请参见之前相似问题的回复。,公司股价长期破发，公司对此怎么看？有无应对措施？,1,disclosure_detail,dep_reason,Q2重复Q1因A1回避未答，要求公司给出看法及措施，属催问。,公司股价长期破发，作为行长，你怎么看？,尊敬的投资人，感谢您对我们关注和支持！此问题请参见之前相似问题的回复。,公司股价长期破发，公司对此怎么看？有无应对措施？,002936_2019,8,12,4,Complaint,Q2重复Q1因A1回避未答，要求公司给出看法及措施，属催问。,,,1
positive,公司股价长期破发，公司对此怎么看？有无应对措施？ 尊敬的投资人，感谢您对我们关注和支持！此问题请参见之前相似问题的回复。,贵行稳定股价措施？,1,disclosure_detail,dep_reason,Q2重复追问Q1中稳定股价措施问题，A1回避回答，继续要求回应。,公司股价长期破发，公司对此怎么看？有无应对措施？,尊敬的投资人，感谢您对我们关注和支持！此问题请参见之前相似问题的回复。,贵行稳定股价措施？,002936_2019,12,15,3,Complaint,Q2重复追问Q1中稳定股价措施问题，A1回避回答，继续要求回应。,,,1
positive,銀行業務受疫情有什麼影響，及今年的不良貸款率趨勢？ 谢谢您的提问。新型冠状病毒肺炎疫情对2020年第一季度经济生活产生较大影响，餐饮住宿、旅游业、交通运输业等行业受冲击较大，中小微企业抗风险能力低，银行资产质量承压；企业延期复工、民众深居简出，有效信贷需求下降，对我行资产规模增长产生一定负面影响。我行一直密切关注并持续评估本次疫情对业务的影响，采取措施积极应对，确保财务状况和经营成果保持稳定。,你好管理層，想請問一下疫情會不會對銀行業務有影響?今年的不良貸款會不會增加?全球都步入減息周期，銀行今年的淨息差表現會是如何?,2,answer_pressure,dep_reason,Q2重复疫情问题并追问不良贷款趋势，因A1未明确回答，整体依赖交互状态。,銀行業務受疫情有什麼影響，及今年的不良貸款率趨勢？,谢谢您的提问。新型冠状病毒肺炎疫情对2020年第一季度经济生活产生较大影响，餐饮住宿、旅游业、交通运输业等行业受冲击较大，中小微企业抗风险能力低，银行资产质量承压；企业延期复工、民众深居简出，有效信贷需求下降，对我行资产规模增长产生一定负面影响。我行一直密切关注并持续评估本次疫情对业务的影响，采取措施积极应对，确保财务状况和经营成果保持稳定。,你好管理層，想請問一下疫情會不會對銀行業務有影響?今年的不良貸款會不會增加?全球都步入減息周期，銀行今年的淨息差表現會是如何?,002936_2019,24,26,2,Complaint,Q2重复疫情问题并追问不良贷款趋势，因A1未明确回答，整体依赖交互状态。,,,1
positive,目前全国企业逐渐开始复工复产，请问贵行为推动复工复产有哪些措施？ 谢谢您的提问。作为金融豫军的优秀代表之一，郑州银行坚持服务实体经济发展的定位，针对企业在复工过程中的不同需求，推出多项举措全力支持企业生产自救、复工复产，与企业共渡难关。日前，郑州银行正式推出“复工贷”产品，针对普惠型小微客户可享受不高于年息4.55%的优惠政策，最高可贷1000万元，全力支持我省小微企业、小微企业主、个体工商户、农户等客户群体复工复产的信贷资金需求，确保疫情期间金融“活水”不断流。,请问什么时候开始呢？是以视频形式还是文字形式呢？,1,disclosure_detail,dep_reason,Q2针对A1中提到的复工贷产品追问开始时间和实施形式，要求补充细节。,目前全国企业逐渐开始复工复产，请问贵行为推动复工复产有哪些措施？,谢谢您的提问。作为金融豫军的优秀代表之一，郑州银行坚持服务实体经济发展的定位，针对企业在复工过程中的不同需求，推出多项举措全力支持企业生产自救、复工复产，与企业共渡难关。日前，郑州银行正式推出“复工贷”产品，针对普惠型小微客户可享受不高于年息4.55%的优惠政策，最高可贷1000万元，全力支持我省小微企业、小微企业主、个体工商户、农户等客户群体复工复产的信贷资金需求，确保疫情期间金融“活水”不断流。,请问什么时候开始呢？是以视频形式还是文字形式呢？,002936_2019,27,28,1,Elaboration,Q2针对A1中提到的复工贷产品追问开始时间和实施形式，要求补充细节。,,,1
positive,赵行长，郑州银行已经连续三年不分红，前期承诺不低于30%回馈股东等于一纸空文。未来继续打算几年不分红？ 感谢您的提问。本行基于经营环境及未来发展战略的需要制定相应的利润分配方案，从长期发展策略出发，留存的未分配利润将用作本行核心一级资本的补充，有利于提升本行资本充足水平，支持本行的战略转型及长期可持续发展，有利于维护投资者的长远利益。未来，本行将综合考虑利润分配相关的各种因素，与股东共享本行发展成果。,贵行三年连续未分红，如何保障中小投资者的权益？,1,disclosure_detail,dep_reason,Q2针对A1中“维护投资者长远利益”的说法，要求具体说明如何保障中小投资者权益。,赵行长，郑州银行已经连续三年不分红，前期承诺不低于30%回馈股东等于一纸空文。未来继续打算几年不分红？,感谢您的提问。本行基于经营环境及未来发展战略的需要制定相应的利润分配方案，从长期发展策略出发，留存的未分配利润将用作本行核心一级资本的补充，有利于提升本行资本充足水平，支持本行的战略转型及长期可持续发展，有利于维护投资者的长远利益。未来，本行将综合考虑利润分配相关的各种因素，与股东共享本行发展成果。,贵行三年连续未分红，如何保障中小投资者的权益？,002936_2022,2,7,5,Elaboration,Q2针对A1中“维护投资者长远利益”的说法，要求具体说明如何保障中小投资者权益。,,,1
positive,有没有现金分红的计划 谢谢您的提问。关于本行2022年度利润分配与资本公积转增预案，具体请见于2023年3月31日发布于巨潮资讯网的《郑州银行股份有限公司关于2022年度拟不进行现金分红的专项说明》。,公司连续三年未进行分红，请问是由哪些原因导致的？,2,shareholder_return,dep_reason,Q2针对A1中不分红安排追问具体原因。,有没有现金分红的计划,谢谢您的提问。关于本行2022年度利润分配与资本公积转增预案，具体请见于2023年3月31日发布于巨潮资讯网的《郑州银行股份有限公司关于2022年度拟不进行现金分红的专项说明》。,公司连续三年未进行分红，请问是由哪些原因导致的？,002936_2022,10,11,1,Elaboration,Q2针对A1中不分红安排追问具体原因。,,,1
positive,有没有现金分红的计划 谢谢您的提问。关于本行2022年度利润分配与资本公积转增预案，具体请见于2023年3月31日发布于巨潮资讯网的《郑州银行股份有限公司关于2022年度拟不进行现金分红的专项说明》。,我们问的是郑州银行未来的分红计划,2,shareholder_return,dep_reason,Q2明确纠正A1未直接回答未来分红计划，针对回答不充分进行催促。,有没有现金分红的计划,谢谢您的提问。关于本行2022年度利润分配与资本公积转增预案，具体请见于2023年3月31日发布于巨潮资讯网的《郑州银行股份有限公司关于2022年度拟不进行现金分红的专项说明》。,我们问的是郑州银行未来的分红计划,002936_2022,10,13,3,Complaint,Q2明确纠正A1未直接回答未来分红计划，针对回答不充分进行催促。,,,1
positive,公司连续三年未进行分红，请问是由哪些原因导致的？ 谢谢您的提问。一是面对近年复杂多变的宏观经济形势，本行积极践行地方金融机构社会责任，加大对中小企业帮扶力度，持续让利实体经济，盈利能力受到一定影响。二是随着经济下行压力加大，风险持续暴露，本行不断加强风险的前瞻管控，加快推进不良资产处置速度，制定风险化解处置方案，加大拨备计提力度，顺应监管引导留存未分配利润将有利于本行进一步增强风险抵御能力，为本行保持经营稳定提供保障。三是商业银行资本监管政策要求日益趋严，内源性的资本补充是中小银行保证资本充足、特别是核心一级资本充足水平的重要途径，留存的未分配利润将用作本行核心一级资本的补充，有利于提升本行资本充足水平，以支持本行的战略转型及长期可持续发展，维护投资者的长远利益。,我们问的是郑州银行未来的分红计划,2,shareholder_return,dep_reason,Q2针对A1未直接回应未来分红计划进行催促。,公司连续三年未进行分红，请问是由哪些原因导致的？,谢谢您的提问。一是面对近年复杂多变的宏观经济形势，本行积极践行地方金融机构社会责任，加大对中小企业帮扶力度，持续让利实体经济，盈利能力受到一定影响。二是随着经济下行压力加大，风险持续暴露，本行不断加强风险的前瞻管控，加快推进不良资产处置速度，制定风险化解处置方案，加大拨备计提力度，顺应监管引导留存未分配利润将有利于本行进一步增强风险抵御能力，为本行保持经营稳定提供保障。三是商业银行资本监管政策要求日益趋严，内源性的资本补充是中小银行保证资本充足、特别是核心一级资本充足水平的重要途径，留存的未分配利润将用作本行核心一级资本的补充，有利于提升本行资本充足水平，以支持本行的战略转型及长期可持续发展，维护投资者的长远利益。,我们问的是郑州银行未来的分红计划,002936_2022,11,13,2,Complaint,Q2针对A1未直接回应未来分红计划进行催促。,,,1
positive,贵行的贷款不良率较高，请问是哪些原因导致的？贵公司准备怎么应对不良贷款率较高的问题？ 感谢您的提问。本行贷款不良率为1.88%。本行不良贷款率较高主要受以下几方面因素影响。一是2022年受到经济下行影响，部分企业尤其是中小企业经营困难，特别是餐饮、旅游、批发零售、交通运输等行业，受到的冲击较为严重，进一步加大信用风险。二是房地产市场预期转弱，房地产企业销售情况普遍不畅，收入持续下降，造成房地产企业现金流紧张。下一步本行将进一步加强信用风险管理，一方面扎实推进不良贷款处置，加强清收化解盘活力度，综合采用转让、核销等方式加快不良资产出清，多措并举，稳步压降不良贷款；另一方面提高贷后管理主动性，抓实资产质量管控，强化贷后管理措施，有序推进风险资产化解进度和信用风险管控能力。,您好，我是来自中国证券报的记者。一直以来，贵行在房地产及建筑业方面具有一定的贷款比例。年报显示，贵行公司贷款的不良贷款主要集中在房地产业。展望2023年，随着房地产行业回升势头，贵行在风险管理工作方面有着哪些规划？,2,strategy_planning,dep_reason,Q2针对A1提到的房地产风险，进一步追问风险管理规划。,贵行的贷款不良率较高，请问是哪些原因导致的？贵公司准备怎么应对不良贷款率较高的问题？,感谢您的提问。本行贷款不良率为1.88%。本行不良贷款率较高主要受以下几方面因素影响。一是2022年受到经济下行影响，部分企业尤其是中小企业经营困难，特别是餐饮、旅游、批发零售、交通运输等行业，受到的冲击较为严重，进一步加大信用风险。二是房地产市场预期转弱，房地产企业销售情况普遍不畅，收入持续下降，造成房地产企业现金流紧张。下一步本行将进一步加强信用风险管理，一方面扎实推进不良贷款处置，加强清收化解盘活力度，综合采用转让、核销等方式加快不良资产出清，多措并举，稳步压降不良贷款；另一方面提高贷后管理主动性，抓实资产质量管控，强化贷后管理措施，有序推进风险资产化解进度和信用风险管控能力。,您好，我是来自中国证券报的记者。一直以来，贵行在房地产及建筑业方面具有一定的贷款比例。年报显示，贵行公司贷款的不良贷款主要集中在房地产业。展望2023年，随着房地产行业回升势头，贵行在风险管理工作方面有着哪些规划？,002936_2022,12,14,2,Elaboration,Q2针对A1提到的房地产风险，进一步追问风险管理规划。,,,1
positive,去年业绩大幅下滑是什么原因？ 感谢您的提问。本行2022年净利润下降主要由于以下原因：一是为应对区域宏观经济形势及房地产行业下行影响，本行持续加强风险的前瞻管控，加快推进不良资产处置速度，加大拨备计提力度；二是落实国家稳经济大盘政策要求，践行服务地方实体使命，加大对中小企业帮扶力度，本行通过降低企业融资成本、减免支付结算手续费收入等措施，持续让利实体经济。,为什么三季度公司业绩0.41元，全年却是0.17元？看完年报后公司像慈善机构，不像为股东争取利益的股份制企业。,2,performance_governance,dep_reason,Q2用具体数据矛盾质疑A1解释的充分性，延续业绩下滑主题并索要四季度异常原因。,去年业绩大幅下滑是什么原因？,感谢您的提问。本行2022年净利润下降主要由于以下原因：一是为应对区域宏观经济形势及房地产行业下行影响，本行持续加强风险的前瞻管控，加快推进不良资产处置速度，加大拨备计提力度；二是落实国家稳经济大盘政策要求，践行服务地方实体使命，加大对中小企业帮扶力度，本行通过降低企业融资成本、减免支付结算手续费收入等措施，持续让利实体经济。,为什么三季度公司业绩0.41元，全年却是0.17元？看完年报后公司像慈善机构，不像为股东争取利益的股份制企业。,002936_2022,20,24,4,Challenge,Q2用具体数据矛盾质疑A1解释的充分性，延续业绩下滑主题并索要四季度异常原因。,,,1
positive,公司为何会选择10转1的年度分配方式，而不选择10派1元的现金分红，国家都在鼓励现金分红，前者除了扩充股本没有任何的优势，公司花费的钱都是一样的，请回答为何会这样选择？ 感谢您的提问。本行拟不进行现金分红的原因：一是面对近年复杂多变的宏观经济形势，本行积极践行地方金融机构社会责任，加大对中小企业帮扶力度，持续让利实体经济，盈利能力受到一定影响。二是随着经济下行压力加大，风险持续暴露，本行不断加强风险的前瞻管控，加快推进不良资产处置速度，制定风险化解处置方案，加大拨备计提力度，顺应监管引导留存未分配利润将有利于本行进一步增强风险抵御能力，为本行保持经营稳定提供保障。三是商业银行资本监管政策要求日益趋严，内源性的资本补充是中小银行保证资本充足、特别是核心一级资本充足水平的重要途径，留存的未分配利润将用作本行核心一级资本的补充，有利于提升本行资本充足水平，以支持本行的战略转型及长期可持续发展，维护投资者的长远利益。,为什么郑州银行利润逐年都在下降，上市的意义到底在哪里？公司有什么目标和计划，对于股价一直创新低，领导层有没有打算增持股份？为什么不能制定稳定的分红计划？H股有没有打算计划退市，H股股东人数这么少，还留在H股的意义是什么？,2,shareholder_return,dep_reason,Q2针对A1解释的不分红原因，继续质疑为何不能制定稳定分红计划，属于在同一政策链条上追问。,公司为何会选择10转1的年度分配方式，而不选择10派1元的现金分红，国家都在鼓励现金分红，前者除了扩充股本没有任何的优势，公司花费的钱都是一样的，请回答为何会这样选择？,感谢您的提问。本行拟不进行现金分红的原因：一是面对近年复杂多变的宏观经济形势，本行积极践行地方金融机构社会责任，加大对中小企业帮扶力度，持续让利实体经济，盈利能力受到一定影响。二是随着经济下行压力加大，风险持续暴露，本行不断加强风险的前瞻管控，加快推进不良资产处置速度，制定风险化解处置方案，加大拨备计提力度，顺应监管引导留存未分配利润将有利于本行进一步增强风险抵御能力，为本行保持经营稳定提供保障。三是商业银行资本监管政策要求日益趋严，内源性的资本补充是中小银行保证资本充足、特别是核心一级资本充足水平的重要途径，留存的未分配利润将用作本行核心一级资本的补充，有利于提升本行资本充足水平，以支持本行的战略转型及长期可持续发展，维护投资者的长远利益。,为什么郑州银行利润逐年都在下降，上市的意义到底在哪里？公司有什么目标和计划，对于股价一直创新低，领导层有没有打算增持股份？为什么不能制定稳定的分红计划？H股有没有打算计划退市，H股股东人数这么少，还留在H股的意义是什么？,002936_2022,31,33,2,Challenge,Q2针对A1解释的不分红原因，继续质疑为何不能制定稳定分红计划，属于在同一政策链条上追问。,,,1
positive,公司为何会选择10转1的年度分配方式，而不选择10派1元的现金分红，国家都在鼓励现金分红，前者除了扩充股本没有任何的优势，公司花费的钱都是一样的，请回答为何会这样选择？ 感谢您的提问。本行拟不进行现金分红的原因：一是面对近年复杂多变的宏观经济形势，本行积极践行地方金融机构社会责任，加大对中小企业帮扶力度，持续让利实体经济，盈利能力受到一定影响。二是随着经济下行压力加大，风险持续暴露，本行不断加强风险的前瞻管控，加快推进不良资产处置速度，制定风险化解处置方案，加大拨备计提力度，顺应监管引导留存未分配利润将有利于本行进一步增强风险抵御能力，为本行保持经营稳定提供保障。三是商业银行资本监管政策要求日益趋严，内源性的资本补充是中小银行保证资本充足、特别是核心一级资本充足水平的重要途径，留存的未分配利润将用作本行核心一级资本的补充，有利于提升本行资本充足水平，以支持本行的战略转型及长期可持续发展，维护投资者的长远利益。,公司连续三年未进行分红，请问是由哪些原因导致的？,2,shareholder_return,dep_reason,Q2针对A1中不进行现金分红的原因，扩展追问连续三年未分红的具体原因，属于对A1内容的细化延续。,公司为何会选择10转1的年度分配方式，而不选择10派1元的现金分红，国家都在鼓励现金分红，前者除了扩充股本没有任何的优势，公司花费的钱都是一样的，请回答为何会这样选择？,感谢您的提问。本行拟不进行现金分红的原因：一是面对近年复杂多变的宏观经济形势，本行积极践行地方金融机构社会责任，加大对中小企业帮扶力度，持续让利实体经济，盈利能力受到一定影响。二是随着经济下行压力加大，风险持续暴露，本行不断加强风险的前瞻管控，加快推进不良资产处置速度，制定风险化解处置方案，加大拨备计提力度，顺应监管引导留存未分配利润将有利于本行进一步增强风险抵御能力，为本行保持经营稳定提供保障。三是商业银行资本监管政策要求日益趋严，内源性的资本补充是中小银行保证资本充足、特别是核心一级资本充足水平的重要途径，留存的未分配利润将用作本行核心一级资本的补充，有利于提升本行资本充足水平，以支持本行的战略转型及长期可持续发展，维护投资者的长远利益。,公司连续三年未进行分红，请问是由哪些原因导致的？,002936_2022,31,34,3,Elaboration,Q2针对A1中不进行现金分红的原因，扩展追问连续三年未分红的具体原因，属于对A1内容的细化延续。,,,1
positive,"2022年公司在品牌价值和公司定位等方面取得了哪些成果？ 谢谢您的提问。2022年，本行在英国《银行家》公布的2022年全球银行1000强榜单中，郑州银行位列第184名，较上年跃升44名；在其公布的“全球银行品牌价值500强”榜单中，郑州银行位列第227名，较上年提升9名。本行始终坚持“商贸物流银行、中小企业金融服务专家、精品市民银行”三大特色业务定位，紧跟政府重大决策部署，积极布局“五四战略”，为郑州银行高质量发展提供新动能。2022年4月，本行被河南省委、省政府确立为全省政策性科创金融运营主体，建设“六专”机制、创新服务模式，聚焦创新主体融资需求，推出人才贷、研发贷、知识产权质押贷等10个专属产品，支持科创类贷款2,640户、余额人民币241亿元，为建设国家创新高地贡献郑银力量。小微企业园金融推进“伙伴工程”计划，全省272家重点建设小微企业园全部触达，入园企业贷款余额新增人民币88亿元；乡村金融助力美丽乡村建设，涉农贷款余额人民币808.71亿元，服务乡村居民和个体工商户超10万户；“市民金融”紧盯“民生”根本，发行第三代社保卡27万张，推出新市民金融服务“12条举措”，打通市民服务“最后一公里”；“五朵云”金融迭代升级，积极助力物流保通保畅，为82家物流企业、2,000余名货运司机解决临时资金困难。",您好，我是来自中国证券报的记者。当前，郑州银行在科创金融方面已取得成效，展望2023年，贵行在发展科创金融战略方面，有着哪些更为具体的规划呢？在数字化转型方面，同样有着哪些规划呢？,2,strategy_planning,dep_reason,Q2针对A1中科创金融成果追问2023年具体规划。,2022年公司在品牌价值和公司定位等方面取得了哪些成果？,"谢谢您的提问。2022年，本行在英国《银行家》公布的2022年全球银行1000强榜单中，郑州银行位列第184名，较上年跃升44名；在其公布的“全球银行品牌价值500强”榜单中，郑州银行位列第227名，较上年提升9名。本行始终坚持“商贸物流银行、中小企业金融服务专家、精品市民银行”三大特色业务定位，紧跟政府重大决策部署，积极布局“五四战略”，为郑州银行高质量发展提供新动能。2022年4月，本行被河南省委、省政府确立为全省政策性科创金融运营主体，建设“六专”机制、创新服务模式，聚焦创新主体融资需求，推出人才贷、研发贷、知识产权质押贷等10个专属产品，支持科创类贷款2,640户、余额人民币241亿元，为建设国家创新高地贡献郑银力量。小微企业园金融推进“伙伴工程”计划，全省272家重点建设小微企业园全部触达，入园企业贷款余额新增人民币88亿元；乡村金融助力美丽乡村建设，涉农贷款余额人民币808.71亿元，服务乡村居民和个体工商户超10万户；“市民金融”紧盯“民生”根本，发行第三代社保卡27万张，推出新市民金融服务“12条举措”，打通市民服务“最后一公里”；“五朵云”金融迭代升级，积极助力物流保通保畅，为82家物流企业、2,000余名货运司机解决临时资金困难。",您好，我是来自中国证券报的记者。当前，郑州银行在科创金融方面已取得成效，展望2023年，贵行在发展科创金融战略方面，有着哪些更为具体的规划呢？在数字化转型方面，同样有着哪些规划呢？,002936_2022,32,37,5,Elaboration,Q2针对A1中科创金融成果追问2023年具体规划。,,,1
positive,为什么郑州银行利润逐年都在下降，上市的意义到底在哪里？公司有什么目标和计划，对于股价一直创新低，领导层有没有打算增持股份？为什么不能制定稳定的分红计划？H股有没有打算计划退市，H股股东人数这么少，还留在H股的意义是什么？ 感谢您的提问。本行已经按照上市时的股价稳定措施开展了股东及董事、监事、高级管理人员的股份增持工作。目前暂无股份回购相关计划，资本是银行信用的基础，监管机构对银行业的资本充足率有着严格的要求。回购股份将会直接降低银行资本金、消耗核心一级资本，影响资本充足率，不符合当前的银行业监管政策，亦不符合股东的长远利益。,公司连续三年未进行分红，请问是由哪些原因导致的？,2,shareholder_return,dep_reason,Q2针对A1未回应的分红问题继续追问未分红原因。,为什么郑州银行利润逐年都在下降，上市的意义到底在哪里？公司有什么目标和计划，对于股价一直创新低，领导层有没有打算增持股份？为什么不能制定稳定的分红计划？H股有没有打算计划退市，H股股东人数这么少，还留在H股的意义是什么？,感谢您的提问。本行已经按照上市时的股价稳定措施开展了股东及董事、监事、高级管理人员的股份增持工作。目前暂无股份回购相关计划，资本是银行信用的基础，监管机构对银行业的资本充足率有着严格的要求。回购股份将会直接降低银行资本金、消耗核心一级资本，影响资本充足率，不符合当前的银行业监管政策，亦不符合股东的长远利益。,公司连续三年未进行分红，请问是由哪些原因导致的？,002936_2022,33,34,1,Complaint,Q2针对A1未回应的分红问题继续追问未分红原因。,,,1
positive,为什么郑州银行利润逐年都在下降，上市的意义到底在哪里？公司有什么目标和计划，对于股价一直创新低，领导层有没有打算增持股份？为什么不能制定稳定的分红计划？H股有没有打算计划退市，H股股东人数这么少，还留在H股的意义是什么？ 感谢您的提问。本行已经按照上市时的股价稳定措施开展了股东及董事、监事、高级管理人员的股份增持工作。目前暂无股份回购相关计划，资本是银行信用的基础，监管机构对银行业的资本充足率有着严格的要求。回购股份将会直接降低银行资本金、消耗核心一级资本，影响资本充足率，不符合当前的银行业监管政策，亦不符合股东的长远利益。,为什么股东利润下滑24%每股收益却下滑近50%？,2,performance_governance,dep_reason,Q2围绕Q1中利润下降主题继续追问具体数据差异，A1未回应利润问题。,为什么郑州银行利润逐年都在下降，上市的意义到底在哪里？公司有什么目标和计划，对于股价一直创新低，领导层有没有打算增持股份？为什么不能制定稳定的分红计划？H股有没有打算计划退市，H股股东人数这么少，还留在H股的意义是什么？,感谢您的提问。本行已经按照上市时的股价稳定措施开展了股东及董事、监事、高级管理人员的股份增持工作。目前暂无股份回购相关计划，资本是银行信用的基础，监管机构对银行业的资本充足率有着严格的要求。回购股份将会直接降低银行资本金、消耗核心一级资本，影响资本充足率，不符合当前的银行业监管政策，亦不符合股东的长远利益。,为什么股东利润下滑24%每股收益却下滑近50%？,002936_2022,33,35,2,Elaboration,Q2围绕Q1中利润下降主题继续追问具体数据差异，A1未回应利润问题。,,,1
positive,为什么郑州银行利润逐年都在下降，上市的意义到底在哪里？公司有什么目标和计划，对于股价一直创新低，领导层有没有打算增持股份？为什么不能制定稳定的分红计划？H股有没有打算计划退市，H股股东人数这么少，还留在H股的意义是什么？ 感谢您的提问。本行已经按照上市时的股价稳定措施开展了股东及董事、监事、高级管理人员的股份增持工作。目前暂无股份回购相关计划，资本是银行信用的基础，监管机构对银行业的资本充足率有着严格的要求。回购股份将会直接降低银行资本金、消耗核心一级资本，影响资本充足率，不符合当前的银行业监管政策，亦不符合股东的长远利益。,郑州银行连续三年未进行分红，原因是什么？房地产风险敞口有多少？,1,disclosure_detail,dep_reason,Q2中的分红问题直接重复Q1中未获A1回应的分红疑问，构成对回避状态的追问；房地产敞口虽为新问题，但整体Q2依赖A1未答状态。,为什么郑州银行利润逐年都在下降，上市的意义到底在哪里？公司有什么目标和计划，对于股价一直创新低，领导层有没有打算增持股份？为什么不能制定稳定的分红计划？H股有没有打算计划退市，H股股东人数这么少，还留在H股的意义是什么？,感谢您的提问。本行已经按照上市时的股价稳定措施开展了股东及董事、监事、高级管理人员的股份增持工作。目前暂无股份回购相关计划，资本是银行信用的基础，监管机构对银行业的资本充足率有着严格的要求。回购股份将会直接降低银行资本金、消耗核心一级资本，影响资本充足率，不符合当前的银行业监管政策，亦不符合股东的长远利益。,郑州银行连续三年未进行分红，原因是什么？房地产风险敞口有多少？,002936_2022,33,38,5,Complaint,Q2中的分红问题直接重复Q1中未获A1回应的分红疑问，构成对回避状态的追问；房地产敞口虽为新问题，但整体Q2依赖A1未答状态。,,,1
positive,您好，我是来自中国证券报的记者。当前，郑州银行在科创金融方面已取得成效，展望2023年，贵行在发展科创金融战略方面，有着哪些更为具体的规划呢？在数字化转型方面，同样有着哪些规划呢？ 谢谢您的关注。2023年，本行将继续按照省委、省政府部署要求，全力以赴为广大科创企业量身定制低成本、弱担保、便捷化的金融产品，在投贷业务、服务机制、风险分担等方面大力扩充政策“大礼包”，着力提升金融支持的精准度、覆盖面、获得率，不遗余力支持服务科技型企业和“四转”企业，助推科技型中小企业加速成长，向着布局合理、品牌突出、专业高效、特色鲜明的一流特色银行目标持续进发，为河南建设国家创新高地不断贡献“郑银力量”。在数字化转型方面，本行将持续以高质量发展思想为指导，围绕“高质量发展的价值领先银行”战略愿景，扎实推进业务结构调整。深入实施数字化转型和轻资本转型，强化科技与业务融合，把“五四战略”作为高质量发展的重要抓手，充分运用数字化的工具和手段，为广大客户提供优质、便捷、高效的金融服务，激发创新新动能。,贵行一直在推进“五四战略”，请问目前取得了哪些成果？,2,strategy_planning,dep_reason,Q2针对A1中提到的“五四战略”继续追问具体成果。,您好，我是来自中国证券报的记者。当前，郑州银行在科创金融方面已取得成效，展望2023年，贵行在发展科创金融战略方面，有着哪些更为具体的规划呢？在数字化转型方面，同样有着哪些规划呢？,谢谢您的关注。2023年，本行将继续按照省委、省政府部署要求，全力以赴为广大科创企业量身定制低成本、弱担保、便捷化的金融产品，在投贷业务、服务机制、风险分担等方面大力扩充政策“大礼包”，着力提升金融支持的精准度、覆盖面、获得率，不遗余力支持服务科技型企业和“四转”企业，助推科技型中小企业加速成长，向着布局合理、品牌突出、专业高效、特色鲜明的一流特色银行目标持续进发，为河南建设国家创新高地不断贡献“郑银力量”。在数字化转型方面，本行将持续以高质量发展思想为指导，围绕“高质量发展的价值领先银行”战略愿景，扎实推进业务结构调整。深入实施数字化转型和轻资本转型，强化科技与业务融合，把“五四战略”作为高质量发展的重要抓手，充分运用数字化的工具和手段，为广大客户提供优质、便捷、高效的金融服务，激发创新新动能。,贵行一直在推进“五四战略”，请问目前取得了哪些成果？,002936_2022,37,40,3,Elaboration,Q2针对A1中提到的“五四战略”继续追问具体成果。,,,1
positive,郑州银行连续三年未进行分红，原因是什么？房地产风险敞口有多少？ 谢谢您的提问。一是面对近年复杂多变的宏观经济形势，本行积极践行地方金融机构社会责任，加大对中小企业帮扶力度，持续让利实体经济，盈利能力受到一定影响。二是随着经济下行压力加大，风险持续暴露，本行不断加强风险的前瞻管控，加快推进不良资产处置速度，制定风险化解处置方案，加大拨备计提力度，顺应监管引导留存未分配利润将有利于本行进一步增强风险抵御能力，为本行保持经营稳定提供保障。三是商业银行资本监管政策要求日益趋严，内源性的资本补充是中小银行保证资本充足、特别是核心一级资本充足水平的重要途径，留存的未分配利润将用作本行核心一级资本的补充，有利于提升本行资本充足水平，以支持本行的战略转型及长期可持续发展，维护投资者的长远利益。本行持续贯彻落实国家房地产相关调控政策，坚持“房住不炒”总基调，落实国家支持房地产市场平稳健康发展系列决策部署部署，制定一揽子措施，积极为房企及购房者做好相关金融服务工作。同时，本行高度关注房地产行业风险情况，加强对问题楼盘、问题房企的排查力度，提前制定风险防控措施，总体来看，房地产领域目前风险整体可控。,22年郑州房地产事件层出不穷，对公司不良贷款和经营有哪些影响？,1,disclosure_detail,dep_reason,Q2针对A1中房地产风险可控的说法，要求具体说明对不良贷款和经营的影响。,郑州银行连续三年未进行分红，原因是什么？房地产风险敞口有多少？,谢谢您的提问。一是面对近年复杂多变的宏观经济形势，本行积极践行地方金融机构社会责任，加大对中小企业帮扶力度，持续让利实体经济，盈利能力受到一定影响。二是随着经济下行压力加大，风险持续暴露，本行不断加强风险的前瞻管控，加快推进不良资产处置速度，制定风险化解处置方案，加大拨备计提力度，顺应监管引导留存未分配利润将有利于本行进一步增强风险抵御能力，为本行保持经营稳定提供保障。三是商业银行资本监管政策要求日益趋严，内源性的资本补充是中小银行保证资本充足、特别是核心一级资本充足水平的重要途径，留存的未分配利润将用作本行核心一级资本的补充，有利于提升本行资本充足水平，以支持本行的战略转型及长期可持续发展，维护投资者的长远利益。本行持续贯彻落实国家房地产相关调控政策，坚持“房住不炒”总基调，落实国家支持房地产市场平稳健康发展系列决策部署部署，制定一揽子措施，积极为房企及购房者做好相关金融服务工作。同时，本行高度关注房地产行业风险情况，加强对问题楼盘、问题房企的排查力度，提前制定风险防控措施，总体来看，房地产领域目前风险整体可控。,22年郑州房地产事件层出不穷，对公司不良贷款和经营有哪些影响？,002936_2022,38,41,3,Elaboration,Q2针对A1中房地产风险可控的说法，要求具体说明对不良贷款和经营的影响。,,,1
positive,请问，贵司股票跌跌不休，公司有没有采取措施，保护中小股东的利益。 谢谢您的提问。考虑到当前宏观经济形势和经营监管环境，本行在贯彻落实稳经济政策的同时加快推进不良资产处置，盈利能力受到一定影响，顺应监管指导留存未分配利润有利于保障内源性资本补充，提升本行资本充足水平，进一步增强风险抵御能力，支持本行的战略转型及长期可持续发展，符合本行和全体股东包括中小股东的长远利益。本行股东大会将设置网络投票渠道，为中小股东参与决策提供便利。,目前公司股价与增长收益一直处于长期倒挂现象，我想问一下，作为国有企业公司的每股净资产和股价长年腰斩倒挂的情况下，董事局为什么不回购股份提振股价？难道郑州银行的股票不属于郑州银行资产的一部分吗？如果公司处于长期利润下滑没有资金可用这我可用理解，但目前的事实是公司各项增长都处于稳定向上的水平；所以是公司对于该有价证券资产的流失不够重视还是什么？谢谢,2,shareholder_return,dep_reason,Q2指出A1未提出回购等具体措施，质疑公司对股价倒挂的资产流失不够重视。,请问，贵司股票跌跌不休，公司有没有采取措施，保护中小股东的利益。,谢谢您的提问。考虑到当前宏观经济形势和经营监管环境，本行在贯彻落实稳经济政策的同时加快推进不良资产处置，盈利能力受到一定影响，顺应监管指导留存未分配利润有利于保障内源性资本补充，提升本行资本充足水平，进一步增强风险抵御能力，支持本行的战略转型及长期可持续发展，符合本行和全体股东包括中小股东的长远利益。本行股东大会将设置网络投票渠道，为中小股东参与决策提供便利。,目前公司股价与增长收益一直处于长期倒挂现象，我想问一下，作为国有企业公司的每股净资产和股价长年腰斩倒挂的情况下，董事局为什么不回购股份提振股价？难道郑州银行的股票不属于郑州银行资产的一部分吗？如果公司处于长期利润下滑没有资金可用这我可用理解，但目前的事实是公司各项增长都处于稳定向上的水平；所以是公司对于该有价证券资产的流失不够重视还是什么？谢谢,002936_2022,42,43,1,Challenge,Q2指出A1未提出回购等具体措施，质疑公司对股价倒挂的资产流失不够重视。,,,1
positive,请问，贵司股票跌跌不休，公司有没有采取措施，保护中小股东的利益。 谢谢您的提问。考虑到当前宏观经济形势和经营监管环境，本行在贯彻落实稳经济政策的同时加快推进不良资产处置，盈利能力受到一定影响，顺应监管指导留存未分配利润有利于保障内源性资本补充，提升本行资本充足水平，进一步增强风险抵御能力，支持本行的战略转型及长期可持续发展，符合本行和全体股东包括中小股东的长远利益。本行股东大会将设置网络投票渠道，为中小股东参与决策提供便利。,1）公司三季业绩0.41元/每股，全年却变为0.17元/每股。为什么？2）看经营情况后，公司像慈善机构，不像为股东争取利益的股份制企业。,2,performance_governance,dep_reason,Q2质疑A1中“符合股东长远利益”的说法，认为公司经营像慈善机构。,请问，贵司股票跌跌不休，公司有没有采取措施，保护中小股东的利益。,谢谢您的提问。考虑到当前宏观经济形势和经营监管环境，本行在贯彻落实稳经济政策的同时加快推进不良资产处置，盈利能力受到一定影响，顺应监管指导留存未分配利润有利于保障内源性资本补充，提升本行资本充足水平，进一步增强风险抵御能力，支持本行的战略转型及长期可持续发展，符合本行和全体股东包括中小股东的长远利益。本行股东大会将设置网络投票渠道，为中小股东参与决策提供便利。,1）公司三季业绩0.41元/每股，全年却变为0.17元/每股。为什么？2）看经营情况后，公司像慈善机构，不像为股东争取利益的股份制企业。,002936_2022,42,44,2,Challenge,Q2质疑A1中“符合股东长远利益”的说法，认为公司经营像慈善机构。,,,1
positive,请问，贵司股票跌跌不休，公司有没有采取措施，保护中小股东的利益。 谢谢您的提问。考虑到当前宏观经济形势和经营监管环境，本行在贯彻落实稳经济政策的同时加快推进不良资产处置，盈利能力受到一定影响，顺应监管指导留存未分配利润有利于保障内源性资本补充，提升本行资本充足水平，进一步增强风险抵御能力，支持本行的战略转型及长期可持续发展，符合本行和全体股东包括中小股东的长远利益。本行股东大会将设置网络投票渠道，为中小股东参与决策提供便利。,2022年贵行利润拟如何分配？,2,performance_governance,dep_reason,Q2针对A1中提及的留存未分配利润，进一步追问具体分配方案。,请问，贵司股票跌跌不休，公司有没有采取措施，保护中小股东的利益。,谢谢您的提问。考虑到当前宏观经济形势和经营监管环境，本行在贯彻落实稳经济政策的同时加快推进不良资产处置，盈利能力受到一定影响，顺应监管指导留存未分配利润有利于保障内源性资本补充，提升本行资本充足水平，进一步增强风险抵御能力，支持本行的战略转型及长期可持续发展，符合本行和全体股东包括中小股东的长远利益。本行股东大会将设置网络投票渠道，为中小股东参与决策提供便利。,2022年贵行利润拟如何分配？,002936_2022,42,45,3,Elaboration,Q2针对A1中提及的留存未分配利润，进一步追问具体分配方案。,,,1
positive,贵行2022年每股收益0.17元，如何计算？ 感谢您的提问。本行每股收益根据《公开发行证券的公司信息披露编报规则第9号——净资产收益率和每股收益的计算及披露》（2010年修订）计算。详见审计报告最后章节财务报表补充资料，具体为在派发境外优先股股息及无固定期限资本债券利息后，归属于本行普通股股东的净利润14.25亿元除以截至2022年末的普通股82.66亿股。,三季报利润0.37元，年报利润怎么就变成0.17元了？每年都有起诉几亿元的贷款收回来没有?,1,disclosure_detail,dep_reason,Q2针对A1中年报每股收益数据，对比三季报质疑变化原因，属于内容依赖追问。,贵行2022年每股收益0.17元，如何计算？,感谢您的提问。本行每股收益根据《公开发行证券的公司信息披露编报规则第9号——净资产收益率和每股收益的计算及披露》（2010年修订）计算。详见审计报告最后章节财务报表补充资料，具体为在派发境外优先股股息及无固定期限资本债券利息后，归属于本行普通股股东的净利润14.25亿元除以截至2022年末的普通股82.66亿股。,三季报利润0.37元，年报利润怎么就变成0.17元了？每年都有起诉几亿元的贷款收回来没有?,002936_2022,47,50,3,Challenge,Q2针对A1中年报每股收益数据，对比三季报质疑变化原因，属于内容依赖追问。,,,1
positive,三季报利润0.37元，年报利润怎么就变成0.17元了？每年都有起诉几亿元的贷款收回来没有? 感谢您的提问。本行按照审慎经营的原则定期评估客户信用风险变化情况并计提拨备，对利润会产生一定影响。同时，本行在2022年四季度派发境外优先股股息及无固定期限资本债券利息对2022年度每股收益产生一定影响。本行每股收益根据《公开发行证券的公司信息披露编报规则第9号——净资产收益率和每股收益的计算及披露》（2010年修订）计算。详见审计报告最后章节财务报表补充资料。,请问，为什么郑州银行每年第四季度都是亏损？,2,shareholder_return,dep_reason,Q2针对A1中四季度派息影响利润的解释，追问银行每年第四季度亏损的普遍原因。,三季报利润0.37元，年报利润怎么就变成0.17元了？每年都有起诉几亿元的贷款收回来没有?,感谢您的提问。本行按照审慎经营的原则定期评估客户信用风险变化情况并计提拨备，对利润会产生一定影响。同时，本行在2022年四季度派发境外优先股股息及无固定期限资本债券利息对2022年度每股收益产生一定影响。本行每股收益根据《公开发行证券的公司信息披露编报规则第9号——净资产收益率和每股收益的计算及披露》（2010年修订）计算。详见审计报告最后章节财务报表补充资料。,请问，为什么郑州银行每年第四季度都是亏损？,002936_2022,50,53,3,Elaboration,Q2针对A1中四季度派息影响利润的解释，追问银行每年第四季度亏损的普遍原因。,,,1
positive,2023年资本充足率如何，在资本充足率管理方面有什么实质性做法？ 感谢您的提问。我行积极响应中国人民银行关于加大信贷投放力度、做好货币政策传导的指导，加大对实体经济的支持力度，资本消耗承压，资本充足率有所下降。下一步，我行将持续提升资本管理能力。一方面，致力于优化资本配置策略，加强资产组合管理，改善资本结构，提高资本使用效率；另一方面，加强资本的内生性增长，通过利润增长、留存盈余公积和计提充足的损失准备等方式补充资本，优化资本结构，提升资本充足率水平，进一步提高我行抗风险能力和支持实体经济发展的能力。,明年会分红吗？,2,shareholder_return,dep_reason,Q2针对A1中提及的留存盈余公积补充资本，追问分红决策，是内容上的细化。,2023年资本充足率如何，在资本充足率管理方面有什么实质性做法？,感谢您的提问。我行积极响应中国人民银行关于加大信贷投放力度、做好货币政策传导的指导，加大对实体经济的支持力度，资本消耗承压，资本充足率有所下降。下一步，我行将持续提升资本管理能力。一方面，致力于优化资本配置策略，加强资产组合管理，改善资本结构，提高资本使用效率；另一方面，加强资本的内生性增长，通过利润增长、留存盈余公积和计提充足的损失准备等方式补充资本，优化资本结构，提升资本充足率水平，进一步提高我行抗风险能力和支持实体经济发展的能力。,明年会分红吗？,002936_2023,5,10,5,Elaboration,Q2针对A1中提及的留存盈余公积补充资本，追问分红决策，是内容上的细化。,,,1
positive,近几年为什么不分红？ 感谢您的提问。一是面对复杂严峻的经济环境，我行深入贯彻国家和省市重大战略部署，努力践行地方金融机构社会责任，鼎力服务实体经济发展。我行积极推进业务发展、调整业务结构、夯实客户基础，同时，受外币资产规模变化及汇率波动影响，盈利能力受到一定影响。二是经济恢复基础仍待加固，我行切实落实各级政府决策安排，加大风险资产处置力度，顺应监管引导留存未分配利润将有利于我行进一步增强风险抵御能力，为我行保持经营稳定提供保障。三是商业银行资本监管政策要求日益趋严，内源性的资本补充是中小银行保证资本充足、特别是核心一级资本充足水平的重要途径，留存的未分配利润将用作我行核心一级资本的补充，有利于提升我行资本充足水平，以支持我行的业务发展，维护投资者的长远利益。,明年会分红吗？,2,shareholder_return,dep_reason,Q2基于A1关于不分红原因的解释，追问未来分红预期。,近几年为什么不分红？,感谢您的提问。一是面对复杂严峻的经济环境，我行深入贯彻国家和省市重大战略部署，努力践行地方金融机构社会责任，鼎力服务实体经济发展。我行积极推进业务发展、调整业务结构、夯实客户基础，同时，受外币资产规模变化及汇率波动影响，盈利能力受到一定影响。二是经济恢复基础仍待加固，我行切实落实各级政府决策安排，加大风险资产处置力度，顺应监管引导留存未分配利润将有利于我行进一步增强风险抵御能力，为我行保持经营稳定提供保障。三是商业银行资本监管政策要求日益趋严，内源性的资本补充是中小银行保证资本充足、特别是核心一级资本充足水平的重要途径，留存的未分配利润将用作我行核心一级资本的补充，有利于提升我行资本充足水平，以支持我行的业务发展，维护投资者的长远利益。,明年会分红吗？,002936_2023,9,10,1,Elaboration,Q2基于A1关于不分红原因的解释，追问未来分红预期。,,,1
positive,"请问郑州银行下一步战略规划及发展方向是什么？ 感谢您的提问。作为扎根本土的城市商业银行，本行始终坚持服务地方经济、服务中小企业、服务城乡居民的定位。下一步，本行将围绕高质量发展的工作主线，推动全行各项工作纵深发展。零售业务将持续深耕本地市场，大力推进数字化驱动和运营改革，努力向业务线上化、服务综合化转变；对公业务将通过发力政务金融、产业金融、科创金融、普惠金融,进一步强化对实体经济的支持力度,打造专业、灵活、高效的核心竞争优势；风险内控重点从信用风险入手，模块化推进，打造横向到边、纵向到底的全风险管理架构；数字化转型将以科技引领赋能业务发展，逐步实现客户体验卓越、内部协同高效的数字化运营管理。",围绕服务实体经济、做好金融“五篇大文章”，银行做了哪些工作，未来有何规划？,2,strategy_planning,dep_reason,Q2针对A1中服务实体经济的方向性表述要求细化具体工作和未来规划。,请问郑州银行下一步战略规划及发展方向是什么？,"感谢您的提问。作为扎根本土的城市商业银行，本行始终坚持服务地方经济、服务中小企业、服务城乡居民的定位。下一步，本行将围绕高质量发展的工作主线，推动全行各项工作纵深发展。零售业务将持续深耕本地市场，大力推进数字化驱动和运营改革，努力向业务线上化、服务综合化转变；对公业务将通过发力政务金融、产业金融、科创金融、普惠金融,进一步强化对实体经济的支持力度,打造专业、灵活、高效的核心竞争优势；风险内控重点从信用风险入手，模块化推进，打造横向到边、纵向到底的全风险管理架构；数字化转型将以科技引领赋能业务发展，逐步实现客户体验卓越、内部协同高效的数字化运营管理。",围绕服务实体经济、做好金融“五篇大文章”，银行做了哪些工作，未来有何规划？,002936_2024,1,2,1,Elaboration,Q2针对A1中服务实体经济的方向性表述要求细化具体工作和未来规划。,,,1
positive,"请问郑州银行下一步战略规划及发展方向是什么？ 感谢您的提问。作为扎根本土的城市商业银行，本行始终坚持服务地方经济、服务中小企业、服务城乡居民的定位。下一步，本行将围绕高质量发展的工作主线，推动全行各项工作纵深发展。零售业务将持续深耕本地市场，大力推进数字化驱动和运营改革，努力向业务线上化、服务综合化转变；对公业务将通过发力政务金融、产业金融、科创金融、普惠金融,进一步强化对实体经济的支持力度,打造专业、灵活、高效的核心竞争优势；风险内控重点从信用风险入手，模块化推进，打造横向到边、纵向到底的全风险管理架构；数字化转型将以科技引领赋能业务发展，逐步实现客户体验卓越、内部协同高效的数字化运营管理。",数字化转型是银行业的发展方向，公司是否已经展开相关布局？未来是否计划引入DeepSeek大模型？,2,strategy_planning,dep_reason,Q2针对A1中提到的数字化转型继续追问具体布局和引入模型计划。,请问郑州银行下一步战略规划及发展方向是什么？,"感谢您的提问。作为扎根本土的城市商业银行，本行始终坚持服务地方经济、服务中小企业、服务城乡居民的定位。下一步，本行将围绕高质量发展的工作主线，推动全行各项工作纵深发展。零售业务将持续深耕本地市场，大力推进数字化驱动和运营改革，努力向业务线上化、服务综合化转变；对公业务将通过发力政务金融、产业金融、科创金融、普惠金融,进一步强化对实体经济的支持力度,打造专业、灵活、高效的核心竞争优势；风险内控重点从信用风险入手，模块化推进，打造横向到边、纵向到底的全风险管理架构；数字化转型将以科技引领赋能业务发展，逐步实现客户体验卓越、内部协同高效的数字化运营管理。",数字化转型是银行业的发展方向，公司是否已经展开相关布局？未来是否计划引入DeepSeek大模型？,002936_2024,1,6,5,Elaboration,Q2针对A1中提到的数字化转型继续追问具体布局和引入模型计划。,,,1
positive,围绕服务实体经济、做好金融“五篇大文章”，银行做了哪些工作，未来有何规划？ 感谢您的提问。本行坚持回归本源，锚定中央政策导向和省市重大战略部署，聚焦金融“五篇大文章”，全力支持地方经济发展。科技金融方面，践行河南省地方政策性科创金融运营主体使命担当，持续加大对科技型企业的精准支持力度，截至2024年末，政策性科创金融贷款余额482.69亿元，同比增长44.50%。绿色金融方面，支持绿色行业发展，助力传统行业转型，为绿色项目提供多元化的融资渠道，截至2024年末，绿色信贷业务余额91.46亿元，同比增长123.73%。普惠金融方面，持续健全普惠金融服务机制，为普惠客群提供更加优质的金融服务，截至2024年末，普惠小微贷款余额536.85亿元，同比增长7.46%。养老金融方面，加大对养老产业、健康产业、银发经济的金融支持，积极推动养老金融服务体系建设，为老年人提供安全、舒适、便捷的金融服务环境。数字金融方面，对外推动数字经济和实体经济深度融合，将金融服务融入企业数字化转型场景；对内数字化转型正式启动，理顺顶层设计，建立运行机制。 下一步，本行将持续深入践行金融工作的政治性、人民性，始终坚持服务地方经济、服务中小企业、服务城乡居民的定位，从打造产品体系，强化风控能力，建强人才队伍，开发科技工具等方面，持续发力金融“五篇大文章”。,数字化转型是银行业的发展方向，公司是否已经展开相关布局？未来是否计划引入DeepSeek大模型？,1,disclosure_detail,dep_reason,Q2针对A1中已提到的“数字化转型正式启动”，继续追问布局细节和是否引入大模型。,围绕服务实体经济、做好金融“五篇大文章”，银行做了哪些工作，未来有何规划？,感谢您的提问。本行坚持回归本源，锚定中央政策导向和省市重大战略部署，聚焦金融“五篇大文章”，全力支持地方经济发展。科技金融方面，践行河南省地方政策性科创金融运营主体使命担当，持续加大对科技型企业的精准支持力度，截至2024年末，政策性科创金融贷款余额482.69亿元，同比增长44.50%。绿色金融方面，支持绿色行业发展，助力传统行业转型，为绿色项目提供多元化的融资渠道，截至2024年末，绿色信贷业务余额91.46亿元，同比增长123.73%。普惠金融方面，持续健全普惠金融服务机制，为普惠客群提供更加优质的金融服务，截至2024年末，普惠小微贷款余额536.85亿元，同比增长7.46%。养老金融方面，加大对养老产业、健康产业、银发经济的金融支持，积极推动养老金融服务体系建设，为老年人提供安全、舒适、便捷的金融服务环境。数字金融方面，对外推动数字经济和实体经济深度融合，将金融服务融入企业数字化转型场景；对内数字化转型正式启动，理顺顶层设计，建立运行机制。 下一步，本行将持续深入践行金融工作的政治性、人民性，始终坚持服务地方经济、服务中小企业、服务城乡居民的定位，从打造产品体系，强化风控能力，建强人才队伍，开发科技工具等方面，持续发力金融“五篇大文章”。,数字化转型是银行业的发展方向，公司是否已经展开相关布局？未来是否计划引入DeepSeek大模型？,002936_2024,2,6,4,Elaboration,Q2针对A1中已提到的“数字化转型正式启动”，继续追问布局细节和是否引入大模型。,,,1
positive,请问贵行在一带一路战略上有何规划 您好，请参见前述回复，谢谢。,请问贵行是否制定了明确的战略规划？若有能否简单介绍一下？,1,disclosure_detail,dep_reason,Q2针对A1回避回答，继续追问战略规划，属于重复未答问题。,请问贵行在一带一路战略上有何规划,您好，请参见前述回复，谢谢。,请问贵行是否制定了明确的战略规划？若有能否简单介绍一下？,002948_2018,25,30,5,Complaint,Q2针对A1回避回答，继续追问战略规划，属于重复未答问题。,,,1
positive,2019年青岛银行公司客户增长不错，请问原因是什么？ 尊敬的投资者，您好！客户数量的大幅增加主要来自于我行特有的四大批量获客平台，我行充分利用海关、税务、外汇等大数据，筛选优质客群，批量拓展大批优质中小国际业务客群。同时，通过我行的创新产品E秒贷业务，实现了对公司客户的综合金融服务，批量开发了核心企业的上下游客户，并成功落地山东省首笔“一带一路”欧亚班列供应链金融业务。而且，我行重点关注政府的招投标项目，成功中标青岛医保收入及结算账户、青岛公积金中心结算账户等11个重大项目，直接派生存款9.33亿元，成为负债业务新的增长点。此外，通过“股债双融”路演大赛，运用平台思维批量获客，形成了基金、券商、交易所、政府环绕式生态圈，推出了全国首笔“路演贷”，打造公司金融专业银行形象。谢谢！,贵行公司银行业务经营模式有何特点？,2,performance_governance,dep_reason,Q2基于A1中提到的批量获客平台、创新产品等具体做法，追问经营模式的特点。,2019年青岛银行公司客户增长不错，请问原因是什么？,尊敬的投资者，您好！客户数量的大幅增加主要来自于我行特有的四大批量获客平台，我行充分利用海关、税务、外汇等大数据，筛选优质客群，批量拓展大批优质中小国际业务客群。同时，通过我行的创新产品E秒贷业务，实现了对公司客户的综合金融服务，批量开发了核心企业的上下游客户，并成功落地山东省首笔“一带一路”欧亚班列供应链金融业务。而且，我行重点关注政府的招投标项目，成功中标青岛医保收入及结算账户、青岛公积金中心结算账户等11个重大项目，直接派生存款9.33亿元，成为负债业务新的增长点。此外，通过“股债双融”路演大赛，运用平台思维批量获客，形成了基金、券商、交易所、政府环绕式生态圈，推出了全国首笔“路演贷”，打造公司金融专业银行形象。谢谢！,贵行公司银行业务经营模式有何特点？,002948_2019,0,4,4,Elaboration,Q2基于A1中提到的批量获客平台、创新产品等具体做法，追问经营模式的特点。,,,1
positive,青島銀行今年是否有任何集資計劃以補充銀行資本？若有，詳情為何？ 尊敬的投资者，您好。根据我行目前的资本现状，以及未来的业务发展需要，我们正在研究评估资本补充的工具和方案，待有新的资本补充方案，我们会及时披露。谢谢。,请问贵行资本规划如何？2017-2019三年核心资本在8.5左右，19年刚刚进行过IPO，核心充足率仍微降，请问是否会限制贵行业务发展？将如何补充核心资本？,2,restructuring,dep_reason,Q2基于A1中正在研究资本补充方案，进一步追问具体资本规划、是否限制业务及如何补充核心资本。,青島銀行今年是否有任何集資計劃以補充銀行資本？若有，詳情為何？,尊敬的投资者，您好。根据我行目前的资本现状，以及未来的业务发展需要，我们正在研究评估资本补充的工具和方案，待有新的资本补充方案，我们会及时披露。谢谢。,请问贵行资本规划如何？2017-2019三年核心资本在8.5左右，19年刚刚进行过IPO，核心充足率仍微降，请问是否会限制贵行业务发展？将如何补充核心资本？,002948_2019,22,23,1,Elaboration,Q2基于A1中正在研究资本补充方案，进一步追问具体资本规划、是否限制业务及如何补充核心资本。,,,1
positive,维护股价有没有什么措施？ 尊敬的投资者，您好。公司股票价格主要受二级市场供求关系、市场走势、所属行业、公司经营情况等多重因素影响。近段时间以来，42家上市银行全部“破净”，银行业整体估值处于相对较低水平。2024年，面临国内外经济形势严峻复杂的挑战，本行坚持高质量发展为主线，秉承稳健的经营风格，注重健康、可持续发展，全行统一思想、坚定信心、步调一致，各项经营管理工作实现稳健发展。2024年，本行将在新三年战略规划指导下，围绕“高质量发展、质效优先”的战略核心，以“深化战略、强化特色、优化机制、细化管理”为基本经营指导思想，继续坚持抓管理、打基础、强风控、增收入、降成本、调结构、提质量、抓创新、提能力、创特色，坚持服务实体经济，强化风险管控，推进各项业务全面提升，保持稳健的经营业绩，不断提升自身的价值创造能力。同时，本行将合规高效开展信息披露，多渠道、多平台、多方式开展与资本市场的沟通交流，倾听投资者的意见和建议，通过各种方式积极向资本市场传递我行的投资价值，努力为股东创造长期、稳定、可持续的价值回报。谢谢！,维护股价有么有什么措施？,2,answer_pressure,dep_reason,Q2重复Q1问题，因A1未正面回答具体股价维护措施而继续追问。,维护股价有没有什么措施？,尊敬的投资者，您好。公司股票价格主要受二级市场供求关系、市场走势、所属行业、公司经营情况等多重因素影响。近段时间以来，42家上市银行全部“破净”，银行业整体估值处于相对较低水平。2024年，面临国内外经济形势严峻复杂的挑战，本行坚持高质量发展为主线，秉承稳健的经营风格，注重健康、可持续发展，全行统一思想、坚定信心、步调一致，各项经营管理工作实现稳健发展。2024年，本行将在新三年战略规划指导下，围绕“高质量发展、质效优先”的战略核心，以“深化战略、强化特色、优化机制、细化管理”为基本经营指导思想，继续坚持抓管理、打基础、强风控、增收入、降成本、调结构、提质量、抓创新、提能力、创特色，坚持服务实体经济，强化风险管控，推进各项业务全面提升，保持稳健的经营业绩，不断提升自身的价值创造能力。同时，本行将合规高效开展信息披露，多渠道、多平台、多方式开展与资本市场的沟通交流，倾听投资者的意见和建议，通过各种方式积极向资本市场传递我行的投资价值，努力为股东创造长期、稳定、可持续的价值回报。谢谢！,维护股价有么有什么措施？,002948_2022,0,2,2,Complaint,Q2重复Q1问题，因A1未正面回答具体股价维护措施而继续追问。,,,1
positive,公司上市以来连续下跌长期低于净资产对于公司市值管理管理层有什么具体举措吗？ 尊敬的投资者，您好。上市公司股票价格主要受二级市场供求关系、市场走势、公司经营情况等多重因素影响，估值水平与所属行业也有较大关系。银行业整体估值目前处于相对较低水平，我们与投资者感同身受。我们非常理解投资者对我行股价的高度关注，管理层对此也高度重视。我行将围绕“高质量发展、质效优先”的战略核心，持续提升经营管理，努力为投资者创造长期、稳定、可持续的价值回报。谢谢!,新战略规划的落地执行情况如何？2023年上半年取得了哪些进展？,1,disclosure_detail,dep_reason,Q2围绕A1中提到的‘高质量发展、质效优先’战略进一步追问执行进展，属于细化追问。,公司上市以来连续下跌长期低于净资产对于公司市值管理管理层有什么具体举措吗？,尊敬的投资者，您好。上市公司股票价格主要受二级市场供求关系、市场走势、公司经营情况等多重因素影响，估值水平与所属行业也有较大关系。银行业整体估值目前处于相对较低水平，我们与投资者感同身受。我们非常理解投资者对我行股价的高度关注，管理层对此也高度重视。我行将围绕“高质量发展、质效优先”的战略核心，持续提升经营管理，努力为投资者创造长期、稳定、可持续的价值回报。谢谢!,新战略规划的落地执行情况如何？2023年上半年取得了哪些进展？,002948_2023,1,3,2,Elaboration,Q2围绕A1中提到的‘高质量发展、质效优先’战略进一步追问执行进展，属于细化追问。,,,1
positive,"新战略规划的落地执行情况如何？2023年上半年取得了哪些进展？ 尊敬的投资者，您好。2023年是我行执行《青岛银行2023-2025年战略规划》的开局之年，各项战略任务正稳步推进中。2023年上半年，在新三年规划的指引下，我行围绕“高质量发展、质效优先”的战略核心，聚焦“调结构、强客基、优协同、提能力”四大战略主题，推动公司业务、零售业务、金融市场业务和国际业务四大板块业务模式升级，推动十二大利润中心建设。一是资产负债和收入结构不断优化。我行持续加强资产负债结构优化并取得积极成效。在资产端，坚持服务实体经济，持续加大普惠贷款和制造业贷款的投放力度，上半年公司普惠贷款较2022年末增加38.63亿元，增幅达到14.24%。在负债端，结构优化成效明显，存款占比持续提升，客户存款总额（不含应计利息）3,700.52亿元，占负债总额的69.87%，比上年末提高0.63个百分点。收入结构方面，手续费及佣金净收入占比较去年同期增加1.31个百分点，达到14.77%，符合战略预期方向。二是持续加强基础客群建设。各业务板块紧密围绕战略规划中提升客户基础和挖掘客户价值的要求，努力寻找客群新增长点，不断优化客户分层分群体系，上半年公司有贷户较年初增长达38.61%，零售新客户有效率同比提升5.14%，基础客群建设持续向战略目标方向迈进。三是全行协同联动日益密切。强化建章立制，推动全行协同经营发展。制定公司板块协同经营管理办法，总行部门和分支机构协同开展专项行动，打造24款拳头产品，推进营销落地；总行公司板块、零售板块和科技支撑板块联合开展结算类产品专项行动，通过结算产品创新深度经营客户。四是专业化经营能力持续提升。围绕精细化和专业化的高质量发展要求，我行紧抓专业化经营能力建设，上半年成立行业研究委员会，通过研究掌握重点行业的基础数据和主要特征，提高信贷分析水平并规避授信风险；加强全行产品经理技术序列队伍建设，推动公司业务、零售业务和金融市场业务产品实现以客户为导向的优化迭代。谢谢！",贵行零售业务整体经营情况及客群拓展情况是怎样的？,2,performance_governance,dep_reason,Q2针对A1中提及的零售业务和客群拓展情况，要求进一步阐述整体经营情况。,新战略规划的落地执行情况如何？2023年上半年取得了哪些进展？,"尊敬的投资者，您好。2023年是我行执行《青岛银行2023-2025年战略规划》的开局之年，各项战略任务正稳步推进中。2023年上半年，在新三年规划的指引下，我行围绕“高质量发展、质效优先”的战略核心，聚焦“调结构、强客基、优协同、提能力”四大战略主题，推动公司业务、零售业务、金融市场业务和国际业务四大板块业务模式升级，推动十二大利润中心建设。一是资产负债和收入结构不断优化。我行持续加强资产负债结构优化并取得积极成效。在资产端，坚持服务实体经济，持续加大普惠贷款和制造业贷款的投放力度，上半年公司普惠贷款较2022年末增加38.63亿元，增幅达到14.24%。在负债端，结构优化成效明显，存款占比持续提升，客户存款总额（不含应计利息）3,700.52亿元，占负债总额的69.87%，比上年末提高0.63个百分点。收入结构方面，手续费及佣金净收入占比较去年同期增加1.31个百分点，达到14.77%，符合战略预期方向。二是持续加强基础客群建设。各业务板块紧密围绕战略规划中提升客户基础和挖掘客户价值的要求，努力寻找客群新增长点，不断优化客户分层分群体系，上半年公司有贷户较年初增长达38.61%，零售新客户有效率同比提升5.14%，基础客群建设持续向战略目标方向迈进。三是全行协同联动日益密切。强化建章立制，推动全行协同经营发展。制定公司板块协同经营管理办法，总行部门和分支机构协同开展专项行动，打造24款拳头产品，推进营销落地；总行公司板块、零售板块和科技支撑板块联合开展结算类产品专项行动，通过结算产品创新深度经营客户。四是专业化经营能力持续提升。围绕精细化和专业化的高质量发展要求，我行紧抓专业化经营能力建设，上半年成立行业研究委员会，通过研究掌握重点行业的基础数据和主要特征，提高信贷分析水平并规避授信风险；加强全行产品经理技术序列队伍建设，推动公司业务、零售业务和金融市场业务产品实现以客户为导向的优化迭代。谢谢！",贵行零售业务整体经营情况及客群拓展情况是怎样的？,002948_2023,3,6,3,Elaboration,Q2针对A1中提及的零售业务和客群拓展情况，要求进一步阐述整体经营情况。,,,1
positive,1、青岛银行(002948.SZ/03866.HK)发布公告称，该行就与AMTDGLOBALMARKETSLIMITED(以下简称“尚乘环球”)协议纠纷一案，于2022年9月1日向高等法院提起诉讼并正式获得法院受理，索赔2.64亿美元(人民币18.22亿元，进展情况。2、股价长期在蒸发价格以下，为何不回购股份， 尊敬的投资者，您好。本案已进入诉讼程序的证据交换阶段，以上涉诉事项不会对我行的正常经营产生影响，我行将严格依照相关法律程序稳步推动诉讼进程，依法依规及时地做好信息披露，切实维护我行权益。上市公司股票价格主要受二级市场供求关系、市场走势、公司经营情况等多重因素影响，估值水平与所属行业也有较大关系。银行业整体估值目前处于相对较低水平，我们与投资者感同身受。我们非常理解投资者对我行股价的高度关注，管理层对此也高度重视。我行将围绕“高质量发展、质效优先”的战略核心，持续提升经营管理，努力为投资者创造长期、稳定、可持续的价值回报。关于您提到的股票回购，在这里解释一下，与一般行业不同，银行属于资本严监管行业，在考虑股份回购时面临特殊的约束。国内外监管机构均对银行资本充足水平有较高要求。如果回购并注销股票，会减少我行资本，降低我行抵御风险的能力，制约业务发展，也不利于给投资者创造良好的回报。谢谢!,维护股价有没有什么措施？,1,disclosure_detail,dep_reason,Q2针对A1中笼统的股价维护措施要求具体化，追问细节。,1、青岛银行(002948.SZ/03866.HK)发布公告称，该行就与AMTDGLOBALMARKETSLIMITED(以下简称“尚乘环球”)协议纠纷一案，于2022年9月1日向高等法院提起诉讼并正式获得法院受理，索赔2.64亿美元(人民币18.22亿元，进展情况。2、股价长期在蒸发价格以下，为何不回购股份，,尊敬的投资者，您好。本案已进入诉讼程序的证据交换阶段，以上涉诉事项不会对我行的正常经营产生影响，我行将严格依照相关法律程序稳步推动诉讼进程，依法依规及时地做好信息披露，切实维护我行权益。上市公司股票价格主要受二级市场供求关系、市场走势、公司经营情况等多重因素影响，估值水平与所属行业也有较大关系。银行业整体估值目前处于相对较低水平，我们与投资者感同身受。我们非常理解投资者对我行股价的高度关注，管理层对此也高度重视。我行将围绕“高质量发展、质效优先”的战略核心，持续提升经营管理，努力为投资者创造长期、稳定、可持续的价值回报。关于您提到的股票回购，在这里解释一下，与一般行业不同，银行属于资本严监管行业，在考虑股份回购时面临特殊的约束。国内外监管机构均对银行资本充足水平有较高要求。如果回购并注销股票，会减少我行资本，降低我行抵御风险的能力，制约业务发展，也不利于给投资者创造良好的回报。谢谢!,维护股价有没有什么措施？,002948_2023,4,7,3,Elaboration,Q2针对A1中笼统的股价维护措施要求具体化，追问细节。,,,1
positive,1、青岛银行(002948.SZ/03866.HK)发布公告称，该行就与AMTDGLOBALMARKETSLIMITED(以下简称“尚乘环球”)协议纠纷一案，于2022年9月1日向高等法院提起诉讼并正式获得法院受理，索赔2.64亿美元(人民币18.22亿元，进展情况。2、股价长期在蒸发价格以下，为何不回购股份， 尊敬的投资者，您好。本案已进入诉讼程序的证据交换阶段，以上涉诉事项不会对我行的正常经营产生影响，我行将严格依照相关法律程序稳步推动诉讼进程，依法依规及时地做好信息披露，切实维护我行权益。上市公司股票价格主要受二级市场供求关系、市场走势、公司经营情况等多重因素影响，估值水平与所属行业也有较大关系。银行业整体估值目前处于相对较低水平，我们与投资者感同身受。我们非常理解投资者对我行股价的高度关注，管理层对此也高度重视。我行将围绕“高质量发展、质效优先”的战略核心，持续提升经营管理，努力为投资者创造长期、稳定、可持续的价值回报。关于您提到的股票回购，在这里解释一下，与一般行业不同，银行属于资本严监管行业，在考虑股份回购时面临特殊的约束。国内外监管机构均对银行资本充足水平有较高要求。如果回购并注销股票，会减少我行资本，降低我行抵御风险的能力，制约业务发展，也不利于给投资者创造良好的回报。谢谢!,维护股价有么有什么措施？,2,answer_pressure,dep_reason,Q2针对A1笼统表述'努力创造价值回报'要求具体维护股价措施。,1、青岛银行(002948.SZ/03866.HK)发布公告称，该行就与AMTDGLOBALMARKETSLIMITED(以下简称“尚乘环球”)协议纠纷一案，于2022年9月1日向高等法院提起诉讼并正式获得法院受理，索赔2.64亿美元(人民币18.22亿元，进展情况。2、股价长期在蒸发价格以下，为何不回购股份，,尊敬的投资者，您好。本案已进入诉讼程序的证据交换阶段，以上涉诉事项不会对我行的正常经营产生影响，我行将严格依照相关法律程序稳步推动诉讼进程，依法依规及时地做好信息披露，切实维护我行权益。上市公司股票价格主要受二级市场供求关系、市场走势、公司经营情况等多重因素影响，估值水平与所属行业也有较大关系。银行业整体估值目前处于相对较低水平，我们与投资者感同身受。我们非常理解投资者对我行股价的高度关注，管理层对此也高度重视。我行将围绕“高质量发展、质效优先”的战略核心，持续提升经营管理，努力为投资者创造长期、稳定、可持续的价值回报。关于您提到的股票回购，在这里解释一下，与一般行业不同，银行属于资本严监管行业，在考虑股份回购时面临特殊的约束。国内外监管机构均对银行资本充足水平有较高要求。如果回购并注销股票，会减少我行资本，降低我行抵御风险的能力，制约业务发展，也不利于给投资者创造良好的回报。谢谢!,维护股价有么有什么措施？,002948_2023,4,9,5,Elaboration,Q2针对A1笼统表述'努力创造价值回报'要求具体维护股价措施。,,,1
positive,维护股价有没有什么措施？ 尊敬的投资者，您好。公司股票价格主要受二级市场供求关系、市场走势、所属行业、公司经营情况等多重因素影响。近段时间以来，42家上市银行全部“破净”，银行业整体估值处于相对较低水平。2024年，面临国内外经济形势严峻复杂的挑战，本行坚持高质量发展为主线，秉承稳健的经营风格，注重健康、可持续发展，全行统一思想、坚定信心、步调一致，各项经营管理工作实现稳健发展。2024年，本行将在新三年战略规划指导下，围绕“高质量发展、质效优先”的战略核心，以“深化战略、强化特色、优化机制、细化管理”为基本经营指导思想，继续坚持抓管理、打基础、强风控、增收入、降成本、调结构、提质量、抓创新、提能力、创特色，坚持服务实体经济，强化风险管控，推进各项业务全面提升，保持稳健的经营业绩，不断提升自身的价值创造能力。同时，本行将合规高效开展信息披露，多渠道、多平台、多方式开展与资本市场的沟通交流，倾听投资者的意见和建议，通过各种方式积极向资本市场传递本行的投资价值，努力为股东创造长期、稳定、可持续的价值回报。谢谢！,维护股价有么有什么措施？,2,answer_pressure,dep_reason,Q2重复追问Q1中维护股价的措施，A1未给出具体措施，属于催促回答。,维护股价有没有什么措施？,尊敬的投资者，您好。公司股票价格主要受二级市场供求关系、市场走势、所属行业、公司经营情况等多重因素影响。近段时间以来，42家上市银行全部“破净”，银行业整体估值处于相对较低水平。2024年，面临国内外经济形势严峻复杂的挑战，本行坚持高质量发展为主线，秉承稳健的经营风格，注重健康、可持续发展，全行统一思想、坚定信心、步调一致，各项经营管理工作实现稳健发展。2024年，本行将在新三年战略规划指导下，围绕“高质量发展、质效优先”的战略核心，以“深化战略、强化特色、优化机制、细化管理”为基本经营指导思想，继续坚持抓管理、打基础、强风控、增收入、降成本、调结构、提质量、抓创新、提能力、创特色，坚持服务实体经济，强化风险管控，推进各项业务全面提升，保持稳健的经营业绩，不断提升自身的价值创造能力。同时，本行将合规高效开展信息披露，多渠道、多平台、多方式开展与资本市场的沟通交流，倾听投资者的意见和建议，通过各种方式积极向资本市场传递本行的投资价值，努力为股东创造长期、稳定、可持续的价值回报。谢谢！,维护股价有么有什么措施？,002948_2023,7,9,2,Complaint,Q2重复追问Q1中维护股价的措施，A1未给出具体措施，属于催促回答。,,,1
positive,维护股价有么有什么措施？ 尊敬的投资者，您好。公司股票价格主要受二级市场供求关系、市场走势、所属行业、公司经营情况等多重因素影响。近段时间以来，42家上市银行全部“破净”，银行业整体估值处于相对较低水平。 2024年，面临国内外经济形势严峻复杂的挑战，本行坚持高质量发展为主线，秉承稳健的经营风格，注重健康、可持续发展，全行统一思想、坚定信心、步调一致，各项经营管理工作实现稳健发展。 2024年，本行将在新三年战略规划指导下，围绕“高质量发展、质效优先”的战略核心，以“深化战略、强化特色、优化机制、细化管理”为基本经营指导思想，继续坚持抓管理、打基础、强风控、增收入、降成本、调结构、提质量、抓创新、提能力、创特色，坚持服务实体经济，强化风险管控，推进各项业务全面提升，保持稳健的经营业绩，不断提升自身的价值创造能力。 同时，本行将合规高效开展信息披露，多渠道、多平台、多方式开展与资本市场的沟通交流，倾听投资者的意见和建议，通过各种方式积极向资本市场传递本行的投资价值，努力为股东创造长期、稳定、可持续的价值回报。谢谢！,维护股价有没有什么措施？,2,answer_pressure,dep_reason,Q2重复Q1，A1未给出具体措施，属于针对A1未正面回答的追问。,维护股价有么有什么措施？,尊敬的投资者，您好。公司股票价格主要受二级市场供求关系、市场走势、所属行业、公司经营情况等多重因素影响。近段时间以来，42家上市银行全部“破净”，银行业整体估值处于相对较低水平。 2024年，面临国内外经济形势严峻复杂的挑战，本行坚持高质量发展为主线，秉承稳健的经营风格，注重健康、可持续发展，全行统一思想、坚定信心、步调一致，各项经营管理工作实现稳健发展。 2024年，本行将在新三年战略规划指导下，围绕“高质量发展、质效优先”的战略核心，以“深化战略、强化特色、优化机制、细化管理”为基本经营指导思想，继续坚持抓管理、打基础、强风控、增收入、降成本、调结构、提质量、抓创新、提能力、创特色，坚持服务实体经济，强化风险管控，推进各项业务全面提升，保持稳健的经营业绩，不断提升自身的价值创造能力。 同时，本行将合规高效开展信息披露，多渠道、多平台、多方式开展与资本市场的沟通交流，倾听投资者的意见和建议，通过各种方式积极向资本市场传递本行的投资价值，努力为股东创造长期、稳定、可持续的价值回报。谢谢！,维护股价有没有什么措施？,002948_2024,0,1,1,Complaint,Q2重复Q1，A1未给出具体措施，属于针对A1未正面回答的追问。,,,1
positive,中期分红是如何安排的？ 尊敬的投资者，您好。本行会综合考虑股东投资回报水平、本行的资本充足水平、经营发展的长远需要及监管部门指导意见等多种因素，综合研判利润分配政策及中期分红事宜。同时，本行将持续夯实业务发展基础，围绕规模、质量、效益，逐步优化业务结构和收入结构，综合考虑盈利、风险和资本消耗的关系，合理控制无效费用支出，不断提升资产质量，夯实长期可持续发展的内源性资本来源。谢谢！,你公司在中报公告.在有条件的情况下.董事会可根据本行的经营状况提仪进行2024年中期现金分红.半年报不送红股.不转增红股.能落实吗,1,disclosure_detail,dep_reason,Q2针对A1笼统表态继续追问同一核心问题，要求确认公告内容能否落实。,中期分红是如何安排的？,尊敬的投资者，您好。本行会综合考虑股东投资回报水平、本行的资本充足水平、经营发展的长远需要及监管部门指导意见等多种因素，综合研判利润分配政策及中期分红事宜。同时，本行将持续夯实业务发展基础，围绕规模、质量、效益，逐步优化业务结构和收入结构，综合考虑盈利、风险和资本消耗的关系，合理控制无效费用支出，不断提升资产质量，夯实长期可持续发展的内源性资本来源。谢谢！,你公司在中报公告.在有条件的情况下.董事会可根据本行的经营状况提仪进行2024年中期现金分红.半年报不送红股.不转增红股.能落实吗,002948_2024,13,14,1,Challenge,Q2针对A1笼统表态继续追问同一核心问题，要求确认公告内容能否落实。,,,1
positive,“反内卷”对银行有何影响？青岛银行上半年中间收入承压，“反内卷”是否有利于中间收入增长？ “反内卷”是一次资源优化配置的过程，遏制低水平价格战，鼓励差异化服务与竞争，有助于银行优化客群结构，鼓励银行采取差异化竞争策略。这对于我行而言是机遇，将促进我行进一步从规模驱动转向价值驱动，我行将依托自身优势，深耕特定区域、行业或客群，发展综合金融服务能力。 下一步，我行将坚定打造资本节约型银行目标，持续优化业务结构，丰富产品货架，多元化拓展中间业务收入，大力发展承销等投行类业务、托管类、基金保险等财富代理类业务，做大国际业务，持续提升中收的创造能力。,“反内卷”对银行有何影响？青岛银行上半年中间收入承压，“反内卷”是否有利于中间收入增长？,2,answer_pressure,dep_reason,Q2完全重复Q1，暗示对A1回答不满或认为未充分解答，催促重新回答。,“反内卷”对银行有何影响？青岛银行上半年中间收入承压，“反内卷”是否有利于中间收入增长？,“反内卷”是一次资源优化配置的过程，遏制低水平价格战，鼓励差异化服务与竞争，有助于银行优化客群结构，鼓励银行采取差异化竞争策略。这对于我行而言是机遇，将促进我行进一步从规模驱动转向价值驱动，我行将依托自身优势，深耕特定区域、行业或客群，发展综合金融服务能力。 下一步，我行将坚定打造资本节约型银行目标，持续优化业务结构，丰富产品货架，多元化拓展中间业务收入，大力发展承销等投行类业务、托管类、基金保险等财富代理类业务，做大国际业务，持续提升中收的创造能力。,“反内卷”对银行有何影响？青岛银行上半年中间收入承压，“反内卷”是否有利于中间收入增长？,002948_2025,1,2,1,Complaint,Q2完全重复Q1，暗示对A1回答不满或认为未充分解答，催促重新回答。,,,1
positive,郭董：您好!非常看好贵公司发展潜力，可是股价一直不尽人意，贵公司是机械板块流通市值最小的公司。流通股3200万，流通市值3亿。是机械板块流通市值最小的公司。发行价格是11元，目前股价才9.59元。贵公司发行时间是股市最低迷时候，中签率是千分之五，约99万中签500股。而且贵公司发行市盈率才34倍，如此低的股价是因为什么？贵公司是否有推出股权激励计划？当初苏宁电器上市总股本和贵公司相当。苏宁电器总股本经过连续几年的分红送转，已经达到近70亿股，苏宁电器6年涨幅近60倍。希望贵公司能推出送股方案，更希望贵公司超越苏宁电器，成为创业板最牛公司。高铁科技发展“十二五”规划称将继续提高速度。是否对贵公司是利好吗？能否受益？ 您好！股票市场价格取决于多种因素。目前公司生产经营呈稳健增长态势，管理层对公司股票未来价格充满信心。公司有股票期权激励计划，并将适时推出。谢谢！,希望今年分红，不管是现金还是送转股都行，有可能吗？,2,shareholder_return,dep_reason,Q2 延续 Q1 送股诉求，针对 A1 未正面回应分红问题继续追问今年分红可能。,郭董：您好!非常看好贵公司发展潜力，可是股价一直不尽人意，贵公司是机械板块流通市值最小的公司。流通股3200万，流通市值3亿。是机械板块流通市值最小的公司。发行价格是11元，目前股价才9.59元。贵公司发行时间是股市最低迷时候，中签率是千分之五，约99万中签500股。而且贵公司发行市盈率才34倍，如此低的股价是因为什么？贵公司是否有推出股权激励计划？当初苏宁电器上市总股本和贵公司相当。苏宁电器总股本经过连续几年的分红送转，已经达到近70亿股，苏宁电器6年涨幅近60倍。希望贵公司能推出送股方案，更希望贵公司超越苏宁电器，成为创业板最牛公司。高铁科技发展“十二五”规划称将继续提高速度。是否对贵公司是利好吗？能否受益？,您好！股票市场价格取决于多种因素。目前公司生产经营呈稳健增长态势，管理层对公司股票未来价格充满信心。公司有股票期权激励计划，并将适时推出。谢谢！,希望今年分红，不管是现金还是送转股都行，有可能吗？,300280_2011,4,8,4,Elaboration,Q2 延续 Q1 送股诉求，针对 A1 未正面回应分红问题继续追问今年分红可能。,,,1
positive,郭董：您好！南通锻压锻造中国力量，公司生产经营呈稳健增长态势，管理层对公司股票未来价格充满信心。公司有股票期权激励计划，并将适时推出。而且南通锻压还是创业板锻压设备第一股。今天的互动坚定我们持股信心。南通锻压目前价格9.59元，严重低估，广大投资者不要盲目跟风割肉，我们非常看好南通锻压发展潜力，祝南通锻压早日成为创业板最牛公司。谢谢！ 您好！谢谢您的鼓励和肯定。公司管理层将以上市为契机，不断提升企业研发水平和制造能力，实现跨越式发展，以优良的业绩回报社会各界朋友的支持，以丰厚的收益回报广大投资者的厚爱！谢谢！,郭董：您好！希望贵公司尽快推出股票期权激励计划，给股民信心。祝南通锻压锻造中国力量，节能环保”是时下广泛关注的话题，“十二五”的规划也明确提出了低碳环保的新要求。在此大背景下，越来越多的中国企业开始关心环保生态及社会公益，并将节能环保，绿色低碳作为发展中的一项基本要求，纳入到公司的发展战略中。,2,answer_pressure,dep_reason,Q2重复催促Q1中提及的股票期权激励计划，而A1未正面回应，构成交互依赖。,郭董：您好！南通锻压锻造中国力量，公司生产经营呈稳健增长态势，管理层对公司股票未来价格充满信心。公司有股票期权激励计划，并将适时推出。而且南通锻压还是创业板锻压设备第一股。今天的互动坚定我们持股信心。南通锻压目前价格9.59元，严重低估，广大投资者不要盲目跟风割肉，我们非常看好南通锻压发展潜力，祝南通锻压早日成为创业板最牛公司。谢谢！,您好！谢谢您的鼓励和肯定。公司管理层将以上市为契机，不断提升企业研发水平和制造能力，实现跨越式发展，以优良的业绩回报社会各界朋友的支持，以丰厚的收益回报广大投资者的厚爱！谢谢！,郭董：您好！希望贵公司尽快推出股票期权激励计划，给股民信心。祝南通锻压锻造中国力量，节能环保”是时下广泛关注的话题，“十二五”的规划也明确提出了低碳环保的新要求。在此大背景下，越来越多的中国企业开始关心环保生态及社会公益，并将节能环保，绿色低碳作为发展中的一项基本要求，纳入到公司的发展战略中。,300280_2011,11,14,3,Complaint,Q2重复催促Q1中提及的股票期权激励计划，而A1未正面回应，构成交互依赖。,,,1
positive,"简单总结一下2011年公司财务状况？预估一下2012年公司的经营前景? 您好！2011年，在公司董事会及经理层的正确决策和领导下，经过管理团队及全体员工的共同努力，公司的资产规模、营业收入及净利润等指标均实现了稳步增长。2011年实现营业收入41,946.06万元，比上年增加11,769.95万元，增长39.00%。其中2011年液压机收入35,233.68万元，比上年增加8,350.82万元；机械压力机收入5,160.13万元，比上年增加2,918.93万元；其他收入1,552.25万元，比上年增加500.20万元。2011年实现净利润5,262.24万元，比上年增加28.70万元，增长0.55%。2011年扣除非经常性损益后的净利润为4,513.76万元，比上年增加479.78万元，增长11.89%。2011年公司经营活动产生的现金流量净额为3,156.40万元，比上年增加449.52万元，增幅为16.61%。公司目前各方面经营正常，募投项目正有序投入，在2012年度将会形成较大的产能，目前公司在手订单充足，我们对公司的经营前景充满信心。谢谢！",2012已经来临，预测一下新年第一季度的情况怎么样?,2,performance_governance,dep_reason,Q2针对A1笼统的2012年经营前景展望，要求具体预测第一季度情况。,简单总结一下2011年公司财务状况？预估一下2012年公司的经营前景?,"您好！2011年，在公司董事会及经理层的正确决策和领导下，经过管理团队及全体员工的共同努力，公司的资产规模、营业收入及净利润等指标均实现了稳步增长。2011年实现营业收入41,946.06万元，比上年增加11,769.95万元，增长39.00%。其中2011年液压机收入35,233.68万元，比上年增加8,350.82万元；机械压力机收入5,160.13万元，比上年增加2,918.93万元；其他收入1,552.25万元，比上年增加500.20万元。2011年实现净利润5,262.24万元，比上年增加28.70万元，增长0.55%。2011年扣除非经常性损益后的净利润为4,513.76万元，比上年增加479.78万元，增长11.89%。2011年公司经营活动产生的现金流量净额为3,156.40万元，比上年增加449.52万元，增幅为16.61%。公司目前各方面经营正常，募投项目正有序投入，在2012年度将会形成较大的产能，目前公司在手订单充足，我们对公司的经营前景充满信心。谢谢！",2012已经来临，预测一下新年第一季度的情况怎么样?,300280_2011,13,16,3,Elaboration,Q2针对A1笼统的2012年经营前景展望，要求具体预测第一季度情况。,,,1
positive,你们把股价做上去我们举双手欢迎你们？！ 您好！股票市场价格取决于多种因素。股市有风险，入市须谨慎。谢谢！,公司股价表现说明市场对公司未来的发展的看法市场永远是对的建议你们认真研究一下公司未来发展的问题,1,disclosure_detail,dep_reason,Q2针对A1回避式回复，以市场看法为由继续施压公司关注发展。,你们把股价做上去我们举双手欢迎你们？！,您好！股票市场价格取决于多种因素。股市有风险，入市须谨慎。谢谢！,公司股价表现说明市场对公司未来的发展的看法市场永远是对的建议你们认真研究一下公司未来发展的问题,300280_2011,25,28,3,Challenge,Q2针对A1回避式回复，以市场看法为由继续施压公司关注发展。,,,1
positive,高端装备是7大新兴行业之一，而液压机是制造大型设备的必须工具之一，请问郭董事长，公司在抓住新兴行业发展机遇方面的规划？ 您好！公司未来发展战略是：保持公司在现有液压机市场的传统优势，以此为基础，重点发展大（重）型、智能、柔性、精密、复合型液压机，同时发展以“闭式双点、四点、多连杆和伺服驱动”为核心竞争力的机械压力机产品，发挥液压机和机械压力机产品协同发展优势，抓住我国汽车、船舶、交通、能源、轻工家电、航空航天、军工、石油化工等行业对大（重）型、精密金属成形装备的迫切需求，将公司打造为国家重点锻压设备生产基地之一。未来三年，通过大型精密成型液压机扩产改造项目和数控重型机械压力机生产项目的实施，公司将不断优化产品结构、提升整体技术水平和技术创新能力，充分发挥企业的规模优势、技术优势和品牌优势，进一步增强公司的核心竞争力。具体措施如下：1、继续做大做强液压机产品，持续满足锻压设备市场大型、精密、智能、成套、成线化的发展需求，巩固和提高公司在锻压设备领域的技术开发、技术服务、工艺水平和经济效益等方面的优势地位。2、大力发展机械压力机产品，努力使之成为公司主导产品，达到国内领先水平，实现金属成形机床行业两大主导产品液压机和机械压力机的战略协同发展。3、通过合作、参股、控股等方式，有步骤地开展与科研院所、国内外先进企业的合作，快速提升管理、工艺、技术和质量水平，实现低成本扩张，推进公司跨越式发展。谢谢！,你好，郭董事长，请问贵公司今年是否有新投资开工项目？是否有意向在环渤海地区扩建发展？,2,strategy_planning,dep_reason,Q2针对A1中提及的未来三年改造项目，追问今年是否开工及扩建区域，延续同一投资计划链条。,高端装备是7大新兴行业之一，而液压机是制造大型设备的必须工具之一，请问郭董事长，公司在抓住新兴行业发展机遇方面的规划？,您好！公司未来发展战略是：保持公司在现有液压机市场的传统优势，以此为基础，重点发展大（重）型、智能、柔性、精密、复合型液压机，同时发展以“闭式双点、四点、多连杆和伺服驱动”为核心竞争力的机械压力机产品，发挥液压机和机械压力机产品协同发展优势，抓住我国汽车、船舶、交通、能源、轻工家电、航空航天、军工、石油化工等行业对大（重）型、精密金属成形装备的迫切需求，将公司打造为国家重点锻压设备生产基地之一。未来三年，通过大型精密成型液压机扩产改造项目和数控重型机械压力机生产项目的实施，公司将不断优化产品结构、提升整体技术水平和技术创新能力，充分发挥企业的规模优势、技术优势和品牌优势，进一步增强公司的核心竞争力。具体措施如下：1、继续做大做强液压机产品，持续满足锻压设备市场大型、精密、智能、成套、成线化的发展需求，巩固和提高公司在锻压设备领域的技术开发、技术服务、工艺水平和经济效益等方面的优势地位。2、大力发展机械压力机产品，努力使之成为公司主导产品，达到国内领先水平，实现金属成形机床行业两大主导产品液压机和机械压力机的战略协同发展。3、通过合作、参股、控股等方式，有步骤地开展与科研院所、国内外先进企业的合作，快速提升管理、工艺、技术和质量水平，实现低成本扩张，推进公司跨越式发展。谢谢！,你好，郭董事长，请问贵公司今年是否有新投资开工项目？是否有意向在环渤海地区扩建发展？,300280_2011,27,31,4,Elaboration,Q2针对A1中提及的未来三年改造项目，追问今年是否开工及扩建区域，延续同一投资计划链条。,,,1
positive,"郭董：您好！11元买的贵公司股票，已经严重套牢，有人说贵公司隶属钢铁板块，没有科技含量。所以股价低迷？今年以来，国家经济下滑明显，南通锻压今年的订单情况如何？有没有下滑？季报每股收益0.06元，动态市盈率是40倍，请问今年业绩能比去年增长吗? 您好！公司归属于通用设备制造业中的金属加工机械制造行业的子行业金属成形机床制造业。金属成形机床又称为锻压设备（机械），是装备制造业的重要组成部分之一。装备制造业是为国民经济各行业提供技术装备的战略性产业，产业关联度高、吸纳就业能力强、技术资金密集，是各行业产业升级、技术进步的重要保障和国家综合实力的集中体现。金属成形是一种压力成形制造，具有制件质量好、材料耗废少、生产效率高和改善制件的内部组织及机械性能等显著特点，因此，采用锻压生产零件的制造方法在各行各业中所占的比例很大，如：在航空工业中占85%，汽车工业中占80%，电器、仪表工业中占90%，农用机械生产工业中占70%。随着精密成形、少无切削技术的发展，降低生产成本、减少材料消耗、提高产品性能和质量的要求不断提高，锻压生产在工业、国防、航空航天以及其他各种装备制造业中的作用会越来越大。管理层对公司未来发展前景及公司股票价格十分看好！2012年第一季度，公司主要经营指标较去年同期稳步增长。报告期内，公司实现营业收入8,497.15万元，比去年同期增长3.46%；利润总额为906.95万元，比去年同期增长4.36%；归属于上市公司股东的净利润为777.66万元，比去年同期增长5.27%。目前公司销售订单充足，预计2012年将继续保持稳健增长态势。谢谢！",公司2012年的目标增长率是多少？,2,strategy_planning,dep_reason,Q2围绕A1中业绩增长预期追问具体目标增长率。,郭董：您好！11元买的贵公司股票，已经严重套牢，有人说贵公司隶属钢铁板块，没有科技含量。所以股价低迷？今年以来，国家经济下滑明显，南通锻压今年的订单情况如何？有没有下滑？季报每股收益0.06元，动态市盈率是40倍，请问今年业绩能比去年增长吗?,"您好！公司归属于通用设备制造业中的金属加工机械制造行业的子行业金属成形机床制造业。金属成形机床又称为锻压设备（机械），是装备制造业的重要组成部分之一。装备制造业是为国民经济各行业提供技术装备的战略性产业，产业关联度高、吸纳就业能力强、技术资金密集，是各行业产业升级、技术进步的重要保障和国家综合实力的集中体现。金属成形是一种压力成形制造，具有制件质量好、材料耗废少、生产效率高和改善制件的内部组织及机械性能等显著特点，因此，采用锻压生产零件的制造方法在各行各业中所占的比例很大，如：在航空工业中占85%，汽车工业中占80%，电器、仪表工业中占90%，农用机械生产工业中占70%。随着精密成形、少无切削技术的发展，降低生产成本、减少材料消耗、提高产品性能和质量的要求不断提高，锻压生产在工业、国防、航空航天以及其他各种装备制造业中的作用会越来越大。管理层对公司未来发展前景及公司股票价格十分看好！2012年第一季度，公司主要经营指标较去年同期稳步增长。报告期内，公司实现营业收入8,497.15万元，比去年同期增长3.46%；利润总额为906.95万元，比去年同期增长4.36%；归属于上市公司股东的净利润为777.66万元，比去年同期增长5.27%。目前公司销售订单充足，预计2012年将继续保持稳健增长态势。谢谢！",公司2012年的目标增长率是多少？,300280_2011,30,34,4,Elaboration,Q2围绕A1中业绩增长预期追问具体目标增长率。,,,1
positive,"今年如何分红，是否高送转，有计划吗？ 您好！2012年度的利润分配方案为：以2012年末总股本12,800万股为基数，向全体股东每10股派发人民币0.50元现金（含税）。该议案需提请2012年度股东大会审议通过。谢谢！",一直指望公司会推出高送转方案，不知道今年是否有希望，什么时候能出预告？,2,shareholder_return,dep_reason,Q2继续追问A1未正面回答的高送转问题，抱怨并催促预告。,今年如何分红，是否高送转，有计划吗？,"您好！2012年度的利润分配方案为：以2012年末总股本12,800万股为基数，向全体股东每10股派发人民币0.50元现金（含税）。该议案需提请2012年度股东大会审议通过。谢谢！",一直指望公司会推出高送转方案，不知道今年是否有希望，什么时候能出预告？,300280_2012,18,21,3,Complaint,Q2继续追问A1未正面回答的高送转问题，抱怨并催促预告。,,,1
positive,公司今年有没有新产品和新业务拓展？ 您好，非常感谢您对公司的关注与支持！公司每年都会陆续推出部分新产品并进行新业务的拓展以及对部分老产品进行技术升级改造。1、液压机方面，充分利用有限原分析软件对原有的部分机型进行优化设计，从而提升产品质量，最大限度的降低产品的生产成本。2、液压系统方面，公司去年投入的液压系统车间已开始全面达产，提供了公司所有的液压系统的设计与制造，确保了产品质量，降低了成本。3、机械压力机方面，引进了日系高端冲床，大大的提高了产品品质，增强了公司产品的竞争力，使南通锻压跻身国际中高端压力机市场，现已有千万以上的出口订单。4、公司将在上海与天津两地组建研发中心，前期准备工作正在紧张进行中，预计在五月中下旬可开业运行。,公司是否会进军新的细分市场和领域，以及扩大市场占有率？如果会，请问新的领域现在占公司营业收入比重是多少？未来打算提升到多少？多长时间能实现？,2,strategy_planning,dep_reason,Q2针对A1中提及的新业务拓展，进一步要求量化新领域的营收占比、未来目标及实现时间。,公司今年有没有新产品和新业务拓展？,您好，非常感谢您对公司的关注与支持！公司每年都会陆续推出部分新产品并进行新业务的拓展以及对部分老产品进行技术升级改造。1、液压机方面，充分利用有限原分析软件对原有的部分机型进行优化设计，从而提升产品质量，最大限度的降低产品的生产成本。2、液压系统方面，公司去年投入的液压系统车间已开始全面达产，提供了公司所有的液压系统的设计与制造，确保了产品质量，降低了成本。3、机械压力机方面，引进了日系高端冲床，大大的提高了产品品质，增强了公司产品的竞争力，使南通锻压跻身国际中高端压力机市场，现已有千万以上的出口订单。4、公司将在上海与天津两地组建研发中心，前期准备工作正在紧张进行中，预计在五月中下旬可开业运行。,公司是否会进军新的细分市场和领域，以及扩大市场占有率？如果会，请问新的领域现在占公司营业收入比重是多少？未来打算提升到多少？多长时间能实现？,300280_2012,23,26,3,Elaboration,Q2针对A1中提及的新业务拓展，进一步要求量化新领域的营收占比、未来目标及实现时间。,,,1
positive,你们怎么看待2014年的市场预期，会对公司的发展带来什么样的影响？ 您好！根据我们的理解，2014年行业形势仍将处于低位徘徊态势，行业经济形势不会出现明显好转，但公司将会通过持续的产品结构调整和转型升级，依靠自身挖潜，预计公司业绩会有所改善。谢谢！,公司未来的产品规划是什么？,2,strategy_planning,dep_reason,Q2针对A1中的产品结构调整追问具体规划。,你们怎么看待2014年的市场预期，会对公司的发展带来什么样的影响？,您好！根据我们的理解，2014年行业形势仍将处于低位徘徊态势，行业经济形势不会出现明显好转，但公司将会通过持续的产品结构调整和转型升级，依靠自身挖潜，预计公司业绩会有所改善。谢谢！,公司未来的产品规划是什么？,300280_2013,0,1,1,Elaboration,Q2针对A1中的产品结构调整追问具体规划。,,,1
positive,您认为目前公司面临的最大问题是什么、 您好！非常感谢您对公司的关注与支持！公司目前面临的最大问题仍然是国内宏观经济增速总体放缓、公司所处锻压设备行业整体仍处于“低位徘徊”运行状态的问题，2015年公司将以市场为导向，技术创新为依托，加强内部管理，规范运作，加大新产品的开发力度，着力扩大产品市场份额，增进公司自主创新能力，提升公司的核心竞争力和品牌价值，使公司健康稳定发展。谢谢！,公司去年有没有新产品，请问新产品的推出是什么原因？2015将会实现多少的销售收入？,1,disclosure_detail,dep_reason,Q2围绕A1中“加大新产品开发力度”追问新产品细节、原因和销售收入。,您认为目前公司面临的最大问题是什么、,您好！非常感谢您对公司的关注与支持！公司目前面临的最大问题仍然是国内宏观经济增速总体放缓、公司所处锻压设备行业整体仍处于“低位徘徊”运行状态的问题，2015年公司将以市场为导向，技术创新为依托，加强内部管理，规范运作，加大新产品的开发力度，着力扩大产品市场份额，增进公司自主创新能力，提升公司的核心竞争力和品牌价值，使公司健康稳定发展。谢谢！,公司去年有没有新产品，请问新产品的推出是什么原因？2015将会实现多少的销售收入？,300280_2014,10,11,1,Elaboration,Q2围绕A1中“加大新产品开发力度”追问新产品细节、原因和销售收入。,,,1
positive,公司现阶段发展过程中有何不足？面临的最大挑战是什么？公司有何应对措施？ 您好！非常感谢您对公司的关注与支持！公司目前面临的最大挑战仍然是国内宏观经济增速总体放缓、公司所处锻压设备行业整体仍处于“低位徘徊”运行状态的问题，2015年公司将以市场为导向，技术创新为依托，加强内部管理，规范运作，加大新产品的开发力度，着力扩大产品市场份额，增进公司自主创新能力，提升公司的核心竞争力和品牌价值，使公司健康稳定发展。谢谢！,2015年公司准备采取哪些行之有效的措施来扩大销售业绩和产品的全国覆盖率，提高业绩？希望公司早点抢占市场。,2,answer_pressure,dep_reason,Q2针对A1中笼统的扩大市场份额承诺，要求具体化销售措施和全国覆盖方案。,公司现阶段发展过程中有何不足？面临的最大挑战是什么？公司有何应对措施？,您好！非常感谢您对公司的关注与支持！公司目前面临的最大挑战仍然是国内宏观经济增速总体放缓、公司所处锻压设备行业整体仍处于“低位徘徊”运行状态的问题，2015年公司将以市场为导向，技术创新为依托，加强内部管理，规范运作，加大新产品的开发力度，着力扩大产品市场份额，增进公司自主创新能力，提升公司的核心竞争力和品牌价值，使公司健康稳定发展。谢谢！,2015年公司准备采取哪些行之有效的措施来扩大销售业绩和产品的全国覆盖率，提高业绩？希望公司早点抢占市场。,300280_2014,27,32,5,Elaboration,Q2针对A1中笼统的扩大市场份额承诺，要求具体化销售措施和全国覆盖方案。,,,1
positive,请问江阴恒润现在进展到哪一步？还有公司是否隐藏利润，感觉预提损益比较多么？ 您好！非常感谢您的关注与支持！公司收购江阴恒润重工事项已由中国证监会受理并出具了受理通知书，详情可参见公司公告。公司严格按照会计准则要求进行财务核算，不存在隐藏利润的情形，公司董事会保证年报数据的真实准确。谢谢！,看了财务报表投资盈利200多万，净利润亏损200多万，实际还是盈利，请问公司是不是涉嫌隐藏利润嫌疑？,2,performance_governance,dep_reason,Q2依据财务数据质疑A1否认隐藏利润的说法，构成内容依赖的追责。,请问江阴恒润现在进展到哪一步？还有公司是否隐藏利润，感觉预提损益比较多么？,您好！非常感谢您的关注与支持！公司收购江阴恒润重工事项已由中国证监会受理并出具了受理通知书，详情可参见公司公告。公司严格按照会计准则要求进行财务核算，不存在隐藏利润的情形，公司董事会保证年报数据的真实准确。谢谢！,看了财务报表投资盈利200多万，净利润亏损200多万，实际还是盈利，请问公司是不是涉嫌隐藏利润嫌疑？,300280_2014,36,37,1,Challenge,Q2依据财务数据质疑A1否认隐藏利润的说法，构成内容依赖的追责。,,,1
positive,公司工业机器人方面进展到现在，哪一步了？ 您好！目前公司的工业机器人主要用于主机配套自动化产品，占比还较小，主要适用于小吨位锻压主机的配套，通用性强，具有一定的发展前景。公司已完成了三轴联动传送机器人的研发和样机的生产，该机器用于公称力300T以下的锻压主机配套，通用性强，目前对外销售量仍较小，具备较好的的发展前景。公司将借助资本市场平台加快外延式发展步伐，提高公司业绩，将公司做强，回报支持公司发展的广大投资者。谢谢！,公司有考虑收购兼并其他品牌吗？近期有规划吗？,2,strategy_planning,dep_reason,Q2针对A1中“外延式发展”方向，追问收购兼并的具体规划。,公司工业机器人方面进展到现在，哪一步了？,您好！目前公司的工业机器人主要用于主机配套自动化产品，占比还较小，主要适用于小吨位锻压主机的配套，通用性强，具有一定的发展前景。公司已完成了三轴联动传送机器人的研发和样机的生产，该机器用于公称力300T以下的锻压主机配套，通用性强，目前对外销售量仍较小，具备较好的的发展前景。公司将借助资本市场平台加快外延式发展步伐，提高公司业绩，将公司做强，回报支持公司发展的广大投资者。谢谢！,公司有考虑收购兼并其他品牌吗？近期有规划吗？,300280_2015,5,10,5,Elaboration,Q2针对A1中“外延式发展”方向，追问收购兼并的具体规划。,,,1
positive,公司上市后新增项目有哪些？未来在新增项目上有何计划？ 您好！公司上市后进行了三大募投项目的建设，“大型精密成型液压机扩产改造项目”及“数控重型机械压力机生产项目”已于2013年7月份建设完成并投入使用，“天津基地数控重型锻压设备生产一期项目”厂房已建设完成。未来一段时间，公司将会利用好现有产能；同时公司将会充分借助资本市场，加大外延式发展步伐，做好近期的资产重组工作，形成传统制造业与新兴现代广告服务业双轮驱动的发展局面。谢谢！,请介绍一下三家拟收购公司在体育营销，互联网数字营销方面的规划。是否有计划布局VR广告营销？,2,restructuring,dep_reason,Q2针对A1提到的资产重组对象，追问其体育营销、数字营销规划及VR布局。,公司上市后新增项目有哪些？未来在新增项目上有何计划？,您好！公司上市后进行了三大募投项目的建设，“大型精密成型液压机扩产改造项目”及“数控重型机械压力机生产项目”已于2013年7月份建设完成并投入使用，“天津基地数控重型锻压设备生产一期项目”厂房已建设完成。未来一段时间，公司将会利用好现有产能；同时公司将会充分借助资本市场，加大外延式发展步伐，做好近期的资产重组工作，形成传统制造业与新兴现代广告服务业双轮驱动的发展局面。谢谢！,请介绍一下三家拟收购公司在体育营销，互联网数字营销方面的规划。是否有计划布局VR广告营销？,300280_2015,18,19,1,Elaboration,Q2针对A1提到的资产重组对象，追问其体育营销、数字营销规划及VR布局。,,,1
positive,请站在独立董事的角度评价一下这家公司。您的专业态度对我很重要！ 您好！作为公司独立董事，我们严格按照相关法律法规和规章制度的规定，在任职独董期间，忠实勤勉、恪尽职守，积极出席各次董事会会议和股东大会，认真审议董事会各项议案，发表了独立、客观、专业的意见，切实维护了公司和股东尤其是中小股东的利益。南通锻压目前正处于传统产业的转型发展过程中，公司目前正在进行的重大资产重组也是公司主营业务的双向并行发展需要，从而进一步拓宽公司的发展前景和盈利能力。谢谢！,公司是否在考虑开拓新的领域？取得初步进展没有？,1,disclosure_detail,dep_reason,Q2针对A1提到的转型发展和重组追问是否开拓新领域及进展。,请站在独立董事的角度评价一下这家公司。您的专业态度对我很重要！,您好！作为公司独立董事，我们严格按照相关法律法规和规章制度的规定，在任职独董期间，忠实勤勉、恪尽职守，积极出席各次董事会会议和股东大会，认真审议董事会各项议案，发表了独立、客观、专业的意见，切实维护了公司和股东尤其是中小股东的利益。南通锻压目前正处于传统产业的转型发展过程中，公司目前正在进行的重大资产重组也是公司主营业务的双向并行发展需要，从而进一步拓宽公司的发展前景和盈利能力。谢谢！,公司是否在考虑开拓新的领域？取得初步进展没有？,300280_2016,1,6,5,Elaboration,Q2针对A1提到的转型发展和重组追问是否开拓新领域及进展。,,,1
positive,近几年的固定资产，技术改造的投资效果如何，是否达到了预期的目标，不考虑市场因素，简单考虑毛利情况是否合理呀。 您好！公司近几年的固定资产技术改造项目主要也是公司募集资金的投入项目，由于受行业形势、市场需求的不利影响，公司销售收入未能同步增加，规模效应未能显现，尚未达到预期效果，公司净利润仍处于较低水平。谢谢！,作为上市公司，募集资金投资项目实施有风险吗？对经营业绩有影响吗？,2,performance_governance,dep_reason,Q2围绕A1中提到的募集资金投资项目继续追问其风险和业绩影响。,近几年的固定资产，技术改造的投资效果如何，是否达到了预期的目标，不考虑市场因素，简单考虑毛利情况是否合理呀。,您好！公司近几年的固定资产技术改造项目主要也是公司募集资金的投入项目，由于受行业形势、市场需求的不利影响，公司销售收入未能同步增加，规模效应未能显现，尚未达到预期效果，公司净利润仍处于较低水平。谢谢！,作为上市公司，募集资金投资项目实施有风险吗？对经营业绩有影响吗？,300280_2016,4,8,4,Elaboration,Q2围绕A1中提到的募集资金投资项目继续追问其风险和业绩影响。,,,1
positive,你好，公司今年的盈利能力有所改善了吗？制定了什么目标，实现概率有多大？ 您好！非常感谢您对公司的关注与支持！公司以市场为导向，技术创新为依托，加强内部管理，规范运作，加大新产品的开发力度，着力扩大产品市场份额，增强公司自主创新能力，提升公司的核心竞争力和品牌价值，改善盈利能力。随着中国制造2025规划的全面实施，金属成形机床行业也受到了极大的关注，在“机器换人”口号响彻全国的今天，未来的金属成形产业逐步向自动化、信息化、智能化迈进。公司在保持现有的传统优势基础上，抓住“智能制造”和“绿色制造”的良好机遇，重点发展高效、智能、自动、柔性、精密、复合型液压机和机械压力机，将公司打造为国家重点锻压设备生产基地之一。,交流会本来应该是恳谈会，将企业目前的处境，面临的困难，预计的风险和相应应措施清晰告诉股东。,1,disclosure_detail,dep_reason,Q2批评A1回答未清晰告知处境和风险，针对回答不具体、回避进行抱怨。,你好，公司今年的盈利能力有所改善了吗？制定了什么目标，实现概率有多大？,您好！非常感谢您对公司的关注与支持！公司以市场为导向，技术创新为依托，加强内部管理，规范运作，加大新产品的开发力度，着力扩大产品市场份额，增强公司自主创新能力，提升公司的核心竞争力和品牌价值，改善盈利能力。随着中国制造2025规划的全面实施，金属成形机床行业也受到了极大的关注，在“机器换人”口号响彻全国的今天，未来的金属成形产业逐步向自动化、信息化、智能化迈进。公司在保持现有的传统优势基础上，抓住“智能制造”和“绿色制造”的良好机遇，重点发展高效、智能、自动、柔性、精密、复合型液压机和机械压力机，将公司打造为国家重点锻压设备生产基地之一。,交流会本来应该是恳谈会，将企业目前的处境，面临的困难，预计的风险和相应应措施清晰告诉股东。,300280_2016,16,18,2,Complaint,Q2批评A1回答未清晰告知处境和风险，针对回答不具体、回避进行抱怨。,,,1
positive,现在行业间的并购都比较频繁，导致上市公司并购的成本提高，你们今年有没有兼并收购计划？ 公司正在进行重大资产重组，拟将发展前景更为广阔的媒体广告资产置入上市公司，实现上市公司主营业务的双向并行发展，从而进一步拓宽上市公司的发展前景和盈利能力，实现上市公司股东的利益最大化。本次交易能否取得上述证监会核准以及最终取得核准的时间均存在不确定性。,交流会本来应该是恳谈会，将企业目前的处境，面临的困难，预计的风险和相应应措施清晰告诉股东。,1,disclosure_detail,dep_reason,Q2抱怨A1未详细说明处境、困难、风险和措施，针对回答不充分。,现在行业间的并购都比较频繁，导致上市公司并购的成本提高，你们今年有没有兼并收购计划？,公司正在进行重大资产重组，拟将发展前景更为广阔的媒体广告资产置入上市公司，实现上市公司主营业务的双向并行发展，从而进一步拓宽上市公司的发展前景和盈利能力，实现上市公司股东的利益最大化。本次交易能否取得上述证监会核准以及最终取得核准的时间均存在不确定性。,交流会本来应该是恳谈会，将企业目前的处境，面临的困难，预计的风险和相应应措施清晰告诉股东。,300280_2016,17,18,1,Complaint,Q2抱怨A1未详细说明处境、困难、风险和措施，针对回答不充分。,,,1
positive,选择进入移动广告行业的原因是什么？ 您好！非常感谢您对公司的关注与支持！由于上市公司持续看好广告行业的未来发展前景，结合自身竞争优势，确立了装备制造业和广告服务业双主业发展的战略目标，并制定了分阶段开展的战略实施规划，先行以新设公司或小体量收购方式进入广告服务行业，后续通过资源整合实现内生式增长，同时积极探索对广告行业优质资产进行并购及投资的可行性，加快公司战略目标的实现，为公司带来新的利润增长点，改善公司业绩压力，增强公司的可持续发展能力，提高公司的资产回报率，实现股东利益的最大化。,今年还会继续进行资产整合吗？,2,restructuring,dep_reason,Q2针对A1中提到的资源整合和并购计划追问今年是否继续。,选择进入移动广告行业的原因是什么？,您好！非常感谢您对公司的关注与支持！由于上市公司持续看好广告行业的未来发展前景，结合自身竞争优势，确立了装备制造业和广告服务业双主业发展的战略目标，并制定了分阶段开展的战略实施规划，先行以新设公司或小体量收购方式进入广告服务行业，后续通过资源整合实现内生式增长，同时积极探索对广告行业优质资产进行并购及投资的可行性，加快公司战略目标的实现，为公司带来新的利润增长点，改善公司业绩压力，增强公司的可持续发展能力，提高公司的资产回报率，实现股东利益的最大化。,今年还会继续进行资产整合吗？,300280_2017,1,2,1,Elaboration,Q2针对A1中提到的资源整合和并购计划追问今年是否继续。,,,1
positive,选择进入移动广告行业的原因是什么？ 您好！非常感谢您对公司的关注与支持！由于上市公司持续看好广告行业的未来发展前景，结合自身竞争优势，确立了装备制造业和广告服务业双主业发展的战略目标，并制定了分阶段开展的战略实施规划，先行以新设公司或小体量收购方式进入广告服务行业，后续通过资源整合实现内生式增长，同时积极探索对广告行业优质资产进行并购及投资的可行性，加快公司战略目标的实现，为公司带来新的利润增长点，改善公司业绩压力，增强公司的可持续发展能力，提高公司的资产回报率，实现股东利益的最大化。,贵司去年收购了橄榄叶科技，请问给公司带来了业绩贡献吗？,2,performance_governance,dep_reason,Q2针对A1中提及的小体量收购策略，追问橄榄叶科技的具体业绩贡献。,选择进入移动广告行业的原因是什么？,您好！非常感谢您对公司的关注与支持！由于上市公司持续看好广告行业的未来发展前景，结合自身竞争优势，确立了装备制造业和广告服务业双主业发展的战略目标，并制定了分阶段开展的战略实施规划，先行以新设公司或小体量收购方式进入广告服务行业，后续通过资源整合实现内生式增长，同时积极探索对广告行业优质资产进行并购及投资的可行性，加快公司战略目标的实现，为公司带来新的利润增长点，改善公司业绩压力，增强公司的可持续发展能力，提高公司的资产回报率，实现股东利益的最大化。,贵司去年收购了橄榄叶科技，请问给公司带来了业绩贡献吗？,300280_2017,1,4,3,Elaboration,Q2针对A1中提及的小体量收购策略，追问橄榄叶科技的具体业绩贡献。,,,1
positive,今年还会继续进行资产整合吗？ 您好！非常感谢您对公司的关注与支持！目前上市公司正在推进新的重大资产重组项目，敬请关注相关公告，谢谢。,公司今年在资产重组方面有什么动向？,2,restructuring,dep_reason,Q2针对A1中提到的正在推进重大资产重组项目追问具体动向。,今年还会继续进行资产整合吗？,您好！非常感谢您对公司的关注与支持！目前上市公司正在推进新的重大资产重组项目，敬请关注相关公告，谢谢。,公司今年在资产重组方面有什么动向？,300280_2017,2,7,5,Elaboration,Q2针对A1中提到的正在推进重大资产重组项目追问具体动向。,,,1
positive,"公司传统制造业务去年收入增长多少？未来会不会逐步退出？ 报告期内，锻压设备营业收入27,716.94万元，比上年同期增加2,219.18万元，增长8.70%。公司坚持锻压设备与现代广告服务双主业的发展战略目标。一方面对原有的锻压设备产业结构进行调整，对发展前景及盈利能力较弱的资产进行优化，对盈利能力相对较强的业务领域加快产品的推出及研发的投入；另一方面大力拓展现代广告服务业的上下游产业领域，通过投资收购具有产业协同效应的优质标的资产，以加快业务布局。详见4月20日披露的2017年年度报告。",公司向广告业务转型，目前存在哪些有利和不利因素？,2,strategy_planning,dep_reason,Q2围绕A1中双主业战略及广告服务拓展，进一步追问转型的有利和不利因素。,公司传统制造业务去年收入增长多少？未来会不会逐步退出？,"报告期内，锻压设备营业收入27,716.94万元，比上年同期增加2,219.18万元，增长8.70%。公司坚持锻压设备与现代广告服务双主业的发展战略目标。一方面对原有的锻压设备产业结构进行调整，对发展前景及盈利能力较弱的资产进行优化，对盈利能力相对较强的业务领域加快产品的推出及研发的投入；另一方面大力拓展现代广告服务业的上下游产业领域，通过投资收购具有产业协同效应的优质标的资产，以加快业务布局。详见4月20日披露的2017年年度报告。",公司向广告业务转型，目前存在哪些有利和不利因素？,300280_2017,8,13,5,Elaboration,Q2围绕A1中双主业战略及广告服务拓展，进一步追问转型的有利和不利因素。,,,1
positive,公司产品会用于itv吗？ 你好！技术上有应用优势，相应产品正在研发中，目前尚无合作。,请问公司何时能够量产？,2,restructuring,dep_reason,Q2根据A1中提到的产品研发状态，进一步追问量产时间表。,公司产品会用于itv吗？,你好！技术上有应用优势，相应产品正在研发中，目前尚无合作。,请问公司何时能够量产？,300282_2011,16,19,3,Elaboration,Q2根据A1中提到的产品研发状态，进一步追问量产时间表。,,,1
positive,谢谢贵公司的回复。我们选择投资贵公司，主要是冲着公司高管及公司未来发展的潜力，是立足长远、而不是短期投资；因而提出我们的一些想法和建议，希望公司越来越好。（10转2的预案确实与多数股东的心理预期相差甚远）还望股东大会上抉择者权衡利弊，公告出更合适的预案结果；我们会一如既往的支持贵公司，希望贵公司一切顺顺利利！ 谢谢您的支持与理解。我们会立足于将公司做大做强，回报广大投资者。,汇冠股份倾向于何种方式回报股东，现金股利还是送股？,2,answer_pressure,dep_reason,Q2针对A1中回报投资者的笼统承诺，追问具体回报方式。,谢谢贵公司的回复。我们选择投资贵公司，主要是冲着公司高管及公司未来发展的潜力，是立足长远、而不是短期投资；因而提出我们的一些想法和建议，希望公司越来越好。（10转2的预案确实与多数股东的心理预期相差甚远）还望股东大会上抉择者权衡利弊，公告出更合适的预案结果；我们会一如既往的支持贵公司，希望贵公司一切顺顺利利！,谢谢您的支持与理解。我们会立足于将公司做大做强，回报广大投资者。,汇冠股份倾向于何种方式回报股东，现金股利还是送股？,300282_2011,35,39,4,Elaboration,Q2针对A1中回报投资者的笼统承诺，追问具体回报方式。,,,1
positive,"公司凭借优异技术和销售业绩的不断增长，入选由德勤组织评选的“2011年高科技、高成长亚太地区500强"".但公司近几年利润增长速度确呈逐年下滑趋势,请问这是否说明公司高成长期已过还是另有原因?公司今年有无一个量化的经营目标?""力争到2012年，公司主营收入达到2亿元""的答复为何取消了?是不可能实现吗?请原谅,我特关心我投资的公司.谢谢! 您好。随着多点触摸时代来临，公司所在的触摸屏行业面临着较好的发展机遇，公司每年都有量化的经营目标。公司2012年的收入目标的答复取消，是为了让投资者误以为我公司作出了盈利预测，我们会努力的做好公司业绩，回报广大股东。谢谢！",刘董你好：“力争到2012年，公司主营收入达到2亿元”在3月13日的回复中去掉，这是公司没有信心还是其它原因？另外CeBIT展会订单如何？谢谢,2,strategy_planning,dep_reason,Q2第一个问题针对A1中取消收入目标的解释追问是信心不足还是其他原因，构成内容依赖。,"公司凭借优异技术和销售业绩的不断增长，入选由德勤组织评选的“2011年高科技、高成长亚太地区500强"".但公司近几年利润增长速度确呈逐年下滑趋势,请问这是否说明公司高成长期已过还是另有原因?公司今年有无一个量化的经营目标?""力争到2012年，公司主营收入达到2亿元""的答复为何取消了?是不可能实现吗?请原谅,我特关心我投资的公司.谢谢!",您好。随着多点触摸时代来临，公司所在的触摸屏行业面临着较好的发展机遇，公司每年都有量化的经营目标。公司2012年的收入目标的答复取消，是为了让投资者误以为我公司作出了盈利预测，我们会努力的做好公司业绩，回报广大股东。谢谢！,刘董你好：“力争到2012年，公司主营收入达到2亿元”在3月13日的回复中去掉，这是公司没有信心还是其它原因？另外CeBIT展会订单如何？谢谢,300282_2011,46,47,1,Elaboration,Q2第一个问题针对A1中取消收入目标的解释追问是信心不足还是其他原因，构成内容依赖。,,,1
positive,建议董事会提出适当送股或分红提案.谢谢!!! 您好！谢谢您的建议！公司已制定了分红回报规划。董事会将根据回报规划，综合考虑股东回报、公司发展的资金需求、社会资金成本、外部融资环境等因素提出股利分配方案。游有仙,分红的计划有没有征求股东，特别是公众投资者的意见？？？？？？？？,2,shareholder_return,dep_reason,Q2针对A1中的分红回报规划进一步追问是否征求股东意见。,建议董事会提出适当送股或分红提案.谢谢!!!,您好！谢谢您的建议！公司已制定了分红回报规划。董事会将根据回报规划，综合考虑股东回报、公司发展的资金需求、社会资金成本、外部融资环境等因素提出股利分配方案。游有仙,分红的计划有没有征求股东，特别是公众投资者的意见？？？？？？？？,300282_2011,61,62,1,Elaboration,Q2针对A1中的分红回报规划进一步追问是否征求股东意见。,,,1
positive,公司注意到其二级市场的表现是所有触摸屏中最差的，请分析是什么原因？ 您好，公司股价表现受到公司业绩、宏观经济形势，股本结构、投资者心理等多种因素的影响。谢谢！,我想问两个问题：1.近几年是触摸屏高速发展的阶段，一些公司像莱宝高科，长信科技，欧菲光都取得了高速增长。而作为很早就接入了触摸屏领域的贵公司，近几年的业绩却十分不理想，请问是什么导致了如此情况，是否公司的战略决策有问题？2.在大尺寸领域既然有优势，那为什么许多市面上的大尺寸触摸屏都没有采用贵公司的产品以及红外触摸技术，红外触摸的应用空间有多大？,1,disclosure_detail,dep_reason,Q2第一个子问题重复追问Q1业绩差原因，且A1笼统回避，同时质疑战略决策。,公司注意到其二级市场的表现是所有触摸屏中最差的，请分析是什么原因？,您好，公司股价表现受到公司业绩、宏观经济形势，股本结构、投资者心理等多种因素的影响。谢谢！,我想问两个问题：1.近几年是触摸屏高速发展的阶段，一些公司像莱宝高科，长信科技，欧菲光都取得了高速增长。而作为很早就接入了触摸屏领域的贵公司，近几年的业绩却十分不理想，请问是什么导致了如此情况，是否公司的战略决策有问题？2.在大尺寸领域既然有优势，那为什么许多市面上的大尺寸触摸屏都没有采用贵公司的产品以及红外触摸技术，红外触摸的应用空间有多大？,300282_2012,19,24,5,Challenge,Q2第一个子问题重复追问Q1业绩差原因，且A1笼统回避，同时质疑战略决策。,,,1
positive,给句实在话，2013年效益能超过012年吗 正常应该是成长的,请问2013年全年预计销售目标是多少亿元？实现净利润的目标是多少亿元？,2,strategy_planning,dep_reason,Q2针对A1中“成长”的笼统表述要求量化销售与净利润目标。,给句实在话，2013年效益能超过012年吗,正常应该是成长的,请问2013年全年预计销售目标是多少亿元？实现净利润的目标是多少亿元？,300282_2012,28,32,4,Elaboration,Q2针对A1中“成长”的笼统表述要求量化销售与净利润目标。,,,1
positive,寄希望于企业在高科技产业行当里有一席之地，发展自己的拳头产品，立足于这个专业，这个触摸屏专业，未来大有前途。只要咬住不放，紧跟国际国内的高科技步伐，千变万变不离本行，把产品做好，做大，做精，做靓。减低成本，加大投入，扩大产业，有自己的专利产品。也要考虑企业的规模太小，避免被收购和兼并，请领导人注意这个方面。也不要有这个念头，因为会破坏我们的发展前景。我们买股票就是买企业的未来，希望领导人理解股东们 感谢支持，理念非常好，公司的使命，是促进红外触摸产业的健康发展。这是一个需要长期坚持的方向。,"""公司的使命，是促进红外触摸产业的健康发展。这是一个需要长期坚持的方向。""关键是培育国内市场合作伙伴和产品，要有这个战略准备和行动。不能把产品束之高阁，把国市场做大才是。这样可以支撑本企业的产品发展，两条腿走路。即拉起了国内的下家，自己又获得了支撑。领导们怎么看？",2,strategy_planning,dep_reason,Q2直接引用A1中的使命表述，并在此基础上要求补充国内市场的战略准备和行动。,寄希望于企业在高科技产业行当里有一席之地，发展自己的拳头产品，立足于这个专业，这个触摸屏专业，未来大有前途。只要咬住不放，紧跟国际国内的高科技步伐，千变万变不离本行，把产品做好，做大，做精，做靓。减低成本，加大投入，扩大产业，有自己的专利产品。也要考虑企业的规模太小，避免被收购和兼并，请领导人注意这个方面。也不要有这个念头，因为会破坏我们的发展前景。我们买股票就是买企业的未来，希望领导人理解股东们,感谢支持，理念非常好，公司的使命，是促进红外触摸产业的健康发展。这是一个需要长期坚持的方向。,"""公司的使命，是促进红外触摸产业的健康发展。这是一个需要长期坚持的方向。""关键是培育国内市场合作伙伴和产品，要有这个战略准备和行动。不能把产品束之高阁，把国市场做大才是。这样可以支撑本企业的产品发展，两条腿走路。即拉起了国内的下家，自己又获得了支撑。领导们怎么看？",300282_2012,40,42,2,Elaboration,Q2直接引用A1中的使命表述，并在此基础上要求补充国内市场的战略准备和行动。,,,1
positive,请问：公司产品与纳米解析屏在技术上有何优劣？纳米解析屏（如品美的产品）在技术上和市场前景上是否更有前途？公司有无向此方向发展的打算？ 您好，我公司主要在中大尺寸触摸屏领域具有竞争优势，纳米解析屏与我公司市场定位不同，不好评价技术和市场前景优劣，我公司目前尚无在纳米解析屏发展的规划。,既然各种技术各有优劣，那请问红外触控相比纳米触控膜的优势具体是哪些？想了解一下,1,disclosure_detail,dep_reason,Q2针对A1回避技术优劣评价，以“既然各有优劣”施压，要求具体说明红外触控优势。,请问：公司产品与纳米解析屏在技术上有何优劣？纳米解析屏（如品美的产品）在技术上和市场前景上是否更有前途？公司有无向此方向发展的打算？,您好，我公司主要在中大尺寸触摸屏领域具有竞争优势，纳米解析屏与我公司市场定位不同，不好评价技术和市场前景优劣，我公司目前尚无在纳米解析屏发展的规划。,既然各种技术各有优劣，那请问红外触控相比纳米触控膜的优势具体是哪些？想了解一下,300282_2012,55,60,5,Challenge,Q2针对A1回避技术优劣评价，以“既然各有优劣”施压，要求具体说明红外触控优势。,,,1
positive,关于市值管理，刘董事长是否注意到：公司市值今天是7.5亿，两市最小市值了。关于股价和公司形象的关系：公司是否觉得公司股价无所谓多少？为什么不进行市值管理，维护股价？刘董事长对自己的公司有信心吗？如果有，能否采取合理的措施，增加公司股票活跃度，提振股价. 抓住win8市场机遇，设计好产品，是当前最急迫的。市值管理也重要，股价也最终一定会反映公司的价值。,请问刘董事长对自己公司今年有信心吗？请问目前新产品找到了买家没有？请给明确说法，不然我会砸盘的。已经忍受不了你们的滥票天天下跌。,1,disclosure_detail,dep_reason,Q2重复Q1中信心问题，并针对A1中产品进展索要明确说法，整体是抱怨回答不明确。,关于市值管理，刘董事长是否注意到：公司市值今天是7.5亿，两市最小市值了。关于股价和公司形象的关系：公司是否觉得公司股价无所谓多少？为什么不进行市值管理，维护股价？刘董事长对自己的公司有信心吗？如果有，能否采取合理的措施，增加公司股票活跃度，提振股价.,抓住win8市场机遇，设计好产品，是当前最急迫的。市值管理也重要，股价也最终一定会反映公司的价值。,请问刘董事长对自己公司今年有信心吗？请问目前新产品找到了买家没有？请给明确说法，不然我会砸盘的。已经忍受不了你们的滥票天天下跌。,300282_2012,57,62,5,Complaint,Q2重复Q1中信心问题，并针对A1中产品进展索要明确说法，整体是抱怨回答不明确。,,,1
positive,未来几年，公司如何定位，哪些市场更适合公司产品的长远发展？ 公司的主打方向，将围绕“双拳”策略展开，一是商业级用户，主要针对的是多批次、小批量、高客制化特性的企业级客户，力争在三年内，获得商业级用户所在行业前五位的客户认可，这一块是公司的传统优势市场，公司致力于做优做强，树立高可靠、高科技含量的商业品牌。二是电子消费用户，主要针对小批次、大批量的消费电子领域的品牌厂商，包括但不限于品牌电脑商和触摸显示器厂商，这一块是公司的增量市场，是公司树立大众品牌的载体。二者均可持续发展，我们的目标是，在三年内，使公司品牌成为触摸领域的知名品牌。简而言之，就是“做大红外，跳出红外”。,公司的名字很好，叫IRTOUCH。我就问一个问题，公司能否做到红外触摸领域的No.1？,2,strategy_planning,dep_reason,Q2针对A1中“做大红外”的目标进一步追问能否成为红外触摸No.1。,未来几年，公司如何定位，哪些市场更适合公司产品的长远发展？,公司的主打方向，将围绕“双拳”策略展开，一是商业级用户，主要针对的是多批次、小批量、高客制化特性的企业级客户，力争在三年内，获得商业级用户所在行业前五位的客户认可，这一块是公司的传统优势市场，公司致力于做优做强，树立高可靠、高科技含量的商业品牌。二是电子消费用户，主要针对小批次、大批量的消费电子领域的品牌厂商，包括但不限于品牌电脑商和触摸显示器厂商，这一块是公司的增量市场，是公司树立大众品牌的载体。二者均可持续发展，我们的目标是，在三年内，使公司品牌成为触摸领域的知名品牌。简而言之，就是“做大红外，跳出红外”。,公司的名字很好，叫IRTOUCH。我就问一个问题，公司能否做到红外触摸领域的No.1？,300282_2012,65,66,1,Elaboration,Q2针对A1中“做大红外”的目标进一步追问能否成为红外触摸No.1。,,,1
positive,公司的发展战略是什么，是否公司未来发展的主打方向？以前没怎么听到这方面的动向，能否详细讲解一下主要是面对哪些品种和市场？谢谢！ 我们的使命是推动红外触摸屏产业成熟，促进触摸产业的健康发展。公司的发展战略的主打方向，将围绕“双拳”策略展开，一是商业级用户，主要针对的是多批次、小批量、高客制化特性的企业级客户，力争在三年内，获得商业级用户所在行业前五位的客户认可，这一块是公司的传统优势市场，公司致力于做优做强，树立高可靠、高科技含量的商业品牌。二是电子消费用户，主要针对小批次、大批量的消费电子领域的品牌厂商，包括但不限于品牌电脑商和触摸显示器厂商，这一块是公司的增量市场，是公司树立大众品牌的载体。二者的共同推进，在三年内，使公司品牌成为触摸领域的知名品牌。简而言之，就是“做大红外，跳出红外”。,公司未来五年的目标是多少？能够实现吗？,2,strategy_planning,dep_reason,Q2基于A1提到的三年目标，进一步追问五年目标及能否实现。,公司的发展战略是什么，是否公司未来发展的主打方向？以前没怎么听到这方面的动向，能否详细讲解一下主要是面对哪些品种和市场？谢谢！,我们的使命是推动红外触摸屏产业成熟，促进触摸产业的健康发展。公司的发展战略的主打方向，将围绕“双拳”策略展开，一是商业级用户，主要针对的是多批次、小批量、高客制化特性的企业级客户，力争在三年内，获得商业级用户所在行业前五位的客户认可，这一块是公司的传统优势市场，公司致力于做优做强，树立高可靠、高科技含量的商业品牌。二是电子消费用户，主要针对小批次、大批量的消费电子领域的品牌厂商，包括但不限于品牌电脑商和触摸显示器厂商，这一块是公司的增量市场，是公司树立大众品牌的载体。二者的共同推进，在三年内，使公司品牌成为触摸领域的知名品牌。简而言之，就是“做大红外，跳出红外”。,公司未来五年的目标是多少？能够实现吗？,300282_2012,70,72,2,Elaboration,Q2基于A1提到的三年目标，进一步追问五年目标及能否实现。,,,1
positive,公司的发展战略是什么，是否公司未来发展的主打方向？以前没怎么听到这方面的动向，能否详细讲解一下主要是面对哪些品种和市场？谢谢！ 我们的使命是推动红外触摸屏产业成熟，促进触摸产业的健康发展。公司的发展战略的主打方向，将围绕“双拳”策略展开，一是商业级用户，主要针对的是多批次、小批量、高客制化特性的企业级客户，力争在三年内，获得商业级用户所在行业前五位的客户认可，这一块是公司的传统优势市场，公司致力于做优做强，树立高可靠、高科技含量的商业品牌。二是电子消费用户，主要针对小批次、大批量的消费电子领域的品牌厂商，包括但不限于品牌电脑商和触摸显示器厂商，这一块是公司的增量市场，是公司树立大众品牌的载体。二者的共同推进，在三年内，使公司品牌成为触摸领域的知名品牌。简而言之，就是“做大红外，跳出红外”。,要实现公司的发展目标，请问信心来自哪里。,2,strategy_planning,dep_reason,Q2针对A1中明确提出的发展目标追问实现信心的来源，属内容依赖。,公司的发展战略是什么，是否公司未来发展的主打方向？以前没怎么听到这方面的动向，能否详细讲解一下主要是面对哪些品种和市场？谢谢！,我们的使命是推动红外触摸屏产业成熟，促进触摸产业的健康发展。公司的发展战略的主打方向，将围绕“双拳”策略展开，一是商业级用户，主要针对的是多批次、小批量、高客制化特性的企业级客户，力争在三年内，获得商业级用户所在行业前五位的客户认可，这一块是公司的传统优势市场，公司致力于做优做强，树立高可靠、高科技含量的商业品牌。二是电子消费用户，主要针对小批次、大批量的消费电子领域的品牌厂商，包括但不限于品牌电脑商和触摸显示器厂商，这一块是公司的增量市场，是公司树立大众品牌的载体。二者的共同推进，在三年内，使公司品牌成为触摸领域的知名品牌。简而言之，就是“做大红外，跳出红外”。,要实现公司的发展目标，请问信心来自哪里。,300282_2012,70,75,5,Elaboration,Q2针对A1中明确提出的发展目标追问实现信心的来源，属内容依赖。,,,1
positive,公司未来五年的目标是多少？能够实现吗？ 短期目标是：在20寸以上的市场引领红外技术的份额，争取占主流，并在这个细分领域努力保持第一,要实现公司的发展目标，请问信心来自哪里。,2,strategy_planning,dep_reason,Q2针对A1中提出的发展目标追问信心来源，是进一步细化解释。,公司未来五年的目标是多少？能够实现吗？,短期目标是：在20寸以上的市场引领红外技术的份额，争取占主流，并在这个细分领域努力保持第一,要实现公司的发展目标，请问信心来自哪里。,300282_2012,72,75,3,Elaboration,Q2针对A1中提出的发展目标追问信心来源，是进一步细化解释。,,,1
positive,请问今年预计主要产品的销售目标是多少？净利润是多少？ 您好：2013年业绩尚存在不确定性。谢谢！,公司预计2013年业绩较去年同期是上升还是下降？若上升，则增幅是多少？,2,performance_governance,dep_reason,A1称业绩不确定，Q2继续追问业绩趋势和增幅，是同一问题的改写和施压。,请问今年预计主要产品的销售目标是多少？净利润是多少？,您好：2013年业绩尚存在不确定性。谢谢！,公司预计2013年业绩较去年同期是上升还是下降？若上升，则增幅是多少？,300282_2012,77,78,1,Challenge,A1称业绩不确定，Q2继续追问业绩趋势和增幅，是同一问题的改写和施压。,,,1
positive,为公司，你们是如何进行市值管理的？有何不足？今后如何加强市值管理？ 您好，我们立足于为股东创造长久持续的回报。做好公司经营，持续推进公司重组事宜。通过内涵和外延式发展来促进公司做大做强。谢谢！,请问公司重组方深圳精密在手机构件上的排名情况？,2,restructuring,dep_reason,Q2针对A1中提到的重组事宜，进一步追问重组方深圳精密在手机构件上的排名情况，属于内容依赖的细化追问。,为公司，你们是如何进行市值管理的？有何不足？今后如何加强市值管理？,您好，我们立足于为股东创造长久持续的回报。做好公司经营，持续推进公司重组事宜。通过内涵和外延式发展来促进公司做大做强。谢谢！,请问公司重组方深圳精密在手机构件上的排名情况？,300282_2013,0,1,1,Elaboration,Q2针对A1中提到的重组事宜，进一步追问重组方深圳精密在手机构件上的排名情况，属于内容依赖的细化追问。,,,1
positive,为公司，你们是如何进行市值管理的？有何不足？今后如何加强市值管理？ 您好，我们立足于为股东创造长久持续的回报。做好公司经营，持续推进公司重组事宜。通过内涵和外延式发展来促进公司做大做强。谢谢！,公司的股价一直是挖坑的过程，投资人亏损惨重，我不知道公司还行不行，任何一个触摸屏的企业，业绩都好过公司，选了汇冠，是2014年的最大失误,2,performance_governance,dep_reason,Q2引用股价和业绩数据质疑A1所称'为股东创造回报'未实现，依赖A1承诺内容进行反驳。,为公司，你们是如何进行市值管理的？有何不足？今后如何加强市值管理？,您好，我们立足于为股东创造长久持续的回报。做好公司经营，持续推进公司重组事宜。通过内涵和外延式发展来促进公司做大做强。谢谢！,公司的股价一直是挖坑的过程，投资人亏损惨重，我不知道公司还行不行，任何一个触摸屏的企业，业绩都好过公司，选了汇冠，是2014年的最大失误,300282_2013,0,4,4,Challenge,Q2引用股价和业绩数据质疑A1所称'为股东创造回报'未实现，依赖A1承诺内容进行反驳。,,,1
positive,公司的股价一直是挖坑的过程，投资人亏损惨重，我不知道公司还行不行，任何一个触摸屏的企业，业绩都好过公司，选了汇冠，是2014年的最大失误 首先，感谢您的支持与信任。公司正在努力推进战略调整，在红外、光学触摸屏的出货量上，公司已经成为业界龙头。公司已经确立战略方向，致力成为智能终端设备的主要供应商，本次重组是重要举措之一。目前公司正在全力解决触摸屏业务盈利能力的问题，随着出货量和市占率的提升，此块业务的盈利能力必将得到根本改观。重组也将给公司带来实质性变化。,公司在市场方面的开拓有什么计划？,2,strategy_planning,dep_reason,Q2针对A1中提到的战略方向追问市场开拓的具体计划。,公司的股价一直是挖坑的过程，投资人亏损惨重，我不知道公司还行不行，任何一个触摸屏的企业，业绩都好过公司，选了汇冠，是2014年的最大失误,首先，感谢您的支持与信任。公司正在努力推进战略调整，在红外、光学触摸屏的出货量上，公司已经成为业界龙头。公司已经确立战略方向，致力成为智能终端设备的主要供应商，本次重组是重要举措之一。目前公司正在全力解决触摸屏业务盈利能力的问题，随着出货量和市占率的提升，此块业务的盈利能力必将得到根本改观。重组也将给公司带来实质性变化。,公司在市场方面的开拓有什么计划？,300282_2013,4,7,3,Elaboration,Q2针对A1中提到的战略方向追问市场开拓的具体计划。,,,1
positive,公司的股价一直是挖坑的过程，投资人亏损惨重，我不知道公司还行不行，任何一个触摸屏的企业，业绩都好过公司，选了汇冠，是2014年的最大失误 首先，感谢您的支持与信任。公司正在努力推进战略调整，在红外、光学触摸屏的出货量上，公司已经成为业界龙头。公司已经确立战略方向，致力成为智能终端设备的主要供应商，本次重组是重要举措之一。目前公司正在全力解决触摸屏业务盈利能力的问题，随着出货量和市占率的提升，此块业务的盈利能力必将得到根本改观。重组也将给公司带来实质性变化。,请问：重组方深圳市旺鑫精密工业股份有限公司2013年业绩多少？2014年预测业绩多少？2015年业绩预测多少？,2,restructuring,dep_reason,Q2针对A1中提到的重组事项，追问重组方旺鑫的具体业绩数据。,公司的股价一直是挖坑的过程，投资人亏损惨重，我不知道公司还行不行，任何一个触摸屏的企业，业绩都好过公司，选了汇冠，是2014年的最大失误,首先，感谢您的支持与信任。公司正在努力推进战略调整，在红外、光学触摸屏的出货量上，公司已经成为业界龙头。公司已经确立战略方向，致力成为智能终端设备的主要供应商，本次重组是重要举措之一。目前公司正在全力解决触摸屏业务盈利能力的问题，随着出货量和市占率的提升，此块业务的盈利能力必将得到根本改观。重组也将给公司带来实质性变化。,请问：重组方深圳市旺鑫精密工业股份有限公司2013年业绩多少？2014年预测业绩多少？2015年业绩预测多少？,300282_2013,4,8,4,Elaboration,Q2针对A1中提到的重组事项，追问重组方旺鑫的具体业绩数据。,,,1
positive,公司的股价一直是挖坑的过程，投资人亏损惨重，我不知道公司还行不行，任何一个触摸屏的企业，业绩都好过公司，选了汇冠，是2014年的最大失误 首先，感谢您的支持与信任。公司正在努力推进战略调整，在红外、光学触摸屏的出货量上，公司已经成为业界龙头。公司已经确立战略方向，致力成为智能终端设备的主要供应商，本次重组是重要举措之一。目前公司正在全力解决触摸屏业务盈利能力的问题，随着出货量和市占率的提升，此块业务的盈利能力必将得到根本改观。重组也将给公司带来实质性变化。,请问公司去年在30寸以上红外触摸屏市场的比重是多少？,1,disclosure_detail,dep_reason,Q2依据A1中红外触摸屏龙头地位的表述，进一步追问细分尺寸市场比重，属于索要细节数据。,公司的股价一直是挖坑的过程，投资人亏损惨重，我不知道公司还行不行，任何一个触摸屏的企业，业绩都好过公司，选了汇冠，是2014年的最大失误,首先，感谢您的支持与信任。公司正在努力推进战略调整，在红外、光学触摸屏的出货量上，公司已经成为业界龙头。公司已经确立战略方向，致力成为智能终端设备的主要供应商，本次重组是重要举措之一。目前公司正在全力解决触摸屏业务盈利能力的问题，随着出货量和市占率的提升，此块业务的盈利能力必将得到根本改观。重组也将给公司带来实质性变化。,请问公司去年在30寸以上红外触摸屏市场的比重是多少？,300282_2013,4,9,5,Elaboration,Q2依据A1中红外触摸屏龙头地位的表述，进一步追问细分尺寸市场比重，属于索要细节数据。,,,1
positive,你们认为公司有义务、有责任维护二级市场的股价吗，你们是否对公司未来二级市场的股价有信心？ 您好，公司有义务有责任回报广大投资者。二级市场股价有自身的波动规律。谢谢！,公司口口声声说关注公司股价，那么作为董事长知不知道公司走势是创业板最差的。去年重组停牌前到现在创业板是涨了20%的，公司有这么大的重组消息，股价居然原地踏步。公司为什么不采取实质性的的措施，维护股价走势呢？比如象征性的增持股票？,2,answer_pressure,dep_reason,Q2质疑A1的笼统表态，用股价表现数据反驳并追问为何不采取实质性措施。,你们认为公司有义务、有责任维护二级市场的股价吗，你们是否对公司未来二级市场的股价有信心？,您好，公司有义务有责任回报广大投资者。二级市场股价有自身的波动规律。谢谢！,公司口口声声说关注公司股价，那么作为董事长知不知道公司走势是创业板最差的。去年重组停牌前到现在创业板是涨了20%的，公司有这么大的重组消息，股价居然原地踏步。公司为什么不采取实质性的的措施，维护股价走势呢？比如象征性的增持股票？,300282_2013,14,19,5,Challenge,Q2质疑A1的笼统表态，用股价表现数据反驳并追问为何不采取实质性措施。,,,1
positive,公司口口声声说关注公司股价，那么作为董事长知不知道公司走势是创业板最差的。去年重组停牌前到现在创业板是涨了20%的，公司有这么大的重组消息，股价居然原地踏步。公司为什么不采取实质性的的措施，维护股价走势呢？比如象征性的增持股票？ 您好，我们一直在持续推进公司重组事宜。谢谢！,目前反馈证卷会的答疑中有没遇到难题，要不要调整方案，谢谢！按道理高新产业的并购都是国家和证卷会支持的项目啊，没有理由拖延啊！这比游戏和房地产的并购强多了啊,1,disclosure_detail,dep_reason,Q2针对A1中重组事宜进一步追问反馈难题和方案调整细节。,公司口口声声说关注公司股价，那么作为董事长知不知道公司走势是创业板最差的。去年重组停牌前到现在创业板是涨了20%的，公司有这么大的重组消息，股价居然原地踏步。公司为什么不采取实质性的的措施，维护股价走势呢？比如象征性的增持股票？,您好，我们一直在持续推进公司重组事宜。谢谢！,目前反馈证卷会的答疑中有没遇到难题，要不要调整方案，谢谢！按道理高新产业的并购都是国家和证卷会支持的项目啊，没有理由拖延啊！这比游戏和房地产的并购强多了啊,300282_2013,19,23,4,Elaboration,Q2针对A1中重组事宜进一步追问反馈难题和方案调整细节。,,,1
positive,如果公司对于送股分红这类敏感的话题避而不谈，那么二级市场上的股票显然是难有所作为的，这又怎么能算对投资者负责呢？ 您好，我们是制定了切实可行的分红回报规划的，我们会做好经营，推进重组事宜，来回报广大投资者。谢谢！,请问公司对重组成功有没有信心？,2,restructuring,dep_reason,Q2针对A1中提到的重组事宜追问信心。,如果公司对于送股分红这类敏感的话题避而不谈，那么二级市场上的股票显然是难有所作为的，这又怎么能算对投资者负责呢？,您好，我们是制定了切实可行的分红回报规划的，我们会做好经营，推进重组事宜，来回报广大投资者。谢谢！,请问公司对重组成功有没有信心？,300282_2013,34,37,3,Elaboration,Q2针对A1中提到的重组事宜追问信心。,,,1
positive,如果公司对于送股分红这类敏感的话题避而不谈，那么二级市场上的股票显然是难有所作为的，这又怎么能算对投资者负责呢？ 您好，我们是制定了切实可行的分红回报规划的，我们会做好经营，推进重组事宜，来回报广大投资者。谢谢！,公司对重组通过有没有信心？,2,restructuring,dep_reason,Q2针对A1中提及的“推进重组事宜”继续追问信心程度。,如果公司对于送股分红这类敏感的话题避而不谈，那么二级市场上的股票显然是难有所作为的，这又怎么能算对投资者负责呢？,您好，我们是制定了切实可行的分红回报规划的，我们会做好经营，推进重组事宜，来回报广大投资者。谢谢！,公司对重组通过有没有信心？,300282_2013,34,39,5,Elaboration,Q2针对A1中提及的“推进重组事宜”继续追问信心程度。,,,1
positive,上海自贸区正式有条件的解除游戏机禁令，看到贵公司的产品适用于游戏机，咨询问下，过去公司在游戏机方面运用如何，使用在目前哪些成熟的产品上？出货量如何？自贸区游戏机禁令解除后公司是否在娱乐产品方面加大出货量呢？ 游戏机的产品，公司的红外触屏产品有较强的竞争力，现目前主要是红外小屏，公司会依托代理商进行销售。,问题都不回复，人呢，公司效率太麻木了,2,answer_pressure,dep_reason,Q2明确针对A1未回复问题，抱怨公司效率麻木，催促回答。,上海自贸区正式有条件的解除游戏机禁令，看到贵公司的产品适用于游戏机，咨询问下，过去公司在游戏机方面运用如何，使用在目前哪些成熟的产品上？出货量如何？自贸区游戏机禁令解除后公司是否在娱乐产品方面加大出货量呢？,游戏机的产品，公司的红外触屏产品有较强的竞争力，现目前主要是红外小屏，公司会依托代理商进行销售。,问题都不回复，人呢，公司效率太麻木了,300282_2013,36,40,4,Complaint,Q2明确针对A1未回复问题，抱怨公司效率麻木，催促回答。,,,1
positive,请问公司对重组成功有没有信心？ 您好，公司对重组成功有信心。谢谢！,公司对重组通过有没有信心？,2,restructuring,dep_reason,Q2围绕A1中“重组成功”进一步追问“重组通过”的信心，要求具体化。,请问公司对重组成功有没有信心？,您好，公司对重组成功有信心。谢谢！,公司对重组通过有没有信心？,300282_2013,37,39,2,Elaboration,Q2围绕A1中“重组成功”进一步追问“重组通过”的信心，要求具体化。,,,1
positive,看见股价每况愈下，本来对公司失去了信心，今天看了公司的互动平台，对公司的信心增加了一些，我感觉公司一季度是最低潮了。创业板在走熊，但是公司凭良好的前景，和务实的作风，我相信可以度过最困难的一关，也希望公司能够重组成功，那将是如虎添翼。同时也真诚的希望董事长注意市值管理，注意二级市场股价走势，拿点钱出来维护股价，对你们是小菜一碟。不要让二级市场纷纷杀跌，股票人人抛弃。有损公司形象 您好，非常感谢您的建议。谢谢！,问题都不回复，人呢，公司效率太麻木了,2,answer_pressure,dep_reason,Q2 明确抱怨 A1 未回复问题，针对回答不充分和效率问题继续施压。,看见股价每况愈下，本来对公司失去了信心，今天看了公司的互动平台，对公司的信心增加了一些，我感觉公司一季度是最低潮了。创业板在走熊，但是公司凭良好的前景，和务实的作风，我相信可以度过最困难的一关，也希望公司能够重组成功，那将是如虎添翼。同时也真诚的希望董事长注意市值管理，注意二级市场股价走势，拿点钱出来维护股价，对你们是小菜一碟。不要让二级市场纷纷杀跌，股票人人抛弃。有损公司形象,您好，非常感谢您的建议。谢谢！,问题都不回复，人呢，公司效率太麻木了,300282_2013,38,40,2,Complaint,Q2 明确抱怨 A1 未回复问题，针对回答不充分和效率问题继续施压。,,,1
positive,看见股价每况愈下，本来对公司失去了信心，今天看了公司的互动平台，对公司的信心增加了一些，我感觉公司一季度是最低潮了。创业板在走熊，但是公司凭良好的前景，和务实的作风，我相信可以度过最困难的一关，也希望公司能够重组成功，那将是如虎添翼。同时也真诚的希望董事长注意市值管理，注意二级市场股价走势，拿点钱出来维护股价，对你们是小菜一碟。不要让二级市场纷纷杀跌，股票人人抛弃。有损公司形象 您好，非常感谢您的建议。谢谢！,请问公司将二级市场投资者利益置于何地？今天是你们投资者互动日，股价创新低？,1,disclosure_detail,dep_reason,Q2针对A1回避股价与市值管理问题，在互动日股价新低时质问投资者利益定位。,看见股价每况愈下，本来对公司失去了信心，今天看了公司的互动平台，对公司的信心增加了一些，我感觉公司一季度是最低潮了。创业板在走熊，但是公司凭良好的前景，和务实的作风，我相信可以度过最困难的一关，也希望公司能够重组成功，那将是如虎添翼。同时也真诚的希望董事长注意市值管理，注意二级市场股价走势，拿点钱出来维护股价，对你们是小菜一碟。不要让二级市场纷纷杀跌，股票人人抛弃。有损公司形象,您好，非常感谢您的建议。谢谢！,请问公司将二级市场投资者利益置于何地？今天是你们投资者互动日，股价创新低？,300282_2013,38,43,5,Challenge,Q2针对A1回避股价与市值管理问题，在互动日股价新低时质问投资者利益定位。,,,1
positive,公司对重组通过有没有信心？ 你您好，公司对重组通过有信心。谢谢！,问题都不回复，人呢，公司效率太麻木了,2,answer_pressure,dep_reason,Q2抱怨问题未回复，针对回答状态投诉催促。,公司对重组通过有没有信心？,你您好，公司对重组通过有信心。谢谢！,问题都不回复，人呢，公司效率太麻木了,300282_2013,39,40,1,Complaint,Q2抱怨问题未回复，针对回答状态投诉催促。,,,1
positive,同行业的胜利精密，星星科技都是证卷会受理后2个月内审核的，公司2月25日被受理，为何2个月了还没反应，投资人有权利知道情况！总感觉公司如国企一样，营销和决策的速度慢了一拍，市场很受很大影响的 您好，我们一直在持续推进公司重组事宜。具体进度请以公司公告为准，谢谢！,星星科技收购的是深圳的触摸屏公司，40天从接收到审核，通过了。公司收购的呢，60天的没声音，我看汇冠不如被收购算了。业绩最差，效率一般，答疑可以有40天，刘总，你可以给我准确的进程么，我看旺鑫精密不如IPO算了，汇冠行不行？？？,2,answer_pressure,dep_reason,Q2明确针对A1的笼统回答催促准确进程，并重复对比同行业审核速度，体现对未正面回应的抱怨。,同行业的胜利精密，星星科技都是证卷会受理后2个月内审核的，公司2月25日被受理，为何2个月了还没反应，投资人有权利知道情况！总感觉公司如国企一样，营销和决策的速度慢了一拍，市场很受很大影响的,您好，我们一直在持续推进公司重组事宜。具体进度请以公司公告为准，谢谢！,星星科技收购的是深圳的触摸屏公司，40天从接收到审核，通过了。公司收购的呢，60天的没声音，我看汇冠不如被收购算了。业绩最差，效率一般，答疑可以有40天，刘总，你可以给我准确的进程么，我看旺鑫精密不如IPO算了，汇冠行不行？？？,300282_2013,47,48,1,Complaint,Q2明确针对A1的笼统回答催促准确进程，并重复对比同行业审核速度，体现对未正面回应的抱怨。,,,1
positive,同行业的胜利精密，星星科技都是证卷会受理后2个月内审核的，公司2月25日被受理，为何2个月了还没反应，投资人有权利知道情况！总感觉公司如国企一样，营销和决策的速度慢了一拍，市场很受很大影响的 您好，我们一直在持续推进公司重组事宜。具体进度请以公司公告为准，谢谢！,请问如果公司重组方案于6月实施完毕，旺鑫的利润什么时候能够并入汇冠股份的利润表里？中报，三季报还是年报？,1,disclosure_detail,dep_reason,Q2基于A1所述重组事宜，追问重组完成后利润并表的时点，索要具体会计处理细节。,同行业的胜利精密，星星科技都是证卷会受理后2个月内审核的，公司2月25日被受理，为何2个月了还没反应，投资人有权利知道情况！总感觉公司如国企一样，营销和决策的速度慢了一拍，市场很受很大影响的,您好，我们一直在持续推进公司重组事宜。具体进度请以公司公告为准，谢谢！,请问如果公司重组方案于6月实施完毕，旺鑫的利润什么时候能够并入汇冠股份的利润表里？中报，三季报还是年报？,300282_2013,47,49,2,Elaboration,Q2基于A1所述重组事宜，追问重组完成后利润并表的时点，索要具体会计处理细节。,,,1
positive,公司经营目前遇到最大的困难是什么? 时间压力巨大。我们一系列的战略重组和经营调整，都需要时间，居高不下的运营成本，是公司盈利能力的最大表象，公司会通过持续的精益化经营，严格控制运营成本的增加，在运营成本小幅增长的前提下，大幅提高市场营销能力，来解决这一困难。,请问李小冬:目前反馈证卷会的答疑中有没遇到难题，要不要调整方案，谢谢！按道理高新产业的并购都是国家和证卷会支持的项目啊，没有理由拖延啊！这比游戏和房地产的并购强多了啊（0）（0）（0）董秘:李小冬 您好，我们一直在持续推进公司重组事宜，具体请以公司公告为准，谢谢请问何时发布公告？？？？？？,1,disclosure_detail,dep_reason,Q2围绕A1中“战略重组”追问证卷会反馈、方案调整及公告时间。,公司经营目前遇到最大的困难是什么?,时间压力巨大。我们一系列的战略重组和经营调整，都需要时间，居高不下的运营成本，是公司盈利能力的最大表象，公司会通过持续的精益化经营，严格控制运营成本的增加，在运营成本小幅增长的前提下，大幅提高市场营销能力，来解决这一困难。,请问李小冬:目前反馈证卷会的答疑中有没遇到难题，要不要调整方案，谢谢！按道理高新产业的并购都是国家和证卷会支持的项目啊，没有理由拖延啊！这比游戏和房地产的并购强多了啊（0）（0）（0）董秘:李小冬 您好，我们一直在持续推进公司重组事宜，具体请以公司公告为准，谢谢请问何时发布公告？？？？？？,300282_2013,55,57,2,Elaboration,Q2围绕A1中“战略重组”追问证卷会反馈、方案调整及公告时间。,,,1
positive,请问李小冬:目前反馈证卷会的答疑中有没遇到难题，要不要调整方案，谢谢！按道理高新产业的并购都是国家和证卷会支持的项目啊，没有理由拖延啊！这比游戏和房地产的并购强多了啊（0）（0）（0）董秘:李小冬 您好，我们一直在持续推进公司重组事宜，具体请以公司公告为准，谢谢请问何时发布公告？？？？？？ 您好，我们会按照监管要求，及时发布公告。,作为公司前十大流通股东之一，我想提几个问题，请董事长如实回答这里是公开交流的平台，不存在信息披露不规范的嫌疑：第一：公司重组反馈信息什么时间能够结束，最迟4月底能够结束吗？第二：公司二季度经营比一季度有没有改善？第三：公司2014年中报会不会减亏？,2,restructuring,dep_reason,Q2第一个问题继续追问重组反馈具体结束时间，而A1未给出明确时间，属催促未答问题。,请问李小冬:目前反馈证卷会的答疑中有没遇到难题，要不要调整方案，谢谢！按道理高新产业的并购都是国家和证卷会支持的项目啊，没有理由拖延啊！这比游戏和房地产的并购强多了啊（0）（0）（0）董秘:李小冬 您好，我们一直在持续推进公司重组事宜，具体请以公司公告为准，谢谢请问何时发布公告？？？？？？,您好，我们会按照监管要求，及时发布公告。,作为公司前十大流通股东之一，我想提几个问题，请董事长如实回答这里是公开交流的平台，不存在信息披露不规范的嫌疑：第一：公司重组反馈信息什么时间能够结束，最迟4月底能够结束吗？第二：公司二季度经营比一季度有没有改善？第三：公司2014年中报会不会减亏？,300282_2013,57,62,5,Complaint,Q2第一个问题继续追问重组反馈具体结束时间，而A1未给出明确时间，属催促未答问题。,,,1
positive,作为公司前十大流通股东之一，我想提几个问题，请董事长如实回答这里是公开交流的平台，不存在信息披露不规范的嫌疑：第一：公司重组反馈信息什么时间能够结束，最迟4月底能够结束吗？第二：公司二季度经营比一季度有没有改善？第三：公司2014年中报会不会减亏？ 您好，我们会按照要求披露相关信息，具体请以公司公告为准。谢谢！,我持有公司股票很长时间了，说实在没有跑赢创业板指数，这个也是我最近两年投资的最大失误。公司业绩每况愈下，请问在今年中期看的到希望吗？如果今年中期还不减亏，我就抛掉公司股票。请问董事长对年中报扭亏有没有信心？,2,performance_governance,dep_reason,Q2重复追问A1未正面回答的中报减亏问题，并带有抱怨与施压。,作为公司前十大流通股东之一，我想提几个问题，请董事长如实回答这里是公开交流的平台，不存在信息披露不规范的嫌疑：第一：公司重组反馈信息什么时间能够结束，最迟4月底能够结束吗？第二：公司二季度经营比一季度有没有改善？第三：公司2014年中报会不会减亏？,您好，我们会按照要求披露相关信息，具体请以公司公告为准。谢谢！,我持有公司股票很长时间了，说实在没有跑赢创业板指数，这个也是我最近两年投资的最大失误。公司业绩每况愈下，请问在今年中期看的到希望吗？如果今年中期还不减亏，我就抛掉公司股票。请问董事长对年中报扭亏有没有信心？,300282_2013,62,66,4,Complaint,Q2重复追问A1未正面回答的中报减亏问题，并带有抱怨与施压。,,,1
positive,跟踪公司两年了，公司在信息披露和公司运作上绝对是公开，公平，公正的。值得表扬和其他公司学习、据我所知：在市值管理上，很多公司在和二级市场大资金合作，维护股价走势，其实这个不是违规行为。希望公司能够借鉴这些公司行为，让二级市场散户和公司共赢。 您好，今后我们会做好公司经营，推进重组事宜，内涵与外延式发展并重，为股东创造长久持续的回报，谢谢！,公司对重组还有信心么？有没有什么困难？星星科技都可以通过，汇冠没理由不通过，感觉这周斌巩固的审核都停下了，在预审IPO么,2,restructuring,dep_reason,Q2针对A1中“推进重组事宜”继续追问信心和困难。,跟踪公司两年了，公司在信息披露和公司运作上绝对是公开，公平，公正的。值得表扬和其他公司学习、据我所知：在市值管理上，很多公司在和二级市场大资金合作，维护股价走势，其实这个不是违规行为。希望公司能够借鉴这些公司行为，让二级市场散户和公司共赢。,您好，今后我们会做好公司经营，推进重组事宜，内涵与外延式发展并重，为股东创造长久持续的回报，谢谢！,公司对重组还有信心么？有没有什么困难？星星科技都可以通过，汇冠没理由不通过，感觉这周斌巩固的审核都停下了，在预审IPO么,300282_2013,63,67,4,Elaboration,Q2针对A1中“推进重组事宜”继续追问信心和困难。,,,1
positive,你好，刘总：为何证劵会的反馈要40天还没结果，能告诉进展么，还是方案不行。投资人有知情权啊。我想知道卡在哪里了，是不是停止了，谢谢 您好，我公司一直在持续推进公司重组事宜，目前处于证监会反馈意见答复阶段。具体请以公司公告为准。谢谢！,在并购重组所有环节中，证监会审核只是其中一环，审核时长不仅取决于证监会的审核效率，还取决于上市公司落实反馈意见的速度。星星科技，胜利精密都是同行，并购的速度都1个月搞定，汇冠怎么了？？反馈卡住了么？？效率呢？？、,1,disclosure_detail,dep_reason,Q2针对A1回避反馈进展，通过对比同行继续追问同一问题。,你好，刘总：为何证劵会的反馈要40天还没结果，能告诉进展么，还是方案不行。投资人有知情权啊。我想知道卡在哪里了，是不是停止了，谢谢,您好，我公司一直在持续推进公司重组事宜，目前处于证监会反馈意见答复阶段。具体请以公司公告为准。谢谢！,在并购重组所有环节中，证监会审核只是其中一环，审核时长不仅取决于证监会的审核效率，还取决于上市公司落实反馈意见的速度。星星科技，胜利精密都是同行，并购的速度都1个月搞定，汇冠怎么了？？反馈卡住了么？？效率呢？？、,300282_2013,81,85,4,Complaint,Q2针对A1回避反馈进展，通过对比同行继续追问同一问题。,,,1
positive,你好，刘总：为何证劵会的反馈要40天还没结果，能告诉进展么，还是方案不行。投资人有知情权啊。我想知道卡在哪里了，是不是停止了，谢谢 您好，我公司一直在持续推进公司重组事宜，目前处于证监会反馈意见答复阶段。具体请以公司公告为准。谢谢！,投资人都亏损累累，我们希望了解到真实的进展，重组是停止了还是卡壳了，是取消了还是怎么回事，我们需要真实的回答，而不是冠冕堂皇的官话,1,disclosure_detail,dep_reason,Q2明确针对A1冠冕堂皇、回避实质的回答，要求真实进展，属于催促和投诉。,你好，刘总：为何证劵会的反馈要40天还没结果，能告诉进展么，还是方案不行。投资人有知情权啊。我想知道卡在哪里了，是不是停止了，谢谢,您好，我公司一直在持续推进公司重组事宜，目前处于证监会反馈意见答复阶段。具体请以公司公告为准。谢谢！,投资人都亏损累累，我们希望了解到真实的进展，重组是停止了还是卡壳了，是取消了还是怎么回事，我们需要真实的回答，而不是冠冕堂皇的官话,300282_2013,81,86,5,Complaint,Q2明确针对A1冠冕堂皇、回避实质的回答，要求真实进展，属于催促和投诉。,,,1
positive,在并购重组所有环节中，证监会审核只是其中一环，审核时长不仅取决于证监会的审核效率，还取决于上市公司落实反馈意见的速度。星星科技，胜利精密都是同行，并购的速度都1个月搞定，汇冠怎么了？？反馈卡住了么？？效率呢？？、 您好，我们一直在持续推进公司重组事宜，具体请以公司公告为准。谢谢！,投资人都亏损累累，我们希望了解到真实的进展，重组是停止了还是卡壳了，是取消了还是怎么回事，我们需要真实的回答，而不是冠冕堂皇的官话,1,disclosure_detail,dep_reason,Q2明确抱怨A1官话式回答，要求真实进展，属于针对回答状态的交互依赖。,在并购重组所有环节中，证监会审核只是其中一环，审核时长不仅取决于证监会的审核效率，还取决于上市公司落实反馈意见的速度。星星科技，胜利精密都是同行，并购的速度都1个月搞定，汇冠怎么了？？反馈卡住了么？？效率呢？？、,您好，我们一直在持续推进公司重组事宜，具体请以公司公告为准。谢谢！,投资人都亏损累累，我们希望了解到真实的进展，重组是停止了还是卡壳了，是取消了还是怎么回事，我们需要真实的回答，而不是冠冕堂皇的官话,300282_2013,85,86,1,Complaint,Q2明确抱怨A1官话式回答，要求真实进展，属于针对回答状态的交互依赖。,,,1
positive,在并购重组所有环节中，证监会审核只是其中一环，审核时长不仅取决于证监会的审核效率，还取决于上市公司落实反馈意见的速度。星星科技，胜利精密都是同行，并购的速度都1个月搞定，汇冠怎么了？？反馈卡住了么？？效率呢？？、 您好，我们一直在持续推进公司重组事宜，具体请以公司公告为准。谢谢！,请问李小冬:目前反馈证卷会的答疑中有没遇到难题，要不要调整方案，谢谢！按道理高新产业的并购都是国家和证卷会支持的项目啊，没有理由拖延啊！这比游戏和房地产的并购强多了啊（0）（0）（0）董秘:李小冬您好，我们一直在持续推进公司重组事宜，具体请以公司公告为准，谢谢请问何时发布公告？？？？？？,1,disclosure_detail,dep_reason,Q2针对A1回避回答，继续追问审核难题并催促发布公告。,在并购重组所有环节中，证监会审核只是其中一环，审核时长不仅取决于证监会的审核效率，还取决于上市公司落实反馈意见的速度。星星科技，胜利精密都是同行，并购的速度都1个月搞定，汇冠怎么了？？反馈卡住了么？？效率呢？？、,您好，我们一直在持续推进公司重组事宜，具体请以公司公告为准。谢谢！,请问李小冬:目前反馈证卷会的答疑中有没遇到难题，要不要调整方案，谢谢！按道理高新产业的并购都是国家和证卷会支持的项目啊，没有理由拖延啊！这比游戏和房地产的并购强多了啊（0）（0）（0）董秘:李小冬您好，我们一直在持续推进公司重组事宜，具体请以公司公告为准，谢谢请问何时发布公告？？？？？？,300282_2013,85,90,5,Complaint,Q2针对A1回避回答，继续追问审核难题并催促发布公告。,,,1
positive,投资人都亏损累累，我们希望了解到真实的进展，重组是停止了还是卡壳了，是取消了还是怎么回事，我们需要真实的回答，而不是冠冕堂皇的官话 您好，目前重组尚在答复证监会反馈意见阶段，具体请以公司公告为准。谢谢！,请问李小冬:目前反馈证卷会的答疑中有没遇到难题，要不要调整方案，谢谢！按道理高新产业的并购都是国家和证卷会支持的项目啊，没有理由拖延啊！这比游戏和房地产的并购强多了啊（0）（0）（0）董秘:李小冬您好，我们一直在持续推进公司重组事宜，具体请以公司公告为准，谢谢请问何时发布公告？？？？？？,1,disclosure_detail,dep_reason,Q2针对A1中“答复证监会反馈意见阶段”追问难题、方案调整及公告时间，要求细化进展。,投资人都亏损累累，我们希望了解到真实的进展，重组是停止了还是卡壳了，是取消了还是怎么回事，我们需要真实的回答，而不是冠冕堂皇的官话,您好，目前重组尚在答复证监会反馈意见阶段，具体请以公司公告为准。谢谢！,请问李小冬:目前反馈证卷会的答疑中有没遇到难题，要不要调整方案，谢谢！按道理高新产业的并购都是国家和证卷会支持的项目啊，没有理由拖延啊！这比游戏和房地产的并购强多了啊（0）（0）（0）董秘:李小冬您好，我们一直在持续推进公司重组事宜，具体请以公司公告为准，谢谢请问何时发布公告？？？？？？,300282_2013,86,90,4,Elaboration,Q2针对A1中“答复证监会反馈意见阶段”追问难题、方案调整及公告时间，要求细化进展。,,,1
positive,请问董事长先生，你觉得公司股价合理吗？你们增发价都是19元多，现在才20元多点，是溢价最低的。公司为什么不维护一下股价？ 市值管理是我们董事会重点关注的内容之一，我们将会持续推进这一工作的提高与落实，努力提高公司盈利能力，改善公司基本面，促进公司产业与资本双运营策略的落实，在市场环境的大变局下，寻求公司市值最大化。,你们把股价做上去我们举双手欢迎你们？！,2,strategy_planning,dep_reason,Q2针对A1中市值最大化目标要求落实到股价行动。,请问董事长先生，你觉得公司股价合理吗？你们增发价都是19元多，现在才20元多点，是溢价最低的。公司为什么不维护一下股价？,市值管理是我们董事会重点关注的内容之一，我们将会持续推进这一工作的提高与落实，努力提高公司盈利能力，改善公司基本面，促进公司产业与资本双运营策略的落实，在市场环境的大变局下，寻求公司市值最大化。,你们把股价做上去我们举双手欢迎你们？！,300282_2013,99,104,5,Elaboration,Q2针对A1中市值最大化目标要求落实到股价行动。,,,1
positive,请问公司进行市值管理不？作为领导人，你关心过股价没有？ 我非常关注公司在二级市场的表现，我们公司的经营目标，就是股东财富的最大化，公司从产业和资本两个方向去提升公司的持续发展能力，而资本运作最核心的一环，就是市值管理，对于公司股价的表现，我们会全力通过战略调整和经营变革，改善公司的基本面，来推动公司股价的变化。,后势如何操作?,2,strategy_planning,dep_reason,Q2针对A1中的战略调整、资本运作等方向追问具体操作策略。,请问公司进行市值管理不？作为领导人，你关心过股价没有？,我非常关注公司在二级市场的表现，我们公司的经营目标，就是股东财富的最大化，公司从产业和资本两个方向去提升公司的持续发展能力，而资本运作最核心的一环，就是市值管理，对于公司股价的表现，我们会全力通过战略调整和经营变革，改善公司的基本面，来推动公司股价的变化。,后势如何操作?,300282_2013,102,103,1,Elaboration,Q2针对A1中的战略调整、资本运作等方向追问具体操作策略。,,,1
positive,刘总，2014年有机构去公司调研么？中报扭亏有信心么？公司重组和证卷会的沟通顺利么？有没碰到什么棘手问题，谢谢！ 您好，我相信公司会越来越好，我们一直在持续推进公司重组事宜，具体请以公司公告为准。谢谢！,为何同行业的并购那么快，胜利精密，星星科技都是反馈到回复到审核50天内搞定，公司2月14日被接收，就没声音了，我们要求知道原因？,1,disclosure_detail,dep_reason,Q2针对A1回避重组沟通细节，继续追问重组审核无进展的原因，并要求解释。,刘总，2014年有机构去公司调研么？中报扭亏有信心么？公司重组和证卷会的沟通顺利么？有没碰到什么棘手问题，谢谢！,您好，我相信公司会越来越好，我们一直在持续推进公司重组事宜，具体请以公司公告为准。谢谢！,为何同行业的并购那么快，胜利精密，星星科技都是反馈到回复到审核50天内搞定，公司2月14日被接收，就没声音了，我们要求知道原因？,300282_2013,106,108,2,Challenge,Q2针对A1回避重组沟通细节，继续追问重组审核无进展的原因，并要求解释。,,,1
positive,旺鑫公司去年利润没达标，年报为何不做商誉减值？ 旺鑫去年未达标，主要是因为进行产品升级换代，加大研发费用投入，开发金属精密器件新产品。而这些产品的开发将明显提高公司的竞争力，为后期公司的发展打开空间。公司聘请独立评估机构对商誉进行了评估，不存在减值的情形。,深圳旺鑫14年业绩达不到预期的原因是什么？15年的订单比14年是否有增长？,2,performance_governance,dep_reason,Q2针对A1中业绩未达标的原因进一步追问，并要求量化订单增长，延续A1中的经营解释。,旺鑫公司去年利润没达标，年报为何不做商誉减值？,旺鑫去年未达标，主要是因为进行产品升级换代，加大研发费用投入，开发金属精密器件新产品。而这些产品的开发将明显提高公司的竞争力，为后期公司的发展打开空间。公司聘请独立评估机构对商誉进行了评估，不存在减值的情形。,深圳旺鑫14年业绩达不到预期的原因是什么？15年的订单比14年是否有增长？,300282_2014,11,16,5,Elaboration,Q2针对A1中业绩未达标的原因进一步追问，并要求量化订单增长，延续A1中的经营解释。,,,1
positive,深圳旺鑫14年业绩达不到预期的原因是什么？15年的订单比14年是否有增长？ 旺鑫14年业绩未达预期主要原因是：1、手机塑胶壳竞争加剧，利润率下降明显；2、由手机以前的塑胶壳为主的市场，开始向以金属壳转变；3、加大了研发方面的投入。造成了业绩不达预期的结果。旺鑫15年的订单比14年有一定的增长。感谢关注。,旺鑫今年的订单比14年有否增加？合作的手机厂家主要有谁？,2,answer_pressure,dep_reason,Q2第一问重复Q1中订单增长问题，针对A1笼统回答继续追问，构成交互依赖。,深圳旺鑫14年业绩达不到预期的原因是什么？15年的订单比14年是否有增长？,旺鑫14年业绩未达预期主要原因是：1、手机塑胶壳竞争加剧，利润率下降明显；2、由手机以前的塑胶壳为主的市场，开始向以金属壳转变；3、加大了研发方面的投入。造成了业绩不达预期的结果。旺鑫15年的订单比14年有一定的增长。感谢关注。,旺鑫今年的订单比14年有否增加？合作的手机厂家主要有谁？,300282_2014,16,19,3,Complaint,Q2第一问重复Q1中订单增长问题，针对A1笼统回答继续追问，构成交互依赖。,,,1
positive,深圳旺鑫14年业绩达不到预期的原因是什么？15年的订单比14年是否有增长？ 旺鑫14年业绩未达预期主要原因是：1、手机塑胶壳竞争加剧，利润率下降明显；2、由手机以前的塑胶壳为主的市场，开始向以金属壳转变；3、加大了研发方面的投入。造成了业绩不达预期的结果。旺鑫15年的订单比14年有一定的增长。感谢关注。,作为公司的股东，希望汇冠在以下的领域多开发拓展：1.汽车触摸屏，随着特斯拉的大尺寸触摸屏的兴起，今后会有更多的汽车厂家选择，红外触摸屏技术上的优势是个很好的切入点，希望销售积极拓展，这是很大的市场。2.ATM机触摸屏，已经迎来更新换代的高峰期。3.军用产品，其实汇冠是军工雷达、很多军品设备的供应商。4.旺鑫精密的结构件，现在高端手机都在采用金属部件，公司应该重视未来的发展，提早布局。,2,strategy_planning,dep_reason,Q2提出旺鑫布局金属部件，直接承接A1中塑胶壳转金属壳的趋势并给出具体建议。,深圳旺鑫14年业绩达不到预期的原因是什么？15年的订单比14年是否有增长？,旺鑫14年业绩未达预期主要原因是：1、手机塑胶壳竞争加剧，利润率下降明显；2、由手机以前的塑胶壳为主的市场，开始向以金属壳转变；3、加大了研发方面的投入。造成了业绩不达预期的结果。旺鑫15年的订单比14年有一定的增长。感谢关注。,作为公司的股东，希望汇冠在以下的领域多开发拓展：1.汽车触摸屏，随着特斯拉的大尺寸触摸屏的兴起，今后会有更多的汽车厂家选择，红外触摸屏技术上的优势是个很好的切入点，希望销售积极拓展，这是很大的市场。2.ATM机触摸屏，已经迎来更新换代的高峰期。3.军用产品，其实汇冠是军工雷达、很多军品设备的供应商。4.旺鑫精密的结构件，现在高端手机都在采用金属部件，公司应该重视未来的发展，提早布局。,300282_2014,16,21,5,Elaboration,Q2提出旺鑫布局金属部件，直接承接A1中塑胶壳转金属壳的趋势并给出具体建议。,,,1
positive,"公司的持续良性发展是投资者投资信心的有力保证,愿公司的发展能为投资者带来良好的回报!请问公司领导对今年有信心吗？ 公司加强了产品研发、市场推广，对今年的经营充满信心。","公司的持续良性发展是投资者投资信心的有力保证,愿公司的发展能为投资者带来良好的回报!请问公司领导对今年有信心吗？",2,answer_pressure,dep_reason,Q2完全重复Q1，虽A1已作答但表述笼统，属催促更具体回复的抱怨。,"公司的持续良性发展是投资者投资信心的有力保证,愿公司的发展能为投资者带来良好的回报!请问公司领导对今年有信心吗？",公司加强了产品研发、市场推广，对今年的经营充满信心。,"公司的持续良性发展是投资者投资信心的有力保证,愿公司的发展能为投资者带来良好的回报!请问公司领导对今年有信心吗？",300282_2014,27,28,1,Complaint,Q2完全重复Q1，虽A1已作答但表述笼统，属催促更具体回复的抱怨。,,,1
positive,您是否认为公司有核心竞争力？公司的核心竞争力是什么呢？ 尊敬的投资者，您好，感谢您的提问。公司核心竞争力主要体现在如下几个方面：1、技术及制造优势公司拥有全球领先的红外及光学影像触摸技术，始终致力于为教育、金融、交通、零售、娱乐、电信、医疗、工控等多个行业提供极致的信息交互解决方案。截至2015年12月31日，公司在红外及光学影像触摸技术方面拥有国内专利222项，其中发明专利50项；国外专利11项，其中发明专利11项；同时尚有61项发明专利处于申请阶段。公司控股子公司广州华欣拥有国内专利12项，同时尚有17项发明专利和2项实用新型专利处于申请阶段。公司控股子公司旺鑫精密“精于研发、专于制造”，设立了专门的工程技术中心、模具设计和研发中心。截至2015年12月31日，旺鑫精密拥有专利26项，其中发明专利10项，同时尚有2项发明专利和3项实用新型专利处于申请阶段。除此之外，旺鑫精密拥有平湖、龙岗、塘厦三大生产基地，同华为、HTC、联想、三星、摩托罗拉、比亚迪、天宇、宇龙、龙旗、闻泰等国内外知名企业进行了深度合作，使其具备了较强的智能设备规模化配套量产能力。2、人才优势“以产业为基础，以资本为纽带，为经营管理人才提供事业舞台、为科技创业创新人才提供孵化平台，最终将公司打造成人才创业和科技创新的众创平台，为股东和员工创造最大价值”是公司永恒的经营宗旨。作为一家人才驱动型公司，公司秉承“先造就人，然后造就企业和事业。人品即事品，人成即业成”的理念，将人才战略定义为公司的第一战略，依托和君商学的人才资源以及友才网的人才库，聚焦于人才经营——搜寻人才、识别人才、激发人才、成就人才。3、股东资源优势公司控股股东、实际控制人长期致力于咨询（管理咨询+投资银行）、商学（商学培训+人才服务）和资本（资金投入+解决方案）等领域，在管理改进、效率提升及资本运营方面拥有极为丰富的理论积累和实践经验。,公司创业创新孵化平台是怎么推进的？目前有孵化项目吗？,1,disclosure_detail,dep_reason,Q2针对A1中提到的孵化平台要求详细说明推进情况和具体项目。,您是否认为公司有核心竞争力？公司的核心竞争力是什么呢？,尊敬的投资者，您好，感谢您的提问。公司核心竞争力主要体现在如下几个方面：1、技术及制造优势公司拥有全球领先的红外及光学影像触摸技术，始终致力于为教育、金融、交通、零售、娱乐、电信、医疗、工控等多个行业提供极致的信息交互解决方案。截至2015年12月31日，公司在红外及光学影像触摸技术方面拥有国内专利222项，其中发明专利50项；国外专利11项，其中发明专利11项；同时尚有61项发明专利处于申请阶段。公司控股子公司广州华欣拥有国内专利12项，同时尚有17项发明专利和2项实用新型专利处于申请阶段。公司控股子公司旺鑫精密“精于研发、专于制造”，设立了专门的工程技术中心、模具设计和研发中心。截至2015年12月31日，旺鑫精密拥有专利26项，其中发明专利10项，同时尚有2项发明专利和3项实用新型专利处于申请阶段。除此之外，旺鑫精密拥有平湖、龙岗、塘厦三大生产基地，同华为、HTC、联想、三星、摩托罗拉、比亚迪、天宇、宇龙、龙旗、闻泰等国内外知名企业进行了深度合作，使其具备了较强的智能设备规模化配套量产能力。2、人才优势“以产业为基础，以资本为纽带，为经营管理人才提供事业舞台、为科技创业创新人才提供孵化平台，最终将公司打造成人才创业和科技创新的众创平台，为股东和员工创造最大价值”是公司永恒的经营宗旨。作为一家人才驱动型公司，公司秉承“先造就人，然后造就企业和事业。人品即事品，人成即业成”的理念，将人才战略定义为公司的第一战略，依托和君商学的人才资源以及友才网的人才库，聚焦于人才经营——搜寻人才、识别人才、激发人才、成就人才。3、股东资源优势公司控股股东、实际控制人长期致力于咨询（管理咨询+投资银行）、商学（商学培训+人才服务）和资本（资金投入+解决方案）等领域，在管理改进、效率提升及资本运营方面拥有极为丰富的理论积累和实践经验。,公司创业创新孵化平台是怎么推进的？目前有孵化项目吗？,300282_2015,10,15,5,Elaboration,Q2针对A1中提到的孵化平台要求详细说明推进情况和具体项目。,,,1
positive,"请问董事长,关于公司最新项目今年或以后有什么战略规划吗,如果有今年能进展到什么程度? 谢谢您的提问。截至目前，公司主要的在建项目为智慧教育云计算数据中心建设与运营项目，该项目预计需要3年时间完全建成。具体情况请参见重组报告书相关章节。谢谢！",公司新项目何时能对公司贡献利润？预计每年可实现净利润多少？,2,performance_governance,dep_reason,Q2针对A1中提到的智慧教育云计算数据中心项目追问利润贡献时间和净利润。,"请问董事长,关于公司最新项目今年或以后有什么战略规划吗,如果有今年能进展到什么程度?",谢谢您的提问。截至目前，公司主要的在建项目为智慧教育云计算数据中心建设与运营项目，该项目预计需要3年时间完全建成。具体情况请参见重组报告书相关章节。谢谢！,公司新项目何时能对公司贡献利润？预计每年可实现净利润多少？,300282_2016,4,7,3,Elaboration,Q2针对A1中提到的智慧教育云计算数据中心项目追问利润贡献时间和净利润。,,,1
positive,在做项目之前是否对项目进行严谨的可行性研究？ 谢谢您的提问。公司每次投资项目均有详细的尽职调查及可行性研究报告，公司亦严格按照中国证监会及深交所相关规定进行了相应的披露。,公司每次投资项目的可行性报告是否有详细说明公告？,1,disclosure_detail,dep_reason,Q2针对A1中提到的可行性报告，追问是否发布详细说明公告。,在做项目之前是否对项目进行严谨的可行性研究？,谢谢您的提问。公司每次投资项目均有详细的尽职调查及可行性研究报告，公司亦严格按照中国证监会及深交所相关规定进行了相应的披露。,公司每次投资项目的可行性报告是否有详细说明公告？,300282_2016,8,10,2,Elaboration,Q2针对A1中提到的可行性报告，追问是否发布详细说明公告。,,,1
positive,好的管理层应该体现出好的业绩，好的股价表现。虽说不一定要股价暴涨，但至少应该能够达到均值吧。近一年来，公司股价不断下跌，成交极其低迷，请问公司对此如何看待？ 公司新任管理层接管公司一年多的时间，促使公司确立了新的战略，并完成了战略落地的第一单并购，公司2016年业绩同比也大幅增长。二级市场有其自身规律，且受多重因素影响，请投资者看重公司的长期价值。谢谢,公司股价已经跌破大股东并购时的价格，并且公司成交低迷，A股已经有3000+的上市公司，未来会出现很多类似香港的仙股，请问公司如何避免被边缘化？,2,restructuring,dep_reason,Q2针对A1未正面回应股价与成交低迷继续追问，并用大股东并购价和边缘化风险施压。,好的管理层应该体现出好的业绩，好的股价表现。虽说不一定要股价暴涨，但至少应该能够达到均值吧。近一年来，公司股价不断下跌，成交极其低迷，请问公司对此如何看待？,公司新任管理层接管公司一年多的时间，促使公司确立了新的战略，并完成了战略落地的第一单并购，公司2016年业绩同比也大幅增长。二级市场有其自身规律，且受多重因素影响，请投资者看重公司的长期价值。谢谢,公司股价已经跌破大股东并购时的价格，并且公司成交低迷，A股已经有3000+的上市公司，未来会出现很多类似香港的仙股，请问公司如何避免被边缘化？,300282_2016,18,20,2,Challenge,Q2针对A1未正面回应股价与成交低迷继续追问，并用大股东并购价和边缘化风险施压。,,,1
positive,山东、河南、河北都是教育大省，请问公司在这几个省份的业务布局如何规划？是否已经在采取行动？ 谢谢您的提问。公司未来发展战略是致力于打造智能教育生态圈，在教育大省进行业务布局势在必行。基于此，一方面，公司积极支持恒峰信息向全国布局，目前恒峰信息已在海南、广西、内蒙古等地区实现了项目落地；另一方面，公司亦积极探讨同其他省份或地区区域教育信息化龙头合作的可行性，如有相关进展，请关注上市公司公告。,公司在山东河北河南以及东三省地区是否已经开展业务布局？,1,disclosure_detail,dep_reason,Q2继续追问Q1中未获正面回答的山东、河北、河南业务布局问题，并新增东三省，但核心是针对A1的回避继续追问。,山东、河南、河北都是教育大省，请问公司在这几个省份的业务布局如何规划？是否已经在采取行动？,谢谢您的提问。公司未来发展战略是致力于打造智能教育生态圈，在教育大省进行业务布局势在必行。基于此，一方面，公司积极支持恒峰信息向全国布局，目前恒峰信息已在海南、广西、内蒙古等地区实现了项目落地；另一方面，公司亦积极探讨同其他省份或地区区域教育信息化龙头合作的可行性，如有相关进展，请关注上市公司公告。,公司在山东河北河南以及东三省地区是否已经开展业务布局？,300282_2016,22,25,3,Complaint,Q2继续追问Q1中未获正面回答的山东、河北、河南业务布局问题，并新增东三省，但核心是针对A1的回避继续追问。,,,1
positive,公司在山东河北河南以及东三省地区是否已经开展业务布局？ 谢谢您的提问。公司未来发展战略是致力于打造智能教育生态圈，在教育大省进行业务布局势在必行。基于此，一方面，公司积极支持恒峰信息向全国布局，目前恒峰信息已在海南、广西、内蒙古等地区实现了项目落地；另一方面，公司亦积极探讨同其他省份或地区区域教育信息化龙头合作的可行性，如有相关进展，请关注上市公司公告。,没有任何一家公司的管理层会说对公司未来没有信心，都会说公司未来有前景，请问前景如何体现？,2,answer_pressure,dep_reason,Q2针对A1中笼统前景表述要求具体体现。,公司在山东河北河南以及东三省地区是否已经开展业务布局？,谢谢您的提问。公司未来发展战略是致力于打造智能教育生态圈，在教育大省进行业务布局势在必行。基于此，一方面，公司积极支持恒峰信息向全国布局，目前恒峰信息已在海南、广西、内蒙古等地区实现了项目落地；另一方面，公司亦积极探讨同其他省份或地区区域教育信息化龙头合作的可行性，如有相关进展，请关注上市公司公告。,没有任何一家公司的管理层会说对公司未来没有信心，都会说公司未来有前景，请问前景如何体现？,300282_2016,25,28,3,Elaboration,Q2针对A1中笼统前景表述要求具体体现。,,,1
positive,请问公司以后每年都会用现金分红的形式回馈股东吗？ 感谢您对公司的关注。公司2015年和2016年度母公司未分配利润均为负数，根据规定不具备进行现金分红的条件。今年公司将在保证子公司发展的基础上，强化子公司对母公司的分红机制，届时如果条件具备，会根据实际情况对股东进行分红。,公司已经连续两年未分红，请问接下来的分红政策如何？,1,disclosure_detail,dep_reason,Q2基于A1中连续两年未分红的说明，追问未来的分红政策。,请问公司以后每年都会用现金分红的形式回馈股东吗？,感谢您对公司的关注。公司2015年和2016年度母公司未分配利润均为负数，根据规定不具备进行现金分红的条件。今年公司将在保证子公司发展的基础上，强化子公司对母公司的分红机制，届时如果条件具备，会根据实际情况对股东进行分红。,公司已经连续两年未分红，请问接下来的分红政策如何？,300282_2016,36,41,5,Elaboration,Q2基于A1中连续两年未分红的说明，追问未来的分红政策。,,,1
positive,为什么公司营收同比下降38.98%，净利润却能同比增长410.82%？ 您好，公司2018年度营业收入同比下降，主要为2017年合并了旺鑫精密1-7月营业收入，2018年不再合并旺鑫精密。净利润同比增长，主要为2017年出售旺鑫精密涉及资产减值。,请问为何公司18年的净利润增长了410%，而扣非净利润反而比去年下降了？是什么原因导致的？,2,performance_governance,dep_reason,Q2针对A1中旺鑫精密出售影响净利润的解释，进一步追问扣非净利润下降原因。,为什么公司营收同比下降38.98%，净利润却能同比增长410.82%？,您好，公司2018年度营业收入同比下降，主要为2017年合并了旺鑫精密1-7月营业收入，2018年不再合并旺鑫精密。净利润同比增长，主要为2017年出售旺鑫精密涉及资产减值。,请问为何公司18年的净利润增长了410%，而扣非净利润反而比去年下降了？是什么原因导致的？,300282_2018,14,16,2,Elaboration,Q2针对A1中旺鑫精密出售影响净利润的解释，进一步追问扣非净利润下降原因。,,,1
positive,公司在提振股价方面有具体采取过哪些措施？ 您好，公司现有智慧教育服务和智能教育装备业务稳步发展，并将立足上市公司自身以及三盛集团的资源和能力，通过内涵式增长和外延式扩张的方式，推进“打造A股教育行业优质上市公司”战略目标的落地，持续提升公司价值。,您好，公司教育项目并购计划开展的怎么样？,1,disclosure_detail,dep_reason,Q2针对A1中“外延式扩张”追问教育项目并购计划进展。,公司在提振股价方面有具体采取过哪些措施？,您好，公司现有智慧教育服务和智能教育装备业务稳步发展，并将立足上市公司自身以及三盛集团的资源和能力，通过内涵式增长和外延式扩张的方式，推进“打造A股教育行业优质上市公司”战略目标的落地，持续提升公司价值。,您好，公司教育项目并购计划开展的怎么样？,300282_2018,17,20,3,Elaboration,Q2针对A1中“外延式扩张”追问教育项目并购计划进展。,,,1
positive,董秘你好，请问公司在市场开拓方面有什么计划？ 您好，公司在保证原有智能教育装备与服务业务稳定健康发展的基础上，在市场前景广阔且行业政策鼓励的教育行业细分领域，公司将选择1-2家行业优秀企业进行深度合作，共同打造有品格、有品质的教育，为社会提供更优质、更具匠心的教育服务。,您好，公司教育项目并购计划开展的怎么样？,1,disclosure_detail,dep_reason,Q2针对A1中提到的选择1-2家企业深度合作计划，追问并购进展。,董秘你好，请问公司在市场开拓方面有什么计划？,您好，公司在保证原有智能教育装备与服务业务稳定健康发展的基础上，在市场前景广阔且行业政策鼓励的教育行业细分领域，公司将选择1-2家行业优秀企业进行深度合作，共同打造有品格、有品质的教育，为社会提供更优质、更具匠心的教育服务。,您好，公司教育项目并购计划开展的怎么样？,300282_2018,19,20,1,Elaboration,Q2针对A1中提到的选择1-2家企业深度合作计划，追问并购进展。,,,1
positive,如何在未来保持企业的高速发展？自力更生还是并购同业？还是往外围拓展？ 我们认为企业稳步健康发展更重要，水到自然渠成。公司相关的发展策略已在2015年年度报告及招股书说明书中做出阐述。,公司有考虑收购兼并其他品牌吗？近期有规划吗？,2,restructuring,dep_reason,Q2重复Q1中并购问题，A1未正面回答，继续追问。,如何在未来保持企业的高速发展？自力更生还是并购同业？还是往外围拓展？,我们认为企业稳步健康发展更重要，水到自然渠成。公司相关的发展策略已在2015年年度报告及招股书说明书中做出阐述。,公司有考虑收购兼并其他品牌吗？近期有规划吗？,300495_2015,8,12,4,Complaint,Q2重复Q1中并购问题，A1未正面回答，继续追问。,,,1
positive,公司的业绩是否具有季节性，具体如何？ 项目施工中，植物种植有季节性，其他部分则没明显季节性。,王董好，请问：1.公司一季度利润占全年比不到10%，是季节性规律吗？2.公司ppp、bt项目较多，现金流如何解决？谢谢。,2,performance_governance,dep_reason,Q2第1问依赖Q1季节性及A1种植季节性，追问一季度利润占比是否属季节性规律。,公司的业绩是否具有季节性，具体如何？,项目施工中，植物种植有季节性，其他部分则没明显季节性。,王董好，请问：1.公司一季度利润占全年比不到10%，是季节性规律吗？2.公司ppp、bt项目较多，现金流如何解决？谢谢。,300495_2015,15,19,4,Elaboration,Q2第1问依赖Q1季节性及A1种植季节性，追问一季度利润占比是否属季节性规律。,,,1
positive,做为高管你对公司的股价有何看法？股价的上扬能体现上市公司的潜质和气魄！希望管理层关心一下自己公司的股价！以提振二级市场的股东对公司的信心！！！谢谢 股价是由市场决定的，公司能做的是努力经营，创造好的业绩就是对股东最大的信心，谢谢！,"公司采取了具体怎样的应对措施,在同业中不断做大做强?",2,performance_governance,dep_reason,Q2针对A1中“努力经营”的笼统表述要求具体化应对措施。,做为高管你对公司的股价有何看法？股价的上扬能体现上市公司的潜质和气魄！希望管理层关心一下自己公司的股价！以提振二级市场的股东对公司的信心！！！谢谢,股价是由市场决定的，公司能做的是努力经营，创造好的业绩就是对股东最大的信心，谢谢！,"公司采取了具体怎样的应对措施,在同业中不断做大做强?",300495_2016,8,12,4,Elaboration,Q2针对A1中“努力经营”的笼统表述要求具体化应对措施。,,,1
positive,请问公司拟进入的什么新的细分领域吗？这一领域与公司现有业务的相关性？ 公司专注于生态景观建设行业，大力发展生态修复与重构，并将不断完善生态产业链的布局。,能简单的介绍下新项目的情况吗？,2,strategy_planning,dep_reason,Q2要求介绍的新项目指向A1中提到的生态修复等发展方向，是对其具体化的追问。,请问公司拟进入的什么新的细分领域吗？这一领域与公司现有业务的相关性？,公司专注于生态景观建设行业，大力发展生态修复与重构，并将不断完善生态产业链的布局。,能简单的介绍下新项目的情况吗？,300495_2016,13,18,5,Elaboration,Q2要求介绍的新项目指向A1中提到的生态修复等发展方向，是对其具体化的追问。,,,1
positive,公司今年有没有新产品和新业务拓展？ 关于公司今年的发展战略及经营计划请查阅公司2016年年度报告全文第四章杰之第九点公司未来发展的展望。,公司今年有没有新产品和新业务拓展？对城镇一体化带来大发展机遇，公司有没有具体的发展计划？,1,disclosure_detail,dep_reason,Q2重复追问Q1中未被A1正面回答的问题，显示对回避回答的不满。,公司今年有没有新产品和新业务拓展？,关于公司今年的发展战略及经营计划请查阅公司2016年年度报告全文第四章杰之第九点公司未来发展的展望。,公司今年有没有新产品和新业务拓展？对城镇一体化带来大发展机遇，公司有没有具体的发展计划？,300495_2016,14,17,3,Complaint,Q2重复追问Q1中未被A1正面回答的问题，显示对回避回答的不满。,,,1
positive,公司今年有没有新产品和新业务拓展？ 关于公司今年的发展战略及经营计划请查阅公司2016年年度报告全文第四章杰之第九点公司未来发展的展望。,能简单的介绍下新项目的情况吗？,1,disclosure_detail,dep_reason,Q2针对A1回避回答，继续要求介绍新项目。,公司今年有没有新产品和新业务拓展？,关于公司今年的发展战略及经营计划请查阅公司2016年年度报告全文第四章杰之第九点公司未来发展的展望。,能简单的介绍下新项目的情况吗？,300495_2016,14,18,4,Complaint,Q2针对A1回避回答，继续要求介绍新项目。,,,1
positive,叔叔好，公司的主营业务是什么？ 公司的主营业务为生态景观建设，主要包括生态修复与重构和园林景观两大类别，前者主要包括湿地生态修复与保护、城市湿地公园、面源污染生态拦截与治理、河道综合治理、矿山修复、边坡治理、土壤修复等，后者主要为道路绿化、广场景观、地产景观等。,公司作为湿地生态修复的龙头企业，是否会抓住政策机会，考虑在雄安地区布局？谢谢。,2,strategy_planning,dep_reason,Q2基于A1中湿地生态修复业务，追问是否在雄安布局。,叔叔好，公司的主营业务是什么？,公司的主营业务为生态景观建设，主要包括生态修复与重构和园林景观两大类别，前者主要包括湿地生态修复与保护、城市湿地公园、面源污染生态拦截与治理、河道综合治理、矿山修复、边坡治理、土壤修复等，后者主要为道路绿化、广场景观、地产景观等。,公司作为湿地生态修复的龙头企业，是否会抓住政策机会，考虑在雄安地区布局？谢谢。,300495_2016,34,38,4,Elaboration,Q2基于A1中湿地生态修复业务，追问是否在雄安布局。,,,1
positive,公司高级管理人员的考评及激励情况怎样，有没有股权激励制度？ 公司建立了高级管理人员的薪酬与公司业绩挂钩的绩效考核与激励约束机制，公司高级管理人员实行基本年薪和年终绩效考核相结合的薪酬制度。根据公司年度经营目标完成情况以及高级管理人员的工作业绩，由董事会薪酬与考核委员会对高级管理人员进行年度绩效考核，并监督薪酬制度执行情况。,2017年公司是否考虑对高管实行股权激励，如果有的话大概什么时候实行？,2,answer_pressure,dep_reason,Q2追问A1未正面回答的股权激励制度问题。,公司高级管理人员的考评及激励情况怎样，有没有股权激励制度？,公司建立了高级管理人员的薪酬与公司业绩挂钩的绩效考核与激励约束机制，公司高级管理人员实行基本年薪和年终绩效考核相结合的薪酬制度。根据公司年度经营目标完成情况以及高级管理人员的工作业绩，由董事会薪酬与考核委员会对高级管理人员进行年度绩效考核，并监督薪酬制度执行情况。,2017年公司是否考虑对高管实行股权激励，如果有的话大概什么时候实行？,300495_2016,48,53,5,Complaint,Q2追问A1未正面回答的股权激励制度问题。,,,1
positive,"看了公司公告，2017年业绩是否完成既定目标呢？公司对于2018年业绩有什么期望呢？ 2017年基本完成既定目标，报告期内，公司实现营业收入230,365.15万元，比上年同期增长118.38%；实现营业利润34,293.41万元，比上年同期增长38.59%；实现归属于母公司净利润28,411.70万元，比上年同期增长35.95%。2018年公司将继续以“创造生态价值，传送景观享受”为企业使命，坚持“不驰于空想，不鹜于虚声”的工作理念，践行“美丽中国”发展战略，紧紧抓住国内生态景观建设市场快速发展的机遇，充分发挥“研发、施工、投融资”三大平台优势，使公司成为一个智慧型的管理平台。在生态修复与重构领域精耕细作，不断强化研发创新，完善生态治理与景观再生综合技术体系，探索生态景观设备人工智能化应用，强化升级公司生态旅游和特色小镇运营能力，成为生态景观行业的标杆企业。",请问公司目前的研发机构有哪些？公司未来产品的研发与创新将如何进行？,2,strategy_planning,dep_reason,Q2针对A1中提及的强化研发创新，进一步追问研发机构和未来计划，属于内容细化。,看了公司公告，2017年业绩是否完成既定目标呢？公司对于2018年业绩有什么期望呢？,"2017年基本完成既定目标，报告期内，公司实现营业收入230,365.15万元，比上年同期增长118.38%；实现营业利润34,293.41万元，比上年同期增长38.59%；实现归属于母公司净利润28,411.70万元，比上年同期增长35.95%。2018年公司将继续以“创造生态价值，传送景观享受”为企业使命，坚持“不驰于空想，不鹜于虚声”的工作理念，践行“美丽中国”发展战略，紧紧抓住国内生态景观建设市场快速发展的机遇，充分发挥“研发、施工、投融资”三大平台优势，使公司成为一个智慧型的管理平台。在生态修复与重构领域精耕细作，不断强化研发创新，完善生态治理与景观再生综合技术体系，探索生态景观设备人工智能化应用，强化升级公司生态旅游和特色小镇运营能力，成为生态景观行业的标杆企业。",请问公司目前的研发机构有哪些？公司未来产品的研发与创新将如何进行？,300495_2017,14,15,1,Elaboration,Q2针对A1中提及的强化研发创新，进一步追问研发机构和未来计划，属于内容细化。,,,1
positive,做为高管你对公司的股价有何看法？股价的上扬能体现上市公司的潜质和气魄！希望管理层关心一下自己公司的股价！以提振二级市场的股东对公司的信心！！！谢谢 您好，请相信作为公司高管，同时也是公司股东，与广大股民的心情是一样的。公司管理层围绕董事会战略规划，努力经营，全力以赴，以创造稳定的业绩回报投资者，也非常感谢您对公司的关注与支持！,虽说股价波动是市场行为，但是，还是希望公司在提振股价、提升股东信心方面有所作为，不知公司有何想法举措？,2,answer_pressure,dep_reason,Q2针对A1笼统表态要求具体提振股价措施。,做为高管你对公司的股价有何看法？股价的上扬能体现上市公司的潜质和气魄！希望管理层关心一下自己公司的股价！以提振二级市场的股东对公司的信心！！！谢谢,您好，请相信作为公司高管，同时也是公司股东，与广大股民的心情是一样的。公司管理层围绕董事会战略规划，努力经营，全力以赴，以创造稳定的业绩回报投资者，也非常感谢您对公司的关注与支持！,虽说股价波动是市场行为，但是，还是希望公司在提振股价、提升股东信心方面有所作为，不知公司有何想法举措？,300495_2018,0,3,3,Elaboration,Q2针对A1笼统表态要求具体提振股价措施。,,,1
positive,"2018年公司有哪些新的产能释放？公司的持续良性发展是投资者投资信心的有力保证,今年有哪些困难和希望？ 您好，2018年，公司生态修复业务创新突破实现稳健增长，其中矿山修复业务发力，收入贡献大幅提高，公司充分发挥与子公司绿之源在生态修复业务上的协同效应，落地大型矿山修复项目，创新可复制的商业模式，为公司开拓市场提供有力保障。生态文旅业务探索升级，业务稳步推进；持续加强研发创新力度，积极探索生态产品的研究开发与推广，研发的木趣有机覆盖物成功推向市场，已销往国内28余省，50余城市，为解决城市绿色废弃物这个痛点提供了新的思路与方向，同时也为公司开辟新的市场。在业务上公司全面部署，在金融模式上公司积极创新，保障公司健康稳定的发展。",去年公司经营遇到的最大困难是什么?今年有望改善吗？,1,disclosure_detail,dep_reason,Q2针对A1未回答的困难部分继续追问，要求具体说明最大困难及改善可能。,"2018年公司有哪些新的产能释放？公司的持续良性发展是投资者投资信心的有力保证,今年有哪些困难和希望？",您好，2018年，公司生态修复业务创新突破实现稳健增长，其中矿山修复业务发力，收入贡献大幅提高，公司充分发挥与子公司绿之源在生态修复业务上的协同效应，落地大型矿山修复项目，创新可复制的商业模式，为公司开拓市场提供有力保障。生态文旅业务探索升级，业务稳步推进；持续加强研发创新力度，积极探索生态产品的研究开发与推广，研发的木趣有机覆盖物成功推向市场，已销往国内28余省，50余城市，为解决城市绿色废弃物这个痛点提供了新的思路与方向，同时也为公司开辟新的市场。在业务上公司全面部署，在金融模式上公司积极创新，保障公司健康稳定的发展。,去年公司经营遇到的最大困难是什么?今年有望改善吗？,300495_2018,5,6,1,Elaboration,Q2针对A1未回答的困难部分继续追问，要求具体说明最大困难及改善可能。,,,1
positive,2018年一季度收入和利润负增长，原因是什么。后续3个季度业务会改善吗。 一是自去年以来市场端资金面趋紧，负债成本有所提升。二是中间业务收入受相关政策和市场的影响有所减少。三是资产管理业务受“营改增”影响。2018年一季度，我行业务结构调整取得明显效果，为可持续发展奠定基础。感谢您的提问！,一季度营业收入下降是否与资管新规有影响，新的资管新规对浦发的影响大么，具体影响有哪些？,1,disclosure_detail,dep_reason,Q2针对A1中资管业务受影响原因进一步追问是否与资管新规有关，并索要具体影响细节。,2018年一季度收入和利润负增长，原因是什么。后续3个季度业务会改善吗。,一是自去年以来市场端资金面趋紧，负债成本有所提升。二是中间业务收入受相关政策和市场的影响有所减少。三是资产管理业务受“营改增”影响。2018年一季度，我行业务结构调整取得明显效果，为可持续发展奠定基础。感谢您的提问！,一季度营业收入下降是否与资管新规有影响，新的资管新规对浦发的影响大么，具体影响有哪些？,600000_2017,4,9,5,Elaboration,Q2针对A1中资管业务受影响原因进一步追问是否与资管新规有关，并索要具体影响细节。,,,1
positive,浦发银行发展的定位是建设成一个什么样的银行？ 我们将以客户为中心，科技引领，打造一流数字生态银行。感谢您的提问！,贵公司领导层要将浦发银行建设成为一个什么样的银行？未来公司对股民的回报是如何规划的？,2,answer_pressure,dep_reason,Q2重复Q1问题，A1为笼统表态，表明对回答不满意，构成交互依赖的抱怨追问。,浦发银行发展的定位是建设成一个什么样的银行？,我们将以客户为中心，科技引领，打造一流数字生态银行。感谢您的提问！,贵公司领导层要将浦发银行建设成为一个什么样的银行？未来公司对股民的回报是如何规划的？,600000_2017,19,22,3,Complaint,Q2重复Q1问题，A1为笼统表态，表明对回答不满意，构成交互依赖的抱怨追问。,,,1
positive,请问浦发对信用卡这块业务如何发展 经过近几年的快速发展积累，信用卡整体业务进入了增实效、稳质量、拓基础、调结构的新阶段。未来，本行信用卡中心将立足上海，辐射全国，以为全国持卡人消费升级、创造品质生活为已任，持续致力于上海金融服务优势品牌的打造；通过持续打造特色化市场活动体系、优化用卡体验、引入最新支付技术等举措，持续促动交易规模增长；此外，我们还将继续优化打造梦卡定制平台和权益平台，不断丰富权益产品种类、优化客户体验，稳步提升中间业务收入。感谢您的提问！,请问公司今年信用卡业务的目标是什么？,2,strategy_planning,dep_reason,Q2针对A1笼统的信用卡发展描述，要求量化具体目标。,请问浦发对信用卡这块业务如何发展,经过近几年的快速发展积累，信用卡整体业务进入了增实效、稳质量、拓基础、调结构的新阶段。未来，本行信用卡中心将立足上海，辐射全国，以为全国持卡人消费升级、创造品质生活为已任，持续致力于上海金融服务优势品牌的打造；通过持续打造特色化市场活动体系、优化用卡体验、引入最新支付技术等举措，持续促动交易规模增长；此外，我们还将继续优化打造梦卡定制平台和权益平台，不断丰富权益产品种类、优化客户体验，稳步提升中间业务收入。感谢您的提问！,请问公司今年信用卡业务的目标是什么？,600000_2017,24,26,2,Elaboration,Q2针对A1笼统的信用卡发展描述，要求量化具体目标。,,,1
positive,高价买信托，低价增发，连续3年分红不达标，请问贵行有尊重过中小股东么 分红有关的提问请参见前述回复。感谢您的提问！,连续3年分红达不到30%的标准，请问如何解释,1,disclosure_detail,dep_reason,Q2针对A1回避的分红问题继续追问，要求解释。,高价买信托，低价增发，连续3年分红不达标，请问贵行有尊重过中小股东么,分红有关的提问请参见前述回复。感谢您的提问！,连续3年分红达不到30%的标准，请问如何解释,600000_2017,25,28,3,Complaint,Q2针对A1回避的分红问题继续追问，要求解释。,,,1
positive,请问西部地区为何这几年一直亏损，成都分行的坏账追回了多少，还有多少亿需要处理？谢谢！ 近年来，随着内外部经营环境的日益复杂，该地区我行客户不良的原因，主要为产能过剩或缺乏核心竞争优势的企业，在本轮经济结构调整和去产能过程中受到较大冲击，企业盈利性和流动性面临巨大压力。成都分行看，近年来，我行持续投入资源，加大该分行的风险处置力度，按照既定计划，积极推进、落实不良资产处置各项安排及措施，强化尽职追索，风险处置成效显著，到2020年末成都分行实现了不良双降。成都分行事件发生后，公司通过深刻反思，举一反三，各项端正经营理念、强化内控管理的措施逐步落地，公司总分行整体合规意识及内控执行有效性已有进一步提升。一是着重提升风险管理和内控的数字化、集约化管理水平，加大违规成本和问责力度。二是坚决落实了分支行高级管理人员轮岗交流制度。三是提升合规考核在整体考核体系内的占比，增强各经营机构的合规意识；实施审计体制改革，强化审计独立性，重新架构审计组织和流程，进一步加强总行层面对分行的内部审计监督职能。四是通过大数据模型在全行范围有针对性地开展系列风险排查，并对部分分行进行了现场核查。五是建立了“前瞻精准、慎行知止”的企业风险观，形成了统一、完整的风险文化理念体系，用于指导和规范公司风险管理意识和行为。总之，我们从体制机制上，杜绝了再次发生类似情况的可能性。感谢您的提问。,能否详细介绍一下成都分行这三年的整改情况及目前的经营状况？是否回到银行行业和浦发的正常水平？,2,performance_governance,dep_reason,Q2针对A1中提及的成都分行风险处置和整改措施，进一步索要详细整改情况和经营状况。,请问西部地区为何这几年一直亏损，成都分行的坏账追回了多少，还有多少亿需要处理？谢谢！,近年来，随着内外部经营环境的日益复杂，该地区我行客户不良的原因，主要为产能过剩或缺乏核心竞争优势的企业，在本轮经济结构调整和去产能过程中受到较大冲击，企业盈利性和流动性面临巨大压力。成都分行看，近年来，我行持续投入资源，加大该分行的风险处置力度，按照既定计划，积极推进、落实不良资产处置各项安排及措施，强化尽职追索，风险处置成效显著，到2020年末成都分行实现了不良双降。成都分行事件发生后，公司通过深刻反思，举一反三，各项端正经营理念、强化内控管理的措施逐步落地，公司总分行整体合规意识及内控执行有效性已有进一步提升。一是着重提升风险管理和内控的数字化、集约化管理水平，加大违规成本和问责力度。二是坚决落实了分支行高级管理人员轮岗交流制度。三是提升合规考核在整体考核体系内的占比，增强各经营机构的合规意识；实施审计体制改革，强化审计独立性，重新架构审计组织和流程，进一步加强总行层面对分行的内部审计监督职能。四是通过大数据模型在全行范围有针对性地开展系列风险排查，并对部分分行进行了现场核查。五是建立了“前瞻精准、慎行知止”的企业风险观，形成了统一、完整的风险文化理念体系，用于指导和规范公司风险管理意识和行为。总之，我们从体制机制上，杜绝了再次发生类似情况的可能性。感谢您的提问。,能否详细介绍一下成都分行这三年的整改情况及目前的经营状况？是否回到银行行业和浦发的正常水平？,600000_2020,13,14,1,Elaboration,Q2针对A1中提及的成都分行风险处置和整改措施，进一步索要详细整改情况和经营状况。,,,1
positive,浦发银行明年能否恢复30%分红 今年，在制定利润分配方案前，公司通过广泛调研，多渠道认真听取了投资者的意见和诉求，充分考虑了投资者分享公司成长、发展成果、取得合理投资回报等要求，拟定了2020年公司利润分配方案为“向全体普通股股东每10股派发现金股利人民币4.80元（含税）”。主要基于：1.新冠疫情对全球影响尚未消除，经济复苏存在不确定性，银行业务发展面临挑战，需进一步提升抗风险能力。2.公司在制定利润分配方案时已考虑后续可能面临严格的资本监管要求。3.为积极贯彻落实国家战略部署和监管要求，全面服务好“六稳”“六保”工作，公司将进一步加大信贷投放，提升服务实体经济质效。公司年度现金分红方案结合了当前的发展阶段、自身盈利水平和对资本的需求。未来，公司将进一步兼顾股东利益和可持续发展的需求，统筹做好分红方案。感谢您的提问！,公司章程连续3年合计分红要达到合计利润的30%，最近3年合计25%左右，不符合章程要求。明年如还是不到30%，那就根本达不到要求。17、18年连续2年超低分红，今年利润与去年持平，分红却下降20%，明年30%的分红我们小股东可以期待吗？,2,shareholder_return,dep_reason,Q2针对A1未正面回答的明年分红恢复问题，结合章程与数据继续追问并质疑。,浦发银行明年能否恢复30%分红,今年，在制定利润分配方案前，公司通过广泛调研，多渠道认真听取了投资者的意见和诉求，充分考虑了投资者分享公司成长、发展成果、取得合理投资回报等要求，拟定了2020年公司利润分配方案为“向全体普通股股东每10股派发现金股利人民币4.80元（含税）”。主要基于：1.新冠疫情对全球影响尚未消除，经济复苏存在不确定性，银行业务发展面临挑战，需进一步提升抗风险能力。2.公司在制定利润分配方案时已考虑后续可能面临严格的资本监管要求。3.为积极贯彻落实国家战略部署和监管要求，全面服务好“六稳”“六保”工作，公司将进一步加大信贷投放，提升服务实体经济质效。公司年度现金分红方案结合了当前的发展阶段、自身盈利水平和对资本的需求。未来，公司将进一步兼顾股东利益和可持续发展的需求，统筹做好分红方案。感谢您的提问！,公司章程连续3年合计分红要达到合计利润的30%，最近3年合计25%左右，不符合章程要求。明年如还是不到30%，那就根本达不到要求。17、18年连续2年超低分红，今年利润与去年持平，分红却下降20%，明年30%的分红我们小股东可以期待吗？,600000_2020,19,20,1,Challenge,Q2针对A1未正面回答的明年分红恢复问题，结合章程与数据继续追问并质疑。,,,1
positive,"管理层好！能否展望下2021年的净息差、资产/贷款增速和配置、资产质量、中收等关键经营指标？谢谢！ 净息差情况如前所述。?2021年，我行资产、贷款增长将按照监管部门要求，预计基本与同期社融增速水平匹配。??2021年，我行将继续全力以赴持续推进风险压降,深入推进“一行一策”，持续优化信贷结构；不断深化风险监测预警系统运用，提升风险管理数字化水平；持续完善机制、队伍建设，夯实风险管理基础。同时，持续加大处置、加大防控，确保资产质量总体保持平稳可控。?在中收方面，将大力拓展投资银行、交易银行、三方代理和私行类中收业务，充分挖掘盈利提升的场景和空间，紧抓市场机遇，实现收入来源多极化，提升收入水平稳定性。感谢您的提问！",金融风险具有滞后性，2020年受疫情冲击后，浦发银行对2021年资产质量的展望？浦发银行不良率持续改善向好，2021年在资产质量方面的管理目标和规划是什么，是否计划将不良率进一步明显压降？,2,strategy_planning,dep_reason,Q2围绕A1中资产质量可控的表述进一步追问具体展望和不良压降目标。,管理层好！能否展望下2021年的净息差、资产/贷款增速和配置、资产质量、中收等关键经营指标？谢谢！,"净息差情况如前所述。?2021年，我行资产、贷款增长将按照监管部门要求，预计基本与同期社融增速水平匹配。??2021年，我行将继续全力以赴持续推进风险压降,深入推进“一行一策”，持续优化信贷结构；不断深化风险监测预警系统运用，提升风险管理数字化水平；持续完善机制、队伍建设，夯实风险管理基础。同时，持续加大处置、加大防控，确保资产质量总体保持平稳可控。?在中收方面，将大力拓展投资银行、交易银行、三方代理和私行类中收业务，充分挖掘盈利提升的场景和空间，紧抓市场机遇，实现收入来源多极化，提升收入水平稳定性。感谢您的提问！",金融风险具有滞后性，2020年受疫情冲击后，浦发银行对2021年资产质量的展望？浦发银行不良率持续改善向好，2021年在资产质量方面的管理目标和规划是什么，是否计划将不良率进一步明显压降？,600000_2020,29,31,2,Elaboration,Q2围绕A1中资产质量可控的表述进一步追问具体展望和不良压降目标。,,,1
positive,公司私人银行业务打法上有何特色？ 请参见前述回答，感谢您的关注！,公司私人银行业务打法上有何特色？,1,disclosure_detail,dep_reason,Q2重复Q1，A1回避回答，Q2针对未回答状态继续追问。,公司私人银行业务打法上有何特色？,请参见前述回答，感谢您的关注！,公司私人银行业务打法上有何特色？,600000_2022,1,4,3,Complaint,Q2重复Q1，A1回避回答，Q2针对未回答状态继续追问。,,,1
positive,公司私人银行业务打法上有何特色？ 请参见前述回答，感谢您的关注！,公司私人银行业务在打法上有何特色？未来将如何进一步发力？谢谢,2,answer_pressure,dep_reason,Q2重复追问A1未正面回答的同一问题，并追加新问题。,公司私人银行业务打法上有何特色？,请参见前述回答，感谢您的关注！,公司私人银行业务在打法上有何特色？未来将如何进一步发力？谢谢,600000_2022,1,6,5,Complaint,Q2重复追问A1未正面回答的同一问题，并追加新问题。,,,1
positive,公司私人银行业务打法上有何特色？ 请参见前述回答，感谢您的关注！,公司私人银行业务在打法上有何特色？未来将如何进一步发力？谢谢,1,disclosure_detail,dep_reason,Q2重复Q1问题，针对A1回避性回复催促回答。,公司私人银行业务打法上有何特色？,请参见前述回答，感谢您的关注！,公司私人银行业务在打法上有何特色？未来将如何进一步发力？谢谢,600000_2022,4,6,2,Complaint,Q2重复Q1问题，针对A1回避性回复催促回答。,,,1
positive,请问今年对公贷款投放的重点是什么 2023年，对公信贷投放将积极服务国家重点战略和实体经济，聚焦重点客群、特色经营与重点区域，提升效益、调优结构。持续对绿色信贷、科创金融、乡村振兴、先进制造业、普惠金融等重点领域资源配置倾斜，保持对实体经济重点发展领域的支持力度，做好国家重点投放领域及人民银行结构性信贷政策的贯彻落实。感谢您的关注！,请问王行长，浦发银行绿色金融投入多吗？目标是怎样的呢,2,strategy_planning,dep_reason,Q2针对A1提及的绿色信贷重点领域进一步追问投入情况和目标。,请问今年对公贷款投放的重点是什么,2023年，对公信贷投放将积极服务国家重点战略和实体经济，聚焦重点客群、特色经营与重点区域，提升效益、调优结构。持续对绿色信贷、科创金融、乡村振兴、先进制造业、普惠金融等重点领域资源配置倾斜，保持对实体经济重点发展领域的支持力度，做好国家重点投放领域及人民银行结构性信贷政策的贯彻落实。感谢您的关注！,请问王行长，浦发银行绿色金融投入多吗？目标是怎样的呢,600000_2022,9,11,2,Elaboration,Q2针对A1提及的绿色信贷重点领域进一步追问投入情况和目标。,,,1
positive,请问谢行长，公司本年分红没有达到30%的原因是什么 公司高度重视投资者利益，致力于为股东提供持续性回报。公司认真听取了投资者的意见，考虑到投资者分享公司成长和发展成果、取得合理投资回报等诉求，同时兼顾公司未来业务发展、市场约束以及监管要求，适当增加了内生资本的留存。具体详见公司《2022年度利润分配的方案公告》。感谢您的关注！,请问谢行长，公司本年分红没有达到30%的原因是什么,1,disclosure_detail,dep_reason,Q2重复追问同一问题，因A1未直接解释原因仅以公告回避。,请问谢行长，公司本年分红没有达到30%的原因是什么,公司高度重视投资者利益，致力于为股东提供持续性回报。公司认真听取了投资者的意见，考虑到投资者分享公司成长和发展成果、取得合理投资回报等诉求，同时兼顾公司未来业务发展、市场约束以及监管要求，适当增加了内生资本的留存。具体详见公司《2022年度利润分配的方案公告》。感谢您的关注！,请问谢行长，公司本年分红没有达到30%的原因是什么,600000_2022,12,13,1,Complaint,Q2重复追问同一问题，因A1未直接解释原因仅以公告回避。,,,1
positive,股价屡创新低，作为浦发银行董事长你肯定明白，这与浦发银行经营业绩持续下滑有关。浦发银行领导成员下步是否有增持的打算? 公司高管以自有资金从二级市场购入公司股票，截至2022年末合计持有129.06万股的公司股票，管理层与广大投资者利益一致，持续向市场传递了公司管理层对未来发展的信心。公司董事会审议通过了《董事、监事和高级管理人员持有公司股份及其变动管理办法》，力求形成长期机制，稳定市场预期、维护股东利益。感谢您的关注！,股价屡创新低，作为浦发银行董事长你肯定明白，这与浦发银行经营业绩持续下滑有关。浦发银行领导成员下步是否有增持的打算?,2,answer_pressure,dep_reason,Q2重复同一问题，A1未明确增持打算，构成对回答不充分的投诉。,股价屡创新低，作为浦发银行董事长你肯定明白，这与浦发银行经营业绩持续下滑有关。浦发银行领导成员下步是否有增持的打算?,公司高管以自有资金从二级市场购入公司股票，截至2022年末合计持有129.06万股的公司股票，管理层与广大投资者利益一致，持续向市场传递了公司管理层对未来发展的信心。公司董事会审议通过了《董事、监事和高级管理人员持有公司股份及其变动管理办法》，力求形成长期机制，稳定市场预期、维护股东利益。感谢您的关注！,股价屡创新低，作为浦发银行董事长你肯定明白，这与浦发银行经营业绩持续下滑有关。浦发银行领导成员下步是否有增持的打算?,600000_2022,16,20,4,Complaint,Q2重复同一问题，A1未明确增持打算，构成对回答不充分的投诉。,,,1
positive,息差何时会企稳？ 公司将多措并举减缓和阻止净息差下行：一是通过营造多场景、多平台融合经营模式，加大对低息结算性存款的获取力度，严格压控付息率。二是加大对重点投放领域的开拓和支持力度，努力提升资产收益率。三是加强市场研判，灵活调整负债结构策略。感谢您的关注！,请问您对今年净息差走势如何看？负债端成本如何控制？,2,performance_governance,dep_reason,Q2针对A1中净息差下行趋势和负债端成本控制措施继续追问走势判断和具体控制方法。,息差何时会企稳？,公司将多措并举减缓和阻止净息差下行：一是通过营造多场景、多平台融合经营模式，加大对低息结算性存款的获取力度，严格压控付息率。二是加大对重点投放领域的开拓和支持力度，努力提升资产收益率。三是加强市场研判，灵活调整负债结构策略。感谢您的关注！,请问您对今年净息差走势如何看？负债端成本如何控制？,600000_2022,23,24,1,Elaboration,Q2针对A1中净息差下行趋势和负债端成本控制措施继续追问走势判断和具体控制方法。,,,1
positive,息差何时会企稳？ 公司将多措并举减缓和阻止净息差下行：一是通过营造多场景、多平台融合经营模式，加大对低息结算性存款的获取力度，严格压控付息率。二是加大对重点投放领域的开拓和支持力度，努力提升资产收益率。三是加强市场研判，灵活调整负债结构策略。感谢您的关注！,息差何时会企稳？,1,disclosure_detail,dep_reason,Q2重复Q1，因A1回避“何时”未正面回答。,息差何时会企稳？,公司将多措并举减缓和阻止净息差下行：一是通过营造多场景、多平台融合经营模式，加大对低息结算性存款的获取力度，严格压控付息率。二是加大对重点投放领域的开拓和支持力度，努力提升资产收益率。三是加强市场研判，灵活调整负债结构策略。感谢您的关注！,息差何时会企稳？,600000_2022,23,26,3,Complaint,Q2重复Q1，因A1回避“何时”未正面回答。,,,1
positive,请问您对今年净息差走势如何看？负债端成本如何控制？ 请参见前述回答，感谢您的关注！,息差何时会企稳？,1,disclosure_detail,dep_reason,Q2针对A1回避净息差问题继续追问企稳时间。,请问您对今年净息差走势如何看？负债端成本如何控制？,请参见前述回答，感谢您的关注！,息差何时会企稳？,600000_2022,24,26,2,Complaint,Q2针对A1回避净息差问题继续追问企稳时间。,,,1
positive,①2022年银行业存款整体高增，从2023年前两个月经济数据来看，存款高增的趋势仍在持续。您认为这个趋势是否有望全年持续，浦发银行对于2023年的存款增长是怎样的预期？ 总体来看全年流动性合理充裕，预计公司存款继续保持稳定增长。信贷投放的问题请参见前述回复。感谢您的关注！,①2022年银行业存款整体高增，从2023年前两个月经济数据来看，存款高增的趋势仍在持续。您认为这个趋势是否有望全年持续，浦发银行对于2023年的存款增长是怎样的预期？,2,answer_pressure,dep_reason,Q2完全重复Q1，针对A1笼统回答进行催促，要求更具体回应。,①2022年银行业存款整体高增，从2023年前两个月经济数据来看，存款高增的趋势仍在持续。您认为这个趋势是否有望全年持续，浦发银行对于2023年的存款增长是怎样的预期？,总体来看全年流动性合理充裕，预计公司存款继续保持稳定增长。信贷投放的问题请参见前述回复。感谢您的关注！,①2022年银行业存款整体高增，从2023年前两个月经济数据来看，存款高增的趋势仍在持续。您认为这个趋势是否有望全年持续，浦发银行对于2023年的存款增长是怎样的预期？,600000_2022,31,36,5,Complaint,Q2完全重复Q1，针对A1笼统回答进行催促，要求更具体回应。,,,1
positive,请问今年对公贷款投放的重点是什么 2023年，对公信贷投放将积极服务国家重点战略和实体经济，聚焦重点客群、特色经营与重点区域，提升效益、调优结构。持续对绿色信贷、科创金融、乡村振兴、先进制造业、普惠金融等重点领域资源配置倾斜，保持对实体经济重点发展领域的支持力度，做好国家重点投放领域及人民银行结构性信贷政策的贯彻落实。感谢您的关注！,请问王行长，浦发银行绿色金融投入多吗？未来怎么提升呢？,2,strategy_planning,dep_reason,Q2针对A1中提到的绿色信贷继续追问投入和未来提升计划。,请问今年对公贷款投放的重点是什么,2023年，对公信贷投放将积极服务国家重点战略和实体经济，聚焦重点客群、特色经营与重点区域，提升效益、调优结构。持续对绿色信贷、科创金融、乡村振兴、先进制造业、普惠金融等重点领域资源配置倾斜，保持对实体经济重点发展领域的支持力度，做好国家重点投放领域及人民银行结构性信贷政策的贯彻落实。感谢您的关注！,请问王行长，浦发银行绿色金融投入多吗？未来怎么提升呢？,600000_2022,34,37,3,Elaboration,Q2针对A1中提到的绿色信贷继续追问投入和未来提升计划。,,,1
positive,请谢行长回答一下。有关浦发银行当前的股价是不是具有投资价值？还有关于公司可转债的问题。如何安排来的。 请参见前述回答。感谢您的提问！,尊敬的董事长，下午好！作为个人投资者，希望和公司领导交流一下，1、公司之前发行500亿元可转债目前溢价率高转股率低，目前还有不到2年到期。后续在推动转股方面会做哪些工作？2、公司如果下修，是否要求转股价不得低于净资产？3、作为个人投资者，近期是否可以来公司实地调研?,1,disclosure_detail,dep_reason,Q1问可转债安排，A1回避，Q2转向董事长继续追问可转债具体措施，针对回答缺失。,请谢行长回答一下。有关浦发银行当前的股价是不是具有投资价值？还有关于公司可转债的问题。如何安排来的。,请参见前述回答。感谢您的提问！,尊敬的董事长，下午好！作为个人投资者，希望和公司领导交流一下，1、公司之前发行500亿元可转债目前溢价率高转股率低，目前还有不到2年到期。后续在推动转股方面会做哪些工作？2、公司如果下修，是否要求转股价不得低于净资产？3、作为个人投资者，近期是否可以来公司实地调研?,600000_2023,2,7,5,Complaint,Q1问可转债安排，A1回避，Q2转向董事长继续追问可转债具体措施，针对回答缺失。,,,1
positive,电子银行的创新情况？介绍一下。 2015年，我行深入实施“第二银行”战略，加大电子银行创新力度，在提升客户体验、实现客户财富增值、改善客户金融生活品质等方面发挥了有效作用，得到社会及客户的认可。在产品创新方面，一是按照“极简金融、极致体验”的原则，围绕场景化金融服务，着力打造“无处不在”的移动银行3.0版本，提升交易界面友好度，推出朋友圈汇款、二维码收款、智慧理财等功能，打造移动银行“轻”服务。二是发挥直销银行“长尾获客”作用和“创利杠杆”作用，加快直销银行建设，丰富产品和服务功能，推出基金代销、生活缴费、银联代扣等功能，积极开展与第三方合作平台的“入口”对接。三是布局未来银行、卡位可穿戴设备金融服务领域，在同业首家推出手表银行。在服务模式创新方面，一是运用互联网工具，依托微信公众号打造个性化“微厅”营销模式，构建社交金融闭环。至年末，微厅菜单点击量超770万次。二是围绕“有车一族”、“老年金融”等客群打造移动金融生态圈，拓展覆盖“衣食住行医娱商教”等领域的生态服务体系。在跨界联合创新方面，积极与微众银行和蚂蚁金服在小微贷款、互联网支付、互联网理财、互联网征信、生态圈建设等领域开展战略合作，为用户提供便捷、安全、丰富的产品服务。谢谢！,现在银行都在做互联网金融，华夏也推出了“第二银行”，你们在互联网金融这方面未来要怎么发展？,2,strategy_planning,dep_reason,Q2基于A1中的“第二银行”战略和创新介绍追问未来发展规划。,电子银行的创新情况？介绍一下。,2015年，我行深入实施“第二银行”战略，加大电子银行创新力度，在提升客户体验、实现客户财富增值、改善客户金融生活品质等方面发挥了有效作用，得到社会及客户的认可。在产品创新方面，一是按照“极简金融、极致体验”的原则，围绕场景化金融服务，着力打造“无处不在”的移动银行3.0版本，提升交易界面友好度，推出朋友圈汇款、二维码收款、智慧理财等功能，打造移动银行“轻”服务。二是发挥直销银行“长尾获客”作用和“创利杠杆”作用，加快直销银行建设，丰富产品和服务功能，推出基金代销、生活缴费、银联代扣等功能，积极开展与第三方合作平台的“入口”对接。三是布局未来银行、卡位可穿戴设备金融服务领域，在同业首家推出手表银行。在服务模式创新方面，一是运用互联网工具，依托微信公众号打造个性化“微厅”营销模式，构建社交金融闭环。至年末，微厅菜单点击量超770万次。二是围绕“有车一族”、“老年金融”等客群打造移动金融生态圈，拓展覆盖“衣食住行医娱商教”等领域的生态服务体系。在跨界联合创新方面，积极与微众银行和蚂蚁金服在小微贷款、互联网支付、互联网理财、互联网征信、生态圈建设等领域开展战略合作，为用户提供便捷、安全、丰富的产品服务。谢谢！,现在银行都在做互联网金融，华夏也推出了“第二银行”，你们在互联网金融这方面未来要怎么发展？,600015_2015,2,4,2,Elaboration,Q2基于A1中的“第二银行”战略和创新介绍追问未来发展规划。,,,1
positive,请问中国财险与德银的股权交割何时完成？中国财险有无继续增持华夏银行的可能，中国财险成为的大股东后，会给公司带哪些好处。 本项股权转让尚待监管部门批准，再按有关规定办理股份过户。根据2015年12月末披露的《简式权益变动报告书》，人保财险未来12个月内不存在继续增加华夏银行股份持股比例的计划。人保财险入股我行后，双方将根据自身情况，发挥各自优势，实现资源共享，开展业务合作，发挥协同效应，推动我行业务不断向前发展。谢谢！,请问德意志银行持有的公司股权什么时间能过户给人保财险,2,answer_pressure,dep_reason,Q2重复追问A1未明确回答的交割时间。,请问中国财险与德银的股权交割何时完成？中国财险有无继续增持华夏银行的可能，中国财险成为的大股东后，会给公司带哪些好处。,本项股权转让尚待监管部门批准，再按有关规定办理股份过户。根据2015年12月末披露的《简式权益变动报告书》，人保财险未来12个月内不存在继续增加华夏银行股份持股比例的计划。人保财险入股我行后，双方将根据自身情况，发挥各自优势，实现资源共享，开展业务合作，发挥协同效应，推动我行业务不断向前发展。谢谢！,请问德意志银行持有的公司股权什么时间能过户给人保财险,600015_2015,3,8,5,Complaint,Q2重复追问A1未明确回答的交割时间。,,,1
positive,"我们想要知道，今年分红为何比前两年少一半，原因是什么？ 2016年度，我行拟按照总股本10,685,572,211股为基数，每10股现金分红1.81元（含税），分配现金股利19.34亿元，分红比例为10.01%。我行2016年度还进行资本公积转增股本，每10股转增2股，转增后总股本增至128.23亿股。现金分红政策的制定，主要考虑了以下因素：",贵行现金分红的政策是怎样制定的？,1,disclosure_detail,dep_reason,Q2针对A1未展开的现金分红政策制定因素继续追问细节。,我们想要知道，今年分红为何比前两年少一半，原因是什么？,"2016年度，我行拟按照总股本10,685,572,211股为基数，每10股现金分红1.81元（含税），分配现金股利19.34亿元，分红比例为10.01%。我行2016年度还进行资本公积转增股本，每10股转增2股，转增后总股本增至128.23亿股。现金分红政策的制定，主要考虑了以下因素：",贵行现金分红的政策是怎样制定的？,600015_2016,11,14,3,Elaboration,Q2针对A1未展开的现金分红政策制定因素继续追问细节。,,,1
positive,贵行2018年1季度整体业绩在股份制同业中处于较低水平，具体原因是什么？如何提升盈利能力？ 您好，2018年1季度拨备前利润105.7亿元，同比增长1.1%。主要原因：一是受市场环境影响，市场化资金成本呈上升趋势，付息负债成本率上升较快，资产定价提升受重定价周期的影响具有滞后性，因此息差有所收窄。二是受资管政策影响，资管业务规模、收入均呈下降趋势，未能对收入增长形成有利支撑。,我是一个关注华夏银行的小股东，这几年银行存款竞争很激烈，想了解一下华夏银行2018年存款增长计划是怎样的？存款成本会不会上升？,2,performance_governance,dep_reason,Q2围绕A1中付息负债成本上升具体追问存款成本及增长计划。,贵行2018年1季度整体业绩在股份制同业中处于较低水平，具体原因是什么？如何提升盈利能力？,您好，2018年1季度拨备前利润105.7亿元，同比增长1.1%。主要原因：一是受市场环境影响，市场化资金成本呈上升趋势，付息负债成本率上升较快，资产定价提升受重定价周期的影响具有滞后性，因此息差有所收窄。二是受资管政策影响，资管业务规模、收入均呈下降趋势，未能对收入增长形成有利支撑。,我是一个关注华夏银行的小股东，这几年银行存款竞争很激烈，想了解一下华夏银行2018年存款增长计划是怎样的？存款成本会不会上升？,600015_2017,8,10,2,Elaboration,Q2围绕A1中付息负债成本上升具体追问存款成本及增长计划。,,,1
positive,公司拟定增的价格远远高于二级市场股票价格，请问张行长，怎么保证发行的成功呢？ 您好，目前，增发工作正在积极有序推进中。我行将在获得中国证监会核准批文后，按照相关规定和核准的发行方案择机发行，并根据申购报价的情况确定发行对象。感谢您的关注。,公司增发情况进展如何，有没有考虑可转债的发行，配股？公司会不会像华融一样，暴惊天大雷,1,disclosure_detail,dep_reason,Q2首问增发进展，直接针对A1所述“正在积极有序推进”继续追问细节。,公司拟定增的价格远远高于二级市场股票价格，请问张行长，怎么保证发行的成功呢？,您好，目前，增发工作正在积极有序推进中。我行将在获得中国证监会核准批文后，按照相关规定和核准的发行方案择机发行，并根据申购报价的情况确定发行对象。感谢您的关注。,公司增发情况进展如何，有没有考虑可转债的发行，配股？公司会不会像华融一样，暴惊天大雷,600015_2021,1,6,5,Elaboration,Q2首问增发进展，直接针对A1所述“正在积极有序推进”继续追问细节。,,,1
positive,今天华夏银行股价5.38元，pb≈0.34，最近几年买入公司股票的中小投资者损失惨重，没有享受到公司发展的成果，没有获得感。请问，公司近期有具体的维护公司股价的计划吗？比如用分红资金回购，管理层二级市场增持 您好，我行高度重视市值管理，也十分关注股价走势。日常工作中，通过建立健全与股东沟通的有效渠道，采取多种形式与投资者进行沟通交流。由于商业银行资本充足水平有严格的监管要求，回购股份将导致银行资本减少，降低银行风险抵御能力和服务实体经济能力，制约银行的经营发展。综合考虑股东投资回报、监管机构对资本充足率要求以及我行可持续发展需求，近年来我行持续提升现金分红比例。受我国宏观经济整体下行、疫情及当前国际经济形势等多种因素影响，银行股整体估值和我行估值目前均处于较低水平。在此情况下，我行将积极应对宏观形势变化，持续改善经营管理，努力提升发展质效和盈利能力，提升公司价值。同时，将继续通过多种形式与投资者开展沟通交流，持续加强市值管理，努力给投资者更加满意的回报。谢谢！,今天华夏银行股价5.38元，pb≈0.34，最近几年买入公司股票的中小投资者损失惨重，没有享受到公司发展的成果，没有获得感。请问，公司近期有具体的维护公司股价的计划吗？,2,answer_pressure,dep_reason,Q2重复Q1问题，表明A1未正面回应具体计划，是催促回答的投诉行为。,今天华夏银行股价5.38元，pb≈0.34，最近几年买入公司股票的中小投资者损失惨重，没有享受到公司发展的成果，没有获得感。请问，公司近期有具体的维护公司股价的计划吗？比如用分红资金回购，管理层二级市场增持,您好，我行高度重视市值管理，也十分关注股价走势。日常工作中，通过建立健全与股东沟通的有效渠道，采取多种形式与投资者进行沟通交流。由于商业银行资本充足水平有严格的监管要求，回购股份将导致银行资本减少，降低银行风险抵御能力和服务实体经济能力，制约银行的经营发展。综合考虑股东投资回报、监管机构对资本充足率要求以及我行可持续发展需求，近年来我行持续提升现金分红比例。受我国宏观经济整体下行、疫情及当前国际经济形势等多种因素影响，银行股整体估值和我行估值目前均处于较低水平。在此情况下，我行将积极应对宏观形势变化，持续改善经营管理，努力提升发展质效和盈利能力，提升公司价值。同时，将继续通过多种形式与投资者开展沟通交流，持续加强市值管理，努力给投资者更加满意的回报。谢谢！,今天华夏银行股价5.38元，pb≈0.34，最近几年买入公司股票的中小投资者损失惨重，没有享受到公司发展的成果，没有获得感。请问，公司近期有具体的维护公司股价的计划吗？,600015_2021,4,9,5,Complaint,Q2重复Q1问题，表明A1未正面回应具体计划，是催促回答的投诉行为。,,,1
positive,公司增发情况进展如何，有没有考虑可转债的发行，配股？公司会不会像华融一样，暴惊天大雷 您好，目前，增发工作正在积极有序推进中。未来，我行也将结合自身实际情况适时择机选择资本补充方式，不断夯实发展基础。谢谢！,请问，本次定向增发的进展如何？,1,disclosure_detail,dep_reason,Q2重复Q1中的增发进展问题，针对A1笼统表态继续追问。,公司增发情况进展如何，有没有考虑可转债的发行，配股？公司会不会像华融一样，暴惊天大雷,您好，目前，增发工作正在积极有序推进中。未来，我行也将结合自身实际情况适时择机选择资本补充方式，不断夯实发展基础。谢谢！,请问，本次定向增发的进展如何？,600015_2021,6,7,1,Complaint,Q2重复Q1中的增发进展问题，针对A1笼统表态继续追问。,,,1
positive,持有公司股票很多年，看着公司股价一年不如一年，同行一家家赶超公司，请问你们不感到羞愧吗？东北地区的营收不够亏的，你们是如何经营的，每年报表都长篇大论，实际问题解决了？空话套话连篇，有用吗？我在杭州，你们的银行有几家？路上看都看不到，我有你们银行的卡，可从没有接到你们的营销电话过，你们就是在混日子，过一天算一天，请你们管理层多到基层行看一下，了解下客户的需求，去营销，去推荐自己的银行，自己也做个表率 您好，感谢您的建议。我行在日常工作中，通过建立健全与股东沟通的有效渠道，如投资者热线、上证e互动平台、股东大会、网络说明会等多种形式，与投资者进行沟通交流；每年根据利润分配方案向股东进行利润分配，与股东共享我行发展成果。上市公司的股价表现是由多种因素综合决定的。受我国宏观经济整体下行和新冠疫情等因素影响，银行股整体估值和我行估值均处于较低水平。在此情况下，我行积极应对宏观形势变化，切实调结构、提质量、增效益、稳规模，多措并举做好服务实体经济、加快结构调整、推进创新转型、支持复工复产和常态化疫情防控等多项工作，实现了平稳较快发展。此外，我行近年来持续强化全面风险管控，通过多种方式积极加快问题贷款处置，资产质量得到有效管控，为我行未来更好的经营发展创造了有利条件。截至2021年半年末，全行总资产规模超3.5万亿元，较上年末增长3.47%；实现归属于上市公司股东的净利润109.80亿元，同比增长17.60%，较去年同期快29.04个百分点。从分红情况看，我行近年来持续加大现金分红力度，分红金额从2017年度的19.36亿元逐年增加至2020年度的46.32亿元，分红比例从2017年度的10.2%逐年提升至2020年度的25.04%。未来，我行将继续努力改善经营管理，提升业绩和公司价值。同时，将继续通过多种形式与投资者开展沟通交流，提高市场对我行内在价值的发现和认可，给投资者更加满意的回报。谢谢！,去年疫情下，银行业净利润普遍基数较低，今年上半年华夏银行的净利润增速为17.60%。想请管理层分析下今年上半年华夏银行的净利润增长的原因？下半年能否保持净利润增长趋势如何？能否继续保持这个增速？,2,strategy_planning,dep_reason,Q2根据A1中提到的净利润增速17.60%继续追问增长原因和未来趋势。,持有公司股票很多年，看着公司股价一年不如一年，同行一家家赶超公司，请问你们不感到羞愧吗？东北地区的营收不够亏的，你们是如何经营的，每年报表都长篇大论，实际问题解决了？空话套话连篇，有用吗？我在杭州，你们的银行有几家？路上看都看不到，我有你们银行的卡，可从没有接到你们的营销电话过，你们就是在混日子，过一天算一天，请你们管理层多到基层行看一下，了解下客户的需求，去营销，去推荐自己的银行，自己也做个表率,您好，感谢您的建议。我行在日常工作中，通过建立健全与股东沟通的有效渠道，如投资者热线、上证e互动平台、股东大会、网络说明会等多种形式，与投资者进行沟通交流；每年根据利润分配方案向股东进行利润分配，与股东共享我行发展成果。上市公司的股价表现是由多种因素综合决定的。受我国宏观经济整体下行和新冠疫情等因素影响，银行股整体估值和我行估值均处于较低水平。在此情况下，我行积极应对宏观形势变化，切实调结构、提质量、增效益、稳规模，多措并举做好服务实体经济、加快结构调整、推进创新转型、支持复工复产和常态化疫情防控等多项工作，实现了平稳较快发展。此外，我行近年来持续强化全面风险管控，通过多种方式积极加快问题贷款处置，资产质量得到有效管控，为我行未来更好的经营发展创造了有利条件。截至2021年半年末，全行总资产规模超3.5万亿元，较上年末增长3.47%；实现归属于上市公司股东的净利润109.80亿元，同比增长17.60%，较去年同期快29.04个百分点。从分红情况看，我行近年来持续加大现金分红力度，分红金额从2017年度的19.36亿元逐年增加至2020年度的46.32亿元，分红比例从2017年度的10.2%逐年提升至2020年度的25.04%。未来，我行将继续努力改善经营管理，提升业绩和公司价值。同时，将继续通过多种形式与投资者开展沟通交流，提高市场对我行内在价值的发现和认可，给投资者更加满意的回报。谢谢！,去年疫情下，银行业净利润普遍基数较低，今年上半年华夏银行的净利润增速为17.60%。想请管理层分析下今年上半年华夏银行的净利润增长的原因？下半年能否保持净利润增长趋势如何？能否继续保持这个增速？,600015_2021,15,17,2,Elaboration,Q2根据A1中提到的净利润增速17.60%继续追问增长原因和未来趋势。,,,1
positive,公司目前股价低迷，PB值低于0.4，PE值低于4倍，请问公司管理层是否有增持股份的计划，公司主要的大股东是否有增持股份的计划？谢谢！ 您好，上市公司的股价表现是由多种因素综合决定的。受我国宏观经济整体下行和新冠疫情等因素影响，银行股整体估值和我行估值均处于较低水平。在此情况下，我行积极应对宏观形势变化，切实调结构、提质量、增效益、稳规模，多措并举做好服务实体经济、加快结构调整、推进创新转型、支持复工复产和常态化疫情防控等多项工作，实现了平稳较快发展。截至2021年半年末，全行总资产规模超3.5万亿元，较上年末增长3.47%；实现归属于上市公司股东的净利润109.80亿元，同比增长17.60%，较去年同期快29.04个百分点。近年来，我行持续加大现金分红力度，2017年度至2020年度，我行现金分红比例分别为10.2%、13.38%、20.03%、25.04%，现金分红比例逐年提升。2018年末，我行成功完成了非公开发行普通股股票事项，我行主要股东首钢集团有限公司、国网英大国际控股集团有限公司和新主要股东北京市基础设施投资有限公司以实际行动支持我行，积极参与股份认购，合计出资约292亿元，为我行资本充足水平的提升和业务更好发展做出了重大贡献。2021年上半年，我行主要股东北京市基础设施投资有限公司在二级市场增持我行股份，体现了其对我行未来发展前景的长期看好。关于高管增持，如有相关增持计划，我行将按照监管要求进行披露。未来，我行将继续努力改善经营管理，提升发展质效和盈利能力，提升公司价值，努力给投资者更加满意的回报。谢谢！,请问股价这么低，如何推进增发。你要是机构，你会买吗？说真话，不要空话套话回答,2,restructuring,dep_reason,Q2直接抱怨A1空话套话，并基于股价低质疑增发推进。,公司目前股价低迷，PB值低于0.4，PE值低于4倍，请问公司管理层是否有增持股份的计划，公司主要的大股东是否有增持股份的计划？谢谢！,您好，上市公司的股价表现是由多种因素综合决定的。受我国宏观经济整体下行和新冠疫情等因素影响，银行股整体估值和我行估值均处于较低水平。在此情况下，我行积极应对宏观形势变化，切实调结构、提质量、增效益、稳规模，多措并举做好服务实体经济、加快结构调整、推进创新转型、支持复工复产和常态化疫情防控等多项工作，实现了平稳较快发展。截至2021年半年末，全行总资产规模超3.5万亿元，较上年末增长3.47%；实现归属于上市公司股东的净利润109.80亿元，同比增长17.60%，较去年同期快29.04个百分点。近年来，我行持续加大现金分红力度，2017年度至2020年度，我行现金分红比例分别为10.2%、13.38%、20.03%、25.04%，现金分红比例逐年提升。2018年末，我行成功完成了非公开发行普通股股票事项，我行主要股东首钢集团有限公司、国网英大国际控股集团有限公司和新主要股东北京市基础设施投资有限公司以实际行动支持我行，积极参与股份认购，合计出资约292亿元，为我行资本充足水平的提升和业务更好发展做出了重大贡献。2021年上半年，我行主要股东北京市基础设施投资有限公司在二级市场增持我行股份，体现了其对我行未来发展前景的长期看好。关于高管增持，如有相关增持计划，我行将按照监管要求进行披露。未来，我行将继续努力改善经营管理，提升发展质效和盈利能力，提升公司价值，努力给投资者更加满意的回报。谢谢！,请问股价这么低，如何推进增发。你要是机构，你会买吗？说真话，不要空话套话回答,600015_2021,22,24,2,Complaint,Q2直接抱怨A1空话套话，并基于股价低质疑增发推进。,,,1
positive,30%最低分红，何时能满足？中期分红怎么安排的？ 您好，我行分红方案主要考虑以下因素综合确定：一是考虑投资者回报稳定；二是考虑宏观环境影响资本内生积累，银行业在服务实体经济发展的过程中，需要有充足的资本支撑业务发展，增强抵御风险能力；三是为了保障公司可持续发展。我行将积极研究落实监管要求，合理平衡自身发展和股东回报，保证政策的连续性和稳定性，推动股东持续分享经营发展成果，稳妥做好分红工作。谢谢！,有无中期分红计划？,2,shareholder_return,dep_reason,Q2重复Q1中的中期分红问题，A1未正面回答，Q2继续追问。,30%最低分红，何时能满足？中期分红怎么安排的？,您好，我行分红方案主要考虑以下因素综合确定：一是考虑投资者回报稳定；二是考虑宏观环境影响资本内生积累，银行业在服务实体经济发展的过程中，需要有充足的资本支撑业务发展，增强抵御风险能力；三是为了保障公司可持续发展。我行将积极研究落实监管要求，合理平衡自身发展和股东回报，保证政策的连续性和稳定性，推动股东持续分享经营发展成果，稳妥做好分红工作。谢谢！,有无中期分红计划？,600015_2023,1,5,4,Complaint,Q2重复Q1中的中期分红问题，A1未正面回答，Q2继续追问。,,,1
positive,上半年贵公司非利息收入中投资收益大幅上涨，带动投资收益、公允价值变动收益、汇兑损益三项合计增长34.67%，请问这一高增长是否有可持续性？ 您好，2024年上半年，我行不断优化资产负债结构，加大投资力度，加快资产周转，非息收入同比增长。未来，我行将根据市场变化，适时适度开展投资业务，保持均衡的投资节奏，实现非息业务收入可持续发展。感谢您的关注。,公司中报中，非利息收入呈现出了较好增长势头，背后的原因是什么？如何看待非利息收入未来的发展势头，公司采取了哪些举措拓展非息收入？,2,strategy_planning,dep_reason,Q2针对A1中提到的增长原因和未来规划，进一步追问具体原因和举措。,上半年贵公司非利息收入中投资收益大幅上涨，带动投资收益、公允价值变动收益、汇兑损益三项合计增长34.67%，请问这一高增长是否有可持续性？,您好，2024年上半年，我行不断优化资产负债结构，加大投资力度，加快资产周转，非息收入同比增长。未来，我行将根据市场变化，适时适度开展投资业务，保持均衡的投资节奏，实现非息业务收入可持续发展。感谢您的关注。,公司中报中，非利息收入呈现出了较好增长势头，背后的原因是什么？如何看待非利息收入未来的发展势头，公司采取了哪些举措拓展非息收入？,600015_2024,0,2,2,Elaboration,Q2针对A1中提到的增长原因和未来规划，进一步追问具体原因和举措。,,,1
positive,王总您好，华夏银行年报显示，2024年在粤港澳大湾区的营业利润为-5.92亿元，同比增幅为-126.97%。当前粤港澳三地协同发展水平显著提升，新能源汽车、低空经济、人工智能等新兴产业加速壮大，不断走向全球创新高地。2024年，经济总量已超14万亿元，是我国经济活力最强的区域之一。请问，华夏银行为何会在该地录得营业亏损？后续该行在粤港澳大湾区有何重大战略实施？ 您好，2024年受粤港澳大湾区传统产业调整的影响，我行个别分行加大了存量不良资产处置力度，经营效益增长受到一定影响。下一步，我行将聚焦粤港澳大湾区主流产业和主流行业，按照“打造零售金融、贸易金融、金融市场、科技金融四大特色领域，实现基础设施、绿色金融两大产业重点突破”的总体工作布局，构建多层次金融服务体系，将粤港澳大湾区分行打造成为服务主流经济的改革示范区和先行引领区。感谢您的关注。,央广网记者提问：请问华夏银行今年在发力科技金融方面有何规划？如何看待近段时间以来人工智能的火爆对银行业的影响？谢谢！,2,strategy_planning,dep_reason,Q2针对A1中提到的科技金融特色领域进一步追问具体规划。,王总您好，华夏银行年报显示，2024年在粤港澳大湾区的营业利润为-5.92亿元，同比增幅为-126.97%。当前粤港澳三地协同发展水平显著提升，新能源汽车、低空经济、人工智能等新兴产业加速壮大，不断走向全球创新高地。2024年，经济总量已超14万亿元，是我国经济活力最强的区域之一。请问，华夏银行为何会在该地录得营业亏损？后续该行在粤港澳大湾区有何重大战略实施？,您好，2024年受粤港澳大湾区传统产业调整的影响，我行个别分行加大了存量不良资产处置力度，经营效益增长受到一定影响。下一步，我行将聚焦粤港澳大湾区主流产业和主流行业，按照“打造零售金融、贸易金融、金融市场、科技金融四大特色领域，实现基础设施、绿色金融两大产业重点突破”的总体工作布局，构建多层次金融服务体系，将粤港澳大湾区分行打造成为服务主流经济的改革示范区和先行引领区。感谢您的关注。,央广网记者提问：请问华夏银行今年在发力科技金融方面有何规划？如何看待近段时间以来人工智能的火爆对银行业的影响？谢谢！,600015_2024,10,15,5,Elaboration,Q2针对A1中提到的科技金融特色领域进一步追问具体规划。,,,1
positive,001-高管您好。请问贵公司本期财务报告中，盈利表现如何？谢谢。 您好，2024年，面对错综复杂的内外部经营环境，我行坚持稳中求进总基调，全面加强集团化、精细化管理，深入推进经营转型与结构调整，持续深化内部挖潜与外部拓展，扎实推动高质量发展，经营质效进一步提升。全年实现营业收入971.46亿元，同比增加39.39亿元，增长4.23%；利润总额358.79亿元，比上年增加4.40亿元，增长1.24%；实现归属于上市公司股东的净利润276.76亿元，比上年增加13.13亿元，增长4.98%。感谢您的关注。,瞿行长您好，报告期内，华夏银行的投资收益、公允价值变动收益、汇兑收益合计为243.82亿元，比上年增加118.00亿元，增长93.78%，请问投资收益及公允价值变动收益大幅增加的原因是什么？在利息收入下降的情况下，投资收益是否是贵行本年度业绩实现双升的主要原因？这一收益的增长是否具有可持续性？,2,performance_governance,dep_reason,Q2基于A1中业绩增长数据，深入追问投资收益等大幅增加的原因及可持续性。,001-高管您好。请问贵公司本期财务报告中，盈利表现如何？谢谢。,您好，2024年，面对错综复杂的内外部经营环境，我行坚持稳中求进总基调，全面加强集团化、精细化管理，深入推进经营转型与结构调整，持续深化内部挖潜与外部拓展，扎实推动高质量发展，经营质效进一步提升。全年实现营业收入971.46亿元，同比增加39.39亿元，增长4.23%；利润总额358.79亿元，比上年增加4.40亿元，增长1.24%；实现归属于上市公司股东的净利润276.76亿元，比上年增加13.13亿元，增长4.98%。感谢您的关注。,瞿行长您好，报告期内，华夏银行的投资收益、公允价值变动收益、汇兑收益合计为243.82亿元，比上年增加118.00亿元，增长93.78%，请问投资收益及公允价值变动收益大幅增加的原因是什么？在利息收入下降的情况下，投资收益是否是贵行本年度业绩实现双升的主要原因？这一收益的增长是否具有可持续性？,600015_2024,12,13,1,Elaboration,Q2基于A1中业绩增长数据，深入追问投资收益等大幅增加的原因及可持续性。,,,1
positive,您好！请问吕董事长：我们公司今年剥离房地产业务的希望有多大？今年启动增发的希望有多大？谢谢您的回答，急切盼望您的回复！谢谢！ 你好！启动再融资计划是公司今年的重要工作之一，公司将努力剥离涉房资产，争取年内启动在融资计划。谢谢,定向增发现在发展到哪一步了？,1,disclosure_detail,dep_reason,Q2围绕A1中提及的再融资计划，追问定向增发具体进展。,您好！请问吕董事长：我们公司今年剥离房地产业务的希望有多大？今年启动增发的希望有多大？谢谢您的回答，急切盼望您的回复！谢谢！,你好！启动再融资计划是公司今年的重要工作之一，公司将努力剥离涉房资产，争取年内启动在融资计划。谢谢,定向增发现在发展到哪一步了？,600387_2012,7,8,1,Elaboration,Q2围绕A1中提及的再融资计划，追问定向增发具体进展。,,,1
positive,定向增发现在发展到哪一步了？ 你好！目前定向增发计划尚未实质性启动。,请问董事长今年海越要启动增发吗？,2,restructuring,dep_reason,Q2基于A1称定向增发尚未实质性启动，继续追问今年是否会启动。,定向增发现在发展到哪一步了？,你好！目前定向增发计划尚未实质性启动。,请问董事长今年海越要启动增发吗？,600387_2012,8,11,3,Elaboration,Q2基于A1称定向增发尚未实质性启动，继续追问今年是否会启动。,,,1
positive,您好！时间不多了，再提一个问题。请问董事长，当初我们公司在增发之处的公告上说，一期项目可以达到17.98亿的净利润，一期和二期如果全部顺利达产，可以实现年销售收入300亿元。我们公司从目前情况看，是不是说这个梦想已经越来越近？谢谢您在百忙之中的回答！谢谢！ 你好！我们正在为实现大石化的梦想而努力，可以说现在离第一个目标越来越近了。谢谢,请问公司大石化二期项目要何时启动？大石化二期项目产品之一的石脑油是否要进行深加工生产PX，甚至是生产PAT?谢谢董事长的回答！,1,disclosure_detail,dep_reason,Q2针对Q1/A1中的大石化二期项目继续追问启动时间和产品深加工细节。,您好！时间不多了，再提一个问题。请问董事长，当初我们公司在增发之处的公告上说，一期项目可以达到17.98亿的净利润，一期和二期如果全部顺利达产，可以实现年销售收入300亿元。我们公司从目前情况看，是不是说这个梦想已经越来越近？谢谢您在百忙之中的回答！谢谢！,你好！我们正在为实现大石化的梦想而努力，可以说现在离第一个目标越来越近了。谢谢,请问公司大石化二期项目要何时启动？大石化二期项目产品之一的石脑油是否要进行深加工生产PX，甚至是生产PAT?谢谢董事长的回答！,600387_2012,10,13,3,Elaboration,Q2针对Q1/A1中的大石化二期项目继续追问启动时间和产品深加工细节。,,,1
positive,您好！时间不多了，再提一个问题。请问董事长，当初我们公司在增发之处的公告上说，一期项目可以达到17.98亿的净利润，一期和二期如果全部顺利达产，可以实现年销售收入300亿元。我们公司从目前情况看，是不是说这个梦想已经越来越近？谢谢您在百忙之中的回答！谢谢！ 你好！我们正在为实现大石化的梦想而努力，可以说现在离第一个目标越来越近了。谢谢,请问吕董事长海越股份今年的项目大概什么时候投产，投产后立马会产生效益吗？能在13年体现部分业绩吗？,2,restructuring,dep_reason,Q2针对A1中模糊的“离目标越来越近”，追问增发项目投产时间与效益，属于对承诺的具体化。,您好！时间不多了，再提一个问题。请问董事长，当初我们公司在增发之处的公告上说，一期项目可以达到17.98亿的净利润，一期和二期如果全部顺利达产，可以实现年销售收入300亿元。我们公司从目前情况看，是不是说这个梦想已经越来越近？谢谢您在百忙之中的回答！谢谢！,你好！我们正在为实现大石化的梦想而努力，可以说现在离第一个目标越来越近了。谢谢,请问吕董事长海越股份今年的项目大概什么时候投产，投产后立马会产生效益吗？能在13年体现部分业绩吗？,600387_2012,10,15,5,Elaboration,Q2针对A1中模糊的“离目标越来越近”，追问增发项目投产时间与效益，属于对承诺的具体化。,,,1
positive,请问董事长今年海越要启动增发吗？ 您好！妥善处置好房地产项目后启动增发。,吕总好，我们投资比较关心的是投资回报。投资回报源于公司的成长。那么，现阶段制约公司增发融资问题，今年有望解决否？另外，大石化项目现在各地都在上马，会不会等公司的项目投产后，全国又出现产能过剩的问题？公司如何应对？,2,restructuring,dep_reason,Q2 针对 A1 中增发需待房地产处置的条件，追问制约问题今年能否解决。,请问董事长今年海越要启动增发吗？,您好！妥善处置好房地产项目后启动增发。,吕总好，我们投资比较关心的是投资回报。投资回报源于公司的成长。那么，现阶段制约公司增发融资问题，今年有望解决否？另外，大石化项目现在各地都在上马，会不会等公司的项目投产后，全国又出现产能过剩的问题？公司如何应对？,600387_2012,11,14,3,Elaboration,Q2 针对 A1 中增发需待房地产处置的条件，追问制约问题今年能否解决。,,,1
positive,请问吕总对LPG的未来价格走势持什么态度？ 你好！公司对lpg的未来价格采取随行就市的态度，公司将采取综合措施，努力控制成本，提高效益。,请问公司的原料成本是怎么控制，液化气价格下降，对公司是正面的的？这个不是很懂，,2,performance_governance,dep_reason,Q2针对A1中控制成本措施和液化气价格影响继续追问具体方法和逻辑。,请问吕总对LPG的未来价格走势持什么态度？,你好！公司对lpg的未来价格采取随行就市的态度，公司将采取综合措施，努力控制成本，提高效益。,请问公司的原料成本是怎么控制，液化气价格下降，对公司是正面的的？这个不是很懂，,600387_2012,12,16,4,Elaboration,Q2针对A1中控制成本措施和液化气价格影响继续追问具体方法和逻辑。,,,1
positive,吕总好，我们投资比较关心的是投资回报。投资回报源于公司的成长。那么，现阶段制约公司增发融资问题，今年有望解决否？另外，大石化项目现在各地都在上马，会不会等公司的项目投产后，全国又出现产能过剩的问题？公司如何应对？ 你好！公司正在努力处置涉房资产，排除再融资障碍，争取年内启动再融资计划。本人对公司石化项目产品未来供需走势持乐观态度，公司将加快推进项目建设进度，争取项目早日投产，产生效益。,请问吕董事长海越股份今年的项目大概什么时候投产，投产后立马会产生效益吗？能在13年体现部分业绩吗？,2,performance_governance,dep_reason,Q2针对A1中的石化项目投产和效益承诺追问具体时间和业绩影响。,吕总好，我们投资比较关心的是投资回报。投资回报源于公司的成长。那么，现阶段制约公司增发融资问题，今年有望解决否？另外，大石化项目现在各地都在上马，会不会等公司的项目投产后，全国又出现产能过剩的问题？公司如何应对？,你好！公司正在努力处置涉房资产，排除再融资障碍，争取年内启动再融资计划。本人对公司石化项目产品未来供需走势持乐观态度，公司将加快推进项目建设进度，争取项目早日投产，产生效益。,请问吕董事长海越股份今年的项目大概什么时候投产，投产后立马会产生效益吗？能在13年体现部分业绩吗？,600387_2012,14,15,1,Elaboration,Q2针对A1中的石化项目投产和效益承诺追问具体时间和业绩影响。,,,1
positive,吕总好，我们投资比较关心的是投资回报。投资回报源于公司的成长。那么，现阶段制约公司增发融资问题，今年有望解决否？另外，大石化项目现在各地都在上马，会不会等公司的项目投产后，全国又出现产能过剩的问题？公司如何应对？ 你好！公司正在努力处置涉房资产，排除再融资障碍，争取年内启动再融资计划。本人对公司石化项目产品未来供需走势持乐观态度，公司将加快推进项目建设进度，争取项目早日投产，产生效益。,请问我们公司大石化项目一期产品丙烯、工业异辛烷、聚丙烯目前有无意向客户，是否已经与其签订长期供货协议？谢谢董事长的回答！,1,disclosure_detail,dep_reason,Q2围绕A1中石化项目追问产品的意向客户和供货协议，索要细节。,吕总好，我们投资比较关心的是投资回报。投资回报源于公司的成长。那么，现阶段制约公司增发融资问题，今年有望解决否？另外，大石化项目现在各地都在上马，会不会等公司的项目投产后，全国又出现产能过剩的问题？公司如何应对？,你好！公司正在努力处置涉房资产，排除再融资障碍，争取年内启动再融资计划。本人对公司石化项目产品未来供需走势持乐观态度，公司将加快推进项目建设进度，争取项目早日投产，产生效益。,请问我们公司大石化项目一期产品丙烯、工业异辛烷、聚丙烯目前有无意向客户，是否已经与其签订长期供货协议？谢谢董事长的回答！,600387_2012,14,18,4,Elaboration,Q2围绕A1中石化项目追问产品的意向客户和供货协议，索要细节。,,,1
positive,您好请问公司的发展规划是什么？能否详细谈谈。如果今年有合适的投资环境和地域，贵公司今年有在外地投资建设具体什么项目的规划吗？ 你好！公司近期的目标是力争把宁波海越新材料公司138万吨丙烷和混和碳四利用项目打造成工艺技术先进，工程质量可靠，运行清洁安全，经济效益显著，社会贡献突出的精品工程。未来将依托宁波138万吨丙烷和混和碳四利用项目，在碳三碳四深加工产业链延伸发展，精耕细作，不断提升企业竞争力，成为持续成长的生产清洁能源产品和化工新材料的新型石化企业。谢谢,吕董，首先感谢公司定期报告详尽的信息披露！请问：1、宁波项目的投资预算目前来判断是否会超预期？2、报告中提到二期项目能否介绍一下投资设想与大概实施时间？,1,disclosure_detail,dep_reason,Q2两个子问题分别针对A1提及的宁波项目预算和产业链延伸规划追问细节，均依赖A1具体内容。,您好请问公司的发展规划是什么？能否详细谈谈。如果今年有合适的投资环境和地域，贵公司今年有在外地投资建设具体什么项目的规划吗？,你好！公司近期的目标是力争把宁波海越新材料公司138万吨丙烷和混和碳四利用项目打造成工艺技术先进，工程质量可靠，运行清洁安全，经济效益显著，社会贡献突出的精品工程。未来将依托宁波138万吨丙烷和混和碳四利用项目，在碳三碳四深加工产业链延伸发展，精耕细作，不断提升企业竞争力，成为持续成长的生产清洁能源产品和化工新材料的新型石化企业。谢谢,吕董，首先感谢公司定期报告详尽的信息披露！请问：1、宁波项目的投资预算目前来判断是否会超预期？2、报告中提到二期项目能否介绍一下投资设想与大概实施时间？,600387_2012,17,19,2,Elaboration,Q2两个子问题分别针对A1提及的宁波项目预算和产业链延伸规划追问细节，均依赖A1具体内容。,,,1
positive,吕董觉得东华能源的项目潜力大还是海越项目的潜力大？东华和海越本在同一起跑线上，现在海越股价已被抛开1倍以上，公司是否有压低股价来护增发的举动?其实股价上去了，增发数量减少不是对将来业绩分摊更有利吗？ 您好！对其他公司本公司不作评价。投资者可以阅读两家公司的年报，获取相关信息。本公司没有压低股价的动机。,公司现在还会考虑增发吗,2,restructuring,dep_reason,Q2重复追问A1未回答的增发问题。,吕董觉得东华能源的项目潜力大还是海越项目的潜力大？东华和海越本在同一起跑线上，现在海越股价已被抛开1倍以上，公司是否有压低股价来护增发的举动?其实股价上去了，增发数量减少不是对将来业绩分摊更有利吗？,您好！对其他公司本公司不作评价。投资者可以阅读两家公司的年报，获取相关信息。本公司没有压低股价的动机。,公司现在还会考虑增发吗,600387_2012,24,26,2,Complaint,Q2重复追问A1未回答的增发问题。,,,1
positive,请问袁总，公司旗下海越新材料即将投产的异辛烷和丙烷脱氢项目预计何时可达产？以当前的产品的成本和市场价格预估的吨毛利分别如何？ 您好！正常情况异辛烷六月底达产，丙烷脱氢八月底达产。按目前价格异辛烷约有500元吨毛利。丙烯约2000元吨毛利。谢谢！,袁总经理：您好！请问公司异辛烷、甲乙酮和正丁烷项目进展情况，有无推迟？丙烷脱氢项目据说是推迟至2月20日投产吗？谢谢百忙中的回答！,1,disclosure_detail,dep_reason,Q2针对A1中异辛烷和丙烷脱氢的达产时间追问进展，并质疑丙烷脱氢是否推迟至2月20日。,请问袁总，公司旗下海越新材料即将投产的异辛烷和丙烷脱氢项目预计何时可达产？以当前的产品的成本和市场价格预估的吨毛利分别如何？,您好！正常情况异辛烷六月底达产，丙烷脱氢八月底达产。按目前价格异辛烷约有500元吨毛利。丙烯约2000元吨毛利。谢谢！,袁总经理：您好！请问公司异辛烷、甲乙酮和正丁烷项目进展情况，有无推迟？丙烷脱氢项目据说是推迟至2月20日投产吗？谢谢百忙中的回答！,600387_2013,0,5,5,Challenge,Q2针对A1中异辛烷和丙烷脱氢的达产时间追问进展，并质疑丙烷脱氢是否推迟至2月20日。,,,1
positive,请问吕董，投料试产是安排5月上旬还是中旬还是下旬 您好!甲乙酮、异辛烷装置五月中旬计划投料试产。,袁总经理：您好！请问公司异辛烷、甲乙酮和正丁烷项目进展情况，有无推迟？丙烷脱氢项目据说是推迟至2月20日投产吗？谢谢百忙中的回答！,1,disclosure_detail,dep_reason,Q2针对A1中提到的异辛烷和甲乙酮装置进一步追问项目进展与推迟情况。,请问吕董，投料试产是安排5月上旬还是中旬还是下旬,您好!甲乙酮、异辛烷装置五月中旬计划投料试产。,袁总经理：您好！请问公司异辛烷、甲乙酮和正丁烷项目进展情况，有无推迟？丙烷脱氢项目据说是推迟至2月20日投产吗？谢谢百忙中的回答！,600387_2013,4,5,1,Elaboration,Q2针对A1中提到的异辛烷和甲乙酮装置进一步追问项目进展与推迟情况。,,,1
positive,请问吕董，投料试产是安排5月上旬还是中旬还是下旬 您好!甲乙酮、异辛烷装置五月中旬计划投料试产。,请问公司的异辛烷在国内有意向合同吗？异辛烷在国内市场的价格大概是多少？在美国市场的价格大概是多少？,1,disclosure_detail,dep_reason,Q2围绕A1中提及的异辛烷装置，进一步追问产品合同和价格细节。,请问吕董，投料试产是安排5月上旬还是中旬还是下旬,您好!甲乙酮、异辛烷装置五月中旬计划投料试产。,请问公司的异辛烷在国内有意向合同吗？异辛烷在国内市场的价格大概是多少？在美国市场的价格大概是多少？,600387_2013,4,9,5,Elaboration,Q2围绕A1中提及的异辛烷装置，进一步追问产品合同和价格细节。,,,1
positive,请问一期工程什么时候可以全部完工，什么时候可以全部投产！谢谢 您好，预计一期工程二季度末可以完工，四季度可以全部投产。谢谢！,从机械竣工到投料试车再到成功达产，分别需要多长时间，中间环节是否还有变故,1,disclosure_detail,dep_reason,Q2针对A1中完工和投产时间，进一步追问各阶段具体时长和风险，细化进度细节。,请问一期工程什么时候可以全部完工，什么时候可以全部投产！谢谢,您好，预计一期工程二季度末可以完工，四季度可以全部投产。谢谢！,从机械竣工到投料试车再到成功达产，分别需要多长时间，中间环节是否还有变故,600387_2013,10,12,2,Elaboration,Q2针对A1中完工和投产时间，进一步追问各阶段具体时长和风险，细化进度细节。,,,1
positive,请问下天津渤海化工的丙烷脱氢也是同样采用鲁姆斯技术，是否已经投料试产，运行情况如何 您好！据了解天津渤海化工的丙烷脱氢装置9月投料试车，目前调试顺利。谢谢！,请问袁总，按照计划，投产后的盈利，四季度能否体现？,1,disclosure_detail,dep_reason,Q2针对A1中丙烷脱氢装置试车及调试进展，追问投产后盈利能否在四季度体现。,请问下天津渤海化工的丙烷脱氢也是同样采用鲁姆斯技术，是否已经投料试产，运行情况如何,您好！据了解天津渤海化工的丙烷脱氢装置9月投料试车，目前调试顺利。谢谢！,请问袁总，按照计划，投产后的盈利，四季度能否体现？,600387_2013,16,21,5,Elaboration,Q2针对A1中丙烷脱氢装置试车及调试进展，追问投产后盈利能否在四季度体现。,,,1
positive,公司目前能否安排中小投资者到现场去参观。 您好！公司在适当时候可以安排中小投资者赴项目现场参观。,怎么这么久了一个问题都没回答呢？,2,answer_pressure,dep_reason,Q2抱怨Q1未得到及时回答，针对回答状态进行催促。,公司目前能否安排中小投资者到现场去参观。,您好！公司在适当时候可以安排中小投资者赴项目现场参观。,怎么这么久了一个问题都没回答呢？,600387_2013,45,50,5,Complaint,Q2抱怨Q1未得到及时回答，针对回答状态进行催促。,,,1
positive,有消息说，公司正在和中石油或中石化洽谈混和所有制问题，这个传闻是否准确，如果在接洽，合作的项目是什么？ 您好！目前暂无可披露的信息。谢谢！,怎么这么久了一个问题都没回答呢？,2,answer_pressure,dep_reason,Q2明确抱怨A1没有回答问题，属于对回答状态的投诉。,有消息说，公司正在和中石油或中石化洽谈混和所有制问题，这个传闻是否准确，如果在接洽，合作的项目是什么？,您好！目前暂无可披露的信息。谢谢！,怎么这么久了一个问题都没回答呢？,600387_2013,46,50,4,Complaint,Q2明确抱怨A1没有回答问题，属于对回答状态的投诉。,,,1
positive,请问能否介绍下公司宁波项目目前产品的近年市场价格的波动情况以及项目前期的批复情况：例如发改委核准情况，环评方案是否与可研一致？ 您好！这个问题比较大，建议你查阅一下公司网站-宁波项目专题，已经将项目的审批情况介绍的比较清楚。产品近年的价格波动请查阅相关专业网站，比如生意社等，上面对产品价格走势有详细统计。公司项目三评与可研基本一致。谢谢！,怎么这么久了一个问题都没回答呢？,2,answer_pressure,dep_reason,Q2 抱怨 A1 未直接回答 Q1 问题并催促回答。,请问能否介绍下公司宁波项目目前产品的近年市场价格的波动情况以及项目前期的批复情况：例如发改委核准情况，环评方案是否与可研一致？,您好！这个问题比较大，建议你查阅一下公司网站-宁波项目专题，已经将项目的审批情况介绍的比较清楚。产品近年的价格波动请查阅相关专业网站，比如生意社等，上面对产品价格走势有详细统计。公司项目三评与可研基本一致。谢谢！,怎么这么久了一个问题都没回答呢？,600387_2013,47,50,3,Complaint,Q2 抱怨 A1 未直接回答 Q1 问题并催促回答。,,,1
positive,我是一名坚定的海越小股东，有几个问题想请问公司的高管：1、公司半年报指出，部分设备制造商设备交货期略有延后，有可能对工程进度造成一定影响。请问，这是否意味着工期要延后，大概延后多长时间？2、公司下半年，有没有处置房产和重启增发的时间表？公司有何打算？3、公司下半年，有没有减持北信源或其它金融性资产的打算？公司对全年业绩有没有大概的预测？4、公司称，大石化项目二期正在论证中，请问，准备上马何项目？5、请问2011年9月公司出资设立的宁波戚家山化工码头有限公司，为何至少没有实质性的动作，何时开始建设，何年竣工投入使用，建设此化工码头是不是大石化项目的专用码头？6、舟山瑞泰公司所属大猫岛油储项目置换到舟山本岛马岙港区，何时能完成置换事宜，何时开工建设？ 感谢您对公司的关心和支持。1、公司半年度报告对项目建设进度已有详细披露。由于今年5、6、7三月天气原因影响部分工期，个别设备交货略有延后，对工程进度会造成一定影响，目前公司已采取各种措施补救进度损失，预计项目投产时间不会相差很大。2、涉房资产处置问题公司仍在积极努力，目前重启增发尚无时间表。3、公司将根据市场和经营情况处置相关金融资产。公司今年的利润目标为6000万元。4、公司宁波项目的二期工程仍在规划论证中，目前没有可披露的信息。5、宁波戚家山化工码头项目在积极推进中，该码头为项目配套的专用化工码头。6、舟山瑞泰公司所属大猫岛油储项目置换到舟山本岛马岙港区的相关工作，公司争取在今年内完成。,怎么这么久了一个问题都没回答呢？,2,answer_pressure,dep_reason,Q2直接针对A1的表现抱怨'一个都没回答'，属于对回答状态的质疑和催促。,我是一名坚定的海越小股东，有几个问题想请问公司的高管：1、公司半年报指出，部分设备制造商设备交货期略有延后，有可能对工程进度造成一定影响。请问，这是否意味着工期要延后，大概延后多长时间？2、公司下半年，有没有处置房产和重启增发的时间表？公司有何打算？3、公司下半年，有没有减持北信源或其它金融性资产的打算？公司对全年业绩有没有大概的预测？4、公司称，大石化项目二期正在论证中，请问，准备上马何项目？5、请问2011年9月公司出资设立的宁波戚家山化工码头有限公司，为何至少没有实质性的动作，何时开始建设，何年竣工投入使用，建设此化工码头是不是大石化项目的专用码头？6、舟山瑞泰公司所属大猫岛油储项目置换到舟山本岛马岙港区，何时能完成置换事宜，何时开工建设？,感谢您对公司的关心和支持。1、公司半年度报告对项目建设进度已有详细披露。由于今年5、6、7三月天气原因影响部分工期，个别设备交货略有延后，对工程进度会造成一定影响，目前公司已采取各种措施补救进度损失，预计项目投产时间不会相差很大。2、涉房资产处置问题公司仍在积极努力，目前重启增发尚无时间表。3、公司将根据市场和经营情况处置相关金融资产。公司今年的利润目标为6000万元。4、公司宁波项目的二期工程仍在规划论证中，目前没有可披露的信息。5、宁波戚家山化工码头项目在积极推进中，该码头为项目配套的专用化工码头。6、舟山瑞泰公司所属大猫岛油储项目置换到舟山本岛马岙港区的相关工作，公司争取在今年内完成。,怎么这么久了一个问题都没回答呢？,600387_2013,49,50,1,Complaint,Q2直接针对A1的表现抱怨'一个都没回答'，属于对回答状态的质疑和催促。,,,1
positive,我是一名坚定的海越小股东，有几个问题想请问公司的高管：1、公司半年报指出，部分设备制造商设备交货期略有延后，有可能对工程进度造成一定影响。请问，这是否意味着工期要延后，大概延后多长时间？2、公司下半年，有没有处置房产和重启增发的时间表？公司有何打算？3、公司下半年，有没有减持北信源或其它金融性资产的打算？公司对全年业绩有没有大概的预测？4、公司称，大石化项目二期正在论证中，请问，准备上马何项目？5、请问2011年9月公司出资设立的宁波戚家山化工码头有限公司，为何至少没有实质性的动作，何时开始建设，何年竣工投入使用，建设此化工码头是不是大石化项目的专用码头？6、舟山瑞泰公司所属大猫岛油储项目置换到舟山本岛马岙港区，何时能完成置换事宜，何时开工建设？ 感谢您对公司的关心和支持。1、公司半年度报告对项目建设进度已有详细披露。由于今年5、6、7三月天气原因影响部分工期，个别设备交货略有延后，对工程进度会造成一定影响，目前公司已采取各种措施补救进度损失，预计项目投产时间不会相差很大。2、涉房资产处置问题公司仍在积极努力，目前重启增发尚无时间表。3、公司将根据市场和经营情况处置相关金融资产。公司今年的利润目标为6000万元。4、公司宁波项目的二期工程仍在规划论证中，目前没有可披露的信息。5、宁波戚家山化工码头项目在积极推进中，该码头为项目配套的专用化工码头。6、舟山瑞泰公司所属大猫岛油储项目置换到舟山本岛马岙港区的相关工作，公司争取在今年内完成。,据说二期项目准备利用异辛烷进行深加工，是不是啊,1,disclosure_detail,dep_reason,Q2针对A1中提到的二期项目继续追问具体产品细节。,我是一名坚定的海越小股东，有几个问题想请问公司的高管：1、公司半年报指出，部分设备制造商设备交货期略有延后，有可能对工程进度造成一定影响。请问，这是否意味着工期要延后，大概延后多长时间？2、公司下半年，有没有处置房产和重启增发的时间表？公司有何打算？3、公司下半年，有没有减持北信源或其它金融性资产的打算？公司对全年业绩有没有大概的预测？4、公司称，大石化项目二期正在论证中，请问，准备上马何项目？5、请问2011年9月公司出资设立的宁波戚家山化工码头有限公司，为何至少没有实质性的动作，何时开始建设，何年竣工投入使用，建设此化工码头是不是大石化项目的专用码头？6、舟山瑞泰公司所属大猫岛油储项目置换到舟山本岛马岙港区，何时能完成置换事宜，何时开工建设？,感谢您对公司的关心和支持。1、公司半年度报告对项目建设进度已有详细披露。由于今年5、6、7三月天气原因影响部分工期，个别设备交货略有延后，对工程进度会造成一定影响，目前公司已采取各种措施补救进度损失，预计项目投产时间不会相差很大。2、涉房资产处置问题公司仍在积极努力，目前重启增发尚无时间表。3、公司将根据市场和经营情况处置相关金融资产。公司今年的利润目标为6000万元。4、公司宁波项目的二期工程仍在规划论证中，目前没有可披露的信息。5、宁波戚家山化工码头项目在积极推进中，该码头为项目配套的专用化工码头。6、舟山瑞泰公司所属大猫岛油储项目置换到舟山本岛马岙港区的相关工作，公司争取在今年内完成。,据说二期项目准备利用异辛烷进行深加工，是不是啊,600387_2013,49,52,3,Elaboration,Q2针对A1中提到的二期项目继续追问具体产品细节。,,,1
positive,我是一名坚定的海越小股东，有几个问题想请问公司的高管：1、公司半年报指出，部分设备制造商设备交货期略有延后，有可能对工程进度造成一定影响。请问，这是否意味着工期要延后，大概延后多长时间？2、公司下半年，有没有处置房产和重启增发的时间表？公司有何打算？3、公司下半年，有没有减持北信源或其它金融性资产的打算？公司对全年业绩有没有大概的预测？4、公司称，大石化项目二期正在论证中，请问，准备上马何项目？5、请问2011年9月公司出资设立的宁波戚家山化工码头有限公司，为何至少没有实质性的动作，何时开始建设，何年竣工投入使用，建设此化工码头是不是大石化项目的专用码头？6、舟山瑞泰公司所属大猫岛油储项目置换到舟山本岛马岙港区，何时能完成置换事宜，何时开工建设？ 感谢您对公司的关心和支持。1、公司半年度报告对项目建设进度已有详细披露。由于今年5、6、7三月天气原因影响部分工期，个别设备交货略有延后，对工程进度会造成一定影响，目前公司已采取各种措施补救进度损失，预计项目投产时间不会相差很大。2、涉房资产处置问题公司仍在积极努力，目前重启增发尚无时间表。3、公司将根据市场和经营情况处置相关金融资产。公司今年的利润目标为6000万元。4、公司宁波项目的二期工程仍在规划论证中，目前没有可披露的信息。5、宁波戚家山化工码头项目在积极推进中，该码头为项目配套的专用化工码头。6、舟山瑞泰公司所属大猫岛油储项目置换到舟山本岛马岙港区的相关工作，公司争取在今年内完成。,袁经理：您好，查询公司的公开资料，我公司旗下子公司持有北京北信源软件股份有限公司6.25%，而对于该股权的解禁日期为2013年9月12日，目前公司对其的投资已获取较大的投资收益，请问公司未来是否有减持其股权的计划，谢谢！,2,shareholder_return,dep_reason,Q2针对A1笼统回答中未明确减持计划继续追问，并给出解禁日期信息。,我是一名坚定的海越小股东，有几个问题想请问公司的高管：1、公司半年报指出，部分设备制造商设备交货期略有延后，有可能对工程进度造成一定影响。请问，这是否意味着工期要延后，大概延后多长时间？2、公司下半年，有没有处置房产和重启增发的时间表？公司有何打算？3、公司下半年，有没有减持北信源或其它金融性资产的打算？公司对全年业绩有没有大概的预测？4、公司称，大石化项目二期正在论证中，请问，准备上马何项目？5、请问2011年9月公司出资设立的宁波戚家山化工码头有限公司，为何至少没有实质性的动作，何时开始建设，何年竣工投入使用，建设此化工码头是不是大石化项目的专用码头？6、舟山瑞泰公司所属大猫岛油储项目置换到舟山本岛马岙港区，何时能完成置换事宜，何时开工建设？,感谢您对公司的关心和支持。1、公司半年度报告对项目建设进度已有详细披露。由于今年5、6、7三月天气原因影响部分工期，个别设备交货略有延后，对工程进度会造成一定影响，目前公司已采取各种措施补救进度损失，预计项目投产时间不会相差很大。2、涉房资产处置问题公司仍在积极努力，目前重启增发尚无时间表。3、公司将根据市场和经营情况处置相关金融资产。公司今年的利润目标为6000万元。4、公司宁波项目的二期工程仍在规划论证中，目前没有可披露的信息。5、宁波戚家山化工码头项目在积极推进中，该码头为项目配套的专用化工码头。6、舟山瑞泰公司所属大猫岛油储项目置换到舟山本岛马岙港区的相关工作，公司争取在今年内完成。,袁经理：您好，查询公司的公开资料，我公司旗下子公司持有北京北信源软件股份有限公司6.25%，而对于该股权的解禁日期为2013年9月12日，目前公司对其的投资已获取较大的投资收益，请问公司未来是否有减持其股权的计划，谢谢！,600387_2013,49,54,5,Challenge,Q2针对A1笼统回答中未明确减持计划继续追问，并给出解禁日期信息。,,,1
positive,请问：袁总今年的海越每股收益可以达到多少？ 您好！这个问题请您关注公司2013年年度报告。谢谢！,吕董，你好！今天参加互动活动的基本上都是海越的铁杆投资者，请你在回答问题时，尽量少用“谢谢你的建议”，“公司会研究你的建议”等外交辞令和语句，尽量做到回答诚恳，仔细，切入主题。谢谢！,1,disclosure_detail,dep_reason,Q2针对A1回避性回答，抱怨外交辞令并要求诚恳切入主题。,请问：袁总今年的海越每股收益可以达到多少？,您好！这个问题请您关注公司2013年年度报告。谢谢！,吕董，你好！今天参加互动活动的基本上都是海越的铁杆投资者，请你在回答问题时，尽量少用“谢谢你的建议”，“公司会研究你的建议”等外交辞令和语句，尽量做到回答诚恳，仔细，切入主题。谢谢！,600387_2013,61,65,4,Complaint,Q2针对A1回避性回答，抱怨外交辞令并要求诚恳切入主题。,,,1
positive,吕董好，我是一名有18年股龄的老股民。我投资海越，就是奔您和赵总而来。看中的是高管全身家投入以及项目良好的前景。吕董，我等小散本是弱势群体，用真金白银在二级市场买入您公司的股票，以实际行动来支持您毕生的梦想。在此向您提出这2点。一，希望您和赵总自己在2级市场买入股票。维持2万股东的信心。二，尽快启动融资计划。谢谢。 您好!谢谢您的关注和建议。,请问吕老总；公司二期工程主要是什么产品，设计产能多大？增发融资准备什么时候进行？大概的时间段？二期工程需求资金大约多少？增发融资规模多大？,1,disclosure_detail,dep_reason,Q2进一步追问Q1中融资计划的细节，A1仅客套未回应，构成对未回答问题的继续施压。,吕董好，我是一名有18年股龄的老股民。我投资海越，就是奔您和赵总而来。看中的是高管全身家投入以及项目良好的前景。吕董，我等小散本是弱势群体，用真金白银在二级市场买入您公司的股票，以实际行动来支持您毕生的梦想。在此向您提出这2点。一，希望您和赵总自己在2级市场买入股票。维持2万股东的信心。二，尽快启动融资计划。谢谢。,您好!谢谢您的关注和建议。,请问吕老总；公司二期工程主要是什么产品，设计产能多大？增发融资准备什么时候进行？大概的时间段？二期工程需求资金大约多少？增发融资规模多大？,600387_2013,68,71,3,Complaint,Q2进一步追问Q1中融资计划的细节，A1仅客套未回应，构成对未回答问题的继续施压。,,,1
positive,你好，彭总，请问海越的高标号汽油什么时候投产？能够占收入的百分比是多少？谢谢!价值投资 您好！我公司宁波项目生产的是清洁汽油添加剂－异辛烷以及丙烯、甲乙酮，您所说的高标号汽油应是异辛烷，按照计划，将在2013年12月底投料试车。,请问：试车成功是否马上公告？还是等产品调试合格了再公告？,1,disclosure_detail,dep_reason,Q2围绕A1中投料试车安排继续追问公告时间。,你好，彭总，请问海越的高标号汽油什么时候投产？能够占收入的百分比是多少？谢谢!价值投资,您好！我公司宁波项目生产的是清洁汽油添加剂－异辛烷以及丙烯、甲乙酮，您所说的高标号汽油应是异辛烷，按照计划，将在2013年12月底投料试车。,请问：试车成功是否马上公告？还是等产品调试合格了再公告？,600387_2013,85,89,4,Elaboration,Q2围绕A1中投料试车安排继续追问公告时间。,,,1
positive,请问袁总，公司的45万吨丙烯销售协议已经敲定，价格是如何定的？丙烯有价格波动，公司和接收方是根据天，周，月结算还是别的方式？求知识普及。谢谢。还有，公司异辛烷的原材料的进货怎样确定价格。谢谢。 您好！目前丙烯还没有出产品，丙烯达成的都是销售意向，价格随行就市为主。未来实现销售，相关财务数据会在定期报告中披露。目前异辛烷的原料碳四到厂价在每吨6000元左右。谢谢！,异辛烷产品成本以及利润是否有竞争力，有没有具体数据。,2,performance_governance,dep_reason,Q2针对A1中提及的异辛烷原料价格，继续追问产品成本和利润竞争力。,请问袁总，公司的45万吨丙烯销售协议已经敲定，价格是如何定的？丙烯有价格波动，公司和接收方是根据天，周，月结算还是别的方式？求知识普及。谢谢。还有，公司异辛烷的原材料的进货怎样确定价格。谢谢。,您好！目前丙烯还没有出产品，丙烯达成的都是销售意向，价格随行就市为主。未来实现销售，相关财务数据会在定期报告中披露。目前异辛烷的原料碳四到厂价在每吨6000元左右。谢谢！,异辛烷产品成本以及利润是否有竞争力，有没有具体数据。,600387_2014,2,7,5,Elaboration,Q2针对A1中提及的异辛烷原料价格，继续追问产品成本和利润竞争力。,,,1
positive,请问袁总，宁波海越有无签订产品销售合同，今年预计会有多少销售收入？综合毛利率预计会有多少？ 您好！请关注公司发布的定期报告。谢谢！,请问异辛烷的销售有进展吗,1,disclosure_detail,dep_reason,Q2针对A1回避继续追问同一产品销售问题，细化到异辛烷。,请问袁总，宁波海越有无签订产品销售合同，今年预计会有多少销售收入？综合毛利率预计会有多少？,您好！请关注公司发布的定期报告。谢谢！,请问异辛烷的销售有进展吗,600387_2014,3,8,5,Challenge,Q2针对A1回避继续追问同一产品销售问题，细化到异辛烷。,,,1
positive,现在宁波项目5月2日恢复生产包括异辛烷产品吗？ 包括,异辛烷产品成本以及利润是否有竞争力，有没有具体数据。,2,performance_governance,dep_reason,Q2基于A1确认异辛烷产品后，进一步追问其成本利润竞争力和具体数据。,现在宁波项目5月2日恢复生产包括异辛烷产品吗？,包括,异辛烷产品成本以及利润是否有竞争力，有没有具体数据。,600387_2014,4,7,3,Elaboration,Q2基于A1确认异辛烷产品后，进一步追问其成本利润竞争力和具体数据。,,,1
positive,请问，公司预计今年实现2个亿利润是怎么组成的，新材料公司能贡献多少？ 宁波海越的异辛烷销售工作目前正在积极推进中，但2015年度如减免消费税政策落实，则可带动异辛烷销售，为上市公司贡献利润。,请问现在异辛烷的价格，国内与国外比，哪个好？谢谢,1,disclosure_detail,dep_reason,Q2针对A1中提到的异辛烷业务继续追问价格细节。,请问，公司预计今年实现2个亿利润是怎么组成的，新材料公司能贡献多少？,宁波海越的异辛烷销售工作目前正在积极推进中，但2015年度如减免消费税政策落实，则可带动异辛烷销售，为上市公司贡献利润。,请问现在异辛烷的价格，国内与国外比，哪个好？谢谢,600387_2014,9,13,4,Elaboration,Q2针对A1中提到的异辛烷业务继续追问价格细节。,,,1
positive,异辛烷销售问题解决了嘛 目前异辛烷销售比预期好。,袁总，请问甲乙酮及异辛烷均已经开始生产，什么时候可以达产，销售合同是否已经签订？另外现在国内采用国五地区均采用降标号而不是添加异辛烷来实现，项目大本营浙江国五是否会采用异辛烷，如果不采用，在出口利润更低的情况下，请问公司销售异辛烷的方向在哪，产品达产后，公司能否达成项目可行性报告的利润目标，谢谢！,2,strategy_planning,dep_reason,Q2针对A1中异辛烷销售比预期好的说法，追问达产、合同、销售方向和利润目标。,异辛烷销售问题解决了嘛,目前异辛烷销售比预期好。,袁总，请问甲乙酮及异辛烷均已经开始生产，什么时候可以达产，销售合同是否已经签订？另外现在国内采用国五地区均采用降标号而不是添加异辛烷来实现，项目大本营浙江国五是否会采用异辛烷，如果不采用，在出口利润更低的情况下，请问公司销售异辛烷的方向在哪，产品达产后，公司能否达成项目可行性报告的利润目标，谢谢！,600387_2014,17,18,1,Elaboration,Q2针对A1中异辛烷销售比预期好的说法，追问达产、合同、销售方向和利润目标。,,,1
positive,作为公司高管，你认为现在目前二级市场的股市表现是否符合管理层的期望？ 您好！股价下跌投资者损失，公司股东同样也会资产缩水。股价当然是和公司的价值匹配较好，但公司能做的，就是建设好项目，经营好企业。谢谢！,请问管理层你们的项目上半年能正式投产吗?实业还能做好吗?,2,performance_governance,dep_reason,Q2围绕A1中“建设好项目，经营好企业”追问项目进度和实业能力。,作为公司高管，你认为现在目前二级市场的股市表现是否符合管理层的期望？,您好！股价下跌投资者损失，公司股东同样也会资产缩水。股价当然是和公司的价值匹配较好，但公司能做的，就是建设好项目，经营好企业。谢谢！,请问管理层你们的项目上半年能正式投产吗?实业还能做好吗?,600387_2014,26,31,5,Elaboration,Q2围绕A1中“建设好项目，经营好企业”追问项目进度和实业能力。,,,1
positive,海平兄，一直有人在提议海越现在马上启动定向增发再融资，我倒是认为目前并非海越再融资的好时候，因为海越宁波一期投入到今天，效益还没有体现出来，此时海越再融资，难以卖个好价钱，与其贱卖自己，不如再等等，等到海越宁波的效益充分体现出来，红红火火，股价大涨，到时再融资，就能高价，还被人哄抢，那才是最佳时刻啊。 谢谢你的建议。董事会在需要时会考虑再融资问题。,您好！海越股份有定向增发的计划吗？海越新材料的利润有多少比例归上市公司，海越股份？谢谢！,2,answer_pressure,dep_reason,Q2第一部分针对A1未明确是否定增计划继续追问，A1仅表笼统考虑。,海平兄，一直有人在提议海越现在马上启动定向增发再融资，我倒是认为目前并非海越再融资的好时候，因为海越宁波一期投入到今天，效益还没有体现出来，此时海越再融资，难以卖个好价钱，与其贱卖自己，不如再等等，等到海越宁波的效益充分体现出来，红红火火，股价大涨，到时再融资，就能高价，还被人哄抢，那才是最佳时刻啊。,谢谢你的建议。董事会在需要时会考虑再融资问题。,您好！海越股份有定向增发的计划吗？海越新材料的利润有多少比例归上市公司，海越股份？谢谢！,600387_2014,34,39,5,Complaint,Q2第一部分针对A1未明确是否定增计划继续追问，A1仅表笼统考虑。,,,1
positive,宁波市领导对公司的发展好像很重视，对异辛烷的推广和在宁波试点做了哪些工作，环保新材料有税收优惠吗 各级领导都很重视，相关工作都在推进中，过程不重要，结果才重要，有了结果会公告。,宁波市领导对异辛烷在宁波的试点推广起了什么作用，只是来视察一下说几句支持的话吗,1,disclosure_detail,dep_reason,Q2质疑A1笼统回答，要求说明领导具体作用。,宁波市领导对公司的发展好像很重视，对异辛烷的推广和在宁波试点做了哪些工作，环保新材料有税收优惠吗,各级领导都很重视，相关工作都在推进中，过程不重要，结果才重要，有了结果会公告。,宁波市领导对异辛烷在宁波的试点推广起了什么作用，只是来视察一下说几句支持的话吗,600387_2014,38,40,2,Challenge,Q2质疑A1笼统回答，要求说明领导具体作用。,,,1
positive,有两个问题请公司明确一下：1、在公司当时公布项目前景的时候，说要投资多少，然后利税有多少，这里面所有贷款利息是已经计算并扣除以后得到的利税数字，还是没有扣除的？2、在项目竣工运营之后，所有贷款利息资本化将停止，所有同期利息将计入同期损益表，记得公司说过宁波项目一年约4亿的利息，宁波项目开始初期的盈利能负担这样的利息吗？是不是会产生亏损？或者公司已经将这利息成本计算扣除之后觉得项目还是很多盈利？ 您好！工程建设期间的利息支出是计入在建工程的，产品达产后的利息支出计入当期损益。根据宁波项目当时的可行性报告及目前的市场行情，扣除利息后，是不会亏损的。谢谢。,宁波项目一年4个亿左右的利息，折算到宁波项目产品中，大概每吨产品要承担多少元的财务成本？,2,performance_governance,dep_reason,Q2针对A1中确认的利息成本，进一步追问每吨产品财务成本，属于细化追问。,有两个问题请公司明确一下：1、在公司当时公布项目前景的时候，说要投资多少，然后利税有多少，这里面所有贷款利息是已经计算并扣除以后得到的利税数字，还是没有扣除的？2、在项目竣工运营之后，所有贷款利息资本化将停止，所有同期利息将计入同期损益表，记得公司说过宁波项目一年约4亿的利息，宁波项目开始初期的盈利能负担这样的利息吗？是不是会产生亏损？或者公司已经将这利息成本计算扣除之后觉得项目还是很多盈利？,您好！工程建设期间的利息支出是计入在建工程的，产品达产后的利息支出计入当期损益。根据宁波项目当时的可行性报告及目前的市场行情，扣除利息后，是不会亏损的。谢谢。,宁波项目一年4个亿左右的利息，折算到宁波项目产品中，大概每吨产品要承担多少元的财务成本？,600387_2014,43,48,5,Elaboration,Q2针对A1中确认的利息成本，进一步追问每吨产品财务成本，属于细化追问。,,,1
positive,去年公司报道国税总局来考察，交流了异辛烷消费税问题，目前进展情况如何？公司当初是否向国税和部门提请了相关优惠申请？ 工作推进中，尚未有结果。,请说袁总异辛烷消费税能否免征的可能性有多大？,2,answer_pressure,dep_reason,Q2针对A1中未明确的消费税免征可能性继续追问。,去年公司报道国税总局来考察，交流了异辛烷消费税问题，目前进展情况如何？公司当初是否向国税和部门提请了相关优惠申请？,工作推进中，尚未有结果。,请说袁总异辛烷消费税能否免征的可能性有多大？,600387_2014,53,56,3,Elaboration,Q2针对A1中未明确的消费税免征可能性继续追问。,,,1
positive,请问总经理以前说原油跌得时候我们公司股票也会跌但现在原油大涨我们公司股票也没见涨希望给出理由 公司管理层的主要任务是脚踏实地，把企业经营好。股价高低由市场决定，与原油涨跌有联系，但也不一定有必然联系。,目前经营情况如何,2,performance_governance,dep_reason,Q2针对A1中“把企业经营好”的笼统表述，要求具体经营情况。,请问总经理以前说原油跌得时候我们公司股票也会跌但现在原油大涨我们公司股票也没见涨希望给出理由,公司管理层的主要任务是脚踏实地，把企业经营好。股价高低由市场决定，与原油涨跌有联系，但也不一定有必然联系。,目前经营情况如何,600387_2014,66,70,4,Elaboration,Q2针对A1中“把企业经营好”的笼统表述，要求具体经营情况。,,,1
positive,海越15年一季报差强人意，挺打击大伙信心的，请问海越15年2亿利润目标实现的概率大不大？有保障不？ 2015年公司仍处在主业转型的过渡阶段。从内部因素看，虽然宁波一期项目已经试产，但生产经营尚未稳定，原料采购渠道、产品销售渠道正在建设；从外部因素看，经济低迷依旧，原油波动加剧，行业趋势仍不明朗。因此，业绩具有较大的不确定性。公司综合各种因素，确定年度利润目标为2亿元。,目前经营情况如何,2,performance_governance,dep_reason,Q2针对A1中提及的生产经营不稳定和渠道建设情况，追问当前经营现状，属于细化追问。,海越15年一季报差强人意，挺打击大伙信心的，请问海越15年2亿利润目标实现的概率大不大？有保障不？,2015年公司仍处在主业转型的过渡阶段。从内部因素看，虽然宁波一期项目已经试产，但生产经营尚未稳定，原料采购渠道、产品销售渠道正在建设；从外部因素看，经济低迷依旧，原油波动加剧，行业趋势仍不明朗。因此，业绩具有较大的不确定性。公司综合各种因素，确定年度利润目标为2亿元。,目前经营情况如何,600387_2014,68,70,2,Elaboration,Q2针对A1中提及的生产经营不稳定和渠道建设情况，追问当前经营现状，属于细化追问。,,,1
positive,今年上半年乙烯项目能不能正式投产，中报能不能体现出乙烯的收入利润？ 目前三套装置均已正式投产，中报可体现丙烯、甲乙酮和异辛烷的收入和利润。,"公司目前碰到的问题都是非市场化的,二桶油和消费税的问题,但是,除了异辛烷以外,其他二个项目难到就没有赢利吗?",2,performance_governance,dep_reason,Q2针对A1中提到的丙烯、甲乙酮项目质疑盈利情况，承接具体项目对象。,今年上半年乙烯项目能不能正式投产，中报能不能体现出乙烯的收入利润？,目前三套装置均已正式投产，中报可体现丙烯、甲乙酮和异辛烷的收入和利润。,"公司目前碰到的问题都是非市场化的,二桶油和消费税的问题,但是,除了异辛烷以外,其他二个项目难到就没有赢利吗?",600387_2014,91,93,2,Challenge,Q2针对A1中提到的丙烯、甲乙酮项目质疑盈利情况，承接具体项目对象。,,,1
positive,公司不知道3个涨停是对异性玩最好的广告吗 是异辛烷。,请详细介绍一下异辛烷消费税能否免征事宜做到什么程度了？,1,disclosure_detail,dep_reason,Q2针对A1中提到的异辛烷，追问消费税免征事宜的进展。,公司不知道3个涨停是对异性玩最好的广告吗,是异辛烷。,请详细介绍一下异辛烷消费税能否免征事宜做到什么程度了？,600387_2014,94,97,3,Elaboration,Q2针对A1中提到的异辛烷，追问消费税免征事宜的进展。 ,,,1
positive,请问宁波海越的董事长是王志良吗？ 您好！目前宁波海越董事长和总经理为王志良先生。,宁波海越的董事长是不是王志良,2,answer_pressure,dep_reason,Q2重复确认A1中已明确回答的董事长任命信息。,请问宁波海越的董事长是王志良吗？,您好！目前宁波海越董事长和总经理为王志良先生。,宁波海越的董事长是不是王志良,600387_2015,9,14,5,Clarification,Q2重复确认A1中已明确回答的董事长任命信息。,,,1
positive,目前杭州，宁波，诸暨（还是绍兴全市？）三地年消耗汽油多少万吨？，公司有无计划扩大100万吨指标计划？如有，具体如何？ 您好！目前杭州、宁波、诸暨三地年汽油消费量约400万吨，如销售条件具备，公司有能力扩大产能。,1.汽油生产业务什么时候开展？将对公司业绩如何产生影响？2.宁波项目丙烯及异辛烷分别销售多少吨？,2,performance_governance,dep_reason,Q2问题1针对A1中扩大产能能力追问开展时间和业绩影响，构成内容依赖。,目前杭州，宁波，诸暨（还是绍兴全市？）三地年消耗汽油多少万吨？，公司有无计划扩大100万吨指标计划？如有，具体如何？,您好！目前杭州、宁波、诸暨三地年汽油消费量约400万吨，如销售条件具备，公司有能力扩大产能。,1.汽油生产业务什么时候开展？将对公司业绩如何产生影响？2.宁波项目丙烯及异辛烷分别销售多少吨？,600387_2015,11,16,5,Elaboration,Q2问题1针对A1中扩大产能能力追问开展时间和业绩影响，构成内容依赖。,,,1
positive,1.汽油生产业务什么时候开展？将对公司业绩如何产生影响？2.宁波项目丙烯及异辛烷分别销售多少吨？ 您好！公司调和汽油生产尚在准备中，目前暂不会对公司业绩产生影响。宁波项目丙烯和异辛烷销售情况请关注公司一季度报告。,您好！如果投资很小，预计核实可以进行汽油量产？谢谢！,2,answer_pressure,dep_reason,Q2继续追问A1未明确回答的汽油量产时间，属对笼统表态的催促。,1.汽油生产业务什么时候开展？将对公司业绩如何产生影响？2.宁波项目丙烯及异辛烷分别销售多少吨？,您好！公司调和汽油生产尚在准备中，目前暂不会对公司业绩产生影响。宁波项目丙烯和异辛烷销售情况请关注公司一季度报告。,您好！如果投资很小，预计核实可以进行汽油量产？谢谢！,600387_2015,16,19,3,Complaint,Q2继续追问A1未明确回答的汽油量产时间，属对笼统表态的催促。,,,1
positive,4，公司互动说现在异辛烷产量利用是65.那以后异辛烷的产能释放只有百分之35了，公司有没有考虑上2期。 您好！理论上宁波项目异辛烷装置的年产量可达70万吨，目前公司尚无上异辛烷二期计划。,16年年内有无明确计划是否上二期？,2,answer_pressure,dep_reason,Q2针对A1中'尚无计划'追问2016年内是否有明确计划。,4，公司互动说现在异辛烷产量利用是65.那以后异辛烷的产能释放只有百分之35了，公司有没有考虑上2期。,您好！理论上宁波项目异辛烷装置的年产量可达70万吨，目前公司尚无上异辛烷二期计划。,16年年内有无明确计划是否上二期？,600387_2015,26,29,3,Elaboration,Q2针对A1中'尚无计划'追问2016年内是否有明确计划。,,,1
positive,关于异辛烷消费税问题，进展如何？如果免除，异辛烷现在含税价格多少？免除后价格每吨多少 您好！异辛烷消费税问题尚在推进中，具体如何执行须在政策明确后才能测算，目前没有可披露的信息。,2016年一季度异辛烷，丙烯的开工率如何？清洁汽油计划什么时候开始生产？消费税方面可有眉目？,1,disclosure_detail,dep_reason,Q2中“消费税方面可有眉目？”针对A1未披露具体进展继续追问，属于交互依赖。,关于异辛烷消费税问题，进展如何？如果免除，异辛烷现在含税价格多少？免除后价格每吨多少,您好！异辛烷消费税问题尚在推进中，具体如何执行须在政策明确后才能测算，目前没有可披露的信息。,2016年一季度异辛烷，丙烯的开工率如何？清洁汽油计划什么时候开始生产？消费税方面可有眉目？,600387_2015,30,35,5,Complaint,Q2中“消费税方面可有眉目？”针对A1未披露具体进展继续追问，属于交互依赖。,,,1
positive,请问，调和汽油生产需要做哪些准备，预计合适能准备好？ 您好！主要是生产资质和生产设施，目前公司已取得生产资质，现有生产设施已具备生产条件。待浙6标准颁布，即可生产。,2016年一季度异辛烷，丙烯的开工率如何？清洁汽油计划什么时候开始生产？消费税方面可有眉目？,1,disclosure_detail,dep_reason,Q2中清洁汽油生产时间是对A1待标准颁布即可生产的进一步追问。,请问，调和汽油生产需要做哪些准备，预计合适能准备好？,您好！主要是生产资质和生产设施，目前公司已取得生产资质，现有生产设施已具备生产条件。待浙6标准颁布，即可生产。,2016年一季度异辛烷，丙烯的开工率如何？清洁汽油计划什么时候开始生产？消费税方面可有眉目？,600387_2015,34,35,1,Elaboration,Q2中清洁汽油生产时间是对A1待标准颁布即可生产的进一步追问。,,,1
positive,一直指望公司会推出高送转方案，不知道今年是否有希望，什么时候能出预告？ 您好！目前公司暂无高送转分配方案。未来是否有？我和你一样，现在也不清楚。,今年如何分红，是否高送转，有计划吗？,1,disclosure_detail,dep_reason,Q2重复追问A1回避未明确的高送转和分红计划问题。,一直指望公司会推出高送转方案，不知道今年是否有希望，什么时候能出预告？,您好！目前公司暂无高送转分配方案。未来是否有？我和你一样，现在也不清楚。,今年如何分红，是否高送转，有计划吗？,600387_2016,10,13,3,Complaint,Q2重复追问A1回避未明确的高送转和分红计划问题。,,,1
positive,公司计划2018年争取实现销售收入200亿元，能将计划细化一下吗？ 公司计划2018年争取实现销售收入200亿元（本收入计划不构成公司对投资者的业绩承诺，请投资者注意投资风险），公司2018年的经营工作将围绕以下重点展开：宁波海越坚守红线、确保安全、挖潜增效、扭亏为盈；北方石油将本着“质量效率年”理念，围绕“树核心、谋发展、创业绩、塑品牌”的总体要求，通过搭建资本金融、智能仓储、智慧贸易、智能互联零售平台及管理信息质量保障支持体系开展各项工作，将北方石油建成国内一流、高效、专业化的仓储物流石化贸易企业，实现北方石油跨越发展；油气业务要求提质增效，优化业务结构，提高业务质量。一方面要提高诸暨油库的销售规模，增加诸暨库销售权重。另一方面是要加强与中石油、中石化和中化等大型国企的业务合作，提高油品经销毛利。,年报第一次披露北方石油的业绩，去年北方的业绩对海越还是很重要的，虽然还没有完全并表，也是超出了我的预期，现在看大股东折价把北方石油装进来，还是很支持海越的，那是否意味着北方石油未来会得到上市公司更多支持，做大能源贸易这块的业务？,2,strategy_planning,dep_reason,Q2围绕A1中北方石油的经营规划，进一步追问上市公司对其支持力度和能源贸易业务做大。,公司计划2018年争取实现销售收入200亿元，能将计划细化一下吗？,公司计划2018年争取实现销售收入200亿元（本收入计划不构成公司对投资者的业绩承诺，请投资者注意投资风险），公司2018年的经营工作将围绕以下重点展开：宁波海越坚守红线、确保安全、挖潜增效、扭亏为盈；北方石油将本着“质量效率年”理念，围绕“树核心、谋发展、创业绩、塑品牌”的总体要求，通过搭建资本金融、智能仓储、智慧贸易、智能互联零售平台及管理信息质量保障支持体系开展各项工作，将北方石油建成国内一流、高效、专业化的仓储物流石化贸易企业，实现北方石油跨越发展；油气业务要求提质增效，优化业务结构，提高业务质量。一方面要提高诸暨油库的销售规模，增加诸暨库销售权重。另一方面是要加强与中石油、中石化和中化等大型国企的业务合作，提高油品经销毛利。,年报第一次披露北方石油的业绩，去年北方的业绩对海越还是很重要的，虽然还没有完全并表，也是超出了我的预期，现在看大股东折价把北方石油装进来，还是很支持海越的，那是否意味着北方石油未来会得到上市公司更多支持，做大能源贸易这块的业务？,600387_2017,9,11,2,Elaboration,Q2围绕A1中北方石油的经营规划，进一步追问上市公司对其支持力度和能源贸易业务做大。,,,1
positive,异辛烷盈利了吗，丙烯的净利润是多少，年报说，长约供货只占到百分之十五 您好，具体情况请您详见公司后续公告，谢谢！,随着原油价格的攀升，异辛烷的价格也出现水涨船高，请问当前情况下异辛烷是否已经开始盈利？,2,performance_governance,dep_reason,Q2重复Q1中异辛烷盈利问题，A1未正面回答，属追问未答问题。,异辛烷盈利了吗，丙烯的净利润是多少，年报说，长约供货只占到百分之十五,您好，具体情况请您详见公司后续公告，谢谢！,随着原油价格的攀升，异辛烷的价格也出现水涨船高，请问当前情况下异辛烷是否已经开始盈利？,600387_2017,23,27,4,Complaint,Q2重复Q1中异辛烷盈利问题，A1未正面回答，属追问未答问题。,,,1
positive,同样是一起起步的公司，看看齐翔腾达在雪松入住后已经完成整合，开始往全产业链方向拓展了，股价平稳向上。而海越呢？海航入住海越也一年了，如果不是去年卖楼美化了公司报表，恐怕2017年的业绩会十分难看，二期也遥遥无期，公司的质押的股份也险些因为股价的下跌而出现危机，请问海航这么大的公司是如何进行市值管理的？ 公司控股股东进行股票质押的相关情况请您详见公司此前披露的质押公告，质押产生的相关风险在可控范围内，未对上市公司造成影响。2017年公司实现了平稳过渡，同时公司通过组织架构调整，成本控制，经营增效等多种手段，全面提升公司的经营水平。公司未来将通过持续不断的经营提升，回报投资者。,同样是一起起步的公司，看看齐翔腾达在雪松入住后已经完成整合，开始往全产业链方向拓展了，股价平稳向上。而海越呢？海航入住海越也一年了，如果不是去年卖楼美化了公司报表，恐怕2017年的业绩会十分难看，二期也遥遥无期，公司的质押的股份也险些因为股价的下跌而出现危机，请问公司平时是如何进行市值管理的？,2,answer_pressure,dep_reason,Q2重复Q1中关于市值管理的问题，A1未正面回应，属于对回答不满的再次施压。,同样是一起起步的公司，看看齐翔腾达在雪松入住后已经完成整合，开始往全产业链方向拓展了，股价平稳向上。而海越呢？海航入住海越也一年了，如果不是去年卖楼美化了公司报表，恐怕2017年的业绩会十分难看，二期也遥遥无期，公司的质押的股份也险些因为股价的下跌而出现危机，请问海航这么大的公司是如何进行市值管理的？,公司控股股东进行股票质押的相关情况请您详见公司此前披露的质押公告，质押产生的相关风险在可控范围内，未对上市公司造成影响。2017年公司实现了平稳过渡，同时公司通过组织架构调整，成本控制，经营增效等多种手段，全面提升公司的经营水平。公司未来将通过持续不断的经营提升，回报投资者。,同样是一起起步的公司，看看齐翔腾达在雪松入住后已经完成整合，开始往全产业链方向拓展了，股价平稳向上。而海越呢？海航入住海越也一年了，如果不是去年卖楼美化了公司报表，恐怕2017年的业绩会十分难看，二期也遥遥无期，公司的质押的股份也险些因为股价的下跌而出现危机，请问公司平时是如何进行市值管理的？,600387_2017,33,36,3,Complaint,Q2重复Q1中关于市值管理的问题，A1未正面回应，属于对回答不满的再次施压。,,,1
positive,公司出售了宁波海越，手握十几亿现金，打算干点什么。是收购大股东资产，还是就用现金买卖股票，毕竟那也是公司一主要业务。 公司将继续围绕石化主业，不断拓展业务范畴。另公司计划进一步扩大成品油及石油制品的贸易业务，该业务需要大量资金。公司将根据实际情况对资金进行合理使用。,尊敬的邱董事长，请问公司大笔现金下一步的具体计划是什么，还有就是公司会不会参与海南自由贸易港的建设？谢谢,2,answer_pressure,dep_reason,Q2追问现金具体计划，依赖A1笼统回答要求细化。,公司出售了宁波海越，手握十几亿现金，打算干点什么。是收购大股东资产，还是就用现金买卖股票，毕竟那也是公司一主要业务。,公司将继续围绕石化主业，不断拓展业务范畴。另公司计划进一步扩大成品油及石油制品的贸易业务，该业务需要大量资金。公司将根据实际情况对资金进行合理使用。,尊敬的邱董事长，请问公司大笔现金下一步的具体计划是什么，还有就是公司会不会参与海南自由贸易港的建设？谢谢,600387_2018,3,5,2,Elaboration,Q2追问现金具体计划，依赖A1笼统回答要求细化。,,,1
positive,公司出售了宁波海越，手握十几亿现金，打算干点什么。是收购大股东资产，还是就用现金买卖股票，毕竟那也是公司一主要业务。 公司将继续围绕石化主业，不断拓展业务范畴。另公司计划进一步扩大成品油及石油制品的贸易业务，该业务需要大量资金。公司将根据实际情况对资金进行合理使用。,打造能源石化主业方面，公司有怎样的优势？,2,strategy_planning,dep_reason,Q2针对A1中“围绕石化主业”进一步询问具体优势。,公司出售了宁波海越，手握十几亿现金，打算干点什么。是收购大股东资产，还是就用现金买卖股票，毕竟那也是公司一主要业务。,公司将继续围绕石化主业，不断拓展业务范畴。另公司计划进一步扩大成品油及石油制品的贸易业务，该业务需要大量资金。公司将根据实际情况对资金进行合理使用。,打造能源石化主业方面，公司有怎样的优势？,600387_2018,3,8,5,Elaboration,Q2针对A1中“围绕石化主业”进一步询问具体优势。,,,1
positive,公司董事会和管理层致力于为全体股东利益最大化努力经营？ 您好，公司正在积极自查、整改以消除担保对公司产生的影响，具体情况请您关注公司相关公告。目前公司生产经营一切正常。,宋先生，如果公司董事会和管理层致力于为全体股东利益最大化努力经营，还会出现违法为大股东担保吗？此次说明会时间宝贵，请用务实的回复来重燃投资者的信心，谢谢！,1,disclosure_detail,dep_reason,Q2重复Q1质疑，并指出违法担保与声称矛盾，针对A1笼统回避继续施压。,公司董事会和管理层致力于为全体股东利益最大化努力经营？,您好，公司正在积极自查、整改以消除担保对公司产生的影响，具体情况请您关注公司相关公告。目前公司生产经营一切正常。,宋先生，如果公司董事会和管理层致力于为全体股东利益最大化努力经营，还会出现违法为大股东担保吗？此次说明会时间宝贵，请用务实的回复来重燃投资者的信心，谢谢！,600387_2019,2,6,4,Challenge,Q2重复Q1质疑，并指出违法担保与声称矛盾，针对A1笼统回避继续施压。,,,1
positive,根据上交所监管函，海越能源违规为大股东担保金额17.308亿元。暂且不管本金风险，因此造成的利息损失有多大？我的意思是，因为97%的现金存单被质押，很多业务本来可以使用自有资金的，现在却要再去向银行贷款。 您好，公司正在积极自查、整改以消除担保对公司产生的影响，具体情况请您关注公司相关公告。目前公司生产经营一切正常。,宋先生，如果公司董事会和管理层致力于为全体股东利益最大化努力经营，还会出现违法为大股东担保吗？此次说明会时间宝贵，请用务实的回复来重燃投资者的信心，谢谢！,1,disclosure_detail,dep_reason,Q2质疑A1回避性答复，要求务实回复以重建信心，明确针对回答方式。,根据上交所监管函，海越能源违规为大股东担保金额17.308亿元。暂且不管本金风险，因此造成的利息损失有多大？我的意思是，因为97%的现金存单被质押，很多业务本来可以使用自有资金的，现在却要再去向银行贷款。,您好，公司正在积极自查、整改以消除担保对公司产生的影响，具体情况请您关注公司相关公告。目前公司生产经营一切正常。,宋先生，如果公司董事会和管理层致力于为全体股东利益最大化努力经营，还会出现违法为大股东担保吗？此次说明会时间宝贵，请用务实的回复来重燃投资者的信心，谢谢！,600387_2019,4,6,2,Complaint,Q2质疑A1回避性答复，要求务实回复以重建信心，明确针对回答方式。,,,1
positive,宋先生，如果公司董事会和管理层致力于为全体股东利益最大化努力经营，还会出现违法为大股东担保吗？此次说明会时间宝贵，请用务实的回复来重燃投资者的信心，谢谢！ 您好，公司正在积极自查、整改以消除担保对公司产生的影响，具体情况请您关注公司相关公告。目前公司生产经营一切正常。,公司董事会和管理层致力于为全体股东利益最大化努力经营？你们去做担保，是为全体股东还是为某些股东？,1,disclosure_detail,dep_reason,Q2直接重复Q1中对于为全体股东利益最大化的质疑，并针对A1回避的担保问题继续施压质问。,宋先生，如果公司董事会和管理层致力于为全体股东利益最大化努力经营，还会出现违法为大股东担保吗？此次说明会时间宝贵，请用务实的回复来重燃投资者的信心，谢谢！,您好，公司正在积极自查、整改以消除担保对公司产生的影响，具体情况请您关注公司相关公告。目前公司生产经营一切正常。,公司董事会和管理层致力于为全体股东利益最大化努力经营？你们去做担保，是为全体股东还是为某些股东？,600387_2019,6,8,2,Challenge,Q2直接重复Q1中对于为全体股东利益最大化的质疑，并针对A1回避的担保问题继续施压质问。,,,1
positive,公司董事会和管理层致力于为全体股东利益最大化努力经营？你们去做担保，是为全体股东还是为某些股东？ 您好，公司正在积极自查、整改以消除担保对公司产生的影响，具体情况请您关注公司相关公告。目前公司生产经营一切正常。,尊敬的邱董：这次违法担保比上次违规把现金存在海航财务更恶劣，18亿现金是海越能源的护身符，也是中小投资者的保命钱啊！年报显示至今未到期的担保还有3.242亿元（海越科技）+1.854亿元（洋浦国兴），请问：1、未到期担保有没有风险？2、已到期的担保是否真的都已解除担保责任？详细情况要等正式回复，现在请简单说一下让大家安心，谢谢！,1,disclosure_detail,dep_reason,Q2针对A1未正面回答担保风险进行催促并要求简单说明。,公司董事会和管理层致力于为全体股东利益最大化努力经营？你们去做担保，是为全体股东还是为某些股东？,您好，公司正在积极自查、整改以消除担保对公司产生的影响，具体情况请您关注公司相关公告。目前公司生产经营一切正常。,尊敬的邱董：这次违法担保比上次违规把现金存在海航财务更恶劣，18亿现金是海越能源的护身符，也是中小投资者的保命钱啊！年报显示至今未到期的担保还有3.242亿元（海越科技）+1.854亿元（洋浦国兴），请问：1、未到期担保有没有风险？2、已到期的担保是否真的都已解除担保责任？详细情况要等正式回复，现在请简单说一下让大家安心，谢谢！,600387_2019,8,10,2,Complaint,Q2针对A1未正面回答担保风险进行催促并要求简单说明。,,,1
positive,公司董事会和管理层致力于为全体股东利益最大化努力经营？你们去做担保，是为全体股东还是为某些股东？ 您好，公司正在积极自查、整改以消除担保对公司产生的影响，具体情况请您关注公司相关公告。目前公司生产经营一切正常。,看着股价难受吗？公司有钱不用在扩产，为什么要去担保？不玩为什么还不尽快转让？,1,disclosure_detail,dep_reason,Q2针对A1回避担保原因继续质疑，并催促解释。,公司董事会和管理层致力于为全体股东利益最大化努力经营？你们去做担保，是为全体股东还是为某些股东？,您好，公司正在积极自查、整改以消除担保对公司产生的影响，具体情况请您关注公司相关公告。目前公司生产经营一切正常。,看着股价难受吗？公司有钱不用在扩产，为什么要去担保？不玩为什么还不尽快转让？,600387_2019,8,13,5,Challenge,Q2针对A1回避担保原因继续质疑，并催促解释。,,,1
positive,看着股价难受吗？公司有钱不用在扩产，为什么要去担保？不玩为什么还不尽快转让？ 您好，公司正在积极自查、整改以消除担保对公司产生的影响，公司控股股东与铜川能源就公司控制权的转让尚在洽谈中，请您及时关注公司后续公告，谢谢。,请问，铜川收购海越科技进度到哪一步了？为何没有延期或中止公告？,1,disclosure_detail,dep_reason,Q2针对A1提到的控制权转让洽谈追问进度和公告缺失。,看着股价难受吗？公司有钱不用在扩产，为什么要去担保？不玩为什么还不尽快转让？,您好，公司正在积极自查、整改以消除担保对公司产生的影响，公司控股股东与铜川能源就公司控制权的转让尚在洽谈中，请您及时关注公司后续公告，谢谢。,请问，铜川收购海越科技进度到哪一步了？为何没有延期或中止公告？,600387_2019,13,17,4,Elaboration,Q2针对A1提到的控制权转让洽谈追问进度和公告缺失。,,,1
positive,请问证监会审批有没有最后时限？公司预计什么时候完成重组？ 尊敬的投资者您好，根据中国证监会《行政许可事项服务指南上市公司发行股份购买资产核准、注册》：办理时限为自受理申请人发行申请文件之日起三个月内（90个自然日），依照法定条件和法定程序作出予以核准或者不予核准的决定，发行人根据要求补充、修改发行申请文件的时间不计算在内。公司本次发行股份购买瓮福集团100%股权并募集配套资金暨关联交易事项尚需取得中国证监会核准，能否获得核准及最终获得核准的时间尚存在不确定性。敬请关注公司后续披露的公告并注意投资风险。谢谢！,证监会对公司重组翁福集团审核应在多长时间完成，可以超过2022年5月19日一年时间吗,1,disclosure_detail,dep_reason,Q2针对A1中审批时限的不确定性，追问是否可能超过具体时间点，属于索要进一步细节。,请问证监会审批有没有最后时限？公司预计什么时候完成重组？,尊敬的投资者您好，根据中国证监会《行政许可事项服务指南上市公司发行股份购买资产核准、注册》：办理时限为自受理申请人发行申请文件之日起三个月内（90个自然日），依照法定条件和法定程序作出予以核准或者不予核准的决定，发行人根据要求补充、修改发行申请文件的时间不计算在内。公司本次发行股份购买瓮福集团100%股权并募集配套资金暨关联交易事项尚需取得中国证监会核准，能否获得核准及最终获得核准的时间尚存在不确定性。敬请关注公司后续披露的公告并注意投资风险。谢谢！,证监会对公司重组翁福集团审核应在多长时间完成，可以超过2022年5月19日一年时间吗,600610_2021,0,1,1,Elaboration,Q2针对A1中审批时限的不确定性，追问是否可能超过具体时间点，属于索要进一步细节。,,,1
positive,证监会对公司重组翁福集团审核应在多长时间完成，可以超过2022年5月19日一年时间吗 尊敬的投资者您好，根据中国证监会《行政许可事项服务指南上市公司发行股份购买资产核准、注册》：办理时限为自受理申请人发行申请文件之日起三个月内（90个自然日），依照法定条件和法定程序作出予以核准或者不予核准的决定，发行人根据要求补充、修改发行申请文件的时间不计算在内。公司本次重大资产重组事项尚需取得中国证监会核准，能否获得核准及最终获得核准的时间尚存在不确定性。敬请关注公司后续披露的公告并注意投资风险。谢谢！,证监会对公司重组翁福集团审核应在多长时间完成，可以超过2022年5月19日一年时间吗,1,disclosure_detail,dep_reason,Q2重复Q1，针对A1回避性、未明确回答是否超过一年时间，进行追问催促。,证监会对公司重组翁福集团审核应在多长时间完成，可以超过2022年5月19日一年时间吗,尊敬的投资者您好，根据中国证监会《行政许可事项服务指南上市公司发行股份购买资产核准、注册》：办理时限为自受理申请人发行申请文件之日起三个月内（90个自然日），依照法定条件和法定程序作出予以核准或者不予核准的决定，发行人根据要求补充、修改发行申请文件的时间不计算在内。公司本次重大资产重组事项尚需取得中国证监会核准，能否获得核准及最终获得核准的时间尚存在不确定性。敬请关注公司后续披露的公告并注意投资风险。谢谢！,证监会对公司重组翁福集团审核应在多长时间完成，可以超过2022年5月19日一年时间吗,600610_2021,1,3,2,Complaint,Q2重复Q1，针对A1回避性、未明确回答是否超过一年时间，进行追问催促。,,,1
positive,请问公司对B股遗留问题有什么解决计划，是否会考虑转板H股或A股？ 尊敬的投资者您好，感谢您的提问。公司目前没有关于B股的相关计划安排，不存在应披露而未披露的相关信息。谢谢！,"重组成功后公司b股有无转a股计划,b股与a股存在同股不同价差价不匹配问题，分红政策又是如何规定",2,restructuring,dep_reason,Q2在A1否认有B股转股计划后，追问重组成功后是否有计划，要求补充情景信息。,请问公司对B股遗留问题有什么解决计划，是否会考虑转板H股或A股？,尊敬的投资者您好，感谢您的提问。公司目前没有关于B股的相关计划安排，不存在应披露而未披露的相关信息。谢谢！,"重组成功后公司b股有无转a股计划,b股与a股存在同股不同价差价不匹配问题，分红政策又是如何规定",600610_2021,2,5,3,Elaboration,Q2在A1否认有B股转股计划后，追问重组成功后是否有计划，要求补充情景信息。,,,1
positive,"重组成功后公司b股有无转a股计划,b股与a股存在同股不同价差价不匹配问题，分红政策又是如何规定 尊敬的投资者您好，感谢您的提问。公司目前没有关于B股的相关计划安排，不存在应披露而未披露的相关信息。关于公司本次重组完成后的分红政策，敬请阅读公司2022年5月6日披露的《贵州中毅达股份有限公司发行股份购买资产并募集配套资金暨关联交易报告书（草案）（修订稿）》“第十四章其他重要事项之六、本次交易后上市公司的现金分红政策及相应安排”。谢谢！","重组成功后公司b股有无转a股计划,b股与a股存在同股不同价差价不匹配问题，分红政策又是如何规定",2,shareholder_return,dep_reason,Q2完全重复Q1，未针对A1的已回答内容（无B股计划，分红政策见报告）进行互动，属于催促更具体回应。,"重组成功后公司b股有无转a股计划,b股与a股存在同股不同价差价不匹配问题，分红政策又是如何规定",尊敬的投资者您好，感谢您的提问。公司目前没有关于B股的相关计划安排，不存在应披露而未披露的相关信息。关于公司本次重组完成后的分红政策，敬请阅读公司2022年5月6日披露的《贵州中毅达股份有限公司发行股份购买资产并募集配套资金暨关联交易报告书（草案）（修订稿）》“第十四章其他重要事项之六、本次交易后上市公司的现金分红政策及相应安排”。谢谢！,"重组成功后公司b股有无转a股计划,b股与a股存在同股不同价差价不匹配问题，分红政策又是如何规定",600610_2021,5,9,4,Complaint,Q2完全重复Q1，未针对A1的已回答内容（无B股计划，分红政策见报告）进行互动，属于催促更具体回应。,,,1
positive,接下来重组经过证监会审核后，公告复牌，复牌首日执行什么样的涨跌幅限制？公司应该掌握规则吧。正负10%还是不设置？ 尊敬的投资者您好，如公司本次重大资产重组进入中国证监会并购重组委审核阶段，公司将申请在并购重组委工作会议期间直至表决结果披露前停牌，于收到中国证监会并购重组委审核结果的次一交易日公告并复牌，复牌后公司A股与B股的涨跌幅限制仍为10%。公司本次重大资产重组事项尚需取得中国证监会核准，能否获得核准及最终获得核准的时间尚存在不确定性。敬请关注公司后续披露的公告并注意投资风险，谢谢！,请问证监会审批有没有最后时限？公司预计什么时候完成重组？,2,restructuring,dep_reason,Q2针对A1中核准时间不确定性继续追问时限与重组完成预计。,接下来重组经过证监会审核后，公告复牌，复牌首日执行什么样的涨跌幅限制？公司应该掌握规则吧。正负10%还是不设置？,尊敬的投资者您好，如公司本次重大资产重组进入中国证监会并购重组委审核阶段，公司将申请在并购重组委工作会议期间直至表决结果披露前停牌，于收到中国证监会并购重组委审核结果的次一交易日公告并复牌，复牌后公司A股与B股的涨跌幅限制仍为10%。公司本次重大资产重组事项尚需取得中国证监会核准，能否获得核准及最终获得核准的时间尚存在不确定性。敬请关注公司后续披露的公告并注意投资风险，谢谢！,请问证监会审批有没有最后时限？公司预计什么时候完成重组？,600610_2021,8,10,2,Elaboration,Q2针对A1中核准时间不确定性继续追问时限与重组完成预计。,,,1
positive,本次重组若失败，是否会对贵公司产生经营和财务状况造成重大不利影响？ 尊敬的投资者您好，感谢您的提问。公司现有业务自2019年11月以来，运行情况良好，整体生产经营情况较为稳定。公司后续将继续积极推进本次重组事项。本次重组事项尚需上交所审核通过并报中国证监会注册，能否审核通过、完成注册及最终审核通过、完成注册的时间尚存在不确定性。敬请关注公司后续披露的公告并注意投资风险。谢谢！,请问各位领导，目前重组最大的障碍是什么?,2,restructuring,dep_reason,Q2针对A1中重组审核不确定性的具体化追问，要求明确最大障碍。,本次重组若失败，是否会对贵公司产生经营和财务状况造成重大不利影响？,尊敬的投资者您好，感谢您的提问。公司现有业务自2019年11月以来，运行情况良好，整体生产经营情况较为稳定。公司后续将继续积极推进本次重组事项。本次重组事项尚需上交所审核通过并报中国证监会注册，能否审核通过、完成注册及最终审核通过、完成注册的时间尚存在不确定性。敬请关注公司后续披露的公告并注意投资风险。谢谢！,请问各位领导，目前重组最大的障碍是什么?,600610_2023,0,3,3,Elaboration,Q2针对A1中重组审核不确定性的具体化追问，要求明确最大障碍。,,,1
positive,领导，您好！我来自四川大决策 尊敬的投资者您好，感谢您的提问。公司重组工作正在稳步推进中，本次发行股份购买资产并募集配套资金暨关联交易事项尚需上交所审核通过并报中国证监会注册，能否审核通过、完成注册及最终审核通过、完成注册的时间尚存在不确定性。敬请关注公司后续披露的公告并注意投资风险。谢谢！,请问各位领导，目前重组最大的障碍是什么?,1,disclosure_detail,dep_reason,Q2针对A1中重组需审核注册的不确定性追问具体障碍，要求进一步细节。,领导，您好！我来自四川大决策,尊敬的投资者您好，感谢您的提问。公司重组工作正在稳步推进中，本次发行股份购买资产并募集配套资金暨关联交易事项尚需上交所审核通过并报中国证监会注册，能否审核通过、完成注册及最终审核通过、完成注册的时间尚存在不确定性。敬请关注公司后续披露的公告并注意投资风险。谢谢！,请问各位领导，目前重组最大的障碍是什么?,600610_2023,1,3,2,Elaboration,Q2针对A1中重组需审核注册的不确定性追问具体障碍，要求进一步细节。,,,1
positive,领导，您好！我来自四川大决策 尊敬的投资者您好，感谢您的提问。公司重组工作正在稳步推进中，本次发行股份购买资产并募集配套资金暨关联交易事项尚需上交所审核通过并报中国证监会注册，能否审核通过、完成注册及最终审核通过、完成注册的时间尚存在不确定性。敬请关注公司后续披露的公告并注意投资风险。谢谢！,你好，董事长，贵公司对于本次重组是否有信心？,2,restructuring,dep_reason,Q2针对A1中重组事项的不确定性进一步追问公司对重组的信心。,领导，您好！我来自四川大决策,尊敬的投资者您好，感谢您的提问。公司重组工作正在稳步推进中，本次发行股份购买资产并募集配套资金暨关联交易事项尚需上交所审核通过并报中国证监会注册，能否审核通过、完成注册及最终审核通过、完成注册的时间尚存在不确定性。敬请关注公司后续披露的公告并注意投资风险。谢谢！,你好，董事长，贵公司对于本次重组是否有信心？,600610_2023,1,6,5,Elaboration,Q2针对A1中重组事项的不确定性进一步追问公司对重组的信心。,,,1
positive,请问最近股价大跌是否与重组不成功有关？ 尊敬的投资者您好，感谢您的提问。二级市场股价受到多重因素影响，具有一定的不确定性。公司重组工作正在稳步推进中，本次发行股份购买资产并募集配套资金暨关联交易事项尚需上交所审核通过并报中国证监会注册，能否审核通过、完成注册及最终审核通过、完成注册的时间尚存在不确定性。敬请关注公司后续披露的公告并注意投资风险。谢谢！,请问各位领导，目前重组最大的障碍是什么?,2,restructuring,dep_reason,Q2针对A1中重组审核不确定性追问具体障碍。,请问最近股价大跌是否与重组不成功有关？,尊敬的投资者您好，感谢您的提问。二级市场股价受到多重因素影响，具有一定的不确定性。公司重组工作正在稳步推进中，本次发行股份购买资产并募集配套资金暨关联交易事项尚需上交所审核通过并报中国证监会注册，能否审核通过、完成注册及最终审核通过、完成注册的时间尚存在不确定性。敬请关注公司后续披露的公告并注意投资风险。谢谢！,请问各位领导，目前重组最大的障碍是什么?,600610_2023,2,3,1,Elaboration,Q2针对A1中重组审核不确定性追问具体障碍。,,,1
positive,请问最近股价大跌是否与重组不成功有关？ 尊敬的投资者您好，感谢您的提问。二级市场股价受到多重因素影响，具有一定的不确定性。公司重组工作正在稳步推进中，本次发行股份购买资产并募集配套资金暨关联交易事项尚需上交所审核通过并报中国证监会注册，能否审核通过、完成注册及最终审核通过、完成注册的时间尚存在不确定性。敬请关注公司后续披露的公告并注意投资风险。谢谢！,你好，董事长，贵公司对于本次重组是否有信心？,2,restructuring,dep_reason,Q2围绕A1中重组进行状态继续追问董事长信心，属于对同一事项的细化补充。,请问最近股价大跌是否与重组不成功有关？,尊敬的投资者您好，感谢您的提问。二级市场股价受到多重因素影响，具有一定的不确定性。公司重组工作正在稳步推进中，本次发行股份购买资产并募集配套资金暨关联交易事项尚需上交所审核通过并报中国证监会注册，能否审核通过、完成注册及最终审核通过、完成注册的时间尚存在不确定性。敬请关注公司后续披露的公告并注意投资风险。谢谢！,你好，董事长，贵公司对于本次重组是否有信心？,600610_2023,2,6,4,Elaboration,Q2围绕A1中重组进行状态继续追问董事长信心，属于对同一事项的细化补充。,,,1
positive,在今年房地产调控的形势下公司经营上有何调整？怎样渡过寒冬? 2012年公司房地产主要开发方向是上城?国际商业广场项目和净月的低密度住宅区，同时启动烟台国际商业广场和北京天竺杨林公寓的建设。商业地产的开发，一方面提升产品的形象，另外一方面，在住宅房地产遭受严重政策风险时，可转移部分系统性风险；国际商业广场是非住宅的商业项目，它的建成即可以为原有的“上城园区”提升档次，同时也可以避开政策对于商品房调控政策；净月的低密度住宅区，是公司在长春的又一高品质的形象示范区，不仅延续了公司的高档精品的理念，同时也是公司新的利润增长点所在。谢谢,"请问执行总裁:汪清,近来国内地产萎靡，请问公司今年有何突破口实现业绩翻红？",2,performance_governance,dep_reason,Q2承接A1中提到的调整方向，追问具体突破口和业绩翻红措施。,在今年房地产调控的形势下公司经营上有何调整？怎样渡过寒冬?,2012年公司房地产主要开发方向是上城?国际商业广场项目和净月的低密度住宅区，同时启动烟台国际商业广场和北京天竺杨林公寓的建设。商业地产的开发，一方面提升产品的形象，另外一方面，在住宅房地产遭受严重政策风险时，可转移部分系统性风险；国际商业广场是非住宅的商业项目，它的建成即可以为原有的“上城园区”提升档次，同时也可以避开政策对于商品房调控政策；净月的低密度住宅区，是公司在长春的又一高品质的形象示范区，不仅延续了公司的高档精品的理念，同时也是公司新的利润增长点所在。谢谢,"请问执行总裁:汪清,近来国内地产萎靡，请问公司今年有何突破口实现业绩翻红？",600734_2011,30,35,5,Elaboration,Q2承接A1中提到的调整方向，追问具体突破口和业绩翻红措施。,,,1
positive,"近三年内公司的经营业绩如何,是否亏损? 最近三年“归属于上市公司股东的净利润”为：2009年116,480,986.28元；2010年26,679,051.92元；2011年139,693,890.00元。",业绩那么好为什么都不分红？,1,disclosure_detail,dep_reason,Q2依据A1披露的净利润数据追问不分红原因。,"近三年内公司的经营业绩如何,是否亏损?","最近三年“归属于上市公司股东的净利润”为：2009年116,480,986.28元；2010年26,679,051.92元；2011年139,693,890.00元。",业绩那么好为什么都不分红？,600734_2011,40,44,4,Elaboration,Q2依据A1披露的净利润数据追问不分红原因。,,,1
positive,实达会退市吗？怎么股票走的这么差。 公司已连续几年实现盈利。影响公司股价的因素很多，除了公司经营情况外，还包括国家政策、大盘走势等诸多因素。谢谢,业绩那么好为什么都不分红？,2,shareholder_return,dep_reason,Q2针对A1中“连续几年实现盈利”的内容，质疑为何不分红。,实达会退市吗？怎么股票走的这么差。,公司已连续几年实现盈利。影响公司股价的因素很多，除了公司经营情况外，还包括国家政策、大盘走势等诸多因素。谢谢,业绩那么好为什么都不分红？,600734_2011,43,44,1,Challenge,Q2针对A1中“连续几年实现盈利”的内容，质疑为何不分红。,,,1
positive,2亿的关联交易有具体的执行计划吗？ 感谢您对公司的关注与支持，关于关联交易方面执行情况，公司将按照信披规则在定期报告予以披露。,公司资产入驻一直没有通报过流程。是否对存在信息披露违规！,1,disclosure_detail,dep_reason,Q2针对A1未披露具体执行计划，质疑信息披露违规。,2亿的关联交易有具体的执行计划吗？,感谢您对公司的关注与支持，关于关联交易方面执行情况，公司将按照信披规则在定期报告予以披露。,公司资产入驻一直没有通报过流程。是否对存在信息披露违规！,600734_2021,3,6,3,Challenge,Q2针对A1未披露具体执行计划，质疑信息披露违规。,,,1
positive,请问什么时候能落实资产注入？ 尊敬的投资者，您好！感谢您对公司的关注。根据《重整计划》，公司控股股东及其指定的主体将在符合相关法律法规的前提下，将其合法拥有或管理的优质资产或者实达集团股东大会认可的其他优质资产适时注入实达集团。若涉及该事项相关进展，公司将及时按照信披规则及时履行信披义务。,公司资产入驻一直没有通报过流程。是否对存在信息披露违规！,1,disclosure_detail,dep_reason,Q2针对A1所述将及时信披的承诺，质疑资产入驻流程一直未通报，指责可能存在信息披露违规。,请问什么时候能落实资产注入？,尊敬的投资者，您好！感谢您对公司的关注。根据《重整计划》，公司控股股东及其指定的主体将在符合相关法律法规的前提下，将其合法拥有或管理的优质资产或者实达集团股东大会认可的其他优质资产适时注入实达集团。若涉及该事项相关进展，公司将及时按照信披规则及时履行信披义务。,公司资产入驻一直没有通报过流程。是否对存在信息披露违规！,600734_2021,4,6,2,Challenge,Q2针对A1所述将及时信披的承诺，质疑资产入驻流程一直未通报，指责可能存在信息披露违规。,,,1
positive,公司最新经营及业绩情况如何？ 尊敬的投资者，您好！截至23年第一季度公司实现营业收入3585万元，净利润1032万元。,对2023年及未来利润率走势如何判断？有何举措？,2,strategy_planning,dep_reason,Q2基于A1中的营收和净利润数据，进一步追问对未来利润率的判断及举措。,公司最新经营及业绩情况如何？,尊敬的投资者，您好！截至23年第一季度公司实现营业收入3585万元，净利润1032万元。,对2023年及未来利润率走势如何判断？有何举措？,600734_2022,1,3,2,Elaboration,Q2基于A1中的营收和净利润数据，进一步追问对未来利润率的判断及举措。,,,1
positive,公司频繁被立案调查，公司经营是否异常？是否面临退市风险？ 尊敬的投资者，您好！2023年5月立案调查属于公司破产重整前的历史遗留事项。公司目前经营正常，不存在退市风险的情形，感谢您对公司的关注。,目前公司已处在边缘地带了，是否有机会实现逆风翻盘呢？,2,performance_governance,dep_reason,Q2针对A1中“经营正常”的表述质疑公司实际处于边缘地带，并追问逆风翻盘机会。,公司频繁被立案调查，公司经营是否异常？是否面临退市风险？,尊敬的投资者，您好！2023年5月立案调查属于公司破产重整前的历史遗留事项。公司目前经营正常，不存在退市风险的情形，感谢您对公司的关注。,目前公司已处在边缘地带了，是否有机会实现逆风翻盘呢？,600734_2022,4,7,3,Challenge,Q2针对A1中“经营正常”的表述质疑公司实际处于边缘地带，并追问逆风翻盘机会。,,,1
positive,公司之前无法摘帽原因是无持续经营盈利能力。现在公司业务正常半年报呈现盈利指标。公司什么时候申请摘帽？ 尊敬的投资者，您好！公司将在符合条件时及时申请摘帽。感谢您对公司的关注，谢谢。,收购星云大数据有没有具体时间表？2023年三季度业绩预期多少？ST实达有没有具体摘帽安排？,1,disclosure_detail,dep_reason,Q2继续追问ST实达摘帽具体安排，针对A1未给出具体时间的回避回答，重复追问同一事项。,公司之前无法摘帽原因是无持续经营盈利能力。现在公司业务正常半年报呈现盈利指标。公司什么时候申请摘帽？,尊敬的投资者，您好！公司将在符合条件时及时申请摘帽。感谢您对公司的关注，谢谢。,收购星云大数据有没有具体时间表？2023年三季度业绩预期多少？ST实达有没有具体摘帽安排？,600734_2023,1,2,1,Complaint,Q2继续追问ST实达摘帽具体安排，针对A1未给出具体时间的回避回答，重复追问同一事项。,,,1
positive,收购星云大数据有没有具体时间表？2023年三季度业绩预期多少？ST实达有没有具体摘帽安排？ 尊敬的投资者，您好！1）公司目前已启动收购星云大数据项目，相关工作正在积极开展中，因为涉及多方，力争尽快完成，若涉及重大事项进展，公司将及时按照信披规则履行信披义务。2）公司2023年三季报将于10月31日披露，敬请关注。3）公司将对照《上海证券交易所股票上市规则》相关规定逐项排查，在符合申请撤销其他风险警示的条件时，及时申请撤销股票退市风险警示。感谢您对公司的关注。,立案调查现在有结果了吗，公司什么时候能申请摘帽,1,disclosure_detail,dep_reason,Q2针对A1未给出摘帽具体时间的模糊回答，继续追问具体申请时间，并关联立案调查进展，是明显的催促和追问。,收购星云大数据有没有具体时间表？2023年三季度业绩预期多少？ST实达有没有具体摘帽安排？,尊敬的投资者，您好！1）公司目前已启动收购星云大数据项目，相关工作正在积极开展中，因为涉及多方，力争尽快完成，若涉及重大事项进展，公司将及时按照信披规则履行信披义务。2）公司2023年三季报将于10月31日披露，敬请关注。3）公司将对照《上海证券交易所股票上市规则》相关规定逐项排查，在符合申请撤销其他风险警示的条件时，及时申请撤销股票退市风险警示。感谢您对公司的关注。,立案调查现在有结果了吗，公司什么时候能申请摘帽,600734_2023,2,4,2,Complaint,Q2针对A1未给出摘帽具体时间的模糊回答，继续追问具体申请时间，并关联立案调查进展，是明显的催促和追问。,,,1
positive,23年年报问询的几个问题，目前已经整理好几个问题的回访内容了？是否会二次延期？本次摘帽申请是否会撤回？ 尊敬的投资者，您好！公司目前正积极推进《问询函》的回复工作，将尽快回复并及时履行信息披露义务。相关事项敬请关注公司公告，谢谢。,今年是否会重启星云数据收购计划？本次的问询是否会二次延期？,2,answer_pressure,dep_reason,Q2中“本次的问询是否会二次延期”重复追问A1未正面回答的同一问题，构成交互依赖催促。,23年年报问询的几个问题，目前已经整理好几个问题的回访内容了？是否会二次延期？本次摘帽申请是否会撤回？,尊敬的投资者，您好！公司目前正积极推进《问询函》的回复工作，将尽快回复并及时履行信息披露义务。相关事项敬请关注公司公告，谢谢。,今年是否会重启星云数据收购计划？本次的问询是否会二次延期？,600734_2023,6,9,3,Complaint,Q2中“本次的问询是否会二次延期”重复追问A1未正面回答的同一问题，构成交互依赖催促。,,,1
positive,今年是否会重启星云数据收购计划？本次的问询是否会二次延期？ 尊敬的投资者，您好！公司与控股股东保持积极沟通协商，努力推进资产注入事项。公司目前正积极推进《问询函》的回复工作，将尽快回复并及时履行信息披露义务。相关事项敬请关注公司公告，谢谢。,请问星云大数据注入计划进度如何了？,2,restructuring,dep_reason,Q2针对A1中提到的资产注入事项继续追问具体进度。,今年是否会重启星云数据收购计划？本次的问询是否会二次延期？,尊敬的投资者，您好！公司与控股股东保持积极沟通协商，努力推进资产注入事项。公司目前正积极推进《问询函》的回复工作，将尽快回复并及时履行信息披露义务。相关事项敬请关注公司公告，谢谢。,请问星云大数据注入计划进度如何了？,600734_2023,9,12,3,Elaboration,Q2针对A1中提到的资产注入事项继续追问具体进度。,,,1
positive,公司目前储备的算力项目有哪些? 尊敬的投资者，您好！公司已中标克融云智算中心一期二标段项目，建设2000P算力规模，为克融云智算中心提供计算服务器、网络、安全等配套设备，以及算力调度平台、主数据管理平台、训推一体平台AIOS、设备全生命周期管理系统等；与百川智能联合中标福州市鼓楼智算中心一期建设及算力服务承销项目，建设不低于200P规模的算力平台，建设内容主要包含智算中心AI硬件基础设施、算力调度平台、云管平台和运维管理平台等，公司主要负责该智算中心的设计、建设、算力服务承销等工作。感谢您对公司的关注，谢谢。,公司今年中标几个项目，为什么没有同步进行公告？,1,disclosure_detail,dep_reason,Q2针对A1中提及的中标项目未公告进行质疑催促。,公司目前储备的算力项目有哪些?,尊敬的投资者，您好！公司已中标克融云智算中心一期二标段项目，建设2000P算力规模，为克融云智算中心提供计算服务器、网络、安全等配套设备，以及算力调度平台、主数据管理平台、训推一体平台AIOS、设备全生命周期管理系统等；与百川智能联合中标福州市鼓楼智算中心一期建设及算力服务承销项目，建设不低于200P规模的算力平台，建设内容主要包含智算中心AI硬件基础设施、算力调度平台、云管平台和运维管理平台等，公司主要负责该智算中心的设计、建设、算力服务承销等工作。感谢您对公司的关注，谢谢。,公司今年中标几个项目，为什么没有同步进行公告？,600734_2024,4,9,5,Complaint,Q2针对A1中提及的中标项目未公告进行质疑催促。,,,1
positive,公司下半年业绩如何?是否有中标或正在进行中的项目? 尊敬的投资者，您好！公司已中标新疆克拉玛依克融云智算中心一期二标段项目，与百川智能联合中标福州市鼓楼智算中心一期建设及算力服务承销项目等。感谢您对公司的关注，谢谢。,公司今年中标几个项目，为什么没有同步进行公告？,1,disclosure_detail,dep_reason,Q2基于A1提到的中标项目质疑为何未同步公告。,公司下半年业绩如何?是否有中标或正在进行中的项目?,尊敬的投资者，您好！公司已中标新疆克拉玛依克融云智算中心一期二标段项目，与百川智能联合中标福州市鼓楼智算中心一期建设及算力服务承销项目等。感谢您对公司的关注，谢谢。,公司今年中标几个项目，为什么没有同步进行公告？,600734_2024,5,9,4,Challenge,Q2基于A1提到的中标项目质疑为何未同步公告。,,,1
positive,请问三季度中标合同能公示吗 尊敬的投资者，您好！按照相关规定，公司日常业务5亿以上才达到披露标准，后续如有项目达到信披标准，公司将根据相关法律法规要求及时履行披露义务。感谢您对公司的关注，谢谢。,公司今年中标几个项目，为什么没有同步进行公告？,1,disclosure_detail,dep_reason,Q2针对A1披露标准解释，质疑未公告原因。,请问三季度中标合同能公示吗,尊敬的投资者，您好！按照相关规定，公司日常业务5亿以上才达到披露标准，后续如有项目达到信披标准，公司将根据相关法律法规要求及时履行披露义务。感谢您对公司的关注，谢谢。,公司今年中标几个项目，为什么没有同步进行公告？,600734_2024,6,9,3,Challenge,Q2针对A1披露标准解释，质疑未公告原因。,,,1
positive,"公司今年在福州鼓楼成立的合资公司,主要开展什么业务?有落地的项目吗? 尊敬的投资者，您好！公司与福州市鼓楼区城建投资发展集团有限公司、福州市鼓楼区国有资产投资发展集团有限公司共同成立合资公司，拟开展算力、智慧教育等业务。目前鼓楼合资公司于2024年8月份刚成立，现阶段正组建团队、搭建服务平台，稳步推进各项业务的拓展工作。感谢您对公司的关注，谢谢。",算力业务的盈利模式是什么,2,performance_governance,dep_reason,Q2针对A1中提到的“算力”业务追问盈利模式，对象直接来自A1。,"公司今年在福州鼓楼成立的合资公司,主要开展什么业务?有落地的项目吗?",尊敬的投资者，您好！公司与福州市鼓楼区城建投资发展集团有限公司、福州市鼓楼区国有资产投资发展集团有限公司共同成立合资公司，拟开展算力、智慧教育等业务。目前鼓楼合资公司于2024年8月份刚成立，现阶段正组建团队、搭建服务平台，稳步推进各项业务的拓展工作。感谢您对公司的关注，谢谢。,算力业务的盈利模式是什么,600734_2024,8,11,3,Elaboration,Q2针对A1中提到的“算力”业务追问盈利模式，对象直接来自A1。,,,1
positive,贵公司在半年报中承诺注入星云大数据，请问注入的最后截至时间是何时，请回答 尊敬的投资者，您好！资产注入无承诺期限，交易双方一直高度重视资产注入事项，控股股东将积极履行相关承诺，公司也同步加紧推动该事项，相关情况敬请关注公司公告。感谢您对公司的关注，谢谢。,资产注入是否有承诺时间?目前进展如何?,1,disclosure_detail,dep_reason,Q2针对A1中“无承诺期限”的说法追问是否有承诺时间及进展，质疑A1与Q1中承诺的矛盾。,贵公司在半年报中承诺注入星云大数据，请问注入的最后截至时间是何时，请回答,尊敬的投资者，您好！资产注入无承诺期限，交易双方一直高度重视资产注入事项，控股股东将积极履行相关承诺，公司也同步加紧推动该事项，相关情况敬请关注公司公告。感谢您对公司的关注，谢谢。,资产注入是否有承诺时间?目前进展如何?,600734_2024,10,12,2,Challenge,Q2针对A1中“无承诺期限”的说法追问是否有承诺时间及进展，质疑A1与Q1中承诺的矛盾。,,,1
positive,资产注入是否有承诺时间?目前进展如何? 尊敬的投资者，您好！资产注入没有承诺期限，但交易双方一直高度重视资产注入事项，控股股东将积极履行相关承诺，公司也在同步加紧推动该事项，相关情况敬请关注公司公告。感谢您对公司的关注，谢谢。,证监会以及其他省份都在积极推进重组，很多公司积极响应已正式启动重组。贵公司对中小股民几年前就承诺重组，股民把大把的银子投入公司换来今天的实达摘帽，公司为何迟迟没有动作？,1,disclosure_detail,dep_reason,Q2针对A1中承诺履行无实质进展进行质疑和催促。,资产注入是否有承诺时间?目前进展如何?,尊敬的投资者，您好！资产注入没有承诺期限，但交易双方一直高度重视资产注入事项，控股股东将积极履行相关承诺，公司也在同步加紧推动该事项，相关情况敬请关注公司公告。感谢您对公司的关注，谢谢。,证监会以及其他省份都在积极推进重组，很多公司积极响应已正式启动重组。贵公司对中小股民几年前就承诺重组，股民把大把的银子投入公司换来今天的实达摘帽，公司为何迟迟没有动作？,600734_2024,12,13,1,Challenge,Q2针对A1中承诺履行无实质进展进行质疑和催促。,,,1
positive,请问尊敬的李女士，贵公司目前财务状况健康积极发展，是否具备整合星云大数据的条件啦？ 尊敬的投资者，您好！公司与控股股东正积极推进资产注入计划，若涉及相关事项敬请关注公告，感谢您对公司的关注，谢谢。,尊敬的雷董事长好，我是实达长期的投资股东，认可贵企业的发展规划和方向。请问，贵公司，针对实达集团未来的资产规划是什么？关于贵公司资产注入目前的状况到哪一步了？目前是否遇到了什么困难？谢谢。,1,disclosure_detail,dep_reason,Q2针对A1中的资产注入计划追问规划和进展。,请问尊敬的李女士，贵公司目前财务状况健康积极发展，是否具备整合星云大数据的条件啦？,尊敬的投资者，您好！公司与控股股东正积极推进资产注入计划，若涉及相关事项敬请关注公告，感谢您对公司的关注，谢谢。,尊敬的雷董事长好，我是实达长期的投资股东，认可贵企业的发展规划和方向。请问，贵公司，针对实达集团未来的资产规划是什么？关于贵公司资产注入目前的状况到哪一步了？目前是否遇到了什么困难？谢谢。,600734_2024,14,19,5,Elaboration,Q2针对A1中的资产注入计划追问规划和进展。,,,1
positive,请问供公司：1、公司在人工智能、数据要素等业务有啥优势和布局。2、作为国资控股的上市公司，在整合资源方面有哪些竞争优势。3、公司此前终止的注入资产战略，下一步是否会继续推进？还有其它别的并购重组的计划吗？4、公司未来的远景规划和战略目标是什么？ 尊敬的投资者，您好！公司依据控股股东背景优势地位，可实现生态资源共享等优势，具体布局和远景规划请关注公司披露的定期报告。公司与控股股东积极推进注入资产计划，若涉及相关事项敬请关注公告。公司致力于提升经营业绩和内在价值，努力回报广大投资者。感谢您对公司的关注。,1、星云整合事宜进展如何，之前回复的积极协商属于没有意义的回复，能否告知沟通到哪个流程了？可以的话告知预计多久能进入正式的资产注入程序？2.公司2024年能完成3亿元营收新规吗？,2,answer_pressure,dep_reason,Q2明确针对A1对注入资产计划的笼统回复，批评'没有意义'并追问具体流程和时间。,请问供公司：1、公司在人工智能、数据要素等业务有啥优势和布局。2、作为国资控股的上市公司，在整合资源方面有哪些竞争优势。3、公司此前终止的注入资产战略，下一步是否会继续推进？还有其它别的并购重组的计划吗？4、公司未来的远景规划和战略目标是什么？,尊敬的投资者，您好！公司依据控股股东背景优势地位，可实现生态资源共享等优势，具体布局和远景规划请关注公司披露的定期报告。公司与控股股东积极推进注入资产计划，若涉及相关事项敬请关注公告。公司致力于提升经营业绩和内在价值，努力回报广大投资者。感谢您对公司的关注。,1、星云整合事宜进展如何，之前回复的积极协商属于没有意义的回复，能否告知沟通到哪个流程了？可以的话告知预计多久能进入正式的资产注入程序？2.公司2024年能完成3亿元营收新规吗？,600734_2024,27,28,1,Complaint,Q2明确针对A1对注入资产计划的笼统回复，批评'没有意义'并追问具体流程和时间。,,,1
positive,请问供公司：1、公司在人工智能、数据要素等业务有啥优势和布局。2、作为国资控股的上市公司，在整合资源方面有哪些竞争优势。3、公司此前终止的注入资产战略，下一步是否会继续推进？还有其它别的并购重组的计划吗？4、公司未来的远景规划和战略目标是什么？ 尊敬的投资者，您好！公司依据控股股东背景优势地位，可实现生态资源共享等优势，具体布局和远景规划请关注公司披露的定期报告。公司与控股股东积极推进注入资产计划，若涉及相关事项敬请关注公告。公司致力于提升经营业绩和内在价值，努力回报广大投资者。感谢您对公司的关注。,近期政策大力鼓励并购重组，公司是否有这方面的计划？,2,restructuring,dep_reason,Q2针对A1中提及的注入资产计划进一步追问公司是否有并购重组计划。,请问供公司：1、公司在人工智能、数据要素等业务有啥优势和布局。2、作为国资控股的上市公司，在整合资源方面有哪些竞争优势。3、公司此前终止的注入资产战略，下一步是否会继续推进？还有其它别的并购重组的计划吗？4、公司未来的远景规划和战略目标是什么？,尊敬的投资者，您好！公司依据控股股东背景优势地位，可实现生态资源共享等优势，具体布局和远景规划请关注公司披露的定期报告。公司与控股股东积极推进注入资产计划，若涉及相关事项敬请关注公告。公司致力于提升经营业绩和内在价值，努力回报广大投资者。感谢您对公司的关注。,近期政策大力鼓励并购重组，公司是否有这方面的计划？,600734_2024,27,30,3,Elaboration,Q2针对A1中提及的注入资产计划进一步追问公司是否有并购重组计划。,,,1
positive,"公司各项经营指标取得进一步突破，小微贷款同比增长近三成,为何股价跌破发行价 尊敬的投资者，您好。2021年作为公司第五轮三年发展战略规划开局落地工作取得不俗成绩：资产规模突破3000亿，达到3295亿元，同比增长15.55%；发展质效不断提升，净利润同比增长19.23%；资产质量稳中向好，不良贷款率较2021年初下降0.07个百分点至0.91%；风险抵补能力持续增强，拨备覆盖率达到370.64%，较2021年初上升2.61个百分点。公司普惠型小微企业贷款余额（银保监口径，含个人经营性贷款）444.35?亿元，较年初增加100.44?亿元，增幅29.20%。但公司股价走势受宏观环境、大盘指数波动、资金流动等诸多因素影响，当前银行业总体估值较低，公司的市盈率及市净率在银行业排名较为靠前。公司将致力于提升企业价值，以优异的业绩回报股东和社会。感谢关注。",现在股价到了历史底部，低于发行价，造成如此的主要原因是什么？,2,answer_pressure,dep_reason,Q2重复Q1的股价破发原因问题，针对A1笼统回应继续追问具体原因。,"公司各项经营指标取得进一步突破，小微贷款同比增长近三成,为何股价跌破发行价",尊敬的投资者，您好。2021年作为公司第五轮三年发展战略规划开局落地工作取得不俗成绩：资产规模突破3000亿，达到3295亿元，同比增长15.55%；发展质效不断提升，净利润同比增长19.23%；资产质量稳中向好，不良贷款率较2021年初下降0.07个百分点至0.91%；风险抵补能力持续增强，拨备覆盖率达到370.64%，较2021年初上升2.61个百分点。公司普惠型小微企业贷款余额（银保监口径，含个人经营性贷款）444.35?亿元，较年初增加100.44?亿元，增幅29.20%。但公司股价走势受宏观环境、大盘指数波动、资金流动等诸多因素影响，当前银行业总体估值较低，公司的市盈率及市净率在银行业排名较为靠前。公司将致力于提升企业价值，以优异的业绩回报股东和社会。感谢关注。,现在股价到了历史底部，低于发行价，造成如此的主要原因是什么？,601187_2021,9,11,2,Challenge,Q2重复Q1的股价破发原因问题，针对A1笼统回应继续追问具体原因。,,,1
positive,个人贷款目前余额和占比是什么情况？目前风险情况如何？ 尊敬的投资者，您好。2022年，个人贷款余额766.94亿元，增幅14.98%，在全行贷款总额中的占比38.27%，连续三年实现增长。我行重点发展个人消费和经营贷款，个人经营贷余额达到409.28亿元，增幅46.58%，个人消费贷款余额78.20亿元，增幅13.56%。个人贷款中消费和经营贷款占比持续提升，贷款结构进一步优化。目前我行个人贷款不良率为0.37%，在市场上处于较低水平。感谢关注。,贵行不良率趋势怎么样，第四季度会升高吗？,2,strategy_planning,dep_reason,Q2针对A1中提到的个人贷款不良率数据，继续追问其趋势和未来变化。,个人贷款目前余额和占比是什么情况？目前风险情况如何？,尊敬的投资者，您好。2022年，个人贷款余额766.94亿元，增幅14.98%，在全行贷款总额中的占比38.27%，连续三年实现增长。我行重点发展个人消费和经营贷款，个人经营贷余额达到409.28亿元，增幅46.58%，个人消费贷款余额78.20亿元，增幅13.56%。个人贷款中消费和经营贷款占比持续提升，贷款结构进一步优化。目前我行个人贷款不良率为0.37%，在市场上处于较低水平。感谢关注。,贵行不良率趋势怎么样，第四季度会升高吗？,601187_2022,2,6,4,Elaboration,Q2针对A1中提到的个人贷款不良率数据，继续追问其趋势和未来变化。,,,1
positive,2023年可转债可否顺利发行，后续资本运作是否有进一步的规划？ 尊敬的投资者，您好。根据注册制平移要求，我行可转债申请已于2023年3月2日获上交所受理，目前尚需上交所审核，以及中国证监会同意注册。感谢关注。,来自搜众财经（ID：jscaijing）的提问：1、尽管贵行的各项资本充足率指标均满足监管要求，但2022年与2021年相比，有明显下降。请问公司拟发行的50亿元可转债进展如何？今年是否可以完成发行？2、公司是否欢迎中小投资者、专业研究机构来贵行实地调研与高管互动，如近期有调研需求的话，采取何种方式与董秘或证代预约。,1,disclosure_detail,dep_reason,Q2的第一问直接追问A1中可转债的进展和今年能否完成发行，属于内容依赖。,2023年可转债可否顺利发行，后续资本运作是否有进一步的规划？,尊敬的投资者，您好。根据注册制平移要求，我行可转债申请已于2023年3月2日获上交所受理，目前尚需上交所审核，以及中国证监会同意注册。感谢关注。,来自搜众财经（ID：jscaijing）的提问：1、尽管贵行的各项资本充足率指标均满足监管要求，但2022年与2021年相比，有明显下降。请问公司拟发行的50亿元可转债进展如何？今年是否可以完成发行？2、公司是否欢迎中小投资者、专业研究机构来贵行实地调研与高管互动，如近期有调研需求的话，采取何种方式与董秘或证代预约。,601187_2022,12,16,4,Elaboration,Q2的第一问直接追问A1中可转债的进展和今年能否完成发行，属于内容依赖。,,,1
positive,在服务两岸金融方面，厦门银行有什么独特优势? 您好，感谢您的关注。本行多年来依托台资股东背景及区位优势，围绕个人、公司及同业构建全面的两岸金融业务体系，目前是福建省台企授信户数最多、针对台胞发放信用卡数量最多的金融机构。本行从总行、分行到支行搭建了完善的两岸金融服务组织架构，设立台商金融部、台商业务部等管理部门和台商专营团队、对台特色支行，为台胞台企提供专业化服务；创新推出薪速汇、资金大三通、两岸通速汇、台胞信用卡、台农贷、台商税易贷、台商流水贷等特色产品；与多家台湾银行同业建立业务关系，开展外汇及衍生品业务，与在陆台资银行合作为台资企业提供了银团贷款，切实保持并提升两岸金融业务的市场优势。未来，本行将围绕个人、公司及同业构建全面的两岸金融业务体系，持续创新台企台胞专属产品和服务，推动两岸交流合作，实现客户覆盖度和市场优势的持续提升。,您好！请问贵行能详细介绍一下近年来两岸金融业务的特色与亮点吗？未来具体有哪些战略举措？看到年报里披露数据较少，能否提供业务数据支撑？,1,disclosure_detail,dep_reason,Q2针对A1中已提及的业务特色和未来战略要求更详细说明与数据支撑。,在服务两岸金融方面，厦门银行有什么独特优势?,您好，感谢您的关注。本行多年来依托台资股东背景及区位优势，围绕个人、公司及同业构建全面的两岸金融业务体系，目前是福建省台企授信户数最多、针对台胞发放信用卡数量最多的金融机构。本行从总行、分行到支行搭建了完善的两岸金融服务组织架构，设立台商金融部、台商业务部等管理部门和台商专营团队、对台特色支行，为台胞台企提供专业化服务；创新推出薪速汇、资金大三通、两岸通速汇、台胞信用卡、台农贷、台商税易贷、台商流水贷等特色产品；与多家台湾银行同业建立业务关系，开展外汇及衍生品业务，与在陆台资银行合作为台资企业提供了银团贷款，切实保持并提升两岸金融业务的市场优势。未来，本行将围绕个人、公司及同业构建全面的两岸金融业务体系，持续创新台企台胞专属产品和服务，推动两岸交流合作，实现客户覆盖度和市场优势的持续提升。,您好！请问贵行能详细介绍一下近年来两岸金融业务的特色与亮点吗？未来具体有哪些战略举措？看到年报里披露数据较少，能否提供业务数据支撑？,601187_2023,4,9,5,Elaboration,Q2针对A1中已提及的业务特色和未来战略要求更详细说明与数据支撑。,,,1
positive,贵行资产负债结构优化进展如何，预计下半年净息差走势如何，采取哪些方式稳息差？厦门银行近期获批发行不超过90亿元人民币的资本补充工具，后续是否有新的资本补充计划？未来的现金分红计划是怎样的？ 您好，感谢您的关注。在净息差方面，随着本行结构优化及负债成本管控举措成效显现，上半年我行净息差较一季度回升4bp，同比降幅较2024年上半年显著收窄。本行将持续对资产、负债两端双向发力，全力以赴有节奏地加大一般贷款增量提质，同时进一步提升活期存款、缩减存款久期，推动净息差企稳。在资本补充方面，本行将努力拓宽资本补充渠道，持续优化中长期资产负债结构，以支持本行各项业务稳健发展。目前，本行50亿可转债项目尚在上交所审核中。在分红计划方面，本行高度重视投资者回报，自上市以来一直坚持稳定、持续的分红政策，目前，本行股东大会已授权董事会决定2025年中期分红方案。,麻烦请问公司未来的分红计划和派息政策？,2,shareholder_return,dep_reason,Q2重复Q1的分红问题，A1仅笼统表态未给出具体计划，构成隐性催促。,贵行资产负债结构优化进展如何，预计下半年净息差走势如何，采取哪些方式稳息差？厦门银行近期获批发行不超过90亿元人民币的资本补充工具，后续是否有新的资本补充计划？未来的现金分红计划是怎样的？,您好，感谢您的关注。在净息差方面，随着本行结构优化及负债成本管控举措成效显现，上半年我行净息差较一季度回升4bp，同比降幅较2024年上半年显著收窄。本行将持续对资产、负债两端双向发力，全力以赴有节奏地加大一般贷款增量提质，同时进一步提升活期存款、缩减存款久期，推动净息差企稳。在资本补充方面，本行将努力拓宽资本补充渠道，持续优化中长期资产负债结构，以支持本行各项业务稳健发展。目前，本行50亿可转债项目尚在上交所审核中。在分红计划方面，本行高度重视投资者回报，自上市以来一直坚持稳定、持续的分红政策，目前，本行股东大会已授权董事会决定2025年中期分红方案。,麻烦请问公司未来的分红计划和派息政策？,601187_2025,1,6,5,Complaint,Q2重复Q1的分红问题，A1仅笼统表态未给出具体计划，构成隐性催促。,,,1
positive,"请问公司这几年有融资的计划吗？ 前期，交行2021年第一次临时股东大会审议批准了2022年底前发行不超过1,400亿元人民币或等值外币二级资本债券的议案。目前，交行已于2021年9月、2022年2月累计发行600亿元二级资本债券，于11月15日发行500亿元二级资本债券。明年，中国版巴III有望推出，交行正积极关注监管资本办法修订最新进展，做好巴III落地实施准备。从我行测算情况看，新巴III计量规则较现行规则总体略微宽松，将会对交行资本充足率起到一定程度的正面支撑作用。我们将结合市场情况，择机选择二级资本债、永续债等融资工具进行资本补充。对于补充核心一级资本问题，未来也将视情况择机进行研究。",涂总，您好，交行近期是否有配股或者增发新股的计划。,2,restructuring,dep_reason,Q2针对A1中“补充核心一级资本问题”继续追问近期具体方式（配股/增发）。,请问公司这几年有融资的计划吗？,"前期，交行2021年第一次临时股东大会审议批准了2022年底前发行不超过1,400亿元人民币或等值外币二级资本债券的议案。目前，交行已于2021年9月、2022年2月累计发行600亿元二级资本债券，于11月15日发行500亿元二级资本债券。明年，中国版巴III有望推出，交行正积极关注监管资本办法修订最新进展，做好巴III落地实施准备。从我行测算情况看，新巴III计量规则较现行规则总体略微宽松，将会对交行资本充足率起到一定程度的正面支撑作用。我们将结合市场情况，择机选择二级资本债、永续债等融资工具进行资本补充。对于补充核心一级资本问题，未来也将视情况择机进行研究。",涂总，您好，交行近期是否有配股或者增发新股的计划。,601328_2022,3,6,3,Elaboration,Q2针对A1中“补充核心一级资本问题”继续追问近期具体方式（配股/增发）。,,,1
positive,请问贵行三季度的净息差在六大行中最低，具体是什么原因造成的？ 由于各家行在规模大小、业务结构、客户结构等方面存在差异，在息差表现上也存在一定差别。前三季度，交行净利息收益率为1.50%，同比下降5个基点，收窄幅度好于同业。下一步，我们将积极优化资产负债结构，着力降低负债成本，力争保持息差总体相对稳定。,1.公司净息差低的问题怎么解决？2.核充率低的问题怎么解决？3.分红明后年会不会下降？,2,performance_governance,dep_reason,Q2第一问针对A1中提到的优化结构、降低成本等笼统措施要求具体解决方案。,请问贵行三季度的净息差在六大行中最低，具体是什么原因造成的？,由于各家行在规模大小、业务结构、客户结构等方面存在差异，在息差表现上也存在一定差别。前三季度，交行净利息收益率为1.50%，同比下降5个基点，收窄幅度好于同业。下一步，我们将积极优化资产负债结构，着力降低负债成本，力争保持息差总体相对稳定。,1.公司净息差低的问题怎么解决？2.核充率低的问题怎么解决？3.分红明后年会不会下降？,601328_2022,10,14,4,Elaboration,Q2第一问针对A1中提到的优化结构、降低成本等笼统措施要求具体解决方案。,,,1
positive,"1.公司净息差低的问题怎么解决？2.核充率低的问题怎么解决？3.分红明后年会不会下降？ 感谢您的提问！关于息差：今年前三季度，交行净利息收益率为1.50%，同比下降5个基点，第三季度单季净利息收益率为1.46%，较二季度环比下降3个基点。今年以来受LPR下行等因素影响，贷款定价呈逐步下降态势，前三季度，交行新发放对公实质性贷款利率较去年全年下降39个基点，但绝对水平及变动趋势好于对标同业（四大行+招行）平均水平。此外，受到企业及居民消费意愿下滑等影响，存款出现定期化的情况，存款成本呈现一定程度的“刚性”。未来，我们将积极优化资产负债结构，着力降低负债成本，力争保持息差总体相对稳定。关于资本充足率：受风险加权资产增长较快影响，交行9月末核心一级资本充足率有所下降。关于补充资本：前期，交行2021年第一次临时股东大会审议批准了2022年底前发行不超过1,400亿元人民币或等值外币二级资本债券的议案。目前，交行已于2021年9月、2022年2月累计发行600亿元二级资本债券，于11月15日发行500亿元二级资本债券。明年，中国版巴III有望推出，交行正积极关注监管资本办法修订最新进展，做好巴III落地实施准备。从我行测算情况看，新巴III计量规则较现行规则总体略微宽松，将会对交行资本充足率起到一定程度的正面支撑作用。我们将结合市场情况，择机选择二级资本债、永续债等融资工具进行资本补充。对于补充核心一级资本问题，未来也将视情况择机进行研究。关于分红率：交行高度重视对股东的投资回报，上市以来保持稳定的分红政策，连续十年现金分红率保持在30%以上。未来，交行坚持股东价值最大化原则，综合考虑经营环境、经营情况以及资本状况等因素，平衡好股东当期回报和长远利益的关系，确定合理的分红水平。在基本面及监管政策不发生大的变动的前提下，我们将努力保持分红政策的稳定。",交行有没有今后数年的分红预案？,2,shareholder_return,dep_reason,Q2针对A1中分红政策稳定及未来考虑因素，要求提供具体多年预案。,1.公司净息差低的问题怎么解决？2.核充率低的问题怎么解决？3.分红明后年会不会下降？,"感谢您的提问！关于息差：今年前三季度，交行净利息收益率为1.50%，同比下降5个基点，第三季度单季净利息收益率为1.46%，较二季度环比下降3个基点。今年以来受LPR下行等因素影响，贷款定价呈逐步下降态势，前三季度，交行新发放对公实质性贷款利率较去年全年下降39个基点，但绝对水平及变动趋势好于对标同业（四大行+招行）平均水平。此外，受到企业及居民消费意愿下滑等影响，存款出现定期化的情况，存款成本呈现一定程度的“刚性”。未来，我们将积极优化资产负债结构，着力降低负债成本，力争保持息差总体相对稳定。关于资本充足率：受风险加权资产增长较快影响，交行9月末核心一级资本充足率有所下降。关于补充资本：前期，交行2021年第一次临时股东大会审议批准了2022年底前发行不超过1,400亿元人民币或等值外币二级资本债券的议案。目前，交行已于2021年9月、2022年2月累计发行600亿元二级资本债券，于11月15日发行500亿元二级资本债券。明年，中国版巴III有望推出，交行正积极关注监管资本办法修订最新进展，做好巴III落地实施准备。从我行测算情况看，新巴III计量规则较现行规则总体略微宽松，将会对交行资本充足率起到一定程度的正面支撑作用。我们将结合市场情况，择机选择二级资本债、永续债等融资工具进行资本补充。对于补充核心一级资本问题，未来也将视情况择机进行研究。关于分红率：交行高度重视对股东的投资回报，上市以来保持稳定的分红政策，连续十年现金分红率保持在30%以上。未来，交行坚持股东价值最大化原则，综合考虑经营环境、经营情况以及资本状况等因素，平衡好股东当期回报和长远利益的关系，确定合理的分红水平。在基本面及监管政策不发生大的变动的前提下，我们将努力保持分红政策的稳定。",交行有没有今后数年的分红预案？,601328_2022,14,16,2,Elaboration,Q2针对A1中分红政策稳定及未来考虑因素，要求提供具体多年预案。,,,1
positive,分红能否再提高一些？ 感谢您的关注！交行历来高度重视对股东的回报，多年来现金分红率一直保持30%以上。上市银行的分红率并非越高越好，需要动态平衡好银行可持续经营发展、股东长期利益和股东当期回报之间的关系。未来，在保持盈利水平基本稳定的基础上，我们将努力保持稳定持续的派息政策。,涂总，您好，请问交行的分红策略今后几年有没有变化，会不会加大分红力度。,2,shareholder_return,dep_reason,Q2针对A1中稳定持续派息政策继续追问是否会加大分红。,分红能否再提高一些？,感谢您的关注！交行历来高度重视对股东的回报，多年来现金分红率一直保持30%以上。上市银行的分红率并非越高越好，需要动态平衡好银行可持续经营发展、股东长期利益和股东当期回报之间的关系。未来，在保持盈利水平基本稳定的基础上，我们将努力保持稳定持续的派息政策。,涂总，您好，请问交行的分红策略今后几年有没有变化，会不会加大分红力度。,601328_2022,25,28,3,Elaboration,Q2针对A1中稳定持续派息政策继续追问是否会加大分红。,,,1
positive,涂总，您好，请问交行的分红策略今后几年有没有变化，会不会加大分红力度。 本行高度重视对股东的投资回报，上市以来保持稳定的分红政策，连续十年现金分红率保持在30%以上。未来，交行坚持股东价值最大化原则，综合考虑经营环境、经营情况以及资本状况等因素，平衡好股东当期回报和长远利益的关系，确定合理的分红水平。在基本面及监管政策不发生大的变动的前提下，交行将努力保持分红政策的稳定。,请问贵行目前的分红方案是怎么样的？,2,shareholder_return,dep_reason,Q2针对A1笼统分红政策表述要求具体方案，属于将缺口具体化。,涂总，您好，请问交行的分红策略今后几年有没有变化，会不会加大分红力度。,本行高度重视对股东的投资回报，上市以来保持稳定的分红政策，连续十年现金分红率保持在30%以上。未来，交行坚持股东价值最大化原则，综合考虑经营环境、经营情况以及资本状况等因素，平衡好股东当期回报和长远利益的关系，确定合理的分红水平。在基本面及监管政策不发生大的变动的前提下，交行将努力保持分红政策的稳定。,请问贵行目前的分红方案是怎么样的？,601328_2022,28,32,4,Elaboration,Q2针对A1笼统分红政策表述要求具体方案，属于将缺口具体化。,,,1
positive,请问公司会考虑加大分红频率和现金分红率吗？ 感谢您的关注！我们非常重视对股东的投资回报。自2012年以来，交行现金分红率连续11年保持在30%以上（2012-2022）。下一步，交行将以提升集团净经营收入（营业收入）为锚，通过优化业务结构提升综合效益，推动负债业务量增价降、提升资产业务综合质效、做大核心中间业务收入、持续改善风险指标，提升集团综合经营业绩表现。从目前经营发展情况看，我们有能力、有信心继续将分红率保持在合理稳定水平。,今年有没有计划分2次红？,2,shareholder_return,dep_reason,Q2针对A1未回应分红频率继续追问，属于回答缺失催促。,请问公司会考虑加大分红频率和现金分红率吗？,感谢您的关注！我们非常重视对股东的投资回报。自2012年以来，交行现金分红率连续11年保持在30%以上（2012-2022）。下一步，交行将以提升集团净经营收入（营业收入）为锚，通过优化业务结构提升综合效益，推动负债业务量增价降、提升资产业务综合质效、做大核心中间业务收入、持续改善风险指标，提升集团综合经营业绩表现。从目前经营发展情况看，我们有能力、有信心继续将分红率保持在合理稳定水平。,今年有没有计划分2次红？,601328_2023,2,6,4,Complaint,Q2针对A1未回应分红频率继续追问，属于回答缺失催促。,,,1
positive,今年有没有计划分2次红？ 交行曾于2008年至2010年连续三年在上市银行中率先实施中期分红。未来我们会根据监管指引要求和投资者的诉求，积极研究继续实施中期分红事宜。,不知道后期的分红会不会一年分两次，半年报后分一次，年报后再分一次，甚至按季分红,2,shareholder_return,dep_reason,Q2继续追问分红频率，A1仅表示积极研究，未正面回答，构成交互依赖。,今年有没有计划分2次红？,交行曾于2008年至2010年连续三年在上市银行中率先实施中期分红。未来我们会根据监管指引要求和投资者的诉求，积极研究继续实施中期分红事宜。,不知道后期的分红会不会一年分两次，半年报后分一次，年报后再分一次，甚至按季分红,601328_2023,6,11,5,Complaint,Q2继续追问分红频率，A1仅表示积极研究，未正面回答，构成交互依赖。,,,1
positive,不知道后期的分红会不会一年分两次，半年报后分一次，年报后再分一次，甚至按季分红 交行曾于2008年至2010年连续三年在上市银行中率先实施中期分红。未来我们会根据监管指引要求和投资者的诉求，积极研究继续实施中期分红事宜。,什么时候会考虑中期分红？,2,shareholder_return,dep_reason,Q2针对A1中积极研究中期分红事宜追问具体时间安排。,不知道后期的分红会不会一年分两次，半年报后分一次，年报后再分一次，甚至按季分红,交行曾于2008年至2010年连续三年在上市银行中率先实施中期分红。未来我们会根据监管指引要求和投资者的诉求，积极研究继续实施中期分红事宜。,什么时候会考虑中期分红？,601328_2023,11,16,5,Elaboration,Q2针对A1中积极研究中期分红事宜追问具体时间安排。,,,1
positive,"在社会责任领域有哪些具体举措和成就？公司在可持续金融和绿色金融方面的发展规划是怎样的？ 交行将履行社会责任融入经营发展，健全利益相关方沟通与权益保护机制，在公司治理、绿色金融、绿色运营、普惠金融、乡村振兴、人力资本发展等方面积极探索实践，不断提升治理、履责水平，加强ESG风险的管理。同时，交行信贷投放也以满足实体经济融资需求为导向，为宏观经济恢复回升提供有力支撑。三季度末，交行长三角、粤港澳和京津冀三大区域贷款余额较上年末增长超过3,600亿元，占贷款余额比重近54%；境内行制造业贷款增幅超16%；制造业中长期贷款增幅近36%；涉农贷款增幅近22%，普惠型涉农贷款增幅近43%；绿色贷款增幅超过30%。前三季度，主承销绿色债券余额同比增长超过10%。下一步，交行将持续做好并落实国家服务实体经济的相关要求，一是着重优化信贷结构，信贷资源向普惠小微、科技金融、绿色发展、制造业、专精特新、基础设施建设、乡村振兴、民营企业等重点领域和薄弱环节倾斜；二是加大重点区域信贷倾斜力度，包括长三角、京津冀、大湾区等，同时，积极支持经济相对落后地区实体经济资金需求；三是持续增强发展绿色金融的主动性，聚焦重点领域、重点区域，加大绿色金融支持服务实体经济力度，推动绿色金融与四大业务特色协同发展，更好满足各类主体在绿色投融资、绿色消费、低碳转型中的金融需求，在产品服务、政策流程、风险管控等方面擦亮交行绿色金融服务底色。",目前公司都是围绕“上海主场”、“长三角”展开业务，未来是否有什么“走出去”的战略规划？,2,strategy_planning,dep_reason,Q2针对A1中强调的上海主场、长三角等区域聚焦，进一步追问未来是否向外拓展战略。,在社会责任领域有哪些具体举措和成就？公司在可持续金融和绿色金融方面的发展规划是怎样的？,"交行将履行社会责任融入经营发展，健全利益相关方沟通与权益保护机制，在公司治理、绿色金融、绿色运营、普惠金融、乡村振兴、人力资本发展等方面积极探索实践，不断提升治理、履责水平，加强ESG风险的管理。同时，交行信贷投放也以满足实体经济融资需求为导向，为宏观经济恢复回升提供有力支撑。三季度末，交行长三角、粤港澳和京津冀三大区域贷款余额较上年末增长超过3,600亿元，占贷款余额比重近54%；境内行制造业贷款增幅超16%；制造业中长期贷款增幅近36%；涉农贷款增幅近22%，普惠型涉农贷款增幅近43%；绿色贷款增幅超过30%。前三季度，主承销绿色债券余额同比增长超过10%。下一步，交行将持续做好并落实国家服务实体经济的相关要求，一是着重优化信贷结构，信贷资源向普惠小微、科技金融、绿色发展、制造业、专精特新、基础设施建设、乡村振兴、民营企业等重点领域和薄弱环节倾斜；二是加大重点区域信贷倾斜力度，包括长三角、京津冀、大湾区等，同时，积极支持经济相对落后地区实体经济资金需求；三是持续增强发展绿色金融的主动性，聚焦重点领域、重点区域，加大绿色金融支持服务实体经济力度，推动绿色金融与四大业务特色协同发展，更好满足各类主体在绿色投融资、绿色消费、低碳转型中的金融需求，在产品服务、政策流程、风险管控等方面擦亮交行绿色金融服务底色。",目前公司都是围绕“上海主场”、“长三角”展开业务，未来是否有什么“走出去”的战略规划？,601328_2023,17,18,1,Elaboration,Q2针对A1中强调的上海主场、长三角等区域聚焦，进一步追问未来是否向外拓展战略。,,,1
positive,主办方，你好！交通银行未来现金红利分配政策会否调整，分红比例向上？ 过去11年本行现金分红率均保持在30%及以上，属于上市公司分红率的较高水平。今后我们将结合经营情况、经营环境以及资本状况等因素，确定合适的分红政策，在股东当期投资回报、股东长期利益、银行可持续发展之间保持适度平衡。,分红比例为什么这么低？,2,shareholder_return,dep_reason,Q2针对A1中提及的30%现金分红率继续追问低的原因。,主办方，你好！交通银行未来现金红利分配政策会否调整，分红比例向上？,过去11年本行现金分红率均保持在30%及以上，属于上市公司分红率的较高水平。今后我们将结合经营情况、经营环境以及资本状况等因素，确定合适的分红政策，在股东当期投资回报、股东长期利益、银行可持续发展之间保持适度平衡。,分红比例为什么这么低？,601328_2023,19,22,3,Elaboration,Q2针对A1中提及的30%现金分红率继续追问低的原因。,,,1
positive,分红比例为什么这么低？ 我们非常重视对股东的投资回报。刚刚结束的交行第十届董事会第十二次会议审议通过了2023年度利润分配方案，每股分配现金股利0.375元（含税），相较上年（每股分配0.373元）略有提升，总计向普通股股东分配现金股利278.49亿元，占集团净利润（归属于母公司股东）的32.67%。自2012年以来，交行现金分红率连续12年保持在30%以上（2012-2023年度）。目前我们的A股、H股股息率近6%、8%，投资收益率较好。,今年有考虑提高分红率吗,1,disclosure_detail,dep_reason,Q2针对A1中已披露的分红比例进一步追问是否考虑提高。,分红比例为什么这么低？,我们非常重视对股东的投资回报。刚刚结束的交行第十届董事会第十二次会议审议通过了2023年度利润分配方案，每股分配现金股利0.375元（含税），相较上年（每股分配0.373元）略有提升，总计向普通股股东分配现金股利278.49亿元，占集团净利润（归属于母公司股东）的32.67%。自2012年以来，交行现金分红率连续12年保持在30%以上（2012-2023年度）。目前我们的A股、H股股息率近6%、8%，投资收益率较好。,今年有考虑提高分红率吗,601328_2023,22,25,3,Elaboration,Q2针对A1中已披露的分红比例进一步追问是否考虑提高。,,,1
positive,中期分红加年终分红的支付率一共是百分之多少 交行历来重视对股东的投资回报。交行第十届董事会第十七次会议已经审议通过了中期分红方案。综合考虑股东回报和内源资本积累要求，交行拟向登记在册的A股股东和H股股东每股分配现金股利人民币0.182元（含税），共分配现金股利人民币135.16亿元，占上半年归属于母公司普通股股东净利润的32.36%。交行现金分红率已经连续12年保持在30%以上，我们将努力保持分红政策的连续性和稳定性，让股东持续分享交行经营发展的成果。,可否提高分红比例到50%,2,shareholder_return,dep_reason,Q2基于A1中提到的32.36%分红率，追问是否可提高到50%,中期分红加年终分红的支付率一共是百分之多少,交行历来重视对股东的投资回报。交行第十届董事会第十七次会议已经审议通过了中期分红方案。综合考虑股东回报和内源资本积累要求，交行拟向登记在册的A股股东和H股股东每股分配现金股利人民币0.182元（含税），共分配现金股利人民币135.16亿元，占上半年归属于母公司普通股股东净利润的32.36%。交行现金分红率已经连续12年保持在30%以上，我们将努力保持分红政策的连续性和稳定性，让股东持续分享交行经营发展的成果。,可否提高分红比例到50%,601328_2024,1,2,1,Elaboration,Q2基于A1中提到的32.36%分红率，追问是否可提高到50%,,,1
positive,中期分红加年终分红的支付率一共是百分之多少 交行历来重视对股东的投资回报。交行第十届董事会第十七次会议已经审议通过了中期分红方案。综合考虑股东回报和内源资本积累要求，交行拟向登记在册的A股股东和H股股东每股分配现金股利人民币0.182元（含税），共分配现金股利人民币135.16亿元，占上半年归属于母公司普通股股东净利润的32.36%。交行现金分红率已经连续12年保持在30%以上，我们将努力保持分红政策的连续性和稳定性，让股东持续分享交行经营发展的成果。,领导们好，已知交行会实行半年度的派息，请问交行全年的派息率会与上年持平吗？或是会高于去年的水平？,2,shareholder_return,dep_reason,Q2基于A1中期分红和分红政策连续性追问全年派息率。,中期分红加年终分红的支付率一共是百分之多少,交行历来重视对股东的投资回报。交行第十届董事会第十七次会议已经审议通过了中期分红方案。综合考虑股东回报和内源资本积累要求，交行拟向登记在册的A股股东和H股股东每股分配现金股利人民币0.182元（含税），共分配现金股利人民币135.16亿元，占上半年归属于母公司普通股股东净利润的32.36%。交行现金分红率已经连续12年保持在30%以上，我们将努力保持分红政策的连续性和稳定性，让股东持续分享交行经营发展的成果。,领导们好，已知交行会实行半年度的派息，请问交行全年的派息率会与上年持平吗？或是会高于去年的水平？,601328_2024,1,5,4,Elaboration,Q2基于A1中期分红和分红政策连续性追问全年派息率。,,,1
positive,可否提高分红比例到50% 交行历来重视对股东的投资回报。交行第十届董事会第十七次会议已经审议通过了中期分红方案。综合考虑股东回报和内源资本积累要求，交行拟向登记在册的A股股东和H股股东每股分配现金股利人民币0.182元（含税），共分配现金股利人民币135.16亿元，占上半年归属于母公司普通股股东净利润的32.36%。交行现金分红率已经连续12年保持在30%以上，我们将努力保持分红政策的连续性和稳定性，让股东持续分享交行经营发展的成果。,领导们好，已知交行会实行半年度的派息，请问交行全年的派息率会与上年持平吗？或是会高于去年的水平？,1,disclosure_detail,dep_reason,Q2基于A1披露的中期分红比例和稳定性表述，追问全年派息率是否持平或高于去年。,可否提高分红比例到50%,交行历来重视对股东的投资回报。交行第十届董事会第十七次会议已经审议通过了中期分红方案。综合考虑股东回报和内源资本积累要求，交行拟向登记在册的A股股东和H股股东每股分配现金股利人民币0.182元（含税），共分配现金股利人民币135.16亿元，占上半年归属于母公司普通股股东净利润的32.36%。交行现金分红率已经连续12年保持在30%以上，我们将努力保持分红政策的连续性和稳定性，让股东持续分享交行经营发展的成果。,领导们好，已知交行会实行半年度的派息，请问交行全年的派息率会与上年持平吗？或是会高于去年的水平？,601328_2024,2,5,3,Elaboration,Q2基于A1披露的中期分红比例和稳定性表述，追问全年派息率是否持平或高于去年。,,,1
positive,各位领导下午好。请问之前在国新办发布会上表示计划对六家大型商业银行增加核心一级资本事宜有何进展？请问这将如何影响交行？谢谢。 感谢您的提问。 近年来，交行持续完善资本管理体系，不断强化资本约束和价值创造导向，坚持以合理稳健的资本充足水平支持全行业务发展。但目前在银行业整体净利润增速放缓、净息差收窄的情况下，交行资本充足水平仍面临一定压力。 今年9月，金融监管总局明确将对六家国有商业银行增加核心一级资本，交行将按照监管统筹指导和安排，优化完善融资方案，积极推进核心一级资本补充工作。同时，继续做好其他资本工具的常态化发行工作，努力保持资本充足水平合理稳定。 我们将持续与相关部门保持密切沟通，如获批实施，将进一步夯实交行核心一级资本，有利于交行更好服务实体经济，提升自身可持续发展能力。,国家计划对六家大型商业银行增加核心一级资本，请问交通银行在这方面的进展如何？这对交行的财务和业务有何影响？,1,disclosure_detail,dep_reason,Q2重复Q1问题，因A1回答笼统未给出实质进展，属于催促继续回答。,各位领导下午好。请问之前在国新办发布会上表示计划对六家大型商业银行增加核心一级资本事宜有何进展？请问这将如何影响交行？谢谢。,感谢您的提问。 近年来，交行持续完善资本管理体系，不断强化资本约束和价值创造导向，坚持以合理稳健的资本充足水平支持全行业务发展。但目前在银行业整体净利润增速放缓、净息差收窄的情况下，交行资本充足水平仍面临一定压力。 今年9月，金融监管总局明确将对六家国有商业银行增加核心一级资本，交行将按照监管统筹指导和安排，优化完善融资方案，积极推进核心一级资本补充工作。同时，继续做好其他资本工具的常态化发行工作，努力保持资本充足水平合理稳定。 我们将持续与相关部门保持密切沟通，如获批实施，将进一步夯实交行核心一级资本，有利于交行更好服务实体经济，提升自身可持续发展能力。,国家计划对六家大型商业银行增加核心一级资本，请问交通银行在这方面的进展如何？这对交行的财务和业务有何影响？,601328_2024,11,12,1,Complaint,Q2重复Q1问题，因A1回答笼统未给出实质进展，属于催促继续回答。,,,1
positive,国家计划对六家大型商业银行增加核心一级资本，请问交通银行在这方面的进展如何？这对交行的财务和业务有何影响？ 感谢您的提问。 近年来，交行持续完善资本管理体系，不断强化资本约束和价值创造导向，坚持以合理稳健的资本充足水平支持全行业务发展。但目前在银行业整体净利润增速放缓、净息差收窄的情况下，交行资本充足水平仍面临一定压力。 今年9月，金融监管总局明确将对六家国有商业银行增加核心一级资本，交行将按照监管统筹指导和安排，优化完善融资方案，积极推进核心一级资本补充工作。同时，继续做好其他资本工具的常态化发行工作，努力保持资本充足水平合理稳定。 我们将持续与相关部门保持密切沟通，如获批实施，将进一步夯实交行核心一级资本，有利于交行更好服务实体经济，提升自身可持续发展能力。,各位领导下午好。请问之前在国新办发布会上表示计划对六家大型商业银行增加核心一级资本事宜有何进展？请问这将如何影响交行？谢谢.,1,disclosure_detail,dep_reason,Q2重复Q1内容，暗示对A1回答不充分，要求更具体进展和影响。,国家计划对六家大型商业银行增加核心一级资本，请问交通银行在这方面的进展如何？这对交行的财务和业务有何影响？,感谢您的提问。 近年来，交行持续完善资本管理体系，不断强化资本约束和价值创造导向，坚持以合理稳健的资本充足水平支持全行业务发展。但目前在银行业整体净利润增速放缓、净息差收窄的情况下，交行资本充足水平仍面临一定压力。 今年9月，金融监管总局明确将对六家国有商业银行增加核心一级资本，交行将按照监管统筹指导和安排，优化完善融资方案，积极推进核心一级资本补充工作。同时，继续做好其他资本工具的常态化发行工作，努力保持资本充足水平合理稳定。 我们将持续与相关部门保持密切沟通，如获批实施，将进一步夯实交行核心一级资本，有利于交行更好服务实体经济，提升自身可持续发展能力。,各位领导下午好。请问之前在国新办发布会上表示计划对六家大型商业银行增加核心一级资本事宜有何进展？请问这将如何影响交行？谢谢.,601328_2024,12,13,1,Elaboration,Q2重复Q1内容，暗示对A1回答不充分，要求更具体进展和影响。,,,1
positive,半年每股分红会下降吗？增发后预计多久每股利润能够达到前期水平？ 感谢您的提问。 交行将保持分红政策的延续性、稳定性和可预期性，与股东持续分享交行经营发展成果。 今年3月，我们制定并披露了《未来三年（2025-2027年）股东分红回报规划》，明确未来三年“每一年度以现金方式分配的利润不少于该会计年度的集团口径下归属于本行股东的净利润的30%”。从今年上半年业绩表现看，交行经营发展保持稳健，净利润较去年同期实现正增长，带来了每股收益的提升。刚才张行长已经对我们下一阶段的经营策略做了介绍，我们有信心继续以良好的业绩和稳定的分红持续回报股东。,交行此次破净增发，稀释了股权，之后是否会提高分红比例来保证股东的分红利益？,2,shareholder_return,dep_reason,Q2针对A1中不少于30%的分红比例规划，进一步追问是否会因增发稀释而提高该比例。,半年每股分红会下降吗？增发后预计多久每股利润能够达到前期水平？,感谢您的提问。 交行将保持分红政策的延续性、稳定性和可预期性，与股东持续分享交行经营发展成果。 今年3月，我们制定并披露了《未来三年（2025-2027年）股东分红回报规划》，明确未来三年“每一年度以现金方式分配的利润不少于该会计年度的集团口径下归属于本行股东的净利润的30%”。从今年上半年业绩表现看，交行经营发展保持稳健，净利润较去年同期实现正增长，带来了每股收益的提升。刚才张行长已经对我们下一阶段的经营策略做了介绍，我们有信心继续以良好的业绩和稳定的分红持续回报股东。,交行此次破净增发，稀释了股权，之后是否会提高分红比例来保证股东的分红利益？,601328_2025,0,3,3,Elaboration,Q2针对A1中不少于30%的分红比例规划，进一步追问是否会因增发稀释而提高该比例。,,,1
positive,半年每股分红会下降吗？增发后预计多久每股利润能够达到前期水平？ 感谢您的提问。 交行将保持分红政策的延续性、稳定性和可预期性，与股东持续分享交行经营发展成果。 今年3月，我们制定并披露了《未来三年（2025-2027年）股东分红回报规划》，明确未来三年“每一年度以现金方式分配的利润不少于该会计年度的集团口径下归属于本行股东的净利润的30%”。从今年上半年业绩表现看，交行经营发展保持稳健，净利润较去年同期实现正增长，带来了每股收益的提升。刚才张行长已经对我们下一阶段的经营策略做了介绍，我们有信心继续以良好的业绩和稳定的分红持续回报股东。,既然增发了，要不要考虑提升分红比率，来维持老股东和增发股东的共同权益。,1,disclosure_detail,dep_reason,Q2针对A1中披露的30%分红规划，建议提升分红比率以应对增发摊薄，属于围绕同一财务政策链条继续追问。,半年每股分红会下降吗？增发后预计多久每股利润能够达到前期水平？,感谢您的提问。 交行将保持分红政策的延续性、稳定性和可预期性，与股东持续分享交行经营发展成果。 今年3月，我们制定并披露了《未来三年（2025-2027年）股东分红回报规划》，明确未来三年“每一年度以现金方式分配的利润不少于该会计年度的集团口径下归属于本行股东的净利润的30%”。从今年上半年业绩表现看，交行经营发展保持稳健，净利润较去年同期实现正增长，带来了每股收益的提升。刚才张行长已经对我们下一阶段的经营策略做了介绍，我们有信心继续以良好的业绩和稳定的分红持续回报股东。,既然增发了，要不要考虑提升分红比率，来维持老股东和增发股东的共同权益。,601328_2025,0,4,4,Elaboration,Q2针对A1中披露的30%分红规划，建议提升分红比率以应对增发摊薄，属于围绕同一财务政策链条继续追问。,,,1
positive,半年每股分红会下降吗？增发后预计多久每股利润能够达到前期水平？ 感谢您的提问。 交行将保持分红政策的延续性、稳定性和可预期性，与股东持续分享交行经营发展成果。 今年3月，我们制定并披露了《未来三年（2025-2027年）股东分红回报规划》，明确未来三年“每一年度以现金方式分配的利润不少于该会计年度的集团口径下归属于本行股东的净利润的30%”。从今年上半年业绩表现看，交行经营发展保持稳健，净利润较去年同期实现正增长，带来了每股收益的提升。刚才张行长已经对我们下一阶段的经营策略做了介绍，我们有信心继续以良好的业绩和稳定的分红持续回报股东。,中期分红多少，何时分红？,1,disclosure_detail,dep_reason,Q2针对A1中提及但未具体说明的中期分红金额和时点继续追问。,半年每股分红会下降吗？增发后预计多久每股利润能够达到前期水平？,感谢您的提问。 交行将保持分红政策的延续性、稳定性和可预期性，与股东持续分享交行经营发展成果。 今年3月，我们制定并披露了《未来三年（2025-2027年）股东分红回报规划》，明确未来三年“每一年度以现金方式分配的利润不少于该会计年度的集团口径下归属于本行股东的净利润的30%”。从今年上半年业绩表现看，交行经营发展保持稳健，净利润较去年同期实现正增长，带来了每股收益的提升。刚才张行长已经对我们下一阶段的经营策略做了介绍，我们有信心继续以良好的业绩和稳定的分红持续回报股东。,中期分红多少，何时分红？,601328_2025,0,5,5,Elaboration,Q2针对A1中提及但未具体说明的中期分红金额和时点继续追问。,,,1
positive,交行此次破净增发，稀释了股权，之后是否会提高分红比例来保证股东的分红利益？ 交行将保持分红政策的延续性、稳定性和可预期性，与股东持续分享交行经营发展成果。 今年3月，我们制定并披露了《未来三年（2025-2027年）股东分红回报规划》，明确未来三年“每一年度以现金方式分配的利润不少于该会计年度的集团口径下归属于本行股东的净利润的30%”。从今年上半年业绩表现看，交行经营发展保持稳健，净利润较去年同期实现正增长，带来了每股收益的提升。刚才张行长已经对我们下一阶段的经营策略做了介绍，我们有信心继续以良好的业绩和稳定的分红持续回报股东。,既然增发了，要不要考虑提升分红比率，来维持老股东和增发股东的共同权益。,2,shareholder_return,dep_reason,Q2针对A1未正面回应提高分红比例，继续追问增发后是否提升分红比率。,交行此次破净增发，稀释了股权，之后是否会提高分红比例来保证股东的分红利益？,交行将保持分红政策的延续性、稳定性和可预期性，与股东持续分享交行经营发展成果。 今年3月，我们制定并披露了《未来三年（2025-2027年）股东分红回报规划》，明确未来三年“每一年度以现金方式分配的利润不少于该会计年度的集团口径下归属于本行股东的净利润的30%”。从今年上半年业绩表现看，交行经营发展保持稳健，净利润较去年同期实现正增长，带来了每股收益的提升。刚才张行长已经对我们下一阶段的经营策略做了介绍，我们有信心继续以良好的业绩和稳定的分红持续回报股东。,既然增发了，要不要考虑提升分红比率，来维持老股东和增发股东的共同权益。,601328_2025,3,4,1,Challenge,Q2针对A1未正面回应提高分红比例，继续追问增发后是否提升分红比率。,,,1
positive,交行此次破净增发，稀释了股权，之后是否会提高分红比例来保证股东的分红利益？ 交行将保持分红政策的延续性、稳定性和可预期性，与股东持续分享交行经营发展成果。 今年3月，我们制定并披露了《未来三年（2025-2027年）股东分红回报规划》，明确未来三年“每一年度以现金方式分配的利润不少于该会计年度的集团口径下归属于本行股东的净利润的30%”。从今年上半年业绩表现看，交行经营发展保持稳健，净利润较去年同期实现正增长，带来了每股收益的提升。刚才张行长已经对我们下一阶段的经营策略做了介绍，我们有信心继续以良好的业绩和稳定的分红持续回报股东。,中期分红多少，何时分红？,2,shareholder_return,dep_reason,Q2针对A1中分红规划和回报股东承诺，追问具体中期分红金额和时间。,交行此次破净增发，稀释了股权，之后是否会提高分红比例来保证股东的分红利益？,交行将保持分红政策的延续性、稳定性和可预期性，与股东持续分享交行经营发展成果。 今年3月，我们制定并披露了《未来三年（2025-2027年）股东分红回报规划》，明确未来三年“每一年度以现金方式分配的利润不少于该会计年度的集团口径下归属于本行股东的净利润的30%”。从今年上半年业绩表现看，交行经营发展保持稳健，净利润较去年同期实现正增长，带来了每股收益的提升。刚才张行长已经对我们下一阶段的经营策略做了介绍，我们有信心继续以良好的业绩和稳定的分红持续回报股东。,中期分红多少，何时分红？,601328_2025,3,5,2,Elaboration,Q2针对A1中分红规划和回报股东承诺，追问具体中期分红金额和时间。,,,1
positive,交行此次破净增发，稀释了股权，之后是否会提高分红比例来保证股东的分红利益？ 交行将保持分红政策的延续性、稳定性和可预期性，与股东持续分享交行经营发展成果。 今年3月，我们制定并披露了《未来三年（2025-2027年）股东分红回报规划》，明确未来三年“每一年度以现金方式分配的利润不少于该会计年度的集团口径下归属于本行股东的净利润的30%”。从今年上半年业绩表现看，交行经营发展保持稳健，净利润较去年同期实现正增长，带来了每股收益的提升。刚才张行长已经对我们下一阶段的经营策略做了介绍，我们有信心继续以良好的业绩和稳定的分红持续回报股东。,今年上半年分红多少？,2,shareholder_return,dep_reason,Q2针对A1中提到的今年上半年业绩和分红规划，追问具体分红金额。,交行此次破净增发，稀释了股权，之后是否会提高分红比例来保证股东的分红利益？,交行将保持分红政策的延续性、稳定性和可预期性，与股东持续分享交行经营发展成果。 今年3月，我们制定并披露了《未来三年（2025-2027年）股东分红回报规划》，明确未来三年“每一年度以现金方式分配的利润不少于该会计年度的集团口径下归属于本行股东的净利润的30%”。从今年上半年业绩表现看，交行经营发展保持稳健，净利润较去年同期实现正增长，带来了每股收益的提升。刚才张行长已经对我们下一阶段的经营策略做了介绍，我们有信心继续以良好的业绩和稳定的分红持续回报股东。,今年上半年分红多少？,601328_2025,3,7,4,Elaboration,Q2针对A1中提到的今年上半年业绩和分红规划，追问具体分红金额。,,,1
positive,既然增发了，要不要考虑提升分红比率，来维持老股东和增发股东的共同权益。 感谢您的提问。 交行将保持分红政策的延续性、稳定性和可预期性，与股东持续分享交行经营发展成果。 今年3月，我们制定并披露了《未来三年（2025-2027年）股东分红回报规划》，明确未来三年“每一年度以现金方式分配的利润不少于该会计年度的集团口径下归属于本行股东的净利润的30%”。从今年上半年业绩表现看，交行经营发展保持稳健，净利润较去年同期实现正增长，带来了每股收益的提升。刚才张行长已经对我们下一阶段的经营策略做了介绍，我们有信心继续以良好的业绩和稳定的分红持续回报股东。,今年上半年分红多少？,2,shareholder_return,dep_reason,Q2基于A1提到的上半年业绩和分红政策索要具体分红金额。,既然增发了，要不要考虑提升分红比率，来维持老股东和增发股东的共同权益。,感谢您的提问。 交行将保持分红政策的延续性、稳定性和可预期性，与股东持续分享交行经营发展成果。 今年3月，我们制定并披露了《未来三年（2025-2027年）股东分红回报规划》，明确未来三年“每一年度以现金方式分配的利润不少于该会计年度的集团口径下归属于本行股东的净利润的30%”。从今年上半年业绩表现看，交行经营发展保持稳健，净利润较去年同期实现正增长，带来了每股收益的提升。刚才张行长已经对我们下一阶段的经营策略做了介绍，我们有信心继续以良好的业绩和稳定的分红持续回报股东。,今年上半年分红多少？,601328_2025,4,7,3,Elaboration,Q2基于A1提到的上半年业绩和分红政策索要具体分红金额。,,,1
positive,董事长您好，作为全国首批、山东省首家成立的城市商业银行，我们很关注后续战略的走向，请问如何看待贵行未来的发展战略？重点发展哪些业务？ 尊敬的投资者，您好！本行将围绕“打造行稳致远的精品银行，成为中小企业、城乡居民和驱动本地经济的首选银行”的战略愿景，按照“深耕市内、扩疆县域、做大山东、对接全国”的区域发展战略，致力打造公司金融、零售金融、金融市场、互联网金融、县域金融五大业务板块，持续创新商业模式、加快数字转型赋能、推进战略迭代升级，强化人才、科技、运营、战略支撑保障，一体化推进“规模化、集团化、轻量化、专业化、场景化、数字化、精细化、协同化”转型发展。谢谢！,贵行在年报中提到对公业务“压舱石”作用更稳固，过去一年对公业务有何成绩，未来又有哪些战略举措？,2,strategy_planning,dep_reason,Q2围绕A1中提到的公司金融（对公业务）追问过去成绩和未来举措，属于对已有对象的细化追问。,董事长您好，作为全国首批、山东省首家成立的城市商业银行，我们很关注后续战略的走向，请问如何看待贵行未来的发展战略？重点发展哪些业务？,尊敬的投资者，您好！本行将围绕“打造行稳致远的精品银行，成为中小企业、城乡居民和驱动本地经济的首选银行”的战略愿景，按照“深耕市内、扩疆县域、做大山东、对接全国”的区域发展战略，致力打造公司金融、零售金融、金融市场、互联网金融、县域金融五大业务板块，持续创新商业模式、加快数字转型赋能、推进战略迭代升级，强化人才、科技、运营、战略支撑保障，一体化推进“规模化、集团化、轻量化、专业化、场景化、数字化、精细化、协同化”转型发展。谢谢！,贵行在年报中提到对公业务“压舱石”作用更稳固，过去一年对公业务有何成绩，未来又有哪些战略举措？,601665_2021,1,2,1,Elaboration,Q2围绕A1中提到的公司金融（对公业务）追问过去成绩和未来举措，属于对已有对象的细化追问。,,,1
positive,请问银保监金融分类管理管理对贵行的影响，涉及整改业务规模，对指标、利润影响。 尊敬的投资者，您好！《商业银行金融资产风险分类办法》有利于本行进一步出清风险，夯实资产质量，本行将继续坚持从严治贷，在落实办法要求前提下，保证资产质量稳中有升。办法的实施不会对本行业务规模、利润等指标产生不利影响。谢谢！,请问银保监金融分类管理管理对贵行的影响，涉及整改业务规模，对指标、利润影响。,2,answer_pressure,dep_reason,Q2重复Q1，表明对A1回答不满意，催促更详细回应。,请问银保监金融分类管理管理对贵行的影响，涉及整改业务规模，对指标、利润影响。,尊敬的投资者，您好！《商业银行金融资产风险分类办法》有利于本行进一步出清风险，夯实资产质量，本行将继续坚持从严治贷，在落实办法要求前提下，保证资产质量稳中有升。办法的实施不会对本行业务规模、利润等指标产生不利影响。谢谢！,请问银保监金融分类管理管理对贵行的影响，涉及整改业务规模，对指标、利润影响。,601665_2022,3,7,4,Complaint,Q2重复Q1，表明对A1回答不满意，催促更详细回应。,,,1
positive,与同业相比，贵行规模、盈利等指标增速较好，请问有何核心竞争优势？ 尊敬的投资者，您好！本行坚持审慎稳健经营，固守本乡本土，专注主责主业，持续打造特色优势，形成了具有自身特点的核心竞争力。一是运营机制敏捷灵活。持续革新组织架构，不断完善与地方紧密对接、紧贴市场、紧贴客户、灵活高效的体制机制，组织架构较为扁平化，决策链条短，有利于本行提供灵活高效的服务、提高市场反应能力、规避市场不断变化的风险以及提高客户服务水平。二是战略方向坚定。按照六大业务板块战略定位，即“零售金融是高质量发展战略基石，县域金融是城乡一体发展抓手，普惠金融是可持续发展新引擎，公司金融是全行业务重要支柱，金融市场是全行重要利润中心，互联网金融是线上获客经营渠道”，持续创新商业模式、加快数字转型赋能、推进战略迭代升级，强化人才、科技、运营、战略支撑保障，一体化推进全行各业务板块联动协同发展，提升金融综合服务能力。三是风控防线夯实。坚决筑牢风控防线，逐步形成了与业务发展相适应的风险管理和内控合规体系。持续完善全面风险管理体系建设，积极引入大数据风险管理手段，完善风险识别、计量工具和方法，风险管理水平不断提升。谢谢！,县域金融是贵行的聚焦重点，请介绍下县域金融具体发展如何？县域业务发展的驱动力来自哪里？,2,strategy_planning,dep_reason,Q2针对A1中提到的县域金融战略，进一步追问具体发展情况和驱动力。,与同业相比，贵行规模、盈利等指标增速较好，请问有何核心竞争优势？,尊敬的投资者，您好！本行坚持审慎稳健经营，固守本乡本土，专注主责主业，持续打造特色优势，形成了具有自身特点的核心竞争力。一是运营机制敏捷灵活。持续革新组织架构，不断完善与地方紧密对接、紧贴市场、紧贴客户、灵活高效的体制机制，组织架构较为扁平化，决策链条短，有利于本行提供灵活高效的服务、提高市场反应能力、规避市场不断变化的风险以及提高客户服务水平。二是战略方向坚定。按照六大业务板块战略定位，即“零售金融是高质量发展战略基石，县域金融是城乡一体发展抓手，普惠金融是可持续发展新引擎，公司金融是全行业务重要支柱，金融市场是全行重要利润中心，互联网金融是线上获客经营渠道”，持续创新商业模式、加快数字转型赋能、推进战略迭代升级，强化人才、科技、运营、战略支撑保障，一体化推进全行各业务板块联动协同发展，提升金融综合服务能力。三是风控防线夯实。坚决筑牢风控防线，逐步形成了与业务发展相适应的风险管理和内控合规体系。持续完善全面风险管理体系建设，积极引入大数据风险管理手段，完善风险识别、计量工具和方法，风险管理水平不断提升。谢谢！,县域金融是贵行的聚焦重点，请介绍下县域金融具体发展如何？县域业务发展的驱动力来自哪里？,601665_2022,8,10,2,Elaboration,Q2针对A1中提到的县域金融战略，进一步追问具体发展情况和驱动力。,,,1
positive,请问未来的业绩会大幅增长吗？公司的股价走势如何？ 尊敬的投资者，您好！股票价格受多重因素的影响，包括宏观经济环境、货币政策、资金流向、大盘及行业走势等等。本行坚持党建统领发展全局，秉承稳健发展经营理念，坚守“服务城乡居民、服务中小企业、服务地方经济”的市场定位，倾力发展普惠金融，培育零售金融、县域金融、科创金融等特色优势，持续推进战略转型，加快科技赋能，夯实风险管理，经营业绩保持良好增势，实现了规模、速度、质量、效益的均衡发展。本行将继续坚守金融服务初心，以更加优异的业绩回馈广大投资者。谢谢！,2022年科创金融方面有何成绩？未来有何种规划？,2,strategy_planning,dep_reason,Q2围绕A1中提到的科创金融特色优势进一步追问具体成绩和规划。,请问未来的业绩会大幅增长吗？公司的股价走势如何？,尊敬的投资者，您好！股票价格受多重因素的影响，包括宏观经济环境、货币政策、资金流向、大盘及行业走势等等。本行坚持党建统领发展全局，秉承稳健发展经营理念，坚守“服务城乡居民、服务中小企业、服务地方经济”的市场定位，倾力发展普惠金融，培育零售金融、县域金融、科创金融等特色优势，持续推进战略转型，加快科技赋能，夯实风险管理，经营业绩保持良好增势，实现了规模、速度、质量、效益的均衡发展。本行将继续坚守金融服务初心，以更加优异的业绩回馈广大投资者。谢谢！,2022年科创金融方面有何成绩？未来有何种规划？,601665_2022,12,16,4,Elaboration,Q2围绕A1中提到的科创金融特色优势进一步追问具体成绩和规划。,,,1
positive,贵行公司银行业务有何发展举措？ 尊敬的投资者，您好！本行紧贴国家大政方针，积极融入地方经济发展脉络，以服务实体经济为己任，加大对实体经济的信贷支持。一是聚焦基础客群培育，灵活运用金融产品，为优质上市公司、制造业单项冠军企业、“专精特新”科创型企业等提供优质金融服务。二是拓展银政合作，积极扩充财政、公安、住建、公积金等各领域业务资质。三是聚焦区域经济重点领域和项目，围绕黄河流域生态保护和高质量发展、山东自由贸易试验区、济南新旧动能转换起步区、济南科创金融改革试验区等国家重点战略和区域重大项目建设，整合投贷债一揽子金融服务，进一步加大金融支持区域经济力度。谢谢！,2022年科创金融方面有何成绩？未来有何种规划？,2,strategy_planning,dep_reason,Q2围绕A1中提及的科创金融试验区，进一步追问具体成绩和未来规划。,贵行公司银行业务有何发展举措？,尊敬的投资者，您好！本行紧贴国家大政方针，积极融入地方经济发展脉络，以服务实体经济为己任，加大对实体经济的信贷支持。一是聚焦基础客群培育，灵活运用金融产品，为优质上市公司、制造业单项冠军企业、“专精特新”科创型企业等提供优质金融服务。二是拓展银政合作，积极扩充财政、公安、住建、公积金等各领域业务资质。三是聚焦区域经济重点领域和项目，围绕黄河流域生态保护和高质量发展、山东自由贸易试验区、济南新旧动能转换起步区、济南科创金融改革试验区等国家重点战略和区域重大项目建设，整合投贷债一揽子金融服务，进一步加大金融支持区域经济力度。谢谢！,2022年科创金融方面有何成绩？未来有何种规划？,601665_2022,13,16,3,Elaboration,Q2围绕A1中提及的科创金融试验区，进一步追问具体成绩和未来规划。,,,1
positive,与同业相比，贵行规模、盈利等指标增速较好，请问有何核心竞争优势？ 尊敬的投资者，您好！本行坚持审慎稳健经营，固守本乡本土，专注主责主业，持续打造特色优势，形成了具有自身特点的核心竞争力。一是运营机制敏捷灵活。持续革新组织架构，不断完善与地方紧密对接、紧贴市场、紧贴客户、灵活高效的体制机制，组织架构较为扁平化，决策链条短，有利于本行提供灵活高效的服务、提高市场反应能力、规避市场不断变化的风险以及提高客户服务水平。二是战略方向坚定。按照六大业务板块战略定位，即“零售金融是高质量发展战略基石，县域金融是城乡一体发展抓手，普惠金融是可持续发展新引擎，公司金融是全行业务重要支柱，金融市场是全行重要利润中心，互联网金融是线上获客经营渠道”，持续创新商业模式、加快数字转型赋能、推进战略迭代升级，强化人才、科技、运营、战略支撑保障，一体化推进全行各业务板块联动协同发展，提升金融综合服务能力。三是风控防线夯实。坚决筑牢风控防线，逐步形成了与业务发展相适应的风险管理和内控合规体系。持续完善全面风险管理体系建设，积极引入大数据风险管理手段，完善风险识别、计量工具和方法，风险管理水平不断提升。谢谢！,请问贵行互联网金融发展成效如何？有何突破?,2,strategy_planning,dep_reason,Q2针对A1中提到的互联网金融战略板块，追问发展成效和突破。,与同业相比，贵行规模、盈利等指标增速较好，请问有何核心竞争优势？,尊敬的投资者，您好！本行坚持审慎稳健经营，固守本乡本土，专注主责主业，持续打造特色优势，形成了具有自身特点的核心竞争力。一是运营机制敏捷灵活。持续革新组织架构，不断完善与地方紧密对接、紧贴市场、紧贴客户、灵活高效的体制机制，组织架构较为扁平化，决策链条短，有利于本行提供灵活高效的服务、提高市场反应能力、规避市场不断变化的风险以及提高客户服务水平。二是战略方向坚定。按照六大业务板块战略定位，即“零售金融是高质量发展战略基石，县域金融是城乡一体发展抓手，普惠金融是可持续发展新引擎，公司金融是全行业务重要支柱，金融市场是全行重要利润中心，互联网金融是线上获客经营渠道”，持续创新商业模式、加快数字转型赋能、推进战略迭代升级，强化人才、科技、运营、战略支撑保障，一体化推进全行各业务板块联动协同发展，提升金融综合服务能力。三是风控防线夯实。坚决筑牢风控防线，逐步形成了与业务发展相适应的风险管理和内控合规体系。持续完善全面风险管理体系建设，积极引入大数据风险管理手段，完善风险识别、计量工具和方法，风险管理水平不断提升。谢谢！,请问贵行互联网金融发展成效如何？有何突破?,601665_2022,14,18,4,Elaboration,Q2针对A1中提到的互联网金融战略板块，追问发展成效和突破。,,,1
positive,"贵行前三季度信贷投放完成情况如何，2023年信贷投放将采取哪些举措？ 尊敬的投资者，您好！2022年前三季度，本行坚持以“打造行稳致远的精品银行”战略愿景，重点聚焦公司金融、零售金融、金融市场、互联网金融、县域金融等五大业务板块，加大对实体经济支持力度，有序推进信贷投放。截至2022年9月末，本行贷款总额2,536.42亿元，较上年末增加370.19亿元，增长17.09%；贷款占资产总额比例51.68%，较上年末提升1.70个百分点；重点领域贷款增速高于贷款平均增速，其中，普惠、涉农、绿色贷款增速分别达到24.08%、19.99%、20.76%。展望2023年，本行的信贷投放将侧重以下几点：一是坚持“服务地方经济、服务中小企业、服务城乡居民”的市场定位，围绕黄河流域生态保护和高质量发展战略、山东省新旧动能转换及“十大创新”“十强产业”“十大扩需求”行动计划，主动对接省市重点项目、制造业单项冠军企业、专精特新企业等，稳存量、拓增量，提升金融服务实体经济质效，优化本行的信贷结构，实现信贷的精准投放。二是继续加大普惠业务发展力度，积极落实政府各项惠企纾困政策，加强线上线下产品联动营销，加大银担合作业务推广，有效扩大小微客户群体的覆盖面。三是持续深耕县域市场业务，围绕服务国家乡村振兴战略，以推动惠农信贷产品数字化转型为载体，以扩大县域覆盖网络为支撑，以健全涉农信贷产品为手段，促进普惠贷款投放。四是推进科创金融纵深发展，紧抓济南市获批全国首个科创金融改革试验区的有利时机，在加快完善组织架构和制度体系的基础上，推进批量项目平台搭建，使科创金融改革真正“开花结果”，成为信贷投放的新增长点。谢谢！",2022年科创金融方面有何成绩？未来有何种规划？,2,strategy_planning,dep_reason,Q2 针对 A1 中提到的科创金融方向，追问 2022 年成绩和未来规划。,贵行前三季度信贷投放完成情况如何，2023年信贷投放将采取哪些举措？,"尊敬的投资者，您好！2022年前三季度，本行坚持以“打造行稳致远的精品银行”战略愿景，重点聚焦公司金融、零售金融、金融市场、互联网金融、县域金融等五大业务板块，加大对实体经济支持力度，有序推进信贷投放。截至2022年9月末，本行贷款总额2,536.42亿元，较上年末增加370.19亿元，增长17.09%；贷款占资产总额比例51.68%，较上年末提升1.70个百分点；重点领域贷款增速高于贷款平均增速，其中，普惠、涉农、绿色贷款增速分别达到24.08%、19.99%、20.76%。展望2023年，本行的信贷投放将侧重以下几点：一是坚持“服务地方经济、服务中小企业、服务城乡居民”的市场定位，围绕黄河流域生态保护和高质量发展战略、山东省新旧动能转换及“十大创新”“十强产业”“十大扩需求”行动计划，主动对接省市重点项目、制造业单项冠军企业、专精特新企业等，稳存量、拓增量，提升金融服务实体经济质效，优化本行的信贷结构，实现信贷的精准投放。二是继续加大普惠业务发展力度，积极落实政府各项惠企纾困政策，加强线上线下产品联动营销，加大银担合作业务推广，有效扩大小微客户群体的覆盖面。三是持续深耕县域市场业务，围绕服务国家乡村振兴战略，以推动惠农信贷产品数字化转型为载体，以扩大县域覆盖网络为支撑，以健全涉农信贷产品为手段，促进普惠贷款投放。四是推进科创金融纵深发展，紧抓济南市获批全国首个科创金融改革试验区的有利时机，在加快完善组织架构和制度体系的基础上，推进批量项目平台搭建，使科创金融改革真正“开花结果”，成为信贷投放的新增长点。谢谢！",2022年科创金融方面有何成绩？未来有何种规划？,601665_2022,15,16,1,Elaboration,Q2 针对 A1 中提到的科创金融方向，追问 2022 年成绩和未来规划。,,,1
positive,"贵行前三季度信贷投放完成情况如何，2023年信贷投放将采取哪些举措？ 尊敬的投资者，您好！2022年前三季度，本行坚持以“打造行稳致远的精品银行”战略愿景，重点聚焦公司金融、零售金融、金融市场、互联网金融、县域金融等五大业务板块，加大对实体经济支持力度，有序推进信贷投放。截至2022年9月末，本行贷款总额2,536.42亿元，较上年末增加370.19亿元，增长17.09%；贷款占资产总额比例51.68%，较上年末提升1.70个百分点；重点领域贷款增速高于贷款平均增速，其中，普惠、涉农、绿色贷款增速分别达到24.08%、19.99%、20.76%。展望2023年，本行的信贷投放将侧重以下几点：一是坚持“服务地方经济、服务中小企业、服务城乡居民”的市场定位，围绕黄河流域生态保护和高质量发展战略、山东省新旧动能转换及“十大创新”“十强产业”“十大扩需求”行动计划，主动对接省市重点项目、制造业单项冠军企业、专精特新企业等，稳存量、拓增量，提升金融服务实体经济质效，优化本行的信贷结构，实现信贷的精准投放。二是继续加大普惠业务发展力度，积极落实政府各项惠企纾困政策，加强线上线下产品联动营销，加大银担合作业务推广，有效扩大小微客户群体的覆盖面。三是持续深耕县域市场业务，围绕服务国家乡村振兴战略，以推动惠农信贷产品数字化转型为载体，以扩大县域覆盖网络为支撑，以健全涉农信贷产品为手段，促进普惠贷款投放。四是推进科创金融纵深发展，紧抓济南市获批全国首个科创金融改革试验区的有利时机，在加快完善组织架构和制度体系的基础上，推进批量项目平台搭建，使科创金融改革真正“开花结果”，成为信贷投放的新增长点。谢谢！",行长您好，贵行的科创金融表现比较亮眼，请介绍一下发展成效，未来有什么样的发展思路？,2,strategy_planning,dep_reason,Q2针对A1中提及的科创金融举措，要求介绍具体成效和未来思路，属于延续追问。,贵行前三季度信贷投放完成情况如何，2023年信贷投放将采取哪些举措？,"尊敬的投资者，您好！2022年前三季度，本行坚持以“打造行稳致远的精品银行”战略愿景，重点聚焦公司金融、零售金融、金融市场、互联网金融、县域金融等五大业务板块，加大对实体经济支持力度，有序推进信贷投放。截至2022年9月末，本行贷款总额2,536.42亿元，较上年末增加370.19亿元，增长17.09%；贷款占资产总额比例51.68%，较上年末提升1.70个百分点；重点领域贷款增速高于贷款平均增速，其中，普惠、涉农、绿色贷款增速分别达到24.08%、19.99%、20.76%。展望2023年，本行的信贷投放将侧重以下几点：一是坚持“服务地方经济、服务中小企业、服务城乡居民”的市场定位，围绕黄河流域生态保护和高质量发展战略、山东省新旧动能转换及“十大创新”“十强产业”“十大扩需求”行动计划，主动对接省市重点项目、制造业单项冠军企业、专精特新企业等，稳存量、拓增量，提升金融服务实体经济质效，优化本行的信贷结构，实现信贷的精准投放。二是继续加大普惠业务发展力度，积极落实政府各项惠企纾困政策，加强线上线下产品联动营销，加大银担合作业务推广，有效扩大小微客户群体的覆盖面。三是持续深耕县域市场业务，围绕服务国家乡村振兴战略，以推动惠农信贷产品数字化转型为载体，以扩大县域覆盖网络为支撑，以健全涉农信贷产品为手段，促进普惠贷款投放。四是推进科创金融纵深发展，紧抓济南市获批全国首个科创金融改革试验区的有利时机，在加快完善组织架构和制度体系的基础上，推进批量项目平台搭建，使科创金融改革真正“开花结果”，成为信贷投放的新增长点。谢谢！",行长您好，贵行的科创金融表现比较亮眼，请介绍一下发展成效，未来有什么样的发展思路？,601665_2022,15,20,5,Elaboration,Q2针对A1中提及的科创金融举措，要求介绍具体成效和未来思路，属于延续追问。,,,1
positive,县域金融是贵行的聚焦重点，请介绍下县域金融具体发展如何？县域业务发展的驱动力来自哪里？ 尊敬的投资者，您好！本行坚决贯彻落实党中央、国务院和各级监管部门支持三农及乡村振兴的各项决策部署，围绕助推农业农村现代化、县域城乡融合发展等加大金融服务力度，以线上数字化和线下本土化为核心，设机构、搭平台、建场景，构建多层次、综合化、可持续的县域金融发展模式。2022年末，涉农贷款余额535.87亿元，较上年末增长19.14%；普惠型涉农贷款余额119.83亿元，较上年末增长39.81%，县域金融保持快速发展态势。一是多元机构布局，积极推进县乡村三位一体综合服务网络建设。2022年末，共设立县域支行73家，山东省县域覆盖率58%，铺设县域普惠金融中心53家，建立乡村振兴服务站189家，服务县域、农村居民超过330万人，县域金融服务的覆盖面、可得性和满意度不断提升。二是加快数字转型，搭建数智乡村服务平台。依托“融慧齐鲁”云平台，拓展互联网惠农应用场景，丰富线上服务功能，推进助农业务从单一支付结算向服务农民生活、农业生产、农村生态的有效延伸。三是持续推进“一县一品”，形成了“一县域、一特色”的乡村振兴信贷模式。依托各县域地区特色产业场景，在山东省内40多个县域累计推出“黄瓜贷”“辣椒贷”“黄羊养殖贷”等50余款特色惠农助农产品，扶持农户、涉农小微企业2万多户，投放贷款超过56亿元。谢谢！,2022年全年普惠金融贷款增速如何？在“量“和”价”两个维度，有何改变？主要面向哪些客户和行业？,1,disclosure_detail,dep_reason,Q2针对A1中普惠型涉农贷款增速继续追问量价变化及客户行业细节。,县域金融是贵行的聚焦重点，请介绍下县域金融具体发展如何？县域业务发展的驱动力来自哪里？,尊敬的投资者，您好！本行坚决贯彻落实党中央、国务院和各级监管部门支持三农及乡村振兴的各项决策部署，围绕助推农业农村现代化、县域城乡融合发展等加大金融服务力度，以线上数字化和线下本土化为核心，设机构、搭平台、建场景，构建多层次、综合化、可持续的县域金融发展模式。2022年末，涉农贷款余额535.87亿元，较上年末增长19.14%；普惠型涉农贷款余额119.83亿元，较上年末增长39.81%，县域金融保持快速发展态势。一是多元机构布局，积极推进县乡村三位一体综合服务网络建设。2022年末，共设立县域支行73家，山东省县域覆盖率58%，铺设县域普惠金融中心53家，建立乡村振兴服务站189家，服务县域、农村居民超过330万人，县域金融服务的覆盖面、可得性和满意度不断提升。二是加快数字转型，搭建数智乡村服务平台。依托“融慧齐鲁”云平台，拓展互联网惠农应用场景，丰富线上服务功能，推进助农业务从单一支付结算向服务农民生活、农业生产、农村生态的有效延伸。三是持续推进“一县一品”，形成了“一县域、一特色”的乡村振兴信贷模式。依托各县域地区特色产业场景，在山东省内40多个县域累计推出“黄瓜贷”“辣椒贷”“黄羊养殖贷”等50余款特色惠农助农产品，扶持农户、涉农小微企业2万多户，投放贷款超过56亿元。谢谢！,2022年全年普惠金融贷款增速如何？在“量“和”价”两个维度，有何改变？主要面向哪些客户和行业？,601665_2022,28,29,1,Elaboration,Q2针对A1中普惠型涉农贷款增速继续追问量价变化及客户行业细节。,,,1
positive,请问贵行2022年前三季度资产质量如何？受疫情反复搅动影响，经济下行压力加大，未来贵行会通过何种举措降低不良率？ 尊敬的投资者，您好！本行持续强化风险防控及过程管理，筑牢风险防线，加强不良资产处置，资产质量持续向好，风险抵御能力增强。截至2022年9月末，本行不良贷款率1.32%，较上年末下降0.03个百分点；关注类贷款占比1.82%，较上年末下降0.13个百分点；拨备覆盖率为266.27%，较上年末增长12.32个百分点。未来，本行将主动应对潜在风险，严控新增不良；多措并举压降存量不良，逐步释放风险；合理优化信贷投向，并用科技化手段提升风控能力，确保资产质量持续提升。谢谢！,领导您好，目前国内经济下行压力加大，叠加疫情存在反复的可能，银行业的经营环境也承压不少，请问贵行资产质量能否继续保持稳步改善？,2,strategy_planning,dep_reason,Q2针对A1中资产质量改善趋势及未来举措，追问能否继续保持稳步改善。,请问贵行2022年前三季度资产质量如何？受疫情反复搅动影响，经济下行压力加大，未来贵行会通过何种举措降低不良率？,尊敬的投资者，您好！本行持续强化风险防控及过程管理，筑牢风险防线，加强不良资产处置，资产质量持续向好，风险抵御能力增强。截至2022年9月末，本行不良贷款率1.32%，较上年末下降0.03个百分点；关注类贷款占比1.82%，较上年末下降0.13个百分点；拨备覆盖率为266.27%，较上年末增长12.32个百分点。未来，本行将主动应对潜在风险，严控新增不良；多措并举压降存量不良，逐步释放风险；合理优化信贷投向，并用科技化手段提升风控能力，确保资产质量持续提升。谢谢！,领导您好，目前国内经济下行压力加大，叠加疫情存在反复的可能，银行业的经营环境也承压不少，请问贵行资产质量能否继续保持稳步改善？,601665_2022,56,58,2,Elaboration,Q2针对A1中资产质量改善趋势及未来举措，追问能否继续保持稳步改善。,,,1
positive,"山东省2023年上半年GDP总量位居全国第三，GDP规模同比增长6.2%，超过全国增速0.7个百分点，作为山东区域银行的代表,在当前经营环境下，管理层下一步有什么具体的目标和打法？ 尊敬的投资者您好！山东省经济优势明显、产业特色突出，战略机遇叠加，为银行业发展提供了丰厚沃土和良好空间。本行紧跟山东省战略部署，充分借助区域优势，坚守“服务城乡居民、服务中小企业、服务地方经济”市场定位，大力实施“零售基石、城乡联动、绿色金融、数字化经营”四大战略。利用山东省人口资源优势，加快推进财富管理、零售资产业务创新发展；持续深耕山东县域市场，推进总行区位优势和城市金融服务经验向县域机构发展赋能，构筑城乡联动发展格局；依托山东省绿色低碳、新旧动能转换等战略发展机遇，加快推进绿色金融发展，提升对绿色产业、科创企业的金融服务能力；以数字化转型为核心，推进全行经营管理模式优化升级，提高客户综合服务能力，实现数字化经营赋能发展。谢谢！",请问贵行如何推动数字化转型？,2,strategy_planning,dep_reason,Q2针对A1中提到的数字化经营战略追问具体推动方式。,"山东省2023年上半年GDP总量位居全国第三，GDP规模同比增长6.2%，超过全国增速0.7个百分点，作为山东区域银行的代表,在当前经营环境下，管理层下一步有什么具体的目标和打法？",尊敬的投资者您好！山东省经济优势明显、产业特色突出，战略机遇叠加，为银行业发展提供了丰厚沃土和良好空间。本行紧跟山东省战略部署，充分借助区域优势，坚守“服务城乡居民、服务中小企业、服务地方经济”市场定位，大力实施“零售基石、城乡联动、绿色金融、数字化经营”四大战略。利用山东省人口资源优势，加快推进财富管理、零售资产业务创新发展；持续深耕山东县域市场，推进总行区位优势和城市金融服务经验向县域机构发展赋能，构筑城乡联动发展格局；依托山东省绿色低碳、新旧动能转换等战略发展机遇，加快推进绿色金融发展，提升对绿色产业、科创企业的金融服务能力；以数字化转型为核心，推进全行经营管理模式优化升级，提高客户综合服务能力，实现数字化经营赋能发展。谢谢！,请问贵行如何推动数字化转型？,601665_2023,31,32,1,Elaboration,Q2针对A1中提到的数字化经营战略追问具体推动方式。,,,1
positive,贵行近年来的经营业绩表现不错，半年度归母净利润取得了近17%的增速，请介绍一下业绩稳步增长的逻辑是什么？未来是否有信心维持这样的增速？ 尊敬的投资者您好！近年来，本行坚守主责主业，保持战略定力，主动融入地方经济发展大局，加快转型，夯实基础，保持规模、效益、质量均衡协调发展，经营业绩稳健提升。 2024年上半年，本行实现营业收入64.12亿元，同比增长5.53%；归属于上市公司股东的净利润23.47亿元，同比增长16.98%。一是强化资产负债精细化管理，调结构、控定价，力争量价平衡协调发展，实现利息净收入44.01亿元，基本稳住了营业收入的基本盘。二是多渠道拓宽盈利来源，手续费净收入、投资收益等非息收入保持快速增长，上半年实现非息收入20.11亿元，同比增长27.51%，营收结构更加优化。三是强化资产质量管控，早发现、早处置、早出清，资产质量保持稳定，对净利润的侵蚀逐渐减少。四是坚持“勤俭办事业”原则，大力推行集中采购和绿色节能运营，深入推进降本增效，成本收入比24.86%，继续保持较好水平。 未来，本行将紧跟省市重大决策部署，扎实做好金融“五篇大文章”，服务实体经济，提升客户服务水平，以良好、稳健的经营业绩回馈投资者。谢谢！,此次三季报，贵行不良率下降0.03个百分点，资产质量持续改善，请问主要驱动因素有哪些?未来如何保持这种资产质量改善趋势？,2,strategy_planning,dep_reason,Q2承接A1中资产质量管控，追问不良率下降的具体驱动因素和未来保持措施。,贵行近年来的经营业绩表现不错，半年度归母净利润取得了近17%的增速，请介绍一下业绩稳步增长的逻辑是什么？未来是否有信心维持这样的增速？,尊敬的投资者您好！近年来，本行坚守主责主业，保持战略定力，主动融入地方经济发展大局，加快转型，夯实基础，保持规模、效益、质量均衡协调发展，经营业绩稳健提升。 2024年上半年，本行实现营业收入64.12亿元，同比增长5.53%；归属于上市公司股东的净利润23.47亿元，同比增长16.98%。一是强化资产负债精细化管理，调结构、控定价，力争量价平衡协调发展，实现利息净收入44.01亿元，基本稳住了营业收入的基本盘。二是多渠道拓宽盈利来源，手续费净收入、投资收益等非息收入保持快速增长，上半年实现非息收入20.11亿元，同比增长27.51%，营收结构更加优化。三是强化资产质量管控，早发现、早处置、早出清，资产质量保持稳定，对净利润的侵蚀逐渐减少。四是坚持“勤俭办事业”原则，大力推行集中采购和绿色节能运营，深入推进降本增效，成本收入比24.86%，继续保持较好水平。 未来，本行将紧跟省市重大决策部署，扎实做好金融“五篇大文章”，服务实体经济，提升客户服务水平，以良好、稳健的经营业绩回馈投资者。谢谢！,此次三季报，贵行不良率下降0.03个百分点，资产质量持续改善，请问主要驱动因素有哪些?未来如何保持这种资产质量改善趋势？,601665_2024,14,17,3,Elaboration,Q2承接A1中资产质量管控，追问不良率下降的具体驱动因素和未来保持措施。,,,1
positive,前三季度手续费净收入增长情况如何，请问是受哪些因素驱动？在手续费收入上有何打法和策略? 尊敬的投资者您好！2024年前三季度，本行实现手续费净收入10.5亿元，同比增长17.56%，在营业收入中占比11.08%，同比提升1.25个百分点，主要是交易银行业务、理财业务等稳步发展，带动手续费收入同比提升。 本行持续推进业务转型，深化客户经营，增强手续费收入的多元化和稳定性，提升营收贡献。一是深入实施财富管理战略，立足本地市场、细分客户，加强理财产品研发和投资管理，提升理财业务贡献；发挥渠道及客户优势，推动代销理财增长。二是不断丰富中收产品和业务资质，有效利用代销基金资格、公积金归集业务资质、非金融企业债务融资工具承销资格，加强业务产品研发创新，寻求新的增长点。三是深入推进交易银行业务发展，促进交易银行中收稳健发展。谢谢！,请介绍下贵行前三季度在财富管理方面的成果？主要通过哪些举措实现客户财富的增值和保值？,2,strategy_planning,dep_reason,Q2围绕A1中提到的财富管理战略继续追问成果和举措。,前三季度手续费净收入增长情况如何，请问是受哪些因素驱动？在手续费收入上有何打法和策略?,尊敬的投资者您好！2024年前三季度，本行实现手续费净收入10.5亿元，同比增长17.56%，在营业收入中占比11.08%，同比提升1.25个百分点，主要是交易银行业务、理财业务等稳步发展，带动手续费收入同比提升。 本行持续推进业务转型，深化客户经营，增强手续费收入的多元化和稳定性，提升营收贡献。一是深入实施财富管理战略，立足本地市场、细分客户，加强理财产品研发和投资管理，提升理财业务贡献；发挥渠道及客户优势，推动代销理财增长。二是不断丰富中收产品和业务资质，有效利用代销基金资格、公积金归集业务资质、非金融企业债务融资工具承销资格，加强业务产品研发创新，寻求新的增长点。三是深入推进交易银行业务发展，促进交易银行中收稳健发展。谢谢！,请介绍下贵行前三季度在财富管理方面的成果？主要通过哪些举措实现客户财富的增值和保值？,601665_2024,18,21,3,Elaboration,Q2围绕A1中提到的财富管理战略继续追问成果和举措。,,,1
positive,请介绍下贵行前三季度在财富管理方面的成果？主要通过哪些举措实现客户财富的增值和保值？ 尊敬的投资者您好！前三季度，本行财富管理业务增长较好，财富中收实现同比多增。一是持续丰富财富产品体系，新增代销信托产品、新准入多家代销合作机构，针对不同客群需求提供差异化产品，为客户提供了更多元化的选择。二是提升队伍素质，组织开展内训师分行驻点培训项目，遴选优秀内训师，以团队形式派驻分行进行全方位业务辅导；同时借助合作公司培训资源，开展多轮次、全覆盖的代销理财、基金、保险落地辅导和培训。三是加快推动零售业务数字化转型，优化完善厅堂、柜面联动营销功能，推广客户精准营销模型，在客户与产品之间建立有效链接，通过线上方式进行触达营销。四是组织首届“齐鲁财富节”，开展线上权益升级活动，提升财富品牌影响力。谢谢！,未来在人才储备方面有何规划？,2,strategy_planning,dep_reason,Q2针对A1中提到的队伍素质提升继续追问未来人才储备规划。,请介绍下贵行前三季度在财富管理方面的成果？主要通过哪些举措实现客户财富的增值和保值？,尊敬的投资者您好！前三季度，本行财富管理业务增长较好，财富中收实现同比多增。一是持续丰富财富产品体系，新增代销信托产品、新准入多家代销合作机构，针对不同客群需求提供差异化产品，为客户提供了更多元化的选择。二是提升队伍素质，组织开展内训师分行驻点培训项目，遴选优秀内训师，以团队形式派驻分行进行全方位业务辅导；同时借助合作公司培训资源，开展多轮次、全覆盖的代销理财、基金、保险落地辅导和培训。三是加快推动零售业务数字化转型，优化完善厅堂、柜面联动营销功能，推广客户精准营销模型，在客户与产品之间建立有效链接，通过线上方式进行触达营销。四是组织首届“齐鲁财富节”，开展线上权益升级活动，提升财富品牌影响力。谢谢！,未来在人才储备方面有何规划？,601665_2024,21,22,1,Elaboration,Q2针对A1中提到的队伍素质提升继续追问未来人才储备规划。,,,1
positive,"2024年前三季度，贵行信贷投放情况怎么样？四季度的信贷投放节奏和规划如何？ 尊敬的投资者您好！截至三季度末，本行贷款总额3,325亿元，较上年末增加323亿元，增长10.76%，增速高于山东省内同业平均，其中科创、绿色、普惠贷款增速均高于贷款平均增速。四季度，本行将持续聚焦科创、绿色、普惠、消费、养老、乡村振兴等领域，不断丰富产品供给，加大金融支持力度，预计信贷投放保持均衡稳步增长。谢谢！",在做精做深金融“五篇大文章”方面，贵行有哪些具体规划和举措？,2,strategy_planning,dep_reason,Q2围绕A1中提到的科创、绿色、普惠、养老等领域追问具体规划和举措，要求细化落实。,2024年前三季度，贵行信贷投放情况怎么样？四季度的信贷投放节奏和规划如何？,"尊敬的投资者您好！截至三季度末，本行贷款总额3,325亿元，较上年末增加323亿元，增长10.76%，增速高于山东省内同业平均，其中科创、绿色、普惠贷款增速均高于贷款平均增速。四季度，本行将持续聚焦科创、绿色、普惠、消费、养老、乡村振兴等领域，不断丰富产品供给，加大金融支持力度，预计信贷投放保持均衡稳步增长。谢谢！",在做精做深金融“五篇大文章”方面，贵行有哪些具体规划和举措？,601665_2024,23,25,2,Elaboration,Q2围绕A1中提到的科创、绿色、普惠、养老等领域追问具体规划和举措，要求细化落实。,,,1
positive,尊敬的领导，上午好！作为中小投资者，有以下问题：1、公司发行的80亿元可转债目前已有17.44%实现转股，后期将采取哪些举措继续推进转股？大股东会对推进转股提供哪些支持？2、公司是否计划2025年中期进行分红，25年分红的计划和比例？3、请分析一下贸易战对贵公司会产生怎样的影响？贵行如何应对？ 尊敬的投资者您好！ 本行将持续做好经营管理，保持经营业绩稳健增长，维持良好分红水平，不断提升投资价值。同时，加强市场交流，增进投资者了解与认同，促进可转债持有人平稳有序转股。 本行高度重视投资者回报，定期制定股东回报规划，分红政策保持连续、稳定、可预期。2024年首次实施中期分红，今年4月，董事会制定了2024年度利润分配方案，提议拟每10股派发2.66元（含中期分红），较去年提升21%。本行将兼顾全体股东的整体利益及可持续发展，适时确定2025年中期利润分配事宜，与投资者共享高质量发展成果。 本行涉外业务量和金额占比较小，且客户质量较好，预计贸易战对经营和资产质量影响较小。面对复杂多变的外部环境，本行坚持前瞻分析预判，及时调整业务策略，优化业务结构，降低业务和风险集中度。同时，持续关注政策动向，常态化开展专项排查，主动加强涉外企业风险预警，扎实做好风险防控工作，以自身的确定性应对外部环境的不确定性。谢谢！,你好郑董，问3个问题，1澳洲联邦银行已经退出了杭州银行未来有没有打算退出齐鲁银行的想法。2公司的分红率未来还有进一步提升的可能吗现在是百分之27.5在这个基础上未来还能向上提升吗。3假如债转股成功转股之后公司的业绩增速会不会像其它类似的公司一样增速下滑？,2,shareholder_return,dep_reason,Q2中的分红率和债转股问题均基于A1的分红政策及转股推进内容继续追问。,尊敬的领导，上午好！作为中小投资者，有以下问题：1、公司发行的80亿元可转债目前已有17.44%实现转股，后期将采取哪些举措继续推进转股？大股东会对推进转股提供哪些支持？2、公司是否计划2025年中期进行分红，25年分红的计划和比例？3、请分析一下贸易战对贵公司会产生怎样的影响？贵行如何应对？,尊敬的投资者您好！ 本行将持续做好经营管理，保持经营业绩稳健增长，维持良好分红水平，不断提升投资价值。同时，加强市场交流，增进投资者了解与认同，促进可转债持有人平稳有序转股。 本行高度重视投资者回报，定期制定股东回报规划，分红政策保持连续、稳定、可预期。2024年首次实施中期分红，今年4月，董事会制定了2024年度利润分配方案，提议拟每10股派发2.66元（含中期分红），较去年提升21%。本行将兼顾全体股东的整体利益及可持续发展，适时确定2025年中期利润分配事宜，与投资者共享高质量发展成果。 本行涉外业务量和金额占比较小，且客户质量较好，预计贸易战对经营和资产质量影响较小。面对复杂多变的外部环境，本行坚持前瞻分析预判，及时调整业务策略，优化业务结构，降低业务和风险集中度。同时，持续关注政策动向，常态化开展专项排查，主动加强涉外企业风险预警，扎实做好风险防控工作，以自身的确定性应对外部环境的不确定性。谢谢！,你好郑董，问3个问题，1澳洲联邦银行已经退出了杭州银行未来有没有打算退出齐鲁银行的想法。2公司的分红率未来还有进一步提升的可能吗现在是百分之27.5在这个基础上未来还能向上提升吗。3假如债转股成功转股之后公司的业绩增速会不会像其它类似的公司一样增速下滑？,601665_2024,27,29,2,Elaboration,Q2中的分红率和债转股问题均基于A1的分红政策及转股推进内容继续追问。,,,1
positive,核心资本补充的规划是怎样的，这块补充之后相关“三道红线”与涉房贷款的结构是否会得以改善？ 资本补充方面，我行可转债于今年3月9日完成发行，按照转股规则，将于今年9月9日进入转股期。可转债是我行补充核心资本的重要途径。我行将立足做好经营发展工作，努力提升成都银行经营业绩和投资的内在价值。积极推动可转债尽快实现转股。同时，我行也将动态评估资本需求情况，科学利用各类资本工具，有序推动资本补充工作，确保资本充足率保持在管控目标范围内。未来，在保持指标管控合理及市场良好表现的基础上，本行将兼顾资本充足中枢和资本效率，逐步形成小步多频的资本补充节奏。涉房贷款方面，与资本补充并无直接联系。感谢您的关注。,截至一季度末公司“三道红线”指标情况如何？,2,answer_pressure,dep_reason,Q2针对A1未正面回答的三道红线改善情况追问具体指标。,核心资本补充的规划是怎样的，这块补充之后相关“三道红线”与涉房贷款的结构是否会得以改善？,资本补充方面，我行可转债于今年3月9日完成发行，按照转股规则，将于今年9月9日进入转股期。可转债是我行补充核心资本的重要途径。我行将立足做好经营发展工作，努力提升成都银行经营业绩和投资的内在价值。积极推动可转债尽快实现转股。同时，我行也将动态评估资本需求情况，科学利用各类资本工具，有序推动资本补充工作，确保资本充足率保持在管控目标范围内。未来，在保持指标管控合理及市场良好表现的基础上，本行将兼顾资本充足中枢和资本效率，逐步形成小步多频的资本补充节奏。涉房贷款方面，与资本补充并无直接联系。感谢您的关注。,截至一季度末公司“三道红线”指标情况如何？,601838_2021,11,16,5,Challenge,Q2针对A1未正面回答的三道红线改善情况追问具体指标。,,,1
positive,2021年的经营亮点有哪些？ 一是总资产、存款、贷款年新增规模达千亿，增长量级创历史新高。二是营业收入与净利润增幅均处于上市银行领先水平。三是资产质量继续向优，不良贷款率及后四类贷款占比连续六年下降，拨备覆盖率大幅上升。感谢您的关注！,一季度拨备覆盖放缓导致盈利能力大增，拨备覆盖政策有无变化成因是什么，较高盈利势头是否能保持稳定？,2,performance_governance,dep_reason,Q2围绕A1中拨备覆盖率，质疑一季度拨备放缓致盈利大增，追问政策变化与可持续性。,2021年的经营亮点有哪些？,一是总资产、存款、贷款年新增规模达千亿，增长量级创历史新高。二是营业收入与净利润增幅均处于上市银行领先水平。三是资产质量继续向优，不良贷款率及后四类贷款占比连续六年下降，拨备覆盖率大幅上升。感谢您的关注！,一季度拨备覆盖放缓导致盈利能力大增，拨备覆盖政策有无变化成因是什么，较高盈利势头是否能保持稳定？,601838_2021,12,13,1,Challenge,Q2围绕A1中拨备覆盖率，质疑一季度拨备放缓致盈利大增，追问政策变化与可持续性。,,,1
positive,王董事长您好，我们高管领导工资太少，这怎么才能提高?西安银行重庆银行杭州银行贵阳银行等比我行领导干部高太多了！我行取和如此优秀的成绩，为什么不能给自己领导干部发高工资呢？ 感谢您的关注！我们将继续努力推动成都银行高质量发展，为股东提供持续稳定的分红回报。,王董，我是成都银行的长期投资者，非常感谢公司过去创造的优秀业绩，对成银各方面都满意，但作为股东有一点担忧，那就是我们管理层的薪酬偏低，持有成银的股权较低，与优秀的业绩不匹配，希望公司能做个挂钩量化业绩指标的管理层激励计划。,1,disclosure_detail,dep_reason,Q2在A1回避高管薪酬问题后，继续追问并建议建立激励计划。,王董事长您好，我们高管领导工资太少，这怎么才能提高?西安银行重庆银行杭州银行贵阳银行等比我行领导干部高太多了！我行取和如此优秀的成绩，为什么不能给自己领导干部发高工资呢？,感谢您的关注！我们将继续努力推动成都银行高质量发展，为股东提供持续稳定的分红回报。,王董，我是成都银行的长期投资者，非常感谢公司过去创造的优秀业绩，对成银各方面都满意，但作为股东有一点担忧，那就是我们管理层的薪酬偏低，持有成银的股权较低，与优秀的业绩不匹配，希望公司能做个挂钩量化业绩指标的管理层激励计划。,601838_2021,18,19,1,Elaboration,Q2在A1回避高管薪酬问题后，继续追问并建议建立激励计划。,,,1
positive,王董事长您好，我们高管领导工资太少，这怎么才能提高?西安银行重庆银行杭州银行贵阳银行等比我行领导干部高太多了！我行取和如此优秀的成绩，为什么不能给自己领导干部发高工资呢？ 感谢您的关注！我们将继续努力推动成都银行高质量发展，为股东提供持续稳定的分红回报。,是否确定稳定的分红政策,2,shareholder_return,dep_reason,Q2针对A1中提到的'持续稳定的分红回报'要求确认政策稳定性。,王董事长您好，我们高管领导工资太少，这怎么才能提高?西安银行重庆银行杭州银行贵阳银行等比我行领导干部高太多了！我行取和如此优秀的成绩，为什么不能给自己领导干部发高工资呢？,感谢您的关注！我们将继续努力推动成都银行高质量发展，为股东提供持续稳定的分红回报。,是否确定稳定的分红政策,601838_2021,18,23,5,Elaboration,Q2针对A1中提到的'持续稳定的分红回报'要求确认政策稳定性。,,,1
positive,王董，我是成都银行的长期投资者，非常感谢公司过去创造的优秀业绩，对成银各方面都满意，但作为股东有一点担忧，那就是我们管理层的薪酬偏低，持有成银的股权较低，与优秀的业绩不匹配，希望公司能做个挂钩量化业绩指标的管理层激励计划。 感谢您的关注！我们将继续努力推动成都银行高质量发展，为股东提供持续稳定的分红回报。,是否确定稳定的分红政策,2,shareholder_return,dep_reason,Q2针对A1中“持续稳定的分红回报”进一步确认分红政策稳定性。,王董，我是成都银行的长期投资者，非常感谢公司过去创造的优秀业绩，对成银各方面都满意，但作为股东有一点担忧，那就是我们管理层的薪酬偏低，持有成银的股权较低，与优秀的业绩不匹配，希望公司能做个挂钩量化业绩指标的管理层激励计划。,感谢您的关注！我们将继续努力推动成都银行高质量发展，为股东提供持续稳定的分红回报。,是否确定稳定的分红政策,601838_2021,19,23,4,Clarification,Q2针对A1中“持续稳定的分红回报”进一步确认分红政策稳定性。,,,1
positive,核心资本补充的规划是怎样的，这块补充之后相关“三道红线”与涉房贷款的结构是否会得以改善？ 资本补充方面，我行可转债于今年3月9日完成发行，按照转股规则，将于今年9月9日进入转股期。可转债是我行补充核心资本的重要途径。我行将立足做好经营发展工作，努力提升成都银行经营业绩和投资的内在价值。积极推动可转债尽快实现转股。同时，我行也将动态评估资本需求情况，科学利用各类资本工具，有序推动资本补充工作，确保资本充足率保持在管控目标范围内。未来，在保持指标管控合理及市场良好表现的基础上，本行将兼顾资本充足中枢和资本效率，逐步形成小步多频的资本补充节奏。涉房贷款方面，与资本补充并无直接联系。感谢您的关注。,请问王总：由于目前看债转股达强制条件几无可能，公司考虑核心一级资本充足率，会降低（与去年比）利润分红比例吗？谢谢！,2,shareholder_return,dep_reason,Q2基于A1可转债转股补充核心资本的信息，质疑转股可行性并追问分红比例变化。,核心资本补充的规划是怎样的，这块补充之后相关“三道红线”与涉房贷款的结构是否会得以改善？,资本补充方面，我行可转债于今年3月9日完成发行，按照转股规则，将于今年9月9日进入转股期。可转债是我行补充核心资本的重要途径。我行将立足做好经营发展工作，努力提升成都银行经营业绩和投资的内在价值。积极推动可转债尽快实现转股。同时，我行也将动态评估资本需求情况，科学利用各类资本工具，有序推动资本补充工作，确保资本充足率保持在管控目标范围内。未来，在保持指标管控合理及市场良好表现的基础上，本行将兼顾资本充足中枢和资本效率，逐步形成小步多频的资本补充节奏。涉房贷款方面，与资本补充并无直接联系。感谢您的关注。,请问王总：由于目前看债转股达强制条件几无可能，公司考虑核心一级资本充足率，会降低（与去年比）利润分红比例吗？谢谢！,601838_2022,0,5,5,Elaboration,Q2基于A1可转债转股补充核心资本的信息，质疑转股可行性并追问分红比例变化。,,,1
positive,王董事长您好，我们高管领导工资太少，这怎么才能提高?西安银行重庆银行杭州银行贵阳银行等比我行领导干部高太多了！我行取和如此优秀的成绩，为什么不能给自己领导干部发高工资呢？ 感谢您的关注！我们将继续努力推动成都银行高质量发展，为股东提供持续稳定的分红回报。,是否确定稳定的分红政策,2,shareholder_return,dep_reason,Q2针对A1中提到的'持续稳定的分红回报'，进一步追问分红政策的确定性。,王董事长您好，我们高管领导工资太少，这怎么才能提高?西安银行重庆银行杭州银行贵阳银行等比我行领导干部高太多了！我行取和如此优秀的成绩，为什么不能给自己领导干部发高工资呢？,感谢您的关注！我们将继续努力推动成都银行高质量发展，为股东提供持续稳定的分红回报。,是否确定稳定的分红政策,601838_2022,4,7,3,Elaboration,Q2针对A1中提到的'持续稳定的分红回报'，进一步追问分红政策的确定性。,,,1
positive,请问王总：由于目前看债转股达强制条件几无可能，公司考虑核心一级资本充足率，会降低（与去年比）利润分红比例吗？谢谢！ 我们长期以来坚持稳健分红政策，以保障股东的合理回报，基于核心一级资本充足率的现状，我们将努力促进自身盈利的稳步增长，以良好经营业绩提振股东信心，为债转股创造有利条件。针对股利分配，我们将在确保资本符合监管要求的前提下，尽最大努力保障股东回报的基本稳定。感谢您的关注！,是否确定稳定的分红政策,2,shareholder_return,dep_reason,Q2针对A1中稳健分红政策的确定性进行确认，要求明确是否确实稳定。,请问王总：由于目前看债转股达强制条件几无可能，公司考虑核心一级资本充足率，会降低（与去年比）利润分红比例吗？谢谢！,我们长期以来坚持稳健分红政策，以保障股东的合理回报，基于核心一级资本充足率的现状，我们将努力促进自身盈利的稳步增长，以良好经营业绩提振股东信心，为债转股创造有利条件。针对股利分配，我们将在确保资本符合监管要求的前提下，尽最大努力保障股东回报的基本稳定。感谢您的关注！,是否确定稳定的分红政策,601838_2022,5,7,2,Clarification,Q2针对A1中稳健分红政策的确定性进行确认，要求明确是否确实稳定。,,,1
positive,来自搜众财经（ID：jscaijing）的提问：作为中部地区成都银行与东部地区的城商行之间有哪些竞争优势和差距，公司目前选择哪几家同业作为对标？ 随着成渝地区双城经济圈建设纵深推进，我们依托于地方经济的强劲脉动，在最适合自己的方向上坚持坚守，聚焦产品、服务和管理，不断筑牢可持续发展能力。与东部城商行相比，我行的竞争力来源于：一是较强的本埠市场竞争力，存贷款增量连续两年处于成都市金融机构双第一，在全省金融机构中也名列前茅；二是较强的盈利能力，我行ROE连续三年位居上市银行首位；三是较好的资产质量，当前，成都银行的资产质量仍然处于行业一梯队，2023年一季度不良贷款率0.76%，指标位列A股上市城商行最优水平，新生成不良极少，连续2年接近于零。,一季度拨备覆盖放缓导致盈利能力大增，拨备覆盖政策有无变化成因是什么，较高盈利势头是否能保持稳定？,2,performance_governance,dep_reason,Q2针对A1中较强的盈利能力，追问拨备放缓成因与可持续性。,来自搜众财经（ID：jscaijing）的提问：作为中部地区成都银行与东部地区的城商行之间有哪些竞争优势和差距，公司目前选择哪几家同业作为对标？,随着成渝地区双城经济圈建设纵深推进，我们依托于地方经济的强劲脉动，在最适合自己的方向上坚持坚守，聚焦产品、服务和管理，不断筑牢可持续发展能力。与东部城商行相比，我行的竞争力来源于：一是较强的本埠市场竞争力，存贷款增量连续两年处于成都市金融机构双第一，在全省金融机构中也名列前茅；二是较强的盈利能力，我行ROE连续三年位居上市银行首位；三是较好的资产质量，当前，成都银行的资产质量仍然处于行业一梯队，2023年一季度不良贷款率0.76%，指标位列A股上市城商行最优水平，新生成不良极少，连续2年接近于零。,一季度拨备覆盖放缓导致盈利能力大增，拨备覆盖政策有无变化成因是什么，较高盈利势头是否能保持稳定？,601838_2022,13,18,5,Elaboration,Q2针对A1中较强的盈利能力，追问拨备放缓成因与可持续性。,,,1
positive,请问王总，目前净息差相较三季度有改善吗？ 从净息差看，前三季度单季息差有所收窄，但趋势逐季放缓。预计在行业性息差收窄的背景下，我行趋稳的存款成本与中等偏低的贷款利率，加之稳健的业务结构，在净息差应对上仍具一定韧性。,请问贵公司：1.公司现存永续债利息很高，可否通过发新债置换旧债的方式降低债券成本？2.目前净息差与三季度比有改善吗？谢谢！,2,answer_pressure,dep_reason,Q2的子问题2重复Q1未获正面回答的净息差改善问题，属于催促。,请问王总，目前净息差相较三季度有改善吗？,从净息差看，前三季度单季息差有所收窄，但趋势逐季放缓。预计在行业性息差收窄的背景下，我行趋稳的存款成本与中等偏低的贷款利率，加之稳健的业务结构，在净息差应对上仍具一定韧性。,请问贵公司：1.公司现存永续债利息很高，可否通过发新债置换旧债的方式降低债券成本？2.目前净息差与三季度比有改善吗？谢谢！,601838_2022,21,26,5,Complaint,Q2的子问题2重复Q1未获正面回答的净息差改善问题，属于催促。,,,1
positive,王晖董事长您好！关于成都银行与成都农商行四川银行竞争，公司是如何与他们进行差异化竞争经营？ 在足够广阔的市场空间中，我行和区域内其他法人金融机构为合作大于竞争的关系。感谢您的关注！,王董事长，我们成都银行面对四川银行，成都农商行，如何进行差异化竞争？,2,answer_pressure,dep_reason,Q2重复Q1问题，A1笼统回应未正面回答差异化策略，属交互依赖。,王晖董事长您好！关于成都银行与成都农商行四川银行竞争，公司是如何与他们进行差异化竞争经营？,在足够广阔的市场空间中，我行和区域内其他法人金融机构为合作大于竞争的关系。感谢您的关注！,王董事长，我们成都银行面对四川银行，成都农商行，如何进行差异化竞争？,601838_2022,35,39,4,Complaint,Q2重复Q1问题，A1笼统回应未正面回答差异化策略，属交互依赖。,,,1
positive,王董事长，我们成都银行面对四川银行，成都农商行，如何进行差异化竞争？ 在足够广阔的市场空间中，我行和区域其他法人金融机构为合作大于竞争的关系。感谢您的关注！,面对成都农商银行四川银行的竞争，成都银行怎么守住阵地，怎么打赢？,1,disclosure_detail,dep_reason,Q2针对A1回避竞争问题，继续追问如何应对竞争，属于催促具体回应。,王董事长，我们成都银行面对四川银行，成都农商行，如何进行差异化竞争？,在足够广阔的市场空间中，我行和区域其他法人金融机构为合作大于竞争的关系。感谢您的关注！,面对成都农商银行四川银行的竞争，成都银行怎么守住阵地，怎么打赢？,601838_2022,39,44,5,Complaint,Q2针对A1回避竞争问题，继续追问如何应对竞争，属于催促具体回应。,,,1
positive,公司有中期分红计划吗 投资者您好！公司在兼顾全行稳健经营发展态势的同时做好投资者回馈，经公司董事会审议批准的2023年度利润分配方案，已明确现金分红金额为每股人民币0.8968元（含税），以截至2023年12月31日普通股总股本38.14亿股为基数计算，合计分配现金股利34.203亿元（含税），占归属于母公司普通股股东净利润的30.05%。该利润分配方案尚待公司股东大会审议批准。公司将在该利润分配方案获股东大会批准后及时发布分红派息实施公告，明确股权登记日和现金红利发放日。请您留意后续公告。谢谢您的关注！,公司在2023年度的利润分配预案中拟每10股分配现金股利8.968元（含税）。请问这一分红政策是否符合公司章程的规定和股东大会决议的要求？分红标准和比例是否明确和清晰？另外，公司是否有考虑过其他分红方式，如股票红利或再投资？对于未来的利润分配政策，公司是否有进一步的规划和考虑？谢谢！,1,disclosure_detail,dep_reason,Q2明确引用A1中的每10股8.968元分红预案，追问分红政策合规性、标准明确性、其他方式及未来规划。,公司有中期分红计划吗,投资者您好！公司在兼顾全行稳健经营发展态势的同时做好投资者回馈，经公司董事会审议批准的2023年度利润分配方案，已明确现金分红金额为每股人民币0.8968元（含税），以截至2023年12月31日普通股总股本38.14亿股为基数计算，合计分配现金股利34.203亿元（含税），占归属于母公司普通股股东净利润的30.05%。该利润分配方案尚待公司股东大会审议批准。公司将在该利润分配方案获股东大会批准后及时发布分红派息实施公告，明确股权登记日和现金红利发放日。请您留意后续公告。谢谢您的关注！,公司在2023年度的利润分配预案中拟每10股分配现金股利8.968元（含税）。请问这一分红政策是否符合公司章程的规定和股东大会决议的要求？分红标准和比例是否明确和清晰？另外，公司是否有考虑过其他分红方式，如股票红利或再投资？对于未来的利润分配政策，公司是否有进一步的规划和考虑？谢谢！,601838_2023,8,13,5,Elaboration,Q2明确引用A1中的每10股8.968元分红预案，追问分红政策合规性、标准明确性、其他方式及未来规划。,,,1
positive,公司在2023年举行了多次临时股东大会。请问这些临时股东大会召开的目的是什么？会议审议通过的议案对公司的经营和发展有何影响？另外，这些临时股东大会是否反映了公司在经营过程中的一些重要决策和调整？对公司的未来发展方向有何启示？ 2023年公司的股东大会主要审议了董事会工作报告、利润分配、选举董事、发行二级资本债、变更注册资本及修改章程等议案，均为按照公司章程要求需股东大会审议的事项，为公司正常经营管理需要，符合法律法规及章程规定。感谢您的关注！,公司在2023年度的利润分配预案中拟每10股分配现金股利8.968元（含税）。请问这一分红政策是否符合公司章程的规定和股东大会决议的要求？分红标准和比例是否明确和清晰？另外，公司是否有考虑过其他分红方式，如股票红利或再投资？对于未来的利润分配政策，公司是否有进一步的规划和考虑？谢谢！,1,disclosure_detail,dep_reason,Q2基于A1中提及的利润分配议案，追问分红政策的具体标准和未来规划。,公司在2023年举行了多次临时股东大会。请问这些临时股东大会召开的目的是什么？会议审议通过的议案对公司的经营和发展有何影响？另外，这些临时股东大会是否反映了公司在经营过程中的一些重要决策和调整？对公司的未来发展方向有何启示？,2023年公司的股东大会主要审议了董事会工作报告、利润分配、选举董事、发行二级资本债、变更注册资本及修改章程等议案，均为按照公司章程要求需股东大会审议的事项，为公司正常经营管理需要，符合法律法规及章程规定。感谢您的关注！,公司在2023年度的利润分配预案中拟每10股分配现金股利8.968元（含税）。请问这一分红政策是否符合公司章程的规定和股东大会决议的要求？分红标准和比例是否明确和清晰？另外，公司是否有考虑过其他分红方式，如股票红利或再投资？对于未来的利润分配政策，公司是否有进一步的规划和考虑？谢谢！,601838_2023,11,13,2,Elaboration,Q2基于A1中提及的利润分配议案，追问分红政策的具体标准和未来规划。,,,1
positive,证监会鼓励有能力的企业进行回购，本公司以有7%的股息率，应比贷款利率都高了吧，公司有没有回购计划。 投资者您好。公司暂无回购股份计划。感谢您的关注。,成都银行7.5%的股息率比放贷利率高很多了吧，公司有没有回购计划。,2,shareholder_return,dep_reason,Q2用更高股息率质疑A1中暂无回购计划的回答。,证监会鼓励有能力的企业进行回购，本公司以有7%的股息率，应比贷款利率都高了吧，公司有没有回购计划。,投资者您好。公司暂无回购股份计划。感谢您的关注。,成都银行7.5%的股息率比放贷利率高很多了吧，公司有没有回购计划。,601838_2024,2,5,3,Challenge,Q2用更高股息率质疑A1中暂无回购计划的回答。,,,1
positive,你好、王晖董事长我想请问一下你是如何看待；西部大开发、以及公司在这里面所起到什么作用、公司在过去5年里做对了那些事表现的很优秀、未来公司又会在那些方面持续发力保持竞争力？未来是否会中期分红 投资者您好，公司将按照“巩固既有优势、形成新优势”的总体思路，努力打造具有广阔发展空间的新势能。目前，公司已形成了以政金业务、实体业务和个金负债业务为代表的“三大护城河”，下一步公司将在做深做透上述业务的同时，深度聚焦实体客群行业分析及风控体系搭建、异地分行贡献能力提升、特色财富管理业务顾问服务品牌打造、“消贷超市”特色品牌升级、金融市场业务收益贡献扩大“五大提能方向”，继续打造一批支撑全行可持续发展的“新护城河”。关于您提出的中期分红的情况，我们已收悉并将结合具体情况综合考量，感谢您的关注！,请问中期分红计划有吗？有无股东增持计划？,2,shareholder_return,dep_reason,Q2重复追问中期分红计划，而A1仅称将综合考量未正面回答，因此Q2针对未答状态继续追问。,你好、王晖董事长我想请问一下你是如何看待；西部大开发、以及公司在这里面所起到什么作用、公司在过去5年里做对了那些事表现的很优秀、未来公司又会在那些方面持续发力保持竞争力？未来是否会中期分红,投资者您好，公司将按照“巩固既有优势、形成新优势”的总体思路，努力打造具有广阔发展空间的新势能。目前，公司已形成了以政金业务、实体业务和个金负债业务为代表的“三大护城河”，下一步公司将在做深做透上述业务的同时，深度聚焦实体客群行业分析及风控体系搭建、异地分行贡献能力提升、特色财富管理业务顾问服务品牌打造、“消贷超市”特色品牌升级、金融市场业务收益贡献扩大“五大提能方向”，继续打造一批支撑全行可持续发展的“新护城河”。关于您提出的中期分红的情况，我们已收悉并将结合具体情况综合考量，感谢您的关注！,请问中期分红计划有吗？有无股东增持计划？,601838_2024,7,10,3,Complaint,Q2重复追问中期分红计划，而A1仅称将综合考量未正面回答，因此Q2针对未答状态继续追问。,,,1
positive,你好、王晖董事长我想请问一下你是如何看待；西部大开发、以及公司在这里面所起到什么作用、公司在过去5年里做对了那些事表现的很优秀、未来公司又会在那些方面持续发力保持竞争力？未来是否会中期分红 投资者您好，公司将按照“巩固既有优势、形成新优势”的总体思路，努力打造具有广阔发展空间的新势能。目前，公司已形成了以政金业务、实体业务和个金负债业务为代表的“三大护城河”，下一步公司将在做深做透上述业务的同时，深度聚焦实体客群行业分析及风控体系搭建、异地分行贡献能力提升、特色财富管理业务顾问服务品牌打造、“消贷超市”特色品牌升级、金融市场业务收益贡献扩大“五大提能方向”，继续打造一批支撑全行可持续发展的“新护城河”。关于您提出的中期分红的情况，我们已收悉并将结合具体情况综合考量，感谢您的关注！,请问中期分红确定了吗？,2,shareholder_return,dep_reason,Q2针对A1对中期分红的模糊回应继续追问是否确定，属于交互依赖的催促。,你好、王晖董事长我想请问一下你是如何看待；西部大开发、以及公司在这里面所起到什么作用、公司在过去5年里做对了那些事表现的很优秀、未来公司又会在那些方面持续发力保持竞争力？未来是否会中期分红,投资者您好，公司将按照“巩固既有优势、形成新优势”的总体思路，努力打造具有广阔发展空间的新势能。目前，公司已形成了以政金业务、实体业务和个金负债业务为代表的“三大护城河”，下一步公司将在做深做透上述业务的同时，深度聚焦实体客群行业分析及风控体系搭建、异地分行贡献能力提升、特色财富管理业务顾问服务品牌打造、“消贷超市”特色品牌升级、金融市场业务收益贡献扩大“五大提能方向”，继续打造一批支撑全行可持续发展的“新护城河”。关于您提出的中期分红的情况，我们已收悉并将结合具体情况综合考量，感谢您的关注！,请问中期分红确定了吗？,601838_2024,7,11,4,Complaint,Q2针对A1对中期分红的模糊回应继续追问是否确定，属于交互依赖的催促。,,,1
positive,你好、王晖董事长我想请问一下你是如何看待；西部大开发、以及公司在这里面所起到什么作用、公司在过去5年里做对了那些事表现的很优秀、未来公司又会在那些方面持续发力保持竞争力？未来是否会中期分红 投资者您好，公司将按照“巩固既有优势、形成新优势”的总体思路，努力打造具有广阔发展空间的新势能。目前，公司已形成了以政金业务、实体业务和个金负债业务为代表的“三大护城河”，下一步公司将在做深做透上述业务的同时，深度聚焦实体客群行业分析及风控体系搭建、异地分行贡献能力提升、特色财富管理业务顾问服务品牌打造、“消贷超市”特色品牌升级、金融市场业务收益贡献扩大“五大提能方向”，继续打造一批支撑全行可持续发展的“新护城河”。关于您提出的中期分红的情况，我们已收悉并将结合具体情况综合考量，感谢您的关注！,请问贵行中期有没分红打算？建议中期转增股本，可以不派现金分红。,2,shareholder_return,dep_reason,Q2针对A1未明确中期分红安排继续追问并提出建议。,你好、王晖董事长我想请问一下你是如何看待；西部大开发、以及公司在这里面所起到什么作用、公司在过去5年里做对了那些事表现的很优秀、未来公司又会在那些方面持续发力保持竞争力？未来是否会中期分红,投资者您好，公司将按照“巩固既有优势、形成新优势”的总体思路，努力打造具有广阔发展空间的新势能。目前，公司已形成了以政金业务、实体业务和个金负债业务为代表的“三大护城河”，下一步公司将在做深做透上述业务的同时，深度聚焦实体客群行业分析及风控体系搭建、异地分行贡献能力提升、特色财富管理业务顾问服务品牌打造、“消贷超市”特色品牌升级、金融市场业务收益贡献扩大“五大提能方向”，继续打造一批支撑全行可持续发展的“新护城河”。关于您提出的中期分红的情况，我们已收悉并将结合具体情况综合考量，感谢您的关注！,请问贵行中期有没分红打算？建议中期转增股本，可以不派现金分红。,601838_2024,7,12,5,Complaint,Q2针对A1未明确中期分红安排继续追问并提出建议。,,,1
positive,请问中期分红计划有吗？有无股东增持计划？ 投资者您好，公司高度重视对投资者的合理投资回报，近3年现金分红与归属于母公司普通股股东的净利润比率均已超过30%。公司将继续在保证全行可持续发展的前提下，实行持续、稳定的股利分配政策，关于中期分红情况，我们将结合具体情况综合考量。此外，相关股东如有增持，公司将依规进行信息披露，感谢您的关注！,请问中期分红确定了吗？,2,shareholder_return,dep_reason,Q2重复Q1的中期分红问题，A1仅称综合考量，Q2因此催促确认。,请问中期分红计划有吗？有无股东增持计划？,投资者您好，公司高度重视对投资者的合理投资回报，近3年现金分红与归属于母公司普通股股东的净利润比率均已超过30%。公司将继续在保证全行可持续发展的前提下，实行持续、稳定的股利分配政策，关于中期分红情况，我们将结合具体情况综合考量。此外，相关股东如有增持，公司将依规进行信息披露，感谢您的关注！,请问中期分红确定了吗？,601838_2024,10,11,1,Complaint,Q2重复Q1的中期分红问题，A1仅称综合考量，Q2因此催促确认。,,,1
positive,请问中期分红计划有吗？有无股东增持计划？ 投资者您好，公司高度重视对投资者的合理投资回报，近3年现金分红与归属于母公司普通股股东的净利润比率均已超过30%。公司将继续在保证全行可持续发展的前提下，实行持续、稳定的股利分配政策，关于中期分红情况，我们将结合具体情况综合考量。此外，相关股东如有增持，公司将依规进行信息披露，感谢您的关注！,请问贵行中期有没分红打算？建议中期转增股本，可以不派现金分红。,2,shareholder_return,dep_reason,Q2重复追问A1未正面回答的中期分红打算。,请问中期分红计划有吗？有无股东增持计划？,投资者您好，公司高度重视对投资者的合理投资回报，近3年现金分红与归属于母公司普通股股东的净利润比率均已超过30%。公司将继续在保证全行可持续发展的前提下，实行持续、稳定的股利分配政策，关于中期分红情况，我们将结合具体情况综合考量。此外，相关股东如有增持，公司将依规进行信息披露，感谢您的关注！,请问贵行中期有没分红打算？建议中期转增股本，可以不派现金分红。,601838_2024,10,12,2,Complaint,Q2重复追问A1未正面回答的中期分红打算。,,,1
positive,请问中期分红确定了吗？ 投资者您好，公司高度重视对投资者的合理投资回报，近3年现金分红与归属于母公司普通股股东的净利润比率均已超过30%。公司将继续在保证全行可持续发展的前提下，实行持续、稳定的股利分配政策，关于中期分红情况，我们将结合具体情况综合考量。感谢您的关注！,请问贵行中期有没分红打算？建议中期转增股本，可以不派现金分红。,2,shareholder_return,dep_reason,Q2针对A1未明确回答中期分红确认情况继续追问。,请问中期分红确定了吗？,投资者您好，公司高度重视对投资者的合理投资回报，近3年现金分红与归属于母公司普通股股东的净利润比率均已超过30%。公司将继续在保证全行可持续发展的前提下，实行持续、稳定的股利分配政策，关于中期分红情况，我们将结合具体情况综合考量。感谢您的关注！,请问贵行中期有没分红打算？建议中期转增股本，可以不派现金分红。,601838_2024,11,12,1,Complaint,Q2针对A1未明确回答中期分红确认情况继续追问。,,,1
positive,请问董事长：公司在一季度净息差稳定后二季度又恢复下行趋势。请对下半年对公司息差有利条件及不利境况分析一下；公司随今年两次对LPR调整，下半年经营压力可能进一步变大，在公司核心一级资本充足率稍低情况下，今年完成公司年初制定的利润经营目标是否有很大压力？谢谢！ 2024年上半年，本行业务规模延续良好增势，全行存款、贷款业务实现800亿左右的量级新增，是过去三年年均新增规模的约70%，为“以量补价”奠定了扎实的基础。上半年，全行实现营业收入116亿元，同比增长4.3%，其中：利息净收入占比78%，同比增长1.91%，是唯数不多实现正增长的上市银行。 下半年，前期LPR下调的贷款利率重定价累计影响已大部分释放，而定期存款利率下调的重定价累计贡献仅少量释放，对于后期净息差修复形成关键性支撑，净息差趋稳判断已经具备了一定条件。本行也将继续推进规模的稳步增长、息差的合理控制及资产质量的持续管控，全力促进全年经营目标的顺利达成。,你好、刚才看你在提到公司 在银行业息差收窄、盈利增速下滑的背景下，公司在以量补价、拓展非息收入、优化结构等系列措施稳收增长/做了那些事情才保持这么优异的成绩的？顺便可以详细的说说公司对与未来的个人零售业务吗？,1,disclosure_detail,dep_reason,Q2明确引用A1中的“以量补价”等表述，要求具体说明保持优异成绩的措施，并基于此继续追问个人零售业务细节。,请问董事长：公司在一季度净息差稳定后二季度又恢复下行趋势。请对下半年对公司息差有利条件及不利境况分析一下；公司随今年两次对LPR调整，下半年经营压力可能进一步变大，在公司核心一级资本充足率稍低情况下，今年完成公司年初制定的利润经营目标是否有很大压力？谢谢！,2024年上半年，本行业务规模延续良好增势，全行存款、贷款业务实现800亿左右的量级新增，是过去三年年均新增规模的约70%，为“以量补价”奠定了扎实的基础。上半年，全行实现营业收入116亿元，同比增长4.3%，其中：利息净收入占比78%，同比增长1.91%，是唯数不多实现正增长的上市银行。 下半年，前期LPR下调的贷款利率重定价累计影响已大部分释放，而定期存款利率下调的重定价累计贡献仅少量释放，对于后期净息差修复形成关键性支撑，净息差趋稳判断已经具备了一定条件。本行也将继续推进规模的稳步增长、息差的合理控制及资产质量的持续管控，全力促进全年经营目标的顺利达成。,你好、刚才看你在提到公司 在银行业息差收窄、盈利增速下滑的背景下，公司在以量补价、拓展非息收入、优化结构等系列措施稳收增长/做了那些事情才保持这么优异的成绩的？顺便可以详细的说说公司对与未来的个人零售业务吗？,601838_2024,14,15,1,Elaboration,Q2明确引用A1中的“以量补价”等表述，要求具体说明保持优异成绩的措施，并基于此继续追问个人零售业务细节。,,,1
positive,请问董事长：公司在一季度净息差稳定后二季度又恢复下行趋势。请对下半年对公司息差有利条件及不利境况分析一下；公司随今年两次对LPR调整，下半年经营压力可能进一步变大，在公司核心一级资本充足率稍低情况下，今年完成公司年初制定的利润经营目标是否有很大压力？谢谢！ 2024年上半年，本行业务规模延续良好增势，全行存款、贷款业务实现800亿左右的量级新增，是过去三年年均新增规模的约70%，为“以量补价”奠定了扎实的基础。上半年，全行实现营业收入116亿元，同比增长4.3%，其中：利息净收入占比78%，同比增长1.91%，是唯数不多实现正增长的上市银行。 下半年，前期LPR下调的贷款利率重定价累计影响已大部分释放，而定期存款利率下调的重定价累计贡献仅少量释放，对于后期净息差修复形成关键性支撑，净息差趋稳判断已经具备了一定条件。本行也将继续推进规模的稳步增长、息差的合理控制及资产质量的持续管控，全力促进全年经营目标的顺利达成。,请问公司对全年及下半年主要经营目标的预期是怎样的？,1,disclosure_detail,dep_reason,Q2针对A1中提及的经营目标但未给出具体预期，进一步要求量化说明。,请问董事长：公司在一季度净息差稳定后二季度又恢复下行趋势。请对下半年对公司息差有利条件及不利境况分析一下；公司随今年两次对LPR调整，下半年经营压力可能进一步变大，在公司核心一级资本充足率稍低情况下，今年完成公司年初制定的利润经营目标是否有很大压力？谢谢！,2024年上半年，本行业务规模延续良好增势，全行存款、贷款业务实现800亿左右的量级新增，是过去三年年均新增规模的约70%，为“以量补价”奠定了扎实的基础。上半年，全行实现营业收入116亿元，同比增长4.3%，其中：利息净收入占比78%，同比增长1.91%，是唯数不多实现正增长的上市银行。 下半年，前期LPR下调的贷款利率重定价累计影响已大部分释放，而定期存款利率下调的重定价累计贡献仅少量释放，对于后期净息差修复形成关键性支撑，净息差趋稳判断已经具备了一定条件。本行也将继续推进规模的稳步增长、息差的合理控制及资产质量的持续管控，全力促进全年经营目标的顺利达成。,请问公司对全年及下半年主要经营目标的预期是怎样的？,601838_2024,14,18,4,Elaboration,Q2针对A1中提及的经营目标但未给出具体预期，进一步要求量化说明。,,,1
positive,成都银行的高管层好，想请问一下王晖董事长，存量按揭利率下调以及贷款利率下调对贵行的净息差影响大吗？有没有什么应对措施？ 近期，存量按揭利率及贷款LPR利率进一步下调，与此同时，大行引领存款利率同步下调。总体来看，存贷款利率下调的幅度区间相近，预计会在总量上形成一定的对冲效应，但由于重定价期限的不对称性，本轮存贷款利率下调影响的释放周期会存在一定错配，贷款重定价影响会在更短的周期内体现。 从我行的情况来看，本轮降息的影响有限、总体可控，其中部分原因是得益于前期存款利率下调释放的正向贡献。后期，我行将跟进市场变化，进一步强化负债成本的管控，以形成积极的对冲效应。同时把握有利时机，优化资产结构，形成净息差的管控合力。,烦请王董对四季度息差展望一下，谢谢！,2,strategy_planning,dep_reason,Q2要求展望四季度息差，直接延续A1中关于息差影响的讨论，属于追问未来趋势。,成都银行的高管层好，想请问一下王晖董事长，存量按揭利率下调以及贷款利率下调对贵行的净息差影响大吗？有没有什么应对措施？,近期，存量按揭利率及贷款LPR利率进一步下调，与此同时，大行引领存款利率同步下调。总体来看，存贷款利率下调的幅度区间相近，预计会在总量上形成一定的对冲效应，但由于重定价期限的不对称性，本轮存贷款利率下调影响的释放周期会存在一定错配，贷款重定价影响会在更短的周期内体现。 从我行的情况来看，本轮降息的影响有限、总体可控，其中部分原因是得益于前期存款利率下调释放的正向贡献。后期，我行将跟进市场变化，进一步强化负债成本的管控，以形成积极的对冲效应。同时把握有利时机，优化资产结构，形成净息差的管控合力。,烦请王董对四季度息差展望一下，谢谢！,601838_2024,43,45,2,Elaboration,Q2要求展望四季度息差，直接延续A1中关于息差影响的讨论，属于追问未来趋势。,,,1
positive,成都银行在本地市场中的竞争优势是什么？面对竞争日益激烈的银行业环境，公司有哪些战略举措来增强自身的市场地位？ 答：感谢投资者的提问。多年来，成都银行始终坚持战略引领高质量发展不动摇，全力以赴在纷繁变化的市场竞争中塑造特质鲜明的竞争力。2024年，我们的省内存、贷款新增分别跃居全省第二、第一；一般贷款新增连续四年位列本埠市场首位；个人存款年新增已达2018年首次提出“大零售”转型时的5.6倍。在“稳定存款立行、高效资产立行”经营方略的引领下，我们不断深化政金业务、实体业务、零售负债业务“三大护城河”，逐步构筑起不可替代的市场竞争优势。下一步，我们将全力推进新一轮战略规划编制和落地，进一步增强核心功能、提高核心竞争力。一是持续拓宽掘深“三大护城河”，筑牢行稳致远的发展根基。二是持续构建以行业研究等新特质为引领的“第二增长曲线”，加快培塑新兴增长极和动力源。三是更加注重金融科技对精细化管理的深度赋能，构建模式更科学、流程更高效、技术更先进的行业一流智慧管理体系。,领导，您好！我来自四川大决策 面对金融科技的快速发展，银行在数字化转型方面有哪些具体的战略和措施？,2,strategy_planning,dep_reason,Q2针对A1中提到的“金融科技深度赋能”追问具体数字化转型战略和措施。,成都银行在本地市场中的竞争优势是什么？面对竞争日益激烈的银行业环境，公司有哪些战略举措来增强自身的市场地位？,答：感谢投资者的提问。多年来，成都银行始终坚持战略引领高质量发展不动摇，全力以赴在纷繁变化的市场竞争中塑造特质鲜明的竞争力。2024年，我们的省内存、贷款新增分别跃居全省第二、第一；一般贷款新增连续四年位列本埠市场首位；个人存款年新增已达2018年首次提出“大零售”转型时的5.6倍。在“稳定存款立行、高效资产立行”经营方略的引领下，我们不断深化政金业务、实体业务、零售负债业务“三大护城河”，逐步构筑起不可替代的市场竞争优势。下一步，我们将全力推进新一轮战略规划编制和落地，进一步增强核心功能、提高核心竞争力。一是持续拓宽掘深“三大护城河”，筑牢行稳致远的发展根基。二是持续构建以行业研究等新特质为引领的“第二增长曲线”，加快培塑新兴增长极和动力源。三是更加注重金融科技对精细化管理的深度赋能，构建模式更科学、流程更高效、技术更先进的行业一流智慧管理体系。,领导，您好！我来自四川大决策 面对金融科技的快速发展，银行在数字化转型方面有哪些具体的战略和措施？,601838_2024,49,53,4,Elaboration,Q2针对A1中提到的“金融科技深度赋能”追问具体数字化转型战略和措施。,,,1
positive,请问下2025年考虑中期分红和年终分红吗 答：感谢投资者的提问。我行高度重视对投资者的合理投资回报，在兼顾可持续发展的同时，实行持续、稳定的股利分配政策。近三年（2022-2024年），我行分配现金股利占当年归属于母公司普通股股东净利润的比例均超过30%。2024年度，我行拟向全体股东每10股派送现金股利人民币8.91元（含税），合计分配现金股利人民币37.76亿元，占合并报表中归属于母公司普通股股东净利润的30.04%。下一步，我行仍将努力做好经营工作，在满足可持续发展需要的基础上，继续实施稳定、合理的分红政策，让长期陪伴我们的广大投资者能够实实在在地分享发展成果。,股东分红方面是否有稳定性、可持续的规划或约束性文件？,2,shareholder_return,dep_reason,Q2针对A1中稳定分红政策的表述追问是否有具体规划或约束性文件。,请问下2025年考虑中期分红和年终分红吗,答：感谢投资者的提问。我行高度重视对投资者的合理投资回报，在兼顾可持续发展的同时，实行持续、稳定的股利分配政策。近三年（2022-2024年），我行分配现金股利占当年归属于母公司普通股股东净利润的比例均超过30%。2024年度，我行拟向全体股东每10股派送现金股利人民币8.91元（含税），合计分配现金股利人民币37.76亿元，占合并报表中归属于母公司普通股股东净利润的30.04%。下一步，我行仍将努力做好经营工作，在满足可持续发展需要的基础上，继续实施稳定、合理的分红政策，让长期陪伴我们的广大投资者能够实实在在地分享发展成果。,股东分红方面是否有稳定性、可持续的规划或约束性文件？,601838_2024,55,56,1,Elaboration,Q2针对A1中稳定分红政策的表述追问是否有具体规划或约束性文件。,,,1
positive,请问公司未来在投资者回报方面有哪些措施？ 感谢您的关注！我行一直以来高度重视投资者回报工作，通过提升经营业绩水平、加强市值管理力度等举措，与股东和投资者充分分享本行经营发展成果。一方面是，专心做实业绩基本面，在战略上推进“人才赋能、管理赋能、科技赋能”三大支撑体系建设，以“能力提升、结构优化、风控强化”为抓手，推动全行高质量发展，创造良好的经营业绩，积极回报股东及投资者。另一方面是，充分尊重市场、敬畏市场，积极开展投资者沟通交流活动，诚恳面对投资人诉求，加强和提升市值管理工作的力度和水平，推动市值与业绩基本面的协同、良性发展。,稳定股价的措施实施的怎么样了，你们对西部地区发展、成渝地区的未来和贵行自身经营发展是否有信心？,1,disclosure_detail,dep_reason,Q2针对A1中“加强市值管理”笼统表述，要求具体化稳定股价措施进展。,请问公司未来在投资者回报方面有哪些措施？,感谢您的关注！我行一直以来高度重视投资者回报工作，通过提升经营业绩水平、加强市值管理力度等举措，与股东和投资者充分分享本行经营发展成果。一方面是，专心做实业绩基本面，在战略上推进“人才赋能、管理赋能、科技赋能”三大支撑体系建设，以“能力提升、结构优化、风控强化”为抓手，推动全行高质量发展，创造良好的经营业绩，积极回报股东及投资者。另一方面是，充分尊重市场、敬畏市场，积极开展投资者沟通交流活动，诚恳面对投资人诉求，加强和提升市值管理工作的力度和水平，推动市值与业绩基本面的协同、良性发展。,稳定股价的措施实施的怎么样了，你们对西部地区发展、成渝地区的未来和贵行自身经营发展是否有信心？,601963_2021,0,4,4,Elaboration,Q2针对A1中“加强市值管理”笼统表述，要求具体化稳定股价措施进展。,,,1
positive,今年下半年是否有分红派息? 谢谢您的提问。重庆银行执行的是较为稳定的股利支付率的股利政策。在综合考虑证券交易所、监管机构和股东等各方的要求，以及业务发展对资本补充内源需求的情况下，保持了较为稳定的股利支付率。重庆银行最近三年（2021-2023年）现金分红率平均水平为30.37%，且每年的现金分红率不低于30%，为重庆市地方法人银行第一。 2024年4月12日，国务院发布了《关于加强监管防范风险推动资本市场高质量发展的若干意见》，规定“增强分红稳定性、持续性和可预期性，推动一年多次分红、预分红、春节前分红”。我行根据文件精神，正在按照规定程序推动相关分红工作，积极回馈股东。谢谢！,年底有分红吗,2,shareholder_return,dep_reason,Q2重复追问年底分红，针对A1未明确回应下半年是否有分红而继续施压。,今年下半年是否有分红派息?,谢谢您的提问。重庆银行执行的是较为稳定的股利支付率的股利政策。在综合考虑证券交易所、监管机构和股东等各方的要求，以及业务发展对资本补充内源需求的情况下，保持了较为稳定的股利支付率。重庆银行最近三年（2021-2023年）现金分红率平均水平为30.37%，且每年的现金分红率不低于30%，为重庆市地方法人银行第一。 2024年4月12日，国务院发布了《关于加强监管防范风险推动资本市场高质量发展的若干意见》，规定“增强分红稳定性、持续性和可预期性，推动一年多次分红、预分红、春节前分红”。我行根据文件精神，正在按照规定程序推动相关分红工作，积极回馈股东。谢谢！,年底有分红吗,601963_2024,0,4,4,Complaint,Q2重复追问年底分红，针对A1未明确回应下半年是否有分红而继续施压。,,,1
positive,你好！普惠金融是中央金融工作会议提出的“五篇大文章”之一，请问今年上半年重庆银行在普惠金融工作方面有什么举措？一些重点领域发展情况如何？ 感谢您的提问。2024年上半年，重庆银行聚焦做好普惠金融大文章，成立“普惠金融工作专班”，举办“普惠金融推进月”系列活动，开展“春暖行动”等专题营销，持续推动普惠金融高质量发展。截至6月末，普惠小微贷款余额574亿元，较年初增长14%。我行着力以产品创新驱动重点领域发展，其中：在支持科技创新方面，创新“普惠科企贷”，普惠科技小微贷款余额增长36%；在支持专精特新方面，创新“设备更新贷”，普惠专精特新小微贷款余额增长37%；在支持外贸经营方面，创新“商贸贷”，普惠外贸小微贷款余额增长23%；在支持民营经济方面，创新“个体贷”“名特优新个体信用贷”，普惠民营小微贷款余额增长15%。回答完毕，谢谢！,请问今年上半年业务是否完成预期?下半年业务方面有什么新的战略规划?,2,strategy_planning,dep_reason,Q2针对A1中上半年业务数据追问是否完成预期，并延伸问下半年规划，依赖A1内容。,你好！普惠金融是中央金融工作会议提出的“五篇大文章”之一，请问今年上半年重庆银行在普惠金融工作方面有什么举措？一些重点领域发展情况如何？,感谢您的提问。2024年上半年，重庆银行聚焦做好普惠金融大文章，成立“普惠金融工作专班”，举办“普惠金融推进月”系列活动，开展“春暖行动”等专题营销，持续推动普惠金融高质量发展。截至6月末，普惠小微贷款余额574亿元，较年初增长14%。我行着力以产品创新驱动重点领域发展，其中：在支持科技创新方面，创新“普惠科企贷”，普惠科技小微贷款余额增长36%；在支持专精特新方面，创新“设备更新贷”，普惠专精特新小微贷款余额增长37%；在支持外贸经营方面，创新“商贸贷”，普惠外贸小微贷款余额增长23%；在支持民营经济方面，创新“个体贷”“名特优新个体信用贷”，普惠民营小微贷款余额增长15%。回答完毕，谢谢！,请问今年上半年业务是否完成预期?下半年业务方面有什么新的战略规划?,601963_2024,1,2,1,Elaboration,Q2针对A1中上半年业务数据追问是否完成预期，并延伸问下半年规划，依赖A1内容。,,,1
positive,贵行一季度净利差息差低于行业水平，利润增速又快，坏帐率大增，是否有乱放货情况或财务造假，有何防控坏账措施 本行严格按照会计准则和会计制度真实、准确核算成本费用和收入，每年聘请会计师事务所对财务报告进行审计，均出具了标准无保留意见的审计报告，所编制的财务报告真实、准确、完整地反映了我行的财务状况。同时，本行主动适应新形势，积极应对新挑战，始终坚持“审慎合规，全程管控，恪守底线原则”的风险管理理念，着力优化风险治理体系和管理机制，不断丰富风险管理技术与手段，加强重点领域风险的监测和处置，稳步提升风险管理能力，有效防范各类风险，不断提升本行资产质量。,股价长期低于净资产，不良率一季度比年末增加0.17%，在所以银行上市公司公布一季报里不良率增长排第一，如何控制住不良率的增长，就股价长期低于净资产公司是否考虑回购股份来保护投资者的权益。,2,shareholder_return,dep_reason,Q2重复追问A1未具体回答的坏账防控措施，同时新增股价回购问题但整体追问关系成立。,贵行一季度净利差息差低于行业水平，利润增速又快，坏帐率大增，是否有乱放货情况或财务造假，有何防控坏账措施,本行严格按照会计准则和会计制度真实、准确核算成本费用和收入，每年聘请会计师事务所对财务报告进行审计，均出具了标准无保留意见的审计报告，所编制的财务报告真实、准确、完整地反映了我行的财务状况。同时，本行主动适应新形势，积极应对新挑战，始终坚持“审慎合规，全程管控，恪守底线原则”的风险管理理念，着力优化风险治理体系和管理机制，不断丰富风险管理技术与手段，加强重点领域风险的监测和处置，稳步提升风险管理能力，有效防范各类风险，不断提升本行资产质量。,股价长期低于净资产，不良率一季度比年末增加0.17%，在所以银行上市公司公布一季报里不良率增长排第一，如何控制住不良率的增长，就股价长期低于净资产公司是否考虑回购股份来保护投资者的权益。,601997_2019,3,6,3,Elaboration,Q2重复追问A1未具体回答的坏账防控措施，同时新增股价回购问题但整体追问关系成立。,,,1
positive,一季报收入为什么跌那么多，净利润反面微增？ 前面已回复,请问公司今年一季度营业收入大幅下降是什么原因？公司有什么措施阻止收入下滑的趋势吗？二季度能改善吗？,1,disclosure_detail,dep_reason,Q2重复Q1问题，A1回避未答，构成交互依赖。,一季报收入为什么跌那么多，净利润反面微增？,前面已回复,请问公司今年一季度营业收入大幅下降是什么原因？公司有什么措施阻止收入下滑的趋势吗？二季度能改善吗？,601997_2020,10,11,1,Complaint,Q2重复Q1问题，A1回避未答，构成交互依赖。,,,1
positive,一季报收入为什么跌那么多，净利润反面微增？ 前面已回复,为什么一季报营收减少这么多,1,disclosure_detail,dep_reason,A1回避未正面回答，Q2重复追问同一收入下降问题。,一季报收入为什么跌那么多，净利润反面微增？,前面已回复,为什么一季报营收减少这么多,601997_2020,10,13,3,Complaint,A1回避未正面回答，Q2重复追问同一收入下降问题。,,,1
positive,请问公司今年一季度营业收入大幅下降是什么原因？公司有什么措施阻止收入下滑的趋势吗？二季度能改善吗？ 前面已回复,为什么一季报营收减少这么多,2,answer_pressure,dep_reason,Q2重复追问A1未正面回答的同一问题，A1仅说前面已回复，未提供实质解释。,请问公司今年一季度营业收入大幅下降是什么原因？公司有什么措施阻止收入下滑的趋势吗？二季度能改善吗？,前面已回复,为什么一季报营收减少这么多,601997_2020,11,13,2,Complaint,Q2重复追问A1未正面回答的同一问题，A1仅说前面已回复，未提供实质解释。,,,1
positive,请问公司今年一季度营业收入大幅下降是什么原因？公司有什么措施阻止收入下滑的趋势吗？二季度能改善吗？ 前面已回复,请问造成一季度营业收入下降的原因是什么,1,disclosure_detail,dep_reason,Q2重复Q1中营收下降原因问题，A1回避未正面回答，构成追问依赖。,请问公司今年一季度营业收入大幅下降是什么原因？公司有什么措施阻止收入下滑的趋势吗？二季度能改善吗？,前面已回复,请问造成一季度营业收入下降的原因是什么,601997_2020,11,16,5,Complaint,Q2重复Q1中营收下降原因问题，A1回避未正面回答，构成追问依赖。,,,1
positive,为什么一季报营收减少这么多 前面已回复,请问造成一季度营业收入下降的原因是什么,1,disclosure_detail,dep_reason,Q2重复追问Q1的同一问题，而A1以“前面已回复”回避，Q2意在催促具体回答。,为什么一季报营收减少这么多,前面已回复,请问造成一季度营业收入下降的原因是什么,601997_2020,13,16,3,Complaint,Q2重复追问Q1的同一问题，而A1以“前面已回复”回避，Q2意在催促具体回答。,,,1
positive,请问造成一季度营业收入下降的原因是什么 前面已回复,有增加透明度上是不是有很大改进空间？为什么不发业绩预报？收入减少，居然在一季报没有任何说明？有没有管理层和公司利益绑定的持股计划，或者高管购股计划？,1,disclosure_detail,dep_reason,Q2针对A1的回避答复，批评透明度不足且未说明收入下降，构成对回答状态的追问。,请问造成一季度营业收入下降的原因是什么,前面已回复,有增加透明度上是不是有很大改进空间？为什么不发业绩预报？收入减少，居然在一季报没有任何说明？有没有管理层和公司利益绑定的持股计划，或者高管购股计划？,601997_2020,16,20,4,Complaint,Q2针对A1的回避答复，批评透明度不足且未说明收入下降，构成对回答状态的追问。,,,1
positive,有增加透明度上是不是有很大改进空间？为什么不发业绩预报？收入减少，居然在一季报没有任何说明？有没有管理层和公司利益绑定的持股计划，或者高管购股计划？ 一季度，规模效应弥补了净息差下降带来的影响，净利息收入较去年同期保持稳定。投资收益及公允价值变动方面，由于去年一季度疫情影响下的债券收益率大幅下行，实现较高的投资收益和公允价值浮盈，但本年一季度债市窄幅震荡，投资收益和公允价值损益较去年同期大幅下降，导致本年一季度营业收入较去年同期下降。公司将始终秉持稳健经营的理念，加强利率定价管理，合理控制负债成本，在保持基础盈利能力稳定的基础上，提高非利息收入贡献，确保营收稳中有进。目前暂无高管增持计划。,尊敬的张懂事长，公司价值严重被低估了，有没有考虑员工增持计划，或公司增持？,2,performance_governance,dep_reason,Q2在A1明确暂无高管增持计划后，转而追问员工与公司增持计划，内容上承接增持话题。,有增加透明度上是不是有很大改进空间？为什么不发业绩预报？收入减少，居然在一季报没有任何说明？有没有管理层和公司利益绑定的持股计划，或者高管购股计划？,一季度，规模效应弥补了净息差下降带来的影响，净利息收入较去年同期保持稳定。投资收益及公允价值变动方面，由于去年一季度疫情影响下的债券收益率大幅下行，实现较高的投资收益和公允价值浮盈，但本年一季度债市窄幅震荡，投资收益和公允价值损益较去年同期大幅下降，导致本年一季度营业收入较去年同期下降。公司将始终秉持稳健经营的理念，加强利率定价管理，合理控制负债成本，在保持基础盈利能力稳定的基础上，提高非利息收入贡献，确保营收稳中有进。目前暂无高管增持计划。,尊敬的张懂事长，公司价值严重被低估了，有没有考虑员工增持计划，或公司增持？,601997_2020,20,24,4,Elaboration,Q2在A1明确暂无高管增持计划后，转而追问员工与公司增持计划，内容上承接增持话题。,,,1
positive,贵行股价连年下跌，作为小股东也很无奈，参与增发的机构投资者也亏损严重，请问有什么措施提升一下公司的市场估值？ 本行高度重视投资者利益，将通过加强内部经营管理，不断提升本行的的经营业绩，加大与机构投资者、中小投资者的沟通力度，积极传递本行投资价值，为提升本行的市值成长、实现长期可持续的投资回报不断努力。,尊敬的张懂事长，公司价值严重被低估了，有没有考虑员工增持计划，或公司增持？,2,answer_pressure,dep_reason,Q2针对A1的笼统措施，进一步追问具体增持计划，属于对原问题的细化。,贵行股价连年下跌，作为小股东也很无奈，参与增发的机构投资者也亏损严重，请问有什么措施提升一下公司的市场估值？,本行高度重视投资者利益，将通过加强内部经营管理，不断提升本行的的经营业绩，加大与机构投资者、中小投资者的沟通力度，积极传递本行投资价值，为提升本行的市值成长、实现长期可持续的投资回报不断努力。,尊敬的张懂事长，公司价值严重被低估了，有没有考虑员工增持计划，或公司增持？,601997_2020,23,24,1,Elaboration,Q2针对A1的笼统措施，进一步追问具体增持计划，属于对原问题的细化。,,,1
positive,营业收入下降，利润增长，为什么？ 前面已回复,请问公司今年一季度营业收入大幅下降是什么原因？公司有什么措施阻止收入下滑的趋势吗？二季度能改善吗？,2,answer_pressure,dep_reason,Q2重复追问营收下降原因，A1敷衍回答'前面已回复'，构成交互依赖的催促。,营业收入下降，利润增长，为什么？,前面已回复,请问公司今年一季度营业收入大幅下降是什么原因？公司有什么措施阻止收入下滑的趋势吗？二季度能改善吗？,601997_2020,26,28,2,Complaint,Q2重复追问营收下降原因，A1敷衍回答'前面已回复'，构成交互依赖的催促。,,,1
positive,按照公司市盈率5倍来看，5年即可赚到一个贵阳，为何不提高分红率，最少每十股4元，才能称长期稳定回报投资者，只分3元，过于忽悠投资者，希望张正海董事长予以重视？ 前面已回复,1、定增是否完成？若完成请立即公告。2、2020年的分红率能否提高至30%左右？3、感觉公司透明度不够高，信息披露滞后，将采取哪些措施提升？4、公司将采取哪些措施加强市值管理？,1,disclosure_detail,dep_reason,A1以“前面已回复”回避，Q2继续追问分红率提高问题，并抱怨透明度不足，属交互依赖。,按照公司市盈率5倍来看，5年即可赚到一个贵阳，为何不提高分红率，最少每十股4元，才能称长期稳定回报投资者，只分3元，过于忽悠投资者，希望张正海董事长予以重视？,前面已回复,1、定增是否完成？若完成请立即公告。2、2020年的分红率能否提高至30%左右？3、感觉公司透明度不够高，信息披露滞后，将采取哪些措施提升？4、公司将采取哪些措施加强市值管理？,601997_2020,30,35,5,Complaint,A1以“前面已回复”回避，Q2继续追问分红率提高问题，并抱怨透明度不足，属交互依赖。,,,1
positive,今年分红为什么没有达到30%？去年也低于30%， 上市以来，本行一方面坚持内源性资本补充的基础作用，保持合理稳定的分红比例，另一方面不断提高投资者回报意识，现金分红比例从2016年的16.36%逐年提高至本年的19.39%，现金分红总额从2016年的5.98亿逐年提高至本年的10.97亿。本行结余未主要用于补充核心一级资本，以持续提升本行的风险抵御能力和价值创造能力。,1、定增是否完成？若完成请立即公告。2、2020年的分红率能否提高至30%左右？3、感觉公司透明度不够高，信息披露滞后，将采取哪些措施提升？4、公司将采取哪些措施加强市值管理？,2,shareholder_return,dep_reason,Q2针对A1所述分红比例继续追问2020年能否提高至30%。,今年分红为什么没有达到30%？去年也低于30%，,上市以来，本行一方面坚持内源性资本补充的基础作用，保持合理稳定的分红比例，另一方面不断提高投资者回报意识，现金分红比例从2016年的16.36%逐年提高至本年的19.39%，现金分红总额从2016年的5.98亿逐年提高至本年的10.97亿。本行结余未主要用于补充核心一级资本，以持续提升本行的风险抵御能力和价值创造能力。,1、定增是否完成？若完成请立即公告。2、2020年的分红率能否提高至30%左右？3、感觉公司透明度不够高，信息披露滞后，将采取哪些措施提升？4、公司将采取哪些措施加强市值管理？,601997_2020,32,35,3,Elaboration,Q2针对A1所述分红比例继续追问2020年能否提高至30%。,,,1
positive,今年分红为什么没有达到30%？去年也低于30%， 上市以来，本行一方面坚持内源性资本补充的基础作用，保持合理稳定的分红比例，另一方面不断提高投资者回报意识，现金分红比例从2016年的16.36%逐年提高至本年的19.39%，现金分红总额从2016年的5.98亿逐年提高至本年的10.97亿。本行结余未主要用于补充核心一级资本，以持续提升本行的风险抵御能力和价值创造能力。,建议今年分配方案；每10股送5股每10股送5元。第二；建议每年分配方案，分配利润不少于30%——不高于70%第三；公司从上市以来，历年分配利润太少，不重视投资者的投资回报，给投资者留下很坏的印象。一个好的公司领导者，把股东放在很重要的心里位置，对得起投资者。希望这一届领导，董事长不但上电视接受采访，而且给投资者更好的投资回报,2,shareholder_return,dep_reason,Q2针对Q1的30%分红比例追问，质疑公司分红太少并施压要求提高分配。,今年分红为什么没有达到30%？去年也低于30%，,上市以来，本行一方面坚持内源性资本补充的基础作用，保持合理稳定的分红比例，另一方面不断提高投资者回报意识，现金分红比例从2016年的16.36%逐年提高至本年的19.39%，现金分红总额从2016年的5.98亿逐年提高至本年的10.97亿。本行结余未主要用于补充核心一级资本，以持续提升本行的风险抵御能力和价值创造能力。,建议今年分配方案；每10股送5股每10股送5元。第二；建议每年分配方案，分配利润不少于30%——不高于70%第三；公司从上市以来，历年分配利润太少，不重视投资者的投资回报，给投资者留下很坏的印象。一个好的公司领导者，把股东放在很重要的心里位置，对得起投资者。希望这一届领导，董事长不但上电视接受采访，而且给投资者更好的投资回报,601997_2020,32,36,4,Challenge,Q2针对Q1的30%分红比例追问，质疑公司分红太少并施压要求提高分配。,,,1
positive,"1、定增是否完成？若完成请立即公告。2、2020年的分红率能否提高至30%左右？3、感觉公司透明度不够高，信息披露滞后，将采取哪些措施提升？4、公司将采取哪些措施加强市值管理？ 1.目前本行定增已完成，详见2021年4月26日在上交所发布的相关公告。2021年4月6日本行启动询价发行并完成簿记建档，确定发行对象17家，发行价格为10.27元/股，发行股份数量438,169,416股。本次非公开发行新增股份已于4月23日在中国证券登记结算有限责任公司上海分公司办理完毕登记托管手续登记工作。2.2020年利润分配预案为：以普通股总股本3,656,198,076股为基数，向登记在册的全体普通股股东每10股派送现金股利3元人民币（含税）,共计派发现金股利1,096,859,422.8元（含税）。本次利润分配预案尚需提交股东大会审议。上述分配方案分配的现金股利占当年归属于母公司普通股股东净利润56.57亿元的19.39%，分配现金股利总额较2019年度增长9.92%。3.本行严格按照监管要求，及时履行信息披露义务，不存在应披露而未披露事项。4.本行高度重视投资者利益保护，密切关注股价变动，通过加强内部经营管理，不断提升本行的的经营业绩，加大与机构投资者的沟通力度，积极传递本行投资价值，为提升本行的市值成长、实现长期可持续的投资回报不断努力。",感谢董事长详细回答了关于乡村振兴和科技赋能的提问，但作为一个投资者，我们更关心贵阳银行这支连跌四年，市盈率最低的银行股未来能否给投资者带来良好的回报。请问张董对于市值管理方面，对公司将来有何实际举措？,2,answer_pressure,dep_reason,Q2针对A1中市值管理的笼统表述，要求进一步给出实际举措。,1、定增是否完成？若完成请立即公告。2、2020年的分红率能否提高至30%左右？3、感觉公司透明度不够高，信息披露滞后，将采取哪些措施提升？4、公司将采取哪些措施加强市值管理？,"1.目前本行定增已完成，详见2021年4月26日在上交所发布的相关公告。2021年4月6日本行启动询价发行并完成簿记建档，确定发行对象17家，发行价格为10.27元/股，发行股份数量438,169,416股。本次非公开发行新增股份已于4月23日在中国证券登记结算有限责任公司上海分公司办理完毕登记托管手续登记工作。2.2020年利润分配预案为：以普通股总股本3,656,198,076股为基数，向登记在册的全体普通股股东每10股派送现金股利3元人民币（含税）,共计派发现金股利1,096,859,422.8元（含税）。本次利润分配预案尚需提交股东大会审议。上述分配方案分配的现金股利占当年归属于母公司普通股股东净利润56.57亿元的19.39%，分配现金股利总额较2019年度增长9.92%。3.本行严格按照监管要求，及时履行信息披露义务，不存在应披露而未披露事项。4.本行高度重视投资者利益保护，密切关注股价变动，通过加强内部经营管理，不断提升本行的的经营业绩，加大与机构投资者的沟通力度，积极传递本行投资价值，为提升本行的市值成长、实现长期可持续的投资回报不断努力。",感谢董事长详细回答了关于乡村振兴和科技赋能的提问，但作为一个投资者，我们更关心贵阳银行这支连跌四年，市盈率最低的银行股未来能否给投资者带来良好的回报。请问张董对于市值管理方面，对公司将来有何实际举措？,601997_2020,35,40,5,Elaboration,Q2针对A1中市值管理的笼统表述，要求进一步给出实际举措。,,,1
positive,建议今年分配方案；每10股送5股每10股送5元。第二；建议每年分配方案，分配利润不少于30%——不高于70%第三；公司从上市以来，历年分配利润太少，不重视投资者的投资回报，给投资者留下很坏的印象。一个好的公司领导者，把股东放在很重要的心里位置，对得起投资者。希望这一届领导，董事长不但上电视接受采访，而且给投资者更好的投资回报 感谢你对我行的关注，本行将进一步兼顾股东利益和可持续发展的需求，并保持政策的连续性和稳定性，为投资者提供合理投资回报。,感谢董事长详细回答了关于乡村振兴和科技赋能的提问，但作为一个投资者，我们更关心贵阳银行这支连跌四年，市盈率最低的银行股未来能否给投资者带来良好的回报。请问张董对于市值管理方面，对公司将来有何实际举措？,2,answer_pressure,dep_reason,Q2围绕A1笼统的投资回报承诺要求具体市值管理举措。,建议今年分配方案；每10股送5股每10股送5元。第二；建议每年分配方案，分配利润不少于30%——不高于70%第三；公司从上市以来，历年分配利润太少，不重视投资者的投资回报，给投资者留下很坏的印象。一个好的公司领导者，把股东放在很重要的心里位置，对得起投资者。希望这一届领导，董事长不但上电视接受采访，而且给投资者更好的投资回报,感谢你对我行的关注，本行将进一步兼顾股东利益和可持续发展的需求，并保持政策的连续性和稳定性，为投资者提供合理投资回报。,感谢董事长详细回答了关于乡村振兴和科技赋能的提问，但作为一个投资者，我们更关心贵阳银行这支连跌四年，市盈率最低的银行股未来能否给投资者带来良好的回报。请问张董对于市值管理方面，对公司将来有何实际举措？,601997_2020,36,40,4,Elaboration,Q2围绕A1笼统的投资回报承诺要求具体市值管理举措。,,,1
positive,第一季度主营收入下降很多有什么特殊因素吗 前面已回复,请问一季度营收为何大幅下降？公司准备采取什么措施恢复营收的增长？,1,disclosure_detail,dep_reason,Q2重复Q1核心问题，并针对A1回避性'前面已回复'继续追问原因与措施。,第一季度主营收入下降很多有什么特殊因素吗,前面已回复,请问一季度营收为何大幅下降？公司准备采取什么措施恢复营收的增长？,601997_2020,45,49,4,Complaint,Q2重复Q1核心问题，并针对A1回避性'前面已回复'继续追问原因与措施。,,,1
positive,一季度应收大幅下降，原因何在？ 前面已回复,请问一季度营收为何大幅下降？公司准备采取什么措施恢复营收的增长？,1,disclosure_detail,dep_reason,Q2重复追问A1回避的同一问题，并追加措施，依赖A1未回答状态。,一季度应收大幅下降，原因何在？,前面已回复,请问一季度营收为何大幅下降？公司准备采取什么措施恢复营收的增长？,601997_2020,48,49,1,Complaint,Q2重复追问A1回避的同一问题，并追加措施，依赖A1未回答状态。,,,1
positive,为什么在同样大环境不好，疫情防控的情况下，其他城商行都可以高速增长，而且资产质量持续改善，而贵阳银行一年比一年差，是什么原因造成得的，什么时候可以改善？ 在当前经济下行压力下，面对各类风险叠加的严峻形势和自身转型发展压力，我行坚持稳字当头、稳中求进的工作总基调，破除唯规模论、唯速度论，确保健康正确的发展方向，以高质量发展为主线，加强对宏观政策研判分析，积极优化调整业务结构，推进零售业务转型升级，零售业务贡献度逐年提升。受疫情影响，部分行业和小微企业风险呈现阶段性上升，本行从严认定资产分类，做实资产质量，通过新增贷款严管控、潜在风险早化解、逾期贷款防劣变、不良贷款快处置，2021年末实现了不良贷款余额、不良贷款率、逾期剪刀差“三降”。,盛行长是原先工商银行的资产风险管理部的，应该有丰富得资产风险管理，为什么今年一季度贵阳银行的不良率大幅增加，拨备下降，有什么具体措施来改变这一情况。,2,answer_pressure,dep_reason,Q2引用一季度不良率增加，质疑A1声称的“三降”，并追问具体措施，针对回答矛盾点继续施压。,为什么在同样大环境不好，疫情防控的情况下，其他城商行都可以高速增长，而且资产质量持续改善，而贵阳银行一年比一年差，是什么原因造成得的，什么时候可以改善？,在当前经济下行压力下，面对各类风险叠加的严峻形势和自身转型发展压力，我行坚持稳字当头、稳中求进的工作总基调，破除唯规模论、唯速度论，确保健康正确的发展方向，以高质量发展为主线，加强对宏观政策研判分析，积极优化调整业务结构，推进零售业务转型升级，零售业务贡献度逐年提升。受疫情影响，部分行业和小微企业风险呈现阶段性上升，本行从严认定资产分类，做实资产质量，通过新增贷款严管控、潜在风险早化解、逾期贷款防劣变、不良贷款快处置，2021年末实现了不良贷款余额、不良贷款率、逾期剪刀差“三降”。,盛行长是原先工商银行的资产风险管理部的，应该有丰富得资产风险管理，为什么今年一季度贵阳银行的不良率大幅增加，拨备下降，有什么具体措施来改变这一情况。,601997_2021,13,14,1,Challenge,Q2引用一季度不良率增加，质疑A1声称的“三降”，并追问具体措施，针对回答矛盾点继续施压。,,,1
positive,投资者对于公司发展有更多期待，希望在你精心主持下，风险防控、分红回报与业绩增长均能够实现较大增长. 感谢你的关注。2021年，我行制定了五年发展规划，确立了“西部上市城商行排头兵”和“贵州新发展重要助力者”的战略目标。我们将按照既定的战略实施路径，稳步推进各项经营管理工作，努力实现质量、规模、效益的协调发展，为广大股东创造持续稳定的投资回报。,分红政策主要基于哪些方面的考虑？,2,shareholder_return,dep_reason,Q2针对A1中投资回报承诺追问分红政策的具体考虑因素。,投资者对于公司发展有更多期待，希望在你精心主持下，风险防控、分红回报与业绩增长均能够实现较大增长.,感谢你的关注。2021年，我行制定了五年发展规划，确立了“西部上市城商行排头兵”和“贵州新发展重要助力者”的战略目标。我们将按照既定的战略实施路径，稳步推进各项经营管理工作，努力实现质量、规模、效益的协调发展，为广大股东创造持续稳定的投资回报。,分红政策主要基于哪些方面的考虑？,601997_2021,15,18,3,Elaboration,Q2针对A1中投资回报承诺追问分红政策的具体考虑因素。,,,1
positive,看起来业绩挺好的，但对股东的回报非常的低，这个是为什么？是不是业绩有水分，股价都没有未分配利润高，管理层是不是就不关心股价。 感谢您的关注！公司的利润分配重视对投资者的合理投资回报，每年按当年实现归属于母公司可分配利润的规定比例向股东分配股利。公司现金股利分配方案主要基于如下考虑：一是顺应资本监管趋严的趋势要求，进一步增强风险抵御能力；二是本行正在加快推进转型发展，适当留存利润以补充核心一级资本，保障内源性资本的持续补充，有利于加快战略转型，推进高质量可持续发展；三是有利于持续提升价值创造能力，为投资者提供更好更合理的长期回报。,贵公司近年增长缓慢，业绩进入成熟期，为何不加大分红？银行股大都为长线投资，分红率不要只考虑当前股价，也要考虑长期持有人的持有成本,2,shareholder_return,dep_reason,Q2针对A1中留存利润补充资本的解释进行反驳，以增长缓慢和成熟期为由要求加大分红。,看起来业绩挺好的，但对股东的回报非常的低，这个是为什么？是不是业绩有水分，股价都没有未分配利润高，管理层是不是就不关心股价。,感谢您的关注！公司的利润分配重视对投资者的合理投资回报，每年按当年实现归属于母公司可分配利润的规定比例向股东分配股利。公司现金股利分配方案主要基于如下考虑：一是顺应资本监管趋严的趋势要求，进一步增强风险抵御能力；二是本行正在加快推进转型发展，适当留存利润以补充核心一级资本，保障内源性资本的持续补充，有利于加快战略转型，推进高质量可持续发展；三是有利于持续提升价值创造能力，为投资者提供更好更合理的长期回报。,贵公司近年增长缓慢，业绩进入成熟期，为何不加大分红？银行股大都为长线投资，分红率不要只考虑当前股价，也要考虑长期持有人的持有成本,601997_2022,3,4,1,Challenge,Q2针对A1中留存利润补充资本的解释进行反驳，以增长缓慢和成熟期为由要求加大分红。,,,1
positive,贵公司近年增长缓慢，业绩进入成熟期，为何不加大分红？银行股大都为长线投资，分红率不要只考虑当前股价，也要考虑长期持有人的持有成本 尊敬的投资者，本行将进一步兼顾股东利益和可持续发展的需求，保持政策的连续性和稳定性，为投资者提供合理投资回报，统筹做好分红方案。感谢您的关注！,请问年度分红比例能否提高至平均水平30％,2,shareholder_return,dep_reason,Q2针对A1笼统的‘统筹分红方案’要求具体提高到30%，依赖上一轮互动。,贵公司近年增长缓慢，业绩进入成熟期，为何不加大分红？银行股大都为长线投资，分红率不要只考虑当前股价，也要考虑长期持有人的持有成本,尊敬的投资者，本行将进一步兼顾股东利益和可持续发展的需求，保持政策的连续性和稳定性，为投资者提供合理投资回报，统筹做好分红方案。感谢您的关注！,请问年度分红比例能否提高至平均水平30％,601997_2022,4,9,5,Elaboration,Q2针对A1笼统的‘统筹分红方案’要求具体提高到30%，依赖上一轮互动。,,,1
positive,贵行上市以来连续下跌，一直未能反弹，主要原因就是分红比例相对于总利润太低了 尊敬的投资者：关于分红的问题已在之前的提问中予以回复，感谢您的关注！,请问年度分红比例能否提高至平均水平30％,1,disclosure_detail,dep_reason,Q2针对A1的回避继续追问分红比例，要求给出具体数字。,贵行上市以来连续下跌，一直未能反弹，主要原因就是分红比例相对于总利润太低了,尊敬的投资者：关于分红的问题已在之前的提问中予以回复，感谢您的关注！,请问年度分红比例能否提高至平均水平30％,601997_2022,7,9,2,Complaint,Q2针对A1的回避继续追问分红比例，要求给出具体数字。,,,1
positive,亲爱的党委书记、董事长：贵公司股票连续下跌几年了，股价大幅度低于净资产和每股利润总和，希望公司每年提高分红比例和利用利润回购注销股票！ 尊敬的投资者，回购股份将影响银行核心资本充足率水平，降低银行风险抵御能力，目前本行无相关回购计划。本行将通过多种渠道多种方式与资本市场保持良好沟通，邀请投资者和券商分析师赴行调研，积极向资本市场传递经营理念和投资价值，努力使自身内在价值得到市场认可，力求为投资者创造持续稳定的投资回报。感谢您的关注！,希望加大分红比例。已经有了收益，每股净资产和未分配利润逐年增加，不存在资本金不足的问题。,2,shareholder_return,dep_reason,Q2引用A1中资本金不足的理由进行反驳，并坚持要求提高分红比例。,亲爱的党委书记、董事长：贵公司股票连续下跌几年了，股价大幅度低于净资产和每股利润总和，希望公司每年提高分红比例和利用利润回购注销股票！,尊敬的投资者，回购股份将影响银行核心资本充足率水平，降低银行风险抵御能力，目前本行无相关回购计划。本行将通过多种渠道多种方式与资本市场保持良好沟通，邀请投资者和券商分析师赴行调研，积极向资本市场传递经营理念和投资价值，努力使自身内在价值得到市场认可，力求为投资者创造持续稳定的投资回报。感谢您的关注！,希望加大分红比例。已经有了收益，每股净资产和未分配利润逐年增加，不存在资本金不足的问题。,601997_2022,13,15,2,Challenge,Q2引用A1中资本金不足的理由进行反驳，并坚持要求提高分红比例。,,,1
positive,亲爱的党委书记、董事长：贵公司股票连续下跌几年了，股价大幅度低于净资产和每股利润总和，希望公司每年提高分红比例和利用利润回购注销股票！ 尊敬的投资者，回购股份将影响银行核心资本充足率水平，降低银行风险抵御能力，目前本行无相关回购计划。本行将通过多种渠道多种方式与资本市场保持良好沟通，邀请投资者和券商分析师赴行调研，积极向资本市场传递经营理念和投资价值，努力使自身内在价值得到市场认可，力求为投资者创造持续稳定的投资回报。感谢您的关注！,年报说未分配利润留作核心一级资本。监管要求核心一级资本充足率不小于7.75%，贵行已经达到10.95%，留的利润太多了吧？江苏银行核心一级资本充足率8.75%，每股分红0.516元，两行每股收益都是1.60元，请贵行提高分红比例。,2,shareholder_return,dep_reason,Q2引用A1中的核心资本充足率，对比监管指标和同业数据，质疑留存利润过多，要求提高分红。,亲爱的党委书记、董事长：贵公司股票连续下跌几年了，股价大幅度低于净资产和每股利润总和，希望公司每年提高分红比例和利用利润回购注销股票！,尊敬的投资者，回购股份将影响银行核心资本充足率水平，降低银行风险抵御能力，目前本行无相关回购计划。本行将通过多种渠道多种方式与资本市场保持良好沟通，邀请投资者和券商分析师赴行调研，积极向资本市场传递经营理念和投资价值，努力使自身内在价值得到市场认可，力求为投资者创造持续稳定的投资回报。感谢您的关注！,年报说未分配利润留作核心一级资本。监管要求核心一级资本充足率不小于7.75%，贵行已经达到10.95%，留的利润太多了吧？江苏银行核心一级资本充足率8.75%，每股分红0.516元，两行每股收益都是1.60元，请贵行提高分红比例。,601997_2022,13,18,5,Challenge,Q2引用A1中的核心资本充足率，对比监管指标和同业数据，质疑留存利润过多，要求提高分红。,,,1
positive,希望加大分红比例。已经有了收益，每股净资产和未分配利润逐年增加，不存在资本金不足的问题。 尊敬的投资者：本行制定利润分配方案主要基于如下考虑：一是顺应资本监管趋严的趋势要求，通过加强内源性资本补充，以保持较高的资本充足水平及资本质量，增强风险抵御能力，提升风险应对水平；二是本行正在加快推进转型发展，推动业务回归本源，通过适当留存利润以补充核心一级资本，保障内源性资本的持续补充，有利于加快战略转型，推进高质量可持续发展；三是有利于持续提升价值创造能力，注重中长期发展效益和稳健可持续发展，为投资者提供更好更合理的长期回报。未来，本行将进一步兼顾股东利益和可持续发展的需求，并保持政策的连续性和稳定性，为投资者提供合理投资回报，统筹做好分红方案。感谢您的关注！,为什么近三年分红比例都低于行业平均水平，低于20％，原因是什么,2,shareholder_return,dep_reason,Q2针对A1中分红的笼统解释，进一步追问低比例的具体原因和行业对比。,希望加大分红比例。已经有了收益，每股净资产和未分配利润逐年增加，不存在资本金不足的问题。,尊敬的投资者：本行制定利润分配方案主要基于如下考虑：一是顺应资本监管趋严的趋势要求，通过加强内源性资本补充，以保持较高的资本充足水平及资本质量，增强风险抵御能力，提升风险应对水平；二是本行正在加快推进转型发展，推动业务回归本源，通过适当留存利润以补充核心一级资本，保障内源性资本的持续补充，有利于加快战略转型，推进高质量可持续发展；三是有利于持续提升价值创造能力，注重中长期发展效益和稳健可持续发展，为投资者提供更好更合理的长期回报。未来，本行将进一步兼顾股东利益和可持续发展的需求，并保持政策的连续性和稳定性，为投资者提供合理投资回报，统筹做好分红方案。感谢您的关注！,为什么近三年分红比例都低于行业平均水平，低于20％，原因是什么,601997_2022,15,17,2,Elaboration,Q2针对A1中分红的笼统解释，进一步追问低比例的具体原因和行业对比。,,,1
positive,希望加大分红比例。已经有了收益，每股净资产和未分配利润逐年增加，不存在资本金不足的问题。 尊敬的投资者：本行制定利润分配方案主要基于如下考虑：一是顺应资本监管趋严的趋势要求，通过加强内源性资本补充，以保持较高的资本充足水平及资本质量，增强风险抵御能力，提升风险应对水平；二是本行正在加快推进转型发展，推动业务回归本源，通过适当留存利润以补充核心一级资本，保障内源性资本的持续补充，有利于加快战略转型，推进高质量可持续发展；三是有利于持续提升价值创造能力，注重中长期发展效益和稳健可持续发展，为投资者提供更好更合理的长期回报。未来，本行将进一步兼顾股东利益和可持续发展的需求，并保持政策的连续性和稳定性，为投资者提供合理投资回报，统筹做好分红方案。感谢您的关注！,年报说未分配利润留作核心一级资本。监管要求核心一级资本充足率不小于7.75%，贵行已经达到10.95%，留的利润太多了吧？江苏银行核心一级资本充足率8.75%，每股分红0.516元，两行每股收益都是1.60元，请贵行提高分红比例。,2,shareholder_return,dep_reason,Q2引用A1中留存利润补资本的解释，用监管要求和同业数据质疑留存过度，要求提高分红。,希望加大分红比例。已经有了收益，每股净资产和未分配利润逐年增加，不存在资本金不足的问题。,尊敬的投资者：本行制定利润分配方案主要基于如下考虑：一是顺应资本监管趋严的趋势要求，通过加强内源性资本补充，以保持较高的资本充足水平及资本质量，增强风险抵御能力，提升风险应对水平；二是本行正在加快推进转型发展，推动业务回归本源，通过适当留存利润以补充核心一级资本，保障内源性资本的持续补充，有利于加快战略转型，推进高质量可持续发展；三是有利于持续提升价值创造能力，注重中长期发展效益和稳健可持续发展，为投资者提供更好更合理的长期回报。未来，本行将进一步兼顾股东利益和可持续发展的需求，并保持政策的连续性和稳定性，为投资者提供合理投资回报，统筹做好分红方案。感谢您的关注！,年报说未分配利润留作核心一级资本。监管要求核心一级资本充足率不小于7.75%，贵行已经达到10.95%，留的利润太多了吧？江苏银行核心一级资本充足率8.75%，每股分红0.516元，两行每股收益都是1.60元，请贵行提高分红比例。,601997_2022,15,18,3,Challenge,Q2引用A1中留存利润补资本的解释，用监管要求和同业数据质疑留存过度，要求提高分红。,,,1
positive,希望加大分红比例。已经有了收益，每股净资产和未分配利润逐年增加，不存在资本金不足的问题。 尊敬的投资者：本行制定利润分配方案主要基于如下考虑：一是顺应资本监管趋严的趋势要求，通过加强内源性资本补充，以保持较高的资本充足水平及资本质量，增强风险抵御能力，提升风险应对水平；二是本行正在加快推进转型发展，推动业务回归本源，通过适当留存利润以补充核心一级资本，保障内源性资本的持续补充，有利于加快战略转型，推进高质量可持续发展；三是有利于持续提升价值创造能力，注重中长期发展效益和稳健可持续发展，为投资者提供更好更合理的长期回报。未来，本行将进一步兼顾股东利益和可持续发展的需求，并保持政策的连续性和稳定性，为投资者提供合理投资回报，统筹做好分红方案。感谢您的关注！,你好，分红可以提高吗？,2,shareholder_return,dep_reason,Q2重复Q1提高分红的要求，A1仅解释理由未直接回应，继续追问。,希望加大分红比例。已经有了收益，每股净资产和未分配利润逐年增加，不存在资本金不足的问题。,尊敬的投资者：本行制定利润分配方案主要基于如下考虑：一是顺应资本监管趋严的趋势要求，通过加强内源性资本补充，以保持较高的资本充足水平及资本质量，增强风险抵御能力，提升风险应对水平；二是本行正在加快推进转型发展，推动业务回归本源，通过适当留存利润以补充核心一级资本，保障内源性资本的持续补充，有利于加快战略转型，推进高质量可持续发展；三是有利于持续提升价值创造能力，注重中长期发展效益和稳健可持续发展，为投资者提供更好更合理的长期回报。未来，本行将进一步兼顾股东利益和可持续发展的需求，并保持政策的连续性和稳定性，为投资者提供合理投资回报，统筹做好分红方案。感谢您的关注！,你好，分红可以提高吗？,601997_2022,15,19,4,Complaint,Q2重复Q1提高分红的要求，A1仅解释理由未直接回应，继续追问。,,,1
positive,为什么近三年分红比例都低于行业平均水平，低于20％，原因是什么 感谢您的关注！公司的利润分配重视对投资者的合理投资回报，每年按当年实现归属于母公司可分配利润的规定比例向股东分配股利。公司现金股利分配方案主要基于如下考虑：一是顺应资本监管趋严的趋势要求，进一步增强风险抵御能力；二是本行正在加快推进转型发展，适当留存利润以补充核心一级资本，保障内源性资本的持续补充，有利于加快战略转型，推进高质量可持续发展；三是有利于持续提升价值创造能力，为投资者提供更好更合理的长期回报。,年报说未分配利润留作核心一级资本。监管要求核心一级资本充足率不小于7.75%，贵行已经达到10.95%，留的利润太多了吧？江苏银行核心一级资本充足率8.75%，每股分红0.516元，两行每股收益都是1.60元，请贵行提高分红比例。,2,shareholder_return,dep_reason,Q2针对A1中补充核心一级资本的理由，用资本充足率数据和同行对比质疑利润留存过多，施压提高分红。,为什么近三年分红比例都低于行业平均水平，低于20％，原因是什么,感谢您的关注！公司的利润分配重视对投资者的合理投资回报，每年按当年实现归属于母公司可分配利润的规定比例向股东分配股利。公司现金股利分配方案主要基于如下考虑：一是顺应资本监管趋严的趋势要求，进一步增强风险抵御能力；二是本行正在加快推进转型发展，适当留存利润以补充核心一级资本，保障内源性资本的持续补充，有利于加快战略转型，推进高质量可持续发展；三是有利于持续提升价值创造能力，为投资者提供更好更合理的长期回报。,年报说未分配利润留作核心一级资本。监管要求核心一级资本充足率不小于7.75%，贵行已经达到10.95%，留的利润太多了吧？江苏银行核心一级资本充足率8.75%，每股分红0.516元，两行每股收益都是1.60元，请贵行提高分红比例。,601997_2022,17,18,1,Challenge,Q2针对A1中补充核心一级资本的理由，用资本充足率数据和同行对比质疑利润留存过多，施压提高分红。,,,1
positive,为什么近三年分红比例都低于行业平均水平，低于20％，原因是什么 感谢您的关注！公司的利润分配重视对投资者的合理投资回报，每年按当年实现归属于母公司可分配利润的规定比例向股东分配股利。公司现金股利分配方案主要基于如下考虑：一是顺应资本监管趋严的趋势要求，进一步增强风险抵御能力；二是本行正在加快推进转型发展，适当留存利润以补充核心一级资本，保障内源性资本的持续补充，有利于加快战略转型，推进高质量可持续发展；三是有利于持续提升价值创造能力，为投资者提供更好更合理的长期回报。,贵阳银行股价连续6年下跌，大多数投资者亏损屡屡，原因是公司只提做大蛋糕对分好蛋糕却从不重视，而其他大多数银行分红比例都能达到百分之30，因此投资者强烈要求公司加大分红比例，向大多数银行看齐。,2,shareholder_return,dep_reason,Q2引用其他银行30%分红比例，直接质疑A1中关于留存利润的理由，认为公司‘只提做大蛋糕对分好蛋糕却从不重视’。,为什么近三年分红比例都低于行业平均水平，低于20％，原因是什么,感谢您的关注！公司的利润分配重视对投资者的合理投资回报，每年按当年实现归属于母公司可分配利润的规定比例向股东分配股利。公司现金股利分配方案主要基于如下考虑：一是顺应资本监管趋严的趋势要求，进一步增强风险抵御能力；二是本行正在加快推进转型发展，适当留存利润以补充核心一级资本，保障内源性资本的持续补充，有利于加快战略转型，推进高质量可持续发展；三是有利于持续提升价值创造能力，为投资者提供更好更合理的长期回报。,贵阳银行股价连续6年下跌，大多数投资者亏损屡屡，原因是公司只提做大蛋糕对分好蛋糕却从不重视，而其他大多数银行分红比例都能达到百分之30，因此投资者强烈要求公司加大分红比例，向大多数银行看齐。,601997_2022,17,21,4,Challenge,Q2引用其他银行30%分红比例，直接质疑A1中关于留存利润的理由，认为公司‘只提做大蛋糕对分好蛋糕却从不重视’。,,,1
positive,年报说未分配利润留作核心一级资本。监管要求核心一级资本充足率不小于7.75%，贵行已经达到10.95%，留的利润太多了吧？江苏银行核心一级资本充足率8.75%，每股分红0.516元，两行每股收益都是1.60元，请贵行提高分红比例。 尊敬的投资者，感谢您的建议，本行将兼顾股东利益和可持续发展需求，保持分红政策的连续性和稳定性，为投资者提供合理投资回报。,你好，分红可以提高吗？,2,shareholder_return,dep_reason,Q2重复Q1提高分红的核心诉求，针对A1笼统回应继续施压追问。,年报说未分配利润留作核心一级资本。监管要求核心一级资本充足率不小于7.75%，贵行已经达到10.95%，留的利润太多了吧？江苏银行核心一级资本充足率8.75%，每股分红0.516元，两行每股收益都是1.60元，请贵行提高分红比例。,尊敬的投资者，感谢您的建议，本行将兼顾股东利益和可持续发展需求，保持分红政策的连续性和稳定性，为投资者提供合理投资回报。,你好，分红可以提高吗？,601997_2022,18,19,1,Complaint,Q2重复Q1提高分红的核心诉求，针对A1笼统回应继续施压追问。,,,1
positive,年报说未分配利润留作核心一级资本。监管要求核心一级资本充足率不小于7.75%，贵行已经达到10.95%，留的利润太多了吧？江苏银行核心一级资本充足率8.75%，每股分红0.516元，两行每股收益都是1.60元，请贵行提高分红比例。 尊敬的投资者，感谢您的建议，本行将兼顾股东利益和可持续发展需求，保持分红政策的连续性和稳定性，为投资者提供合理投资回报。,贵阳银行股价连续6年下跌，大多数投资者亏损屡屡，原因是公司只提做大蛋糕对分好蛋糕却从不重视，而其他大多数银行分红比例都能达到百分之30，因此投资者强烈要求公司加大分红比例，向大多数银行看齐。,2,shareholder_return,dep_reason,Q2针对A1笼统回应继续追问提高分红，并质疑公司不重视分配。,年报说未分配利润留作核心一级资本。监管要求核心一级资本充足率不小于7.75%，贵行已经达到10.95%，留的利润太多了吧？江苏银行核心一级资本充足率8.75%，每股分红0.516元，两行每股收益都是1.60元，请贵行提高分红比例。,尊敬的投资者，感谢您的建议，本行将兼顾股东利益和可持续发展需求，保持分红政策的连续性和稳定性，为投资者提供合理投资回报。,贵阳银行股价连续6年下跌，大多数投资者亏损屡屡，原因是公司只提做大蛋糕对分好蛋糕却从不重视，而其他大多数银行分红比例都能达到百分之30，因此投资者强烈要求公司加大分红比例，向大多数银行看齐。,601997_2022,18,21,3,Challenge,Q2针对A1笼统回应继续追问提高分红，并质疑公司不重视分配。,,,1
positive,你好，分红可以提高吗？ 尊敬的投资者，感谢您的建议，本行秉持稳健可持续发展的理念，下一步，将在考虑股东诉求和增强风险抵御能力的同时，保持分红政策的连续性和稳定性，为投资者提供合理投资回报。感谢您的关注！,尊敬的张董，您好！今年贵公司业绩增长趋缓，净利也稳定在60亿左右。整体来看，已经进入成熟期，是否有提高分红比例的打算。银行股投资一般都是长线持有，贵阳银行股价下跌七年，投资者持仓成本远大于当前股价，当前分红率无异于杯水车薪，衷心建议加大分红，提高股票价值，谢谢！,2,shareholder_return,dep_reason,Q2继续追问Q1的分红提高问题，A1未正面回应，Q2施压要求明确分红打算。,你好，分红可以提高吗？,尊敬的投资者，感谢您的建议，本行秉持稳健可持续发展的理念，下一步，将在考虑股东诉求和增强风险抵御能力的同时，保持分红政策的连续性和稳定性，为投资者提供合理投资回报。感谢您的关注！,尊敬的张董，您好！今年贵公司业绩增长趋缓，净利也稳定在60亿左右。整体来看，已经进入成熟期，是否有提高分红比例的打算。银行股投资一般都是长线持有，贵阳银行股价下跌七年，投资者持仓成本远大于当前股价，当前分红率无异于杯水车薪，衷心建议加大分红，提高股票价值，谢谢！,601997_2022,19,20,1,Challenge,Q2继续追问Q1的分红提高问题，A1未正面回应，Q2施压要求明确分红打算。,,,1
positive,你好，分红可以提高吗？ 尊敬的投资者，感谢您的建议，本行秉持稳健可持续发展的理念，下一步，将在考虑股东诉求和增强风险抵御能力的同时，保持分红政策的连续性和稳定性，为投资者提供合理投资回报。感谢您的关注！,贵阳银行股价连续6年下跌，大多数投资者亏损屡屡，原因是公司只提做大蛋糕对分好蛋糕却从不重视，而其他大多数银行分红比例都能达到百分之30，因此投资者强烈要求公司加大分红比例，向大多数银行看齐。,2,shareholder_return,dep_reason,Q2针对A1笼统的'合理投资回报'要求提高分红至30%看齐其他银行。,你好，分红可以提高吗？,尊敬的投资者，感谢您的建议，本行秉持稳健可持续发展的理念，下一步，将在考虑股东诉求和增强风险抵御能力的同时，保持分红政策的连续性和稳定性，为投资者提供合理投资回报。感谢您的关注！,贵阳银行股价连续6年下跌，大多数投资者亏损屡屡，原因是公司只提做大蛋糕对分好蛋糕却从不重视，而其他大多数银行分红比例都能达到百分之30，因此投资者强烈要求公司加大分红比例，向大多数银行看齐。,601997_2022,19,21,2,Elaboration,Q2针对A1笼统的'合理投资回报'要求提高分红至30%看齐其他银行。,,,1
positive,尊敬的张董，您好！今年贵公司业绩增长趋缓，净利也稳定在60亿左右。整体来看，已经进入成熟期，是否有提高分红比例的打算。银行股投资一般都是长线持有，贵阳银行股价下跌七年，投资者持仓成本远大于当前股价，当前分红率无异于杯水车薪，衷心建议加大分红，提高股票价值，谢谢！ 尊敬的投资者，本行将进一步兼顾股东利益和可持续发展的需求，保持政策的连续性和稳定性，为投资者提供合理投资回报，统筹做好分红方案。感谢您的关注！,贵阳银行股价连续6年下跌，大多数投资者亏损屡屡，原因是公司只提做大蛋糕对分好蛋糕却从不重视，而其他大多数银行分红比例都能达到百分之30，因此投资者强烈要求公司加大分红比例，向大多数银行看齐。,2,shareholder_return,dep_reason,Q2针对A1笼统回应，抱怨公司不重视分红，继续施压要求提高分红比例。,尊敬的张董，您好！今年贵公司业绩增长趋缓，净利也稳定在60亿左右。整体来看，已经进入成熟期，是否有提高分红比例的打算。银行股投资一般都是长线持有，贵阳银行股价下跌七年，投资者持仓成本远大于当前股价，当前分红率无异于杯水车薪，衷心建议加大分红，提高股票价值，谢谢！,尊敬的投资者，本行将进一步兼顾股东利益和可持续发展的需求，保持政策的连续性和稳定性，为投资者提供合理投资回报，统筹做好分红方案。感谢您的关注！,贵阳银行股价连续6年下跌，大多数投资者亏损屡屡，原因是公司只提做大蛋糕对分好蛋糕却从不重视，而其他大多数银行分红比例都能达到百分之30，因此投资者强烈要求公司加大分红比例，向大多数银行看齐。,601997_2022,20,21,1,Complaint,Q2针对A1笼统回应，抱怨公司不重视分红，继续施压要求提高分红比例。,,,1
positive,尊敬的张董，您好！今年贵公司业绩增长趋缓，净利也稳定在60亿左右。整体来看，已经进入成熟期，是否有提高分红比例的打算。银行股投资一般都是长线持有，贵阳银行股价下跌七年，投资者持仓成本远大于当前股价，当前分红率无异于杯水车薪，衷心建议加大分红，提高股票价值，谢谢！ 尊敬的投资者，本行将进一步兼顾股东利益和可持续发展的需求，保持政策的连续性和稳定性，为投资者提供合理投资回报，统筹做好分红方案。感谢您的关注！,贵行营收、业绩增长缓慢，提议加大分红力度，让股民分享公司的红利！,2,shareholder_return,dep_reason,Q2重复Q1加大分红的核心诉求，A1为笼统表态，构成催促依赖。,尊敬的张董，您好！今年贵公司业绩增长趋缓，净利也稳定在60亿左右。整体来看，已经进入成熟期，是否有提高分红比例的打算。银行股投资一般都是长线持有，贵阳银行股价下跌七年，投资者持仓成本远大于当前股价，当前分红率无异于杯水车薪，衷心建议加大分红，提高股票价值，谢谢！,尊敬的投资者，本行将进一步兼顾股东利益和可持续发展的需求，保持政策的连续性和稳定性，为投资者提供合理投资回报，统筹做好分红方案。感谢您的关注！,贵行营收、业绩增长缓慢，提议加大分红力度，让股民分享公司的红利！,601997_2022,20,25,5,Complaint,Q2重复Q1加大分红的核心诉求，A1为笼统表态，构成催促依赖。,,,1
positive,贵阳银行股价连续6年下跌，大多数投资者亏损屡屡，原因是公司只提做大蛋糕对分好蛋糕却从不重视，而其他大多数银行分红比例都能达到百分之30，因此投资者强烈要求公司加大分红比例，向大多数银行看齐。 尊敬的投资者，本行将进一步兼顾股东利益和可持续发展的需求，保持政策的连续性和稳定性，为投资者提供合理投资回报，统筹做好分红方案。感谢您的关注！,贵行营收、业绩增长缓慢，提议加大分红力度，让股民分享公司的红利！,2,shareholder_return,dep_reason,Q2针对A1未能满足分红要求再次施压，实质重复Q1诉求。,贵阳银行股价连续6年下跌，大多数投资者亏损屡屡，原因是公司只提做大蛋糕对分好蛋糕却从不重视，而其他大多数银行分红比例都能达到百分之30，因此投资者强烈要求公司加大分红比例，向大多数银行看齐。,尊敬的投资者，本行将进一步兼顾股东利益和可持续发展的需求，保持政策的连续性和稳定性，为投资者提供合理投资回报，统筹做好分红方案。感谢您的关注！,贵行营收、业绩增长缓慢，提议加大分红力度，让股民分享公司的红利！,601997_2022,21,25,4,Complaint,Q2针对A1未能满足分红要求再次施压，实质重复Q1诉求。,,,1
positive,贵行所谓的零售转型的结果体现在什么地方？投行业务未来如何？债权投资其他投资2500亿，投资的方向是什么？这部分的资产质量如何？能不能换一个证券代表； 尊敬的投资者，近年来，我行持续推进零售银行转型，在品牌培育、服务体系建设等方面效果逐步显现，在优化组织架构，探索数字化应用，提升储蓄竞争力，打造财富品牌等方面取得一定成效。下一步，将以提升全行零售业务差异化竞争力和整体贡献度为核心，通过优化顶层设计，坚强基础支撑，抓好统筹协调，全面提升客户体验和市场竞争力，大力推进零售业务数字化场景化多元化转型升级，着力打造区域最佳财富管理银行和体验最佳零售银行，稳步提高零售业务的贡献度。本行投行业务将朝着“轻资产、撮合化”方向不断提升综合服务能力，积极发展债券承销、资产证券化等牌照业务，推动投行业务在企业重组、兼并收购、资产管理等方向实现跨越，打造区域最佳投行。我行债权投资主要包括利率债、地方政府债、货币基金及部分应收款项类投资，上述资产大部分作为我行优质合格流动性资产持有，应收款项类投资资产质量总体稳定。,贵州债风险大与贵行的应对,1,disclosure_detail,dep_reason,Q2 针对 A1 中披露的债权投资含地方政府债，继续追问贵州债风险及应对措施。,贵行所谓的零售转型的结果体现在什么地方？投行业务未来如何？债权投资其他投资2500亿，投资的方向是什么？这部分的资产质量如何？能不能换一个证券代表；,尊敬的投资者，近年来，我行持续推进零售银行转型，在品牌培育、服务体系建设等方面效果逐步显现，在优化组织架构，探索数字化应用，提升储蓄竞争力，打造财富品牌等方面取得一定成效。下一步，将以提升全行零售业务差异化竞争力和整体贡献度为核心，通过优化顶层设计，坚强基础支撑，抓好统筹协调，全面提升客户体验和市场竞争力，大力推进零售业务数字化场景化多元化转型升级，着力打造区域最佳财富管理银行和体验最佳零售银行，稳步提高零售业务的贡献度。本行投行业务将朝着“轻资产、撮合化”方向不断提升综合服务能力，积极发展债券承销、资产证券化等牌照业务，推动投行业务在企业重组、兼并收购、资产管理等方向实现跨越，打造区域最佳投行。我行债权投资主要包括利率债、地方政府债、货币基金及部分应收款项类投资，上述资产大部分作为我行优质合格流动性资产持有，应收款项类投资资产质量总体稳定。,贵州债风险大与贵行的应对,601997_2022,23,24,1,Elaboration,Q2 针对 A1 中披露的债权投资含地方政府债，继续追问贵州债风险及应对措施。,,,1
positive,贵行营收、业绩增长缓慢，提议加大分红力度，让股民分享公司的红利！ 感谢您的关注！公司的利润分配重视对投资者的合理投资回报，每年按当年实现归属于母公司可分配利润的规定比例向股东分配股利。公司现金股利分配方案主要基于如下考虑：一是顺应资本监管趋严的趋势要求，进一步增强风险抵御能力；二是本行正在加快推进转型发展，适当留存利润以补充核心一级资本，保障内源性资本的持续补充，有利于加快战略转型，推进高质量可持续发展；三是有利于持续提升价值创造能力，为投资者提供更好更合理的长期回报。,请问贵公司为什么不考虑广大中小投资者的诉求、提高分红比率？贵司多年的分红比率在所有上市银行股都是垫底的，不为投资者考虑的公司谈什么为投资者提供更好理合理的长期回报？希望贵司能提高分红，保护股价，让长期投资者不要因为长期贵司而严重亏损！,2,shareholder_return,dep_reason,Q2针对A1中‘提供更好更合理的长期回报’说法，以分红垫底为由进行质疑和反驳。,贵行营收、业绩增长缓慢，提议加大分红力度，让股民分享公司的红利！,感谢您的关注！公司的利润分配重视对投资者的合理投资回报，每年按当年实现归属于母公司可分配利润的规定比例向股东分配股利。公司现金股利分配方案主要基于如下考虑：一是顺应资本监管趋严的趋势要求，进一步增强风险抵御能力；二是本行正在加快推进转型发展，适当留存利润以补充核心一级资本，保障内源性资本的持续补充，有利于加快战略转型，推进高质量可持续发展；三是有利于持续提升价值创造能力，为投资者提供更好更合理的长期回报。,请问贵公司为什么不考虑广大中小投资者的诉求、提高分红比率？贵司多年的分红比率在所有上市银行股都是垫底的，不为投资者考虑的公司谈什么为投资者提供更好理合理的长期回报？希望贵司能提高分红，保护股价，让长期投资者不要因为长期贵司而严重亏损！,601997_2022,25,27,2,Challenge,Q2针对A1中‘提供更好更合理的长期回报’说法，以分红垫底为由进行质疑和反驳。,,,1
positive,贵阳银行上市以来不良率为什么降不下去，这几年一直保持在1.45%-1.65%之间，贵公司是否应该加强风控管理，以及提升管理人员的业务水平。 感谢您对我行的关注！上市以来，整个中国经济从高速增长阶段转向高质量发展阶段，经济处于下行和结构调整期，一定程度上影响了资产质量的表现，我行会持续以问题和目标为导向，致力于加强制度建设、队伍建设，不断提高管理水平。,贵阳银行上市以来不良率为什么降不下来，不良率一直保持在1.45%-1.65%之间，风控管理是否应该加强！,2,answer_pressure,dep_reason,Q2重复Q1追问不良率原因及风控，针对A1未正面回应进行催促。,贵阳银行上市以来不良率为什么降不下去，这几年一直保持在1.45%-1.65%之间，贵公司是否应该加强风控管理，以及提升管理人员的业务水平。,感谢您对我行的关注！上市以来，整个中国经济从高速增长阶段转向高质量发展阶段，经济处于下行和结构调整期，一定程度上影响了资产质量的表现，我行会持续以问题和目标为导向，致力于加强制度建设、队伍建设，不断提高管理水平。,贵阳银行上市以来不良率为什么降不下来，不良率一直保持在1.45%-1.65%之间，风控管理是否应该加强！,601997_2022,36,41,5,Complaint,Q2重复Q1追问不良率原因及风控，针对A1未正面回应进行催促。,,,1
positive,贵公司花了好几亿投资软件，请问已在哪些方面起到作用并产生收益，评估成效了吗 尊敬的投资者，贵阳银行核心业务系统易鲸捷国产数据库应用项目，包括了易鲸捷数据库、核心业务系统、核心前置系统、核心后置系统、服务器、UPS设备，网络设备、中间件、操作系统、监控平台、云服务平台、灾备平台、项目管理服务、测试服务、安全检测服务等银行核心业务全栈式国产化所需的软硬件设备和服务。目前项目进入测试阶段，正在有序推进各项测试工作，还未正式上线运行。,请张总谈谈花4亿买软件的事情，还有上次增发的几十亿，这些为公司带来了多少收益？为以后能带来多少收益？,1,disclosure_detail,dep_reason,Q2针对A1未回答软件投资收益继续追问并要求说明收益。,贵公司花了好几亿投资软件，请问已在哪些方面起到作用并产生收益，评估成效了吗,尊敬的投资者，贵阳银行核心业务系统易鲸捷国产数据库应用项目，包括了易鲸捷数据库、核心业务系统、核心前置系统、核心后置系统、服务器、UPS设备，网络设备、中间件、操作系统、监控平台、云服务平台、灾备平台、项目管理服务、测试服务、安全检测服务等银行核心业务全栈式国产化所需的软硬件设备和服务。目前项目进入测试阶段，正在有序推进各项测试工作，还未正式上线运行。,请张总谈谈花4亿买软件的事情，还有上次增发的几十亿，这些为公司带来了多少收益？为以后能带来多少收益？,601997_2022,40,42,2,Complaint,Q2针对A1未回答软件投资收益继续追问并要求说明收益。,,,1
positive,尊敬的行长，根据2023年半年报；应收和每股收益下降2%；但是如果仅对比单季度，二季度单季度利润和每股收益下滑达到了8%；请问1季度还保持略微增长的前提下，二季度大幅下滑的原因是什么？ 尊敬的投资者，感谢您的关注与提问。当前我国经济运行面临诸多困难挑战，监管层面持续强化金融支持实体经济恢复发展，不断引导银行业压降企业和个人信贷融资综合成本，净息差有所收窄，盈利能力承压。,公司业绩连续下降，其它上市银行业绩是连续上涨，公司在同行业中表现异常，请问有什么改进方案？,2,performance_governance,dep_reason,Q2基于A1解释的业绩下滑原因，继续追问改进方案。,尊敬的行长，根据2023年半年报；应收和每股收益下降2%；但是如果仅对比单季度，二季度单季度利润和每股收益下滑达到了8%；请问1季度还保持略微增长的前提下，二季度大幅下滑的原因是什么？,尊敬的投资者，感谢您的关注与提问。当前我国经济运行面临诸多困难挑战，监管层面持续强化金融支持实体经济恢复发展，不断引导银行业压降企业和个人信贷融资综合成本，净息差有所收窄，盈利能力承压。,公司业绩连续下降，其它上市银行业绩是连续上涨，公司在同行业中表现异常，请问有什么改进方案？,601997_2023,8,9,1,Elaboration,Q2基于A1解释的业绩下滑原因，继续追问改进方案。,,,1
positive,公司业绩连续下降，其它上市银行业绩是连续上涨，公司在同行业中表现异常，请问有什么改进方案？ 尊敬的投资者，感谢您的关注与提问。面对复杂严峻的外部环境和多重困难挑战，本行将认真落实各级党委政府决策部署和监管要求，坚持以高质量发展为统揽，坚持稳中求进总基调，保持战略定力，做好稳增长、调结构、防风险、强基础等工作，以实现质的有效提升和量的合理增长。一是本行贯彻落实“以量补价”策略，提高信贷资产日均贡献，减缓生息资产平均收益水平下降幅度。二是坚持存款“量价协调”发展理念，增强存款成本控制意识。三是构建存款可持续发展机制，实现“总量稳定增长、质量稳步提升、结构稳妥优化、成本稳中有降”目标。四是增强金融市场交易和主动负债能力，提高市场化资金择时摆布能力，控制同业负债成本。同时，提高财务资源的使用效率，降低管理成本，加强资产质量管控，逐步降低信贷成本。多措并举，开源节流，逐步提升盈利能力。,公司经营业绩有待提升，请问明年在资产负债管理方面有哪些规划和方向?,2,strategy_planning,dep_reason,Q2围绕A1中资产负债管理策略进一步追问明年规划。,公司业绩连续下降，其它上市银行业绩是连续上涨，公司在同行业中表现异常，请问有什么改进方案？,尊敬的投资者，感谢您的关注与提问。面对复杂严峻的外部环境和多重困难挑战，本行将认真落实各级党委政府决策部署和监管要求，坚持以高质量发展为统揽，坚持稳中求进总基调，保持战略定力，做好稳增长、调结构、防风险、强基础等工作，以实现质的有效提升和量的合理增长。一是本行贯彻落实“以量补价”策略，提高信贷资产日均贡献，减缓生息资产平均收益水平下降幅度。二是坚持存款“量价协调”发展理念，增强存款成本控制意识。三是构建存款可持续发展机制，实现“总量稳定增长、质量稳步提升、结构稳妥优化、成本稳中有降”目标。四是增强金融市场交易和主动负债能力，提高市场化资金择时摆布能力，控制同业负债成本。同时，提高财务资源的使用效率，降低管理成本，加强资产质量管控，逐步降低信贷成本。多措并举，开源节流，逐步提升盈利能力。,公司经营业绩有待提升，请问明年在资产负债管理方面有哪些规划和方向?,601997_2023,9,12,3,Elaboration,Q2围绕A1中资产负债管理策略进一步追问明年规划。,,,1
positive,公司业绩连续下降，其它上市银行业绩是连续上涨，公司在同行业中表现异常，请问有什么改进方案？ 尊敬的投资者，感谢您的关注与提问。面对复杂严峻的外部环境和多重困难挑战，本行将认真落实各级党委政府决策部署和监管要求，坚持以高质量发展为统揽，坚持稳中求进总基调，保持战略定力，做好稳增长、调结构、防风险、强基础等工作，以实现质的有效提升和量的合理增长。一是本行贯彻落实“以量补价”策略，提高信贷资产日均贡献，减缓生息资产平均收益水平下降幅度。二是坚持存款“量价协调”发展理念，增强存款成本控制意识。三是构建存款可持续发展机制，实现“总量稳定增长、质量稳步提升、结构稳妥优化、成本稳中有降”目标。四是增强金融市场交易和主动负债能力，提高市场化资金择时摆布能力，控制同业负债成本。同时，提高财务资源的使用效率，降低管理成本，加强资产质量管控，逐步降低信贷成本。多措并举，开源节流，逐步提升盈利能力。,请举例说明公司如何进行负债成本管理,1,disclosure_detail,dep_reason,Q2针对A1中负债成本管理措施要求举例说明，属于对已提策略的细化追问。,公司业绩连续下降，其它上市银行业绩是连续上涨，公司在同行业中表现异常，请问有什么改进方案？,尊敬的投资者，感谢您的关注与提问。面对复杂严峻的外部环境和多重困难挑战，本行将认真落实各级党委政府决策部署和监管要求，坚持以高质量发展为统揽，坚持稳中求进总基调，保持战略定力，做好稳增长、调结构、防风险、强基础等工作，以实现质的有效提升和量的合理增长。一是本行贯彻落实“以量补价”策略，提高信贷资产日均贡献，减缓生息资产平均收益水平下降幅度。二是坚持存款“量价协调”发展理念，增强存款成本控制意识。三是构建存款可持续发展机制，实现“总量稳定增长、质量稳步提升、结构稳妥优化、成本稳中有降”目标。四是增强金融市场交易和主动负债能力，提高市场化资金择时摆布能力，控制同业负债成本。同时，提高财务资源的使用效率，降低管理成本，加强资产质量管控，逐步降低信贷成本。多措并举，开源节流，逐步提升盈利能力。,请举例说明公司如何进行负债成本管理,601997_2023,9,14,5,Elaboration,Q2针对A1中负债成本管理措施要求举例说明，属于对已提策略的细化追问。,,,1
positive,今年一季净息差、净利差突然大幅下降，主因是什么？有什么应对措施 尊敬的投资者，主要受信贷需求偏弱、LPR持续下行和存款定期化等因素影响，净息差持续收窄。在贷款收益率持续下行的趋势下，我行将继续坚持“量价协调”发展理念，持续加强负债成本管理，压降付息成本，逐步修复净息差。,公司经营业绩有待提升，请问明年在资产负债管理方面有哪些规划和方向?,2,strategy_planning,dep_reason,Q2承接A1中的负债成本管理策略，进一步追问明年资产负债管理规划和方向。,今年一季净息差、净利差突然大幅下降，主因是什么？有什么应对措施,尊敬的投资者，主要受信贷需求偏弱、LPR持续下行和存款定期化等因素影响，净息差持续收窄。在贷款收益率持续下行的趋势下，我行将继续坚持“量价协调”发展理念，持续加强负债成本管理，压降付息成本，逐步修复净息差。,公司经营业绩有待提升，请问明年在资产负债管理方面有哪些规划和方向?,601997_2023,10,12,2,Elaboration,Q2承接A1中的负债成本管理策略，进一步追问明年资产负债管理规划和方向。,,,1
positive,今年一季净息差、净利差突然大幅下降，主因是什么？有什么应对措施 尊敬的投资者，主要受信贷需求偏弱、LPR持续下行和存款定期化等因素影响，净息差持续收窄。在贷款收益率持续下行的趋势下，我行将继续坚持“量价协调”发展理念，持续加强负债成本管理，压降付息成本，逐步修复净息差。,请举例说明公司如何进行负债成本管理,2,performance_governance,dep_reason,Q2围绕A1中的“加强负债成本管理”继续追问具体做法和例子。,今年一季净息差、净利差突然大幅下降，主因是什么？有什么应对措施,尊敬的投资者，主要受信贷需求偏弱、LPR持续下行和存款定期化等因素影响，净息差持续收窄。在贷款收益率持续下行的趋势下，我行将继续坚持“量价协调”发展理念，持续加强负债成本管理，压降付息成本，逐步修复净息差。,请举例说明公司如何进行负债成本管理,601997_2023,10,14,4,Elaboration,Q2围绕A1中的“加强负债成本管理”继续追问具体做法和例子。,,,1
positive,公司经营业绩有待提升，请问明年在资产负债管理方面有哪些规划和方向? 尊敬的投资者：感谢您的提问！负债策略方面：仍应秉持“存款立行”的负债管理策略，抓实公司存款的稳定与挖潜，抓好机构存款的夯实与拓展，抓细储蓄存款的提质与扩面，努力实现存款规模、客户结构、服务效率全面提质增效。同时，加强交易对手的拓展与维护，合理控制同业资金规模，不断提升负债质量。资产策略方面：持续推动回归信贷本源，聚焦实体经济、普惠贷款、个人贷款三大板块，逐步优化信贷资产限期结构和业务结构。一是把大力发展中小企业客户作为未来客户结构调整的主攻方向，积极响应“四化”“强省会”战略，靶向发力、保障重点领域融资需求；二是提升普惠贷款强化补位能力；三是做大做强多元化场景的个人金融服务，稳步推进零售业务多元化转型升级。,请举例说明公司如何进行负债成本管理,1,disclosure_detail,dep_reason,Q2要求举例说明负债成本管理，直接承接A1中的负债策略继续细化。,公司经营业绩有待提升，请问明年在资产负债管理方面有哪些规划和方向?,尊敬的投资者：感谢您的提问！负债策略方面：仍应秉持“存款立行”的负债管理策略，抓实公司存款的稳定与挖潜，抓好机构存款的夯实与拓展，抓细储蓄存款的提质与扩面，努力实现存款规模、客户结构、服务效率全面提质增效。同时，加强交易对手的拓展与维护，合理控制同业资金规模，不断提升负债质量。资产策略方面：持续推动回归信贷本源，聚焦实体经济、普惠贷款、个人贷款三大板块，逐步优化信贷资产限期结构和业务结构。一是把大力发展中小企业客户作为未来客户结构调整的主攻方向，积极响应“四化”“强省会”战略，靶向发力、保障重点领域融资需求；二是提升普惠贷款强化补位能力；三是做大做强多元化场景的个人金融服务，稳步推进零售业务多元化转型升级。,请举例说明公司如何进行负债成本管理,601997_2023,12,14,2,Elaboration,Q2要求举例说明负债成本管理，直接承接A1中的负债策略继续细化。,,,1
positive,在当前不佳的金融市场环境和竞争压力下，贵公司采取了哪些具体措施来保持其竞争优势和提升盈利能力？ 尊敬的投资者，您好，感谢您的关注！在当前经济金融形势下，我行始终坚持银行经营的本质规律，回归金融服务实体经济的本源，一方面，围绕区域发展战略和重点行业产业，保持有效投放，加快投放进度，持续调整投放结构，确保收益来源稳定。另一方面，大力实施零售转型战略，充分依托基础客群大的优势，进一步夯实客群基础，持续提升零售业务贡献度。同时，持续推动业务创新，发展绿色金融，投资银行，科技金融，贸易金融等业务，持续强化数字化赋能，力争为客户提供多元化服务，增强客户黏性，巩固发展基础。,未来投行业务发展是怎样布局的,2,strategy_planning,dep_reason,Q2针对A1中提到的投资银行业务，进一步追问其未来布局。,在当前不佳的金融市场环境和竞争压力下，贵公司采取了哪些具体措施来保持其竞争优势和提升盈利能力？,尊敬的投资者，您好，感谢您的关注！在当前经济金融形势下，我行始终坚持银行经营的本质规律，回归金融服务实体经济的本源，一方面，围绕区域发展战略和重点行业产业，保持有效投放，加快投放进度，持续调整投放结构，确保收益来源稳定。另一方面，大力实施零售转型战略，充分依托基础客群大的优势，进一步夯实客群基础，持续提升零售业务贡献度。同时，持续推动业务创新，发展绿色金融，投资银行，科技金融，贸易金融等业务，持续强化数字化赋能，力争为客户提供多元化服务，增强客户黏性，巩固发展基础。,未来投行业务发展是怎样布局的,601997_2023,18,20,2,Elaboration,Q2针对A1中提到的投资银行业务，进一步追问其未来布局。,,,1
positive,接下来如何提升质量，降低不良率？ 尊敬的投资者：我行将不断加强资产质量管控。一是严把新增融资准入关，并对新增融资设置资产质量管控红线；二是密切关注重点领域和重点行业风险，提升风险监测、识别、防控能力，提高监测准确性与覆盖面；三是加大不良清收处置力度，不断完善不良资产管理及处置措施，多元化处置不良资产，有效较低不良率。,尊敬的行长，根据2023年半年报，逾期贷款为91.09亿，较2022年末118.11亿出现了较大的下降，是否说明公司针对坏账的去存量，控增量的相关政策已经发挥了作用，请问您对于后期坏账的预期和判断如何？,2,strategy_planning,dep_reason,Q2引用逾期贷款下降数据，针对A1所述清收处置措施追问政策效果及未来坏账预期。,接下来如何提升质量，降低不良率？,尊敬的投资者：我行将不断加强资产质量管控。一是严把新增融资准入关，并对新增融资设置资产质量管控红线；二是密切关注重点领域和重点行业风险，提升风险监测、识别、防控能力，提高监测准确性与覆盖面；三是加大不良清收处置力度，不断完善不良资产管理及处置措施，多元化处置不良资产，有效较低不良率。,尊敬的行长，根据2023年半年报，逾期贷款为91.09亿，较2022年末118.11亿出现了较大的下降，是否说明公司针对坏账的去存量，控增量的相关政策已经发挥了作用，请问您对于后期坏账的预期和判断如何？,601997_2023,25,28,3,Elaboration,Q2引用逾期贷款下降数据，针对A1所述清收处置措施追问政策效果及未来坏账预期。,,,1
positive,公司股价低迷，请问公司有没有提振股价措施 尊敬的投资者：感谢您的关注。我行将通过多种方式稳定和提振股价，一方面以良好稳健的经营业绩支撑股价；另一方面，充分结合投资者的诉求，保持合理的现金分红比例，并通过提升公司内部经营管理，为投资者创造可持续的投资回报。谢谢！,公司一直以来分红还不错，建议公司未来分红比例能够达到行业平均水平，或监管指引要求，至于经营压力就靠董事长和董事会管理层的经营智慧了！,2,shareholder_return,dep_reason,Q2针对A1中'合理的现金分红比例'提出具体建议，要求达到行业平均水平或监管指引。,公司股价低迷，请问公司有没有提振股价措施,尊敬的投资者：感谢您的关注。我行将通过多种方式稳定和提振股价，一方面以良好稳健的经营业绩支撑股价；另一方面，充分结合投资者的诉求，保持合理的现金分红比例，并通过提升公司内部经营管理，为投资者创造可持续的投资回报。谢谢！,公司一直以来分红还不错，建议公司未来分红比例能够达到行业平均水平，或监管指引要求，至于经营压力就靠董事长和董事会管理层的经营智慧了！,601997_2023,31,32,1,Elaboration,Q2针对A1中'合理的现金分红比例'提出具体建议，要求达到行业平均水平或监管指引。,,,1
positive,公司近几年业绩表现优秀，股票质地优良，但是股价表现持续低迷，令投资者伤痕累累。在这样的时刻，公司能否考虑适当加大分红派息力度，非常时刻用非常手段，让好股票有好的股价表现，让持有者受到鼓舞，提升大家的投资信心。 尊敬的投资者，感谢您的建议。本行制定现金股利分配方案主要基于：一是通过加强内源性资本补充，保持较高的资本充足水平及资本质量，以增强风险抵御能力；二是本行正在加快推进转型发展，通过定增和适当留存利润以补充核心一级资本，保障内源性资本的持续补充；三是注重中长期发展效益和稳健可持续发展，为投资者提供更好更合理的长期回报。未来，进一步兼顾股东利益和本行可持续发展的需求，为投资者提供合理投资回报，统筹做好分红方案。,1、公司多年分红未达证监会最低分红30%比例，请问公司准备如何改进？2、前几次公司现金流持续为负，显示放出去贷款多，回收缓慢！请问公司准备采取什么措施来改善经营状况？效果如何？3、员工绩效是否与经营业绩考核挂钩？是否提现员工绩效与贷款回收达成比例拿钱？4、不良贷款率是否在持续改善？,2,shareholder_return,dep_reason,Q2第一个问题针对A1未直接回应分红比例继续追问改进，整体依赖前轮交互。,公司近几年业绩表现优秀，股票质地优良，但是股价表现持续低迷，令投资者伤痕累累。在这样的时刻，公司能否考虑适当加大分红派息力度，非常时刻用非常手段，让好股票有好的股价表现，让持有者受到鼓舞，提升大家的投资信心。,尊敬的投资者，感谢您的建议。本行制定现金股利分配方案主要基于：一是通过加强内源性资本补充，保持较高的资本充足水平及资本质量，以增强风险抵御能力；二是本行正在加快推进转型发展，通过定增和适当留存利润以补充核心一级资本，保障内源性资本的持续补充；三是注重中长期发展效益和稳健可持续发展，为投资者提供更好更合理的长期回报。未来，进一步兼顾股东利益和本行可持续发展的需求，为投资者提供合理投资回报，统筹做好分红方案。,1、公司多年分红未达证监会最低分红30%比例，请问公司准备如何改进？2、前几次公司现金流持续为负，显示放出去贷款多，回收缓慢！请问公司准备采取什么措施来改善经营状况？效果如何？3、员工绩效是否与经营业绩考核挂钩？是否提现员工绩效与贷款回收达成比例拿钱？4、不良贷款率是否在持续改善？,601997_2023,42,44,2,Challenge,Q2第一个问题针对A1未直接回应分红比例继续追问改进，整体依赖前轮交互。,,,1
positive,公司近几年业绩表现优秀，股票质地优良，但是股价表现持续低迷，令投资者伤痕累累。在这样的时刻，公司能否考虑适当加大分红派息力度，非常时刻用非常手段，让好股票有好的股价表现，让持有者受到鼓舞，提升大家的投资信心。 尊敬的投资者，感谢您的建议。本行制定现金股利分配方案主要基于：一是通过加强内源性资本补充，保持较高的资本充足水平及资本质量，以增强风险抵御能力；二是本行正在加快推进转型发展，通过定增和适当留存利润以补充核心一级资本，保障内源性资本的持续补充；三是注重中长期发展效益和稳健可持续发展，为投资者提供更好更合理的长期回报。未来，进一步兼顾股东利益和本行可持续发展的需求，为投资者提供合理投资回报，统筹做好分红方案。,中小股民希望公司未来三年分红比例不低于30%，或根据上证分红指引以及最近证监会精神，出台未来三年分红规划，年分红比例不低于30%，达到上市银行分红平均水平或平均水平以上！,2,shareholder_return,dep_reason,Q2针对A1未给出具体分红比例的笼统表述，要求明确未来三年分红比例。,公司近几年业绩表现优秀，股票质地优良，但是股价表现持续低迷，令投资者伤痕累累。在这样的时刻，公司能否考虑适当加大分红派息力度，非常时刻用非常手段，让好股票有好的股价表现，让持有者受到鼓舞，提升大家的投资信心。,尊敬的投资者，感谢您的建议。本行制定现金股利分配方案主要基于：一是通过加强内源性资本补充，保持较高的资本充足水平及资本质量，以增强风险抵御能力；二是本行正在加快推进转型发展，通过定增和适当留存利润以补充核心一级资本，保障内源性资本的持续补充；三是注重中长期发展效益和稳健可持续发展，为投资者提供更好更合理的长期回报。未来，进一步兼顾股东利益和本行可持续发展的需求，为投资者提供合理投资回报，统筹做好分红方案。,中小股民希望公司未来三年分红比例不低于30%，或根据上证分红指引以及最近证监会精神，出台未来三年分红规划，年分红比例不低于30%，达到上市银行分红平均水平或平均水平以上！,601997_2023,42,46,4,Elaboration,Q2针对A1未给出具体分红比例的笼统表述，要求明确未来三年分红比例。,,,1
positive,1、公司多年分红未达证监会最低分红30%比例，请问公司准备如何改进？2、前几次公司现金流持续为负，显示放出去贷款多，回收缓慢！请问公司准备采取什么措施来改善经营状况？效果如何？3、员工绩效是否与经营业绩考核挂钩？是否提现员工绩效与贷款回收达成比例拿钱？4、不良贷款率是否在持续改善？ 谢谢您的提问。对于第一个问题：我行分红比例符合监管要求，同时本行制定现金股利分配方案主要基于：一是通过加强内源性资本补充，保持较高的资本充足水平及资本质量，以增强风险抵御能力；二是本行正在加快推进转型发展，通过定增和适当留存利润以补充核心一级资本，保障内源性资本的持续补充；三是注重中长期发展效益和稳健可持续发展，为投资者提供更好更合理的长期回报。未来，进一步兼顾股东利益和本行可持续发展的需求，为投资者提供合理投资回报。对于第二个问题：商业银行现金流特征有别于一般工商企业，应对现金流量表内各类活动的现金流量统筹考虑。经营活动现金净额为负，是本行强化对实体经济的服务，加大贷款投放力度，贷款增幅高于存款增幅，导致经营活动现金流出增多。商业银行作为融通资金、管理风险的行业，既通过经营活动产生现金流，也通过投资活动和筹资活动吸收资金开展业务，这是银行业与其它实体行业最显著的差异之一，符合行业的经营特点和的运行趋势。对于第三个问题：本行绩效考核坚持以块为主、条块结合原则，强化业务基础夯实、量价协调、效益为主、市场与计划并重，突出业绩导向，确保关键指标、专业指标的设置满足长期可持续发展和当期业务需要，既注重过程考核，又保证结果导向，在管理基础上加以考评引导，引导实现全行高质量发展。对于第四个问题：我行每年、每季将会制定资产质量控制方案，严控新增，压降存量，有步骤、合理的通过各种方式进行不良贷款处置，确保全行资产质量的平稳。,中小股民希望公司未来三年分红比例不低于30%，或根据上证分红指引以及最近证监会精神，出台未来三年分红规划，年分红比例不低于30%，达到上市银行分红平均水平或平均水平以上！,2,shareholder_return,dep_reason,Q2针对A1未承诺提高分红比例，继续施压要求未来三年分红不低于30%，出台具体规划。,1、公司多年分红未达证监会最低分红30%比例，请问公司准备如何改进？2、前几次公司现金流持续为负，显示放出去贷款多，回收缓慢！请问公司准备采取什么措施来改善经营状况？效果如何？3、员工绩效是否与经营业绩考核挂钩？是否提现员工绩效与贷款回收达成比例拿钱？4、不良贷款率是否在持续改善？,谢谢您的提问。对于第一个问题：我行分红比例符合监管要求，同时本行制定现金股利分配方案主要基于：一是通过加强内源性资本补充，保持较高的资本充足水平及资本质量，以增强风险抵御能力；二是本行正在加快推进转型发展，通过定增和适当留存利润以补充核心一级资本，保障内源性资本的持续补充；三是注重中长期发展效益和稳健可持续发展，为投资者提供更好更合理的长期回报。未来，进一步兼顾股东利益和本行可持续发展的需求，为投资者提供合理投资回报。对于第二个问题：商业银行现金流特征有别于一般工商企业，应对现金流量表内各类活动的现金流量统筹考虑。经营活动现金净额为负，是本行强化对实体经济的服务，加大贷款投放力度，贷款增幅高于存款增幅，导致经营活动现金流出增多。商业银行作为融通资金、管理风险的行业，既通过经营活动产生现金流，也通过投资活动和筹资活动吸收资金开展业务，这是银行业与其它实体行业最显著的差异之一，符合行业的经营特点和的运行趋势。对于第三个问题：本行绩效考核坚持以块为主、条块结合原则，强化业务基础夯实、量价协调、效益为主、市场与计划并重，突出业绩导向，确保关键指标、专业指标的设置满足长期可持续发展和当期业务需要，既注重过程考核，又保证结果导向，在管理基础上加以考评引导，引导实现全行高质量发展。对于第四个问题：我行每年、每季将会制定资产质量控制方案，严控新增，压降存量，有步骤、合理的通过各种方式进行不良贷款处置，确保全行资产质量的平稳。,中小股民希望公司未来三年分红比例不低于30%，或根据上证分红指引以及最近证监会精神，出台未来三年分红规划，年分红比例不低于30%，达到上市银行分红平均水平或平均水平以上！,601997_2023,44,46,2,Challenge,Q2针对A1未承诺提高分红比例，继续施压要求未来三年分红不低于30%，出台具体规划。,,,1
positive,1、公司多年分红未达证监会最低分红30%比例，请问公司准备如何改进？2、前几次公司现金流持续为负，显示放出去贷款多，回收缓慢！请问公司准备采取什么措施来改善经营状况？效果如何？3、员工绩效是否与经营业绩考核挂钩？是否提现员工绩效与贷款回收达成比例拿钱？4、不良贷款率是否在持续改善？ 谢谢您的提问。对于第一个问题：我行分红比例符合监管要求，同时本行制定现金股利分配方案主要基于：一是通过加强内源性资本补充，保持较高的资本充足水平及资本质量，以增强风险抵御能力；二是本行正在加快推进转型发展，通过定增和适当留存利润以补充核心一级资本，保障内源性资本的持续补充；三是注重中长期发展效益和稳健可持续发展，为投资者提供更好更合理的长期回报。未来，进一步兼顾股东利益和本行可持续发展的需求，为投资者提供合理投资回报。对于第二个问题：商业银行现金流特征有别于一般工商企业，应对现金流量表内各类活动的现金流量统筹考虑。经营活动现金净额为负，是本行强化对实体经济的服务，加大贷款投放力度，贷款增幅高于存款增幅，导致经营活动现金流出增多。商业银行作为融通资金、管理风险的行业，既通过经营活动产生现金流，也通过投资活动和筹资活动吸收资金开展业务，这是银行业与其它实体行业最显著的差异之一，符合行业的经营特点和的运行趋势。对于第三个问题：本行绩效考核坚持以块为主、条块结合原则，强化业务基础夯实、量价协调、效益为主、市场与计划并重，突出业绩导向，确保关键指标、专业指标的设置满足长期可持续发展和当期业务需要，既注重过程考核，又保证结果导向，在管理基础上加以考评引导，引导实现全行高质量发展。对于第四个问题：我行每年、每季将会制定资产质量控制方案，严控新增，压降存量，有步骤、合理的通过各种方式进行不良贷款处置，确保全行资产质量的平稳。,尊敬的董事长，行长，贵阳银行三季度收入大幅下降，意料之外，情理之中；对业绩我们投资者不报希望了，还请加大分红，原因如下；（1）收入，利润多年不增长，不如分给投资者；（2）国家政策导向，请至少按照年利润30%分红；（3）资本充足率很充足，多分红不影响经营；资本充足率再高也没有意义。,2,shareholder_return,dep_reason,Q2针对A1中资本充足解释，反驳称资本充足率已充足，要求多分红，延续分红比例争议。,1、公司多年分红未达证监会最低分红30%比例，请问公司准备如何改进？2、前几次公司现金流持续为负，显示放出去贷款多，回收缓慢！请问公司准备采取什么措施来改善经营状况？效果如何？3、员工绩效是否与经营业绩考核挂钩？是否提现员工绩效与贷款回收达成比例拿钱？4、不良贷款率是否在持续改善？,谢谢您的提问。对于第一个问题：我行分红比例符合监管要求，同时本行制定现金股利分配方案主要基于：一是通过加强内源性资本补充，保持较高的资本充足水平及资本质量，以增强风险抵御能力；二是本行正在加快推进转型发展，通过定增和适当留存利润以补充核心一级资本，保障内源性资本的持续补充；三是注重中长期发展效益和稳健可持续发展，为投资者提供更好更合理的长期回报。未来，进一步兼顾股东利益和本行可持续发展的需求，为投资者提供合理投资回报。对于第二个问题：商业银行现金流特征有别于一般工商企业，应对现金流量表内各类活动的现金流量统筹考虑。经营活动现金净额为负，是本行强化对实体经济的服务，加大贷款投放力度，贷款增幅高于存款增幅，导致经营活动现金流出增多。商业银行作为融通资金、管理风险的行业，既通过经营活动产生现金流，也通过投资活动和筹资活动吸收资金开展业务，这是银行业与其它实体行业最显著的差异之一，符合行业的经营特点和的运行趋势。对于第三个问题：本行绩效考核坚持以块为主、条块结合原则，强化业务基础夯实、量价协调、效益为主、市场与计划并重，突出业绩导向，确保关键指标、专业指标的设置满足长期可持续发展和当期业务需要，既注重过程考核，又保证结果导向，在管理基础上加以考评引导，引导实现全行高质量发展。对于第四个问题：我行每年、每季将会制定资产质量控制方案，严控新增，压降存量，有步骤、合理的通过各种方式进行不良贷款处置，确保全行资产质量的平稳。,尊敬的董事长，行长，贵阳银行三季度收入大幅下降，意料之外，情理之中；对业绩我们投资者不报希望了，还请加大分红，原因如下；（1）收入，利润多年不增长，不如分给投资者；（2）国家政策导向，请至少按照年利润30%分红；（3）资本充足率很充足，多分红不影响经营；资本充足率再高也没有意义。,601997_2023,44,49,5,Challenge,Q2针对A1中资本充足解释，反驳称资本充足率已充足，要求多分红，延续分红比例争议。,,,1
positive,中小股民希望公司未来三年分红比例不低于30%，或根据上证分红指引以及最近证监会精神，出台未来三年分红规划，年分红比例不低于30%，达到上市银行分红平均水平或平均水平以上！ 尊敬的投资者，感谢您的关注，本行将兼顾股东利益和可持续发展需求，保持分红政策的连续性和稳定性，为投资者提供合理投资回报。,尊敬的董事长，行长，贵阳银行三季度收入大幅下降，意料之外，情理之中；对业绩我们投资者不报希望了，还请加大分红，原因如下；（1）收入，利润多年不增长，不如分给投资者；（2）国家政策导向，请至少按照年利润30%分红；（3）资本充足率很充足，多分红不影响经营；资本充足率再高也没有意义。,2,shareholder_return,dep_reason,Q2重复Q1的分红要求并补充理由，A1仅笼统回复，属于持续施压。,中小股民希望公司未来三年分红比例不低于30%，或根据上证分红指引以及最近证监会精神，出台未来三年分红规划，年分红比例不低于30%，达到上市银行分红平均水平或平均水平以上！,尊敬的投资者，感谢您的关注，本行将兼顾股东利益和可持续发展需求，保持分红政策的连续性和稳定性，为投资者提供合理投资回报。,尊敬的董事长，行长，贵阳银行三季度收入大幅下降，意料之外，情理之中；对业绩我们投资者不报希望了，还请加大分红，原因如下；（1）收入，利润多年不增长，不如分给投资者；（2）国家政策导向，请至少按照年利润30%分红；（3）资本充足率很充足，多分红不影响经营；资本充足率再高也没有意义。,601997_2023,46,49,3,Challenge,Q2重复Q1的分红要求并补充理由，A1仅笼统回复，属于持续施压。,,,1
positive,首先感谢公司全体干部员工辛勤智慧工作，顶住经营压力取得了不错的业绩，请问未来采取哪些措施降低不良率，保持业绩稳健或略有增长！ 感谢您的提问。对于降低不良贷款率，我们有以下几个方面措施：一是继续做好资产质量全盘管控，以年度、季度资产质量控制方案为基础，明确目标、严格管控、督导压实。二是全力打好新增融资防御战，不断提升业务管理要求，强化新增业务管控。三是全力打好潜在风险贷款阻击战，提升风险贷款识别，分类施策，及时完善风控策略，多措并举，全面加强预防管理。四是全力打好存量不良资产歼灭战，分类施策管理不良资产，既要加快处置步伐又要向不良资产要效益。,尊敬的行长，根据2023年半年报，部分行业的贷款的坏账率最高达到了3.64%，远高于整体的净息差2.05%，公司对请问这部分行业的贷款的意义何在？请问您对全年的业绩的期望如何？,1,disclosure_detail,dep_reason,Q2引用半年报坏账数据质疑A1降低不良率措施下特定行业贷款意义，并追问未答的全年业绩期望。,首先感谢公司全体干部员工辛勤智慧工作，顶住经营压力取得了不错的业绩，请问未来采取哪些措施降低不良率，保持业绩稳健或略有增长！,感谢您的提问。对于降低不良贷款率，我们有以下几个方面措施：一是继续做好资产质量全盘管控，以年度、季度资产质量控制方案为基础，明确目标、严格管控、督导压实。二是全力打好新增融资防御战，不断提升业务管理要求，强化新增业务管控。三是全力打好潜在风险贷款阻击战，提升风险贷款识别，分类施策，及时完善风控策略，多措并举，全面加强预防管理。四是全力打好存量不良资产歼灭战，分类施策管理不良资产，既要加快处置步伐又要向不良资产要效益。,尊敬的行长，根据2023年半年报，部分行业的贷款的坏账率最高达到了3.64%，远高于整体的净息差2.05%，公司对请问这部分行业的贷款的意义何在？请问您对全年的业绩的期望如何？,601997_2023,50,53,3,Challenge,Q2引用半年报坏账数据质疑A1降低不良率措施下特定行业贷款意义，并追问未答的全年业绩期望。,,,1
positive,尊敬的董事长，您好！目前国家提出活跃资本市场，扩大消费，公司有何举措为提升市值做贡献？ 感谢您的关注。我行将一方面通过提升公司内部经营管理，以良好稳健的经营业绩支撑股价，同时规范做好信息披露，持续传递我行投资价值。另一方面，充分结合投资者的诉求，保持合理的现金分红比例，为投资者创造可持续的投资回报。谢谢！,希望贵公司做到以下二点①提升股价到合理价格，加大分红②利用证监会法规对不合理的融卷问题严查！,2,shareholder_return,dep_reason,Q2针对A1中提升股价和分红的表述提出具体要求。,尊敬的董事长，您好！目前国家提出活跃资本市场，扩大消费，公司有何举措为提升市值做贡献？,感谢您的关注。我行将一方面通过提升公司内部经营管理，以良好稳健的经营业绩支撑股价，同时规范做好信息披露，持续传递我行投资价值。另一方面，充分结合投资者的诉求，保持合理的现金分红比例，为投资者创造可持续的投资回报。谢谢！,希望贵公司做到以下二点①提升股价到合理价格，加大分红②利用证监会法规对不合理的融卷问题严查！,601997_2023,57,59,2,Elaboration,Q2针对A1中提升股价和分红的表述提出具体要求。,,,1
positive,尊敬的董事长，您好！目前国家提出活跃资本市场，扩大消费，公司有何举措为提升市值做贡献？ 感谢您的关注。我行将一方面通过提升公司内部经营管理，以良好稳健的经营业绩支撑股价，同时规范做好信息披露，持续传递我行投资价值。另一方面，充分结合投资者的诉求，保持合理的现金分红比例，为投资者创造可持续的投资回报。谢谢！,请问2024年业绩中报是否考虑中期分红？,2,shareholder_return,dep_reason,Q2围绕A1中提到的现金分红比例继续追问是否考虑中期分红。,尊敬的董事长，您好！目前国家提出活跃资本市场，扩大消费，公司有何举措为提升市值做贡献？,感谢您的关注。我行将一方面通过提升公司内部经营管理，以良好稳健的经营业绩支撑股价，同时规范做好信息披露，持续传递我行投资价值。另一方面，充分结合投资者的诉求，保持合理的现金分红比例，为投资者创造可持续的投资回报。谢谢！,请问2024年业绩中报是否考虑中期分红？,601997_2023,57,62,5,Elaboration,Q2围绕A1中提到的现金分红比例继续追问是否考虑中期分红。,,,1
positive,希望贵公司做到以下二点①提升股价到合理价格，加大分红②利用证监会法规对不合理的融卷问题严查！ 感谢您的关注。我行将通过多种方式稳定和提振股价，一方面以良好稳健的经营业绩支撑股价；另一方面，充分结合投资者的诉求，保持合理的现金分红比例，并通过提升公司内部经营管理，为投资者创造可持续的投资回报。谢谢！,请问2024年业绩中报是否考虑中期分红？,2,shareholder_return,dep_reason,Q2针对A1中保持合理分红比例的承诺，具体追问中期分红安排。,希望贵公司做到以下二点①提升股价到合理价格，加大分红②利用证监会法规对不合理的融卷问题严查！,感谢您的关注。我行将通过多种方式稳定和提振股价，一方面以良好稳健的经营业绩支撑股价；另一方面，充分结合投资者的诉求，保持合理的现金分红比例，并通过提升公司内部经营管理，为投资者创造可持续的投资回报。谢谢！,请问2024年业绩中报是否考虑中期分红？,601997_2023,59,62,3,Elaboration,Q2针对A1中保持合理分红比例的承诺，具体追问中期分红安排。,,,1
positive,关于落实监管，公司在现金分红方面有那些计划？谢谢！ 尊敬的投资者您好，公司高度重视对投资者的合理投资回报，上市以来，累计现金分红达76.24亿元。公司将继续在保证全行经营可持续发展的前提下，按照监管要求和导向，综合考虑投资者诉求，实行持续合理的股利分配政策，同时通过不断提升公司经营管理，为投资者创造可持续的价值回报。感谢您的关注！,请问是否有中期分红。,2,shareholder_return,dep_reason,Q2针对A1股利分配政策继续追问中期分红具体安排。,关于落实监管，公司在现金分红方面有那些计划？谢谢！,尊敬的投资者您好，公司高度重视对投资者的合理投资回报，上市以来，累计现金分红达76.24亿元。公司将继续在保证全行经营可持续发展的前提下，按照监管要求和导向，综合考虑投资者诉求，实行持续合理的股利分配政策，同时通过不断提升公司经营管理，为投资者创造可持续的价值回报。感谢您的关注！,请问是否有中期分红。,601997_2024,6,11,5,Elaboration,Q2针对A1股利分配政策继续追问中期分红具体安排。,,,1
positive,公司未分配利润高达每股9元多，24年度能分一半吗？ 尊敬的投资者，您好，感谢您的关注！本行将继续在保证全行经营可持续发展的前提下，按照监管要求和导向，综合考虑投资者诉求，实行持续合理的股利分配政策。,该银行每年业绩1.5元左右，累积9元多未分利润，股东的分红为什么每年不提高一点,2,shareholder_return,dep_reason,Q2基于Q1的未分配利润和A1的股利分配政策，追问分红不提高的原因。,公司未分配利润高达每股9元多，24年度能分一半吗？,尊敬的投资者，您好，感谢您的关注！本行将继续在保证全行经营可持续发展的前提下，按照监管要求和导向，综合考虑投资者诉求，实行持续合理的股利分配政策。,该银行每年业绩1.5元左右，累积9元多未分利润，股东的分红为什么每年不提高一点,601997_2024,24,25,1,Elaboration,Q2基于Q1的未分配利润和A1的股利分配政策，追问分红不提高的原因。,,,1
positive,该银行每年业绩1.5元左右，累积9元多未分利润，股东的分红为什么每年不提高一点 尊敬的投资者，您好，感谢您的关注！本行将继续在保证全行经营可持续发展的前提下，按照监管要求和导向，综合考虑投资者诉求，实行持续合理的股利分配政策。,公司往年的股利支付率只有百分之二十左右，请问今年公司的分红会提高分红比例吗？,2,shareholder_return,dep_reason,Q2依赖A1中的股利分配政策继续追问今年分红比例是否提高。,该银行每年业绩1.5元左右，累积9元多未分利润，股东的分红为什么每年不提高一点,尊敬的投资者，您好，感谢您的关注！本行将继续在保证全行经营可持续发展的前提下，按照监管要求和导向，综合考虑投资者诉求，实行持续合理的股利分配政策。,公司往年的股利支付率只有百分之二十左右，请问今年公司的分红会提高分红比例吗？,601997_2024,25,28,3,Elaboration,Q2依赖A1中的股利分配政策继续追问今年分红比例是否提高。,,,1
positive,董事长，你要把你的事情管理好，你的市值太低了，在股市当中是最低的 感谢您的关注！公司将立足经营管理工作的强化，努力提升投资价值。同时，公司将结合实际情况，积极研究市值管理的相关措施，有序做好市值管理，推动公司投资价值提升。未来，公司将在兼顾资本情况和投资回报的前提下，实行持续合理的股利分配政策，为投资者创造稳定的投资回报。,希望提高分红比例30%以上。,2,shareholder_return,dep_reason,Q2针对A1中提到的股利分配政策，进一步提出具体的分红比例要求。,董事长，你要把你的事情管理好，你的市值太低了，在股市当中是最低的,感谢您的关注！公司将立足经营管理工作的强化，努力提升投资价值。同时，公司将结合实际情况，积极研究市值管理的相关措施，有序做好市值管理，推动公司投资价值提升。未来，公司将在兼顾资本情况和投资回报的前提下，实行持续合理的股利分配政策，为投资者创造稳定的投资回报。,希望提高分红比例30%以上。,601997_2024,31,34,3,Elaboration,Q2针对A1中提到的股利分配政策，进一步提出具体的分红比例要求。,,,1
